19

10 35
7 3
3 0
7 6
5 6
3 6
9 6
7 9
8 2
8 3
1 2
1 4
7 1
4 6
5 1
7 2
2 4
0 7
2 5
4 0
7 8
3 5
9 4
9 2
6 0
1 9
6 2
5 4
0 8
1 3
1 6
0 1
2 0
3 9
0 9
5 8

15 90
3 1
3 13
10 2
8 5
10 9
2 4
13 11
9 6
7 2
13 14
0 2
14 11
8 12
6 4
5 7
5 1
6 3
13 1
1 14
10 5
6 0
10 3
4 5
3 11
9 7
10 0
3 5
14 5
11 10
8 9
14 8
6 11
9 11
10 13
2 8
4 1
8 13
4 14
9 12
14 0
1 0
3 7
8 6
9 1
8 0
10 14
14 2
11 0
11 8
5 9
7 0
12 1
7 13
11 12
7 8
2 11
3 9
1 7
14 6
9 2
10 7
5 2
4 10
14 7
6 5
0 4
12 5
2 1
8 1
4 7
14 9
10 12
4 11
12 6
9 0
5 11
3 2
7 11
9 13
12 0
1 10
3 14
11 1
12 14
12 3
9 4
12 2
5 0
8 3
2 13

25 100
10 7
16 15
19 20
18 8
7 17
21 3
14 19
14 1
16 19
8 20
3 24
8 9
8 22
17 0
7 5
11 10
22 17
8 15
23 20
17 13
3 1
17 18
21 22
24 13
18 11
0 1
12 16
14 16
15 3
12 15
16 1
12 0
1 7
0 16
19 24
8 11
12 1
1 21
9 1
0 9
17 4
22 24
9 12
7 18
10 1
20 22
1 19
8 6
6 21
23 4
2 20
21 5
19 8
20 10
2 17
9 4
14 15
16 21
21 10
6 14
7 23
21 15
3 19
15 24
0 21
16 8
0 10
23 1
5 13
16 2
4 11
6 19
19 23
3 22
4 10
1 2
2 6
7 13
14 20
21 2
6 22
5 1
13 9
10 5
14 11
0 14
12 24
15 10
4 21
1 8
24 9
1 11
11 9
10 17
21 23
17 11
0 8
9 3
11 21
22 15

40 600
34 19
31 25
29 6
33 21
23 24
17 5
33 26
20 23
21 32
30 35
10 28
5 7
36 2
30 7
18 39
33 8
4 16
15 8
26 28
38 23
1 7
31 39
23 12
4 26
30 0
39 24
0 15
34 18
9 34
34 26
23 15
21 13
0 2
23 17
31 14
10 1
16 11
20 17
38 34
3 25
27 17
15 7
13 9
12 30
5 1
3 6
28 32
21 2
39 37
24 17
36 23
2 5
38 26
2 3
11 35
36 25
33 34
3 33
33 11
25 5
23 11
10 14
20 29
2 29
24 8
9 36
24 25
12 28
29 27
2 14
2 27
17 29
21 1
22 28
3 8
39 19
16 15
4 37
24 22
11 4
10 19
24 31
22 12
26 27
32 8
14 9
26 2
3 9
34 13
36 19
25 16
14 21
25 33
32 24
36 10
4 13
15 20
4 25
23 6
19 1
33 17
0 12
9 15
29 37
10 4
17 38
0 7
11 32
11 34
11 10
31 18
0 38
14 1
39 7
5 3
38 28
21 4
2 24
15 1
27 33
14 12
8 10
14 35
30 14
1 36
39 26
17 13
32 35
19 16
38 33
28 18
35 3
27 23
28 7
18 14
23 28
38 35
1 12
37 11
35 7
39 11
1 22
31 23
16 10
24 34
25 13
5 34
38 5
6 33
16 37
13 26
6 30
26 6
26 25
3 15
1 38
13 29
10 33
35 31
22 8
5 8
1 32
31 16
22 19
0 21
1 18
0 20
25 30
35 21
38 21
20 31
38 20
19 7
5 6
9 21
28 36
37 32
37 22
29 7
11 1
31 1
25 37
8 20
24 10
23 2
31 17
24 35
35 20
24 36
37 38
36 31
19 9
16 7
31 15
28 39
2 9
27 15
29 30
10 30
35 37
25 38
32 18
20 39
4 20
6 25
34 17
39 5
7 25
36 12
19 29
33 18
20 11
34 8
31 37
29 12
37 34
17 15
33 15
0 35
18 4
17 18
3 22
2 35
0 11
14 27
24 27
28 31
34 36
12 3
24 14
39 2
23 37
3 39
14 6
15 26
16 6
1 25
32 7
2 17
29 10
29 16
21 27
12 37
29 36
37 2
8 21
20 33
12 5
0 17
34 4
5 10
28 0
34 28
27 34
2 31
8 26
18 12
19 23
10 15
39 33
2 8
27 13
6 31
31 27
31 33
16 39
12 8
3 36
9 27
19 32
13 30
1 30
9 25
15 13
6 28
2 34
23 22
0 27
32 39
22 35
25 34
9 33
14 15
21 25
36 22
7 14
39 17
32 14
10 32
16 26
32 12
30 33
7 22
3 31
30 36
10 34
13 6
18 27
27 38
19 30
7 11
13 7
22 39
39 15
17 19
12 9
12 39
19 3
8 38
35 34
37 0
22 34
31 34
7 3
35 5
5 36
11 27
33 24
4 0
37 17
24 18
2 16
27 37
3 37
15 21
24 7
9 23
29 21
10 13
5 0
18 6
37 9
20 18
1 26
8 39
1 29
39 1
5 30
28 27
3 28
27 35
30 34
11 38
30 2
19 12
16 3
8 16
28 17
8 14
30 11
22 15
15 6
20 21
18 5
27 16
18 30
26 32
2 12
7 17
2 28
25 35
0 29
23 34
16 32
3 18
29 15
32 15
18 26
15 38
13 22
37 6
9 16
0 34
19 6
5 26
1 20
20 3
36 26
32 20
39 38
6 39
18 35
24 4
21 10
1 27
11 3
17 12
23 0
23 16
16 1
9 26
39 36
35 6
19 24
8 4
25 27
21 23
18 7
12 15
2 18
33 4
16 0
3 4
1 34
13 23
15 11
10 17
5 22
14 23
34 16
9 39
22 16
29 18
23 29
31 12
5 20
26 11
37 19
7 21
38 12
28 13
5 21
22 6
14 19
16 14
28 37
21 36
16 30
19 31
29 3
9 18
11 9
20 12
9 30
27 19
4 15
22 33
14 25
36 16
31 38
14 17
24 11
30 27
15 34
23 5
37 7
39 13
35 33
8 9
2 20
2 22
1 33
23 39
29 22
14 0
33 0
9 1
21 12
2 33
11 28
14 33
17 6
8 30
8 27
16 17
22 18
27 22
8 31
19 2
15 18
13 3
7 12
34 3
8 7
6 36
10 31
32 0
36 27
0 39
39 25
35 28
11 12
12 4
13 36
6 12
6 27
9 4
8 19
13 11
32 17
20 13
25 8
28 20
13 2
13 16
3 17
31 11
33 29
18 25
28 33
14 36
36 38
33 16
25 20
7 20
27 7
5 24
37 10
17 11
29 35
1 8
37 36
5 27
18 13
23 26
14 29
17 22
33 23
29 24
30 20
9 35
15 25
25 10
34 20
14 20
37 18
8 29
18 38
4 19
4 17
26 7
20 6
27 4
21 24
5 15
2 15
23 4
38 4
25 12
28 1
22 26
26 14
12 10
13 5
31 30
17 1
35 36
21 37
29 34
11 6
23 7
26 0
38 14
26 21
13 14
35 16
24 26
4 7
26 3
8 36
28 25
6 4
7 38
18 0
4 39
35 19
12 26
30 23
35 26
7 34
27 3
0 24
20 27
22 21
4 28
15 35
30 39
15 24
38 9
6 38
9 5
6 9
36 4
10 23
9 7
10 2
21 6
29 39
31 4
4 2
25 11
21 16
16 18
4 14
1 6
32 36
26 37
32 4
25 0
29 26

50 100
20 40
34 1
13 5
11 29
21 41
12 40
21 45
24 34
14 41
23 32
39 31
2 36
29 28
9 2
42 33
15 36
34 25
16 33
38 33
30 38
31 46
26 7
4 39
43 4
9 22
27 26
22 17
1 22
44 7
37 21
42 4
18 33
16 25
5 7
23 25
7 35
1 10
16 24
10 38
13 11
6 7
43 1
28 12
11 41
9 49
14 42
44 10
6 17
43 28
35 44
39 30
47 13
23 16
20 25
22 33
23 38
29 44
31 19
17 10
44 38
10 39
32 12
31 25
32 14
5 43
36 0
40 26
39 29
16 37
1 44
27 37
11 33
17 27
28 36
25 44
46 34
11 5
17 25
36 29
48 7
29 31
26 11
24 30
6 13
18 45
0 1
15 10
18 34
26 1
25 46
30 21
14 10
49 46
14 24
8 19
8 28
47 24
12 46
23 19
32 13

50 100
26 17
43 46
27 19
29 17
46 16
35 5
45 1
14 6
22 11
39 34
6 19
40 48
28 25
30 7
25 22
32 36
37 18
38 12
3 13
31 30
15 49
2 32
8 24
45 47
44 40
20 25
30 44
42 18
12 41
15 39
6 39
35 34
5 7
17 9
17 12
25 33
24 21
19 17
30 37
31 41
37 19
33 21
31 22
34 32
3 39
20 40
10 41
0 7
0 19
22 9
26 11
41 26
20 0
3 9
9 31
20 1
2 18
33 18
49 14
8 12
4 40
0 12
0 8
14 9
34 41
3 41
20 6
35 28
8 10
44 41
48 21
31 42
36 9
30 41
42 14
42 19
22 12
36 30
32 10
27 35
3 5
47 43
17 44
14 15
25 2
23 26
31 49
9 28
16 7
17 10
15 48
8 37
41 5
42 2
36 12
26 31
13 9
31 0
14 26
16 1

50 1000
46 16
23 27
9 29
47 41
25 7
6 22
47 3
29 25
22 33
30 41
15 41
39 19
48 43
29 39
47 37
42 32
3 25
21 20
24 7
14 27
18 7
9 49
44 42
3 1
42 6
23 48
46 24
17 24
45 14
46 15
12 46
6 18
9 39
41 7
9 22
42 34
4 1
33 46
19 47
33 30
7 31
19 41
17 47
22 24
10 21
28 41
28 43
8 44
48 10
0 1
29 48
26 14
6 33
29 24
14 38
30 26
18 30
41 36
44 6
30 45
45 7
36 16
29 43
22 21
8 3
19 31
47 48
44 45
1 37
42 12
3 27
28 24
32 7
1 16
27 17
49 38
34 47
32 16
18 36
44 9
18 2
1 23
44 26
49 14
35 29
0 6
4 24
25 48
36 6
15 44
39 22
41 14
14 18
6 25
16 44
48 42
5 8
7 48
19 0
7 1
20 49
11 46
17 15
35 37
21 32
1 43
28 18
16 35
34 33
40 24
49 26
1 17
6 21
29 12
33 5
44 1
4 38
41 37
6 10
32 41
3 45
48 45
19 4
6 30
26 46
27 48
28 39
41 24
16 45
45 4
15 23
8 20
41 39
15 31
28 11
34 31
44 34
6 24
5 46
41 46
42 43
5 18
23 4
21 33
49 23
34 2
17 39
26 29
9 8
27 26
33 28
16 21
36 40
47 1
48 16
10 37
22 13
23 34
39 16
48 18
16 10
31 8
25 22
5 10
5 35
26 36
24 49
12 6
33 7
38 48
47 16
12 21
39 0
37 24
29 13
25 1
28 20
43 47
10 9
40 45
17 13
8 48
40 38
3 6
15 35
2 17
38 24
29 1
42 40
34 0
28 23
17 46
38 43
44 24
36 39
26 13
14 0
39 24
35 46
36 2
41 33
9 21
37 6
34 13
45 25
36 47
44 31
43 6
13 10
24 35
44 36
20 31
19 10
1 41
21 11
7 42
9 12
28 48
13 18
42 15
18 20
13 25
5 47
11 0
21 2
27 8
38 11
2 8
33 36
45 37
49 21
19 43
16 6
29 30
19 34
7 47
10 39
13 41
42 22
0 32
42 30
21 19
46 20
45 2
36 49
38 32
13 42
40 8
14 29
25 11
40 44
15 45
31 9
21 3
4 18
17 23
15 48
22 31
41 22
47 42
30 3
40 47
39 21
2 7
36 4
49 3
15 16
14 37
17 35
4 44
44 23
41 2
22 35
47 31
44 19
46 32
43 34
18 9
36 38
3 32
2 11
28 35
40 2
38 22
48 39
5 48
16 31
6 11
41 21
48 3
38 42
10 25
21 13
31 27
13 45
26 32
16 7
16 4
12 35
29 7
19 32
21 4
10 11
45 10
11 34
1 12
25 0
31 32
28 6
48 49
9 2
21 36
36 46
36 28
37 5
32 27
38 10
29 6
46 18
13 31
11 35
30 27
30 16
29 34
31 49
15 25
14 6
30 25
12 8
20 2
39 5
48 36
16 42
35 19
41 35
11 29
10 40
44 48
23 13
40 20
31 6
48 13
49 4
43 39
45 19
35 45
39 38
18 34
25 14
35 18
45 20
15 3
0 28
41 17
40 27
20 11
14 31
21 14
17 10
49 16
26 42
8 1
29 2
22 17
12 25
17 11
21 23
19 38
43 2
1 15
45 27
16 37
23 24
13 24
13 0
29 5
3 13
10 27
17 12
48 19
40 26
36 35
11 3
13 15
8 49
19 7
23 33
29 10
13 2
43 24
25 4
49 1
31 46
35 47
6 4
7 36
26 31
1 6
34 17
40 18
6 34
8 7
41 18
33 39
36 0
24 1
2 44
22 4
7 27
34 16
35 43
23 19
42 18
11 30
16 38
42 25
48 20
10 24
49 32
8 32
20 12
3 43
15 9
42 27
37 15
15 40
0 4
40 33
13 38
37 8
6 5
6 32
18 15
30 34
6 15
31 48
33 31
39 4
21 31
31 11
0 3
15 5
40 39
32 14
14 11
36 20
49 28
30 17
31 43
49 15
22 3
12 34
21 35
1 19
34 4
13 49
17 43
26 22
48 34
43 25
41 25
32 37
18 12
5 25
38 1
35 7
9 4
26 2
16 8
9 30
47 22
13 9
2 48
40 1
22 30
13 1
36 43
48 40
17 45
0 5
9 24
25 38
46 37
27 22
39 35
37 39
41 4
14 5
12 41
24 48
1 36
21 1
14 13
13 30
17 9
16 18
6 46
7 12
0 49
20 34
11 23
15 19
47 38
32 11
22 0
27 25
34 32
28 40
42 45
6 45
34 3
1 2
28 45
0 35
43 40
33 29
15 0
3 26
2 5
29 4
30 23
30 31
28 29
26 25
47 0
40 4
10 18
18 22
43 41
17 42
27 44
44 29
12 43
35 42
46 2
3 41
11 1
40 12
3 23
17 20
4 42
18 37
4 33
24 30
28 46
32 35
40 21
38 26
30 10
3 14
32 40
16 29
43 13
49 12
31 42
47 46
28 38
10 15
4 35
10 47
15 39
17 28
43 33
22 29
29 46
10 8
33 13
36 27
48 41
1 48
22 34
40 17
7 6
18 39
31 10
33 12
30 28
17 14
7 49
25 32
49 39
29 27
30 21
8 46
10 42
25 16
34 9
29 18
18 31
33 20
21 5
12 37
9 33
16 13
26 15
8 23
32 12
23 2
2 38
11 42
2 6
41 11
4 15
18 24
20 47
39 11
14 2
5 42
5 49
18 38
26 19
7 14
2 28
36 42
2 25
41 23
5 1
13 32
4 5
47 23
4 46
8 30
26 39
44 7
49 29
22 28
37 9
29 8
9 38
41 38
46 7
33 37
1 10
9 27
31 2
22 11
42 20
5 3
16 9
39 32
42 23
3 18
43 46
22 7
8 43
0 21
47 15
46 39
40 31
12 38
36 23
4 27
44 35
42 41
0 2
26 0
35 49
40 30
20 6
11 12
13 27
17 18
15 38
31 38
39 30
36 14
5 36
32 1
45 34
19 25
11 49
45 21
26 1
27 1
6 13
36 34
21 7
19 29
17 6
26 48
5 44
3 36
44 43
10 22
20 23
33 1
27 28
28 12
42 8
35 14
47 49
25 40
30 4
49 44
1 39
18 45
18 26
0 37
38 27
33 47
44 25
28 3
27 19
6 35
25 23
9 20
40 16
5 32
46 10
7 15
0 20
25 8
20 7
2 35
37 21
5 28
30 37
38 0
11 40
40 0
40 49
45 26
1 22
34 35
25 34
22 32
10 3
49 27
9 6
9 42
26 28
27 43
22 20
23 26
2 30
38 21
20 5
10 7
47 44
4 7
14 33
39 12
10 4
44 21
48 12
46 9
7 40
3 40
32 44
5 16
29 15
16 3
8 15
23 14
19 13
12 47
31 29
9 25
18 43
26 21
0 9
34 37
38 5
8 47
45 32
7 13
35 31
29 17
26 6
17 4
43 4
15 20
19 11
10 35
46 0
29 3
12 0
12 2
37 13
31 39
36 32
47 30
28 19
39 2
6 49
31 23
26 4
48 0
24 21
49 19
17 49
13 40
8 39
17 8
47 29
42 24
26 17
0 42
43 20
41 26
49 18
16 17
11 43
25 35
42 3
13 8
25 33
13 47
14 10
18 32
14 15
33 3
46 42
15 30
45 38
10 34
15 43
48 6
29 37
46 22
40 5
30 1
5 34
42 21
49 2
3 35
21 18
33 44
41 45
26 8
7 0
1 20
47 2
8 35
14 42
14 48
18 19
16 14
2 32
48 11
27 39
37 26
32 30
37 44
14 22
45 11
25 18
24 34
11 36
24 47
44 12
10 49
46 38
8 41
45 31
7 3
12 19
24 0
3 12
12 13
27 37
36 9
38 30
9 3
30 44
18 44
17 7
10 2
30 12
28 9
13 28
17 44
16 26
42 2
19 8
33 32
45 0
46 14
32 29
44 39
9 5
17 38
41 44
24 16
6 39
22 45
31 1
33 49
45 1
12 26
25 31
27 6
13 4
29 40
33 0
15 21
25 36
0 43
0 29
12 27
49 30
1 42
48 9
41 5
19 22
21 17
37 19
43 16
38 29
40 23
39 7
15 27
38 20
33 35
49 37
18 47
46 23
23 7
30 0
32 24
37 42
27 11
28 44
37 31
22 48
22 36
20 19
4 47
34 27
24 5
30 36
6 40
33 15
46 1
49 45
7 26
39 42
0 8
37 11
33 11
33 19
35 38
15 36
35 20
32 48
3 20
39 14
43 22
41 40
16 19
41 10
26 24
22 2
40 19
24 2
38 44
48 46
34 26
35 40
32 28
38 7
43 45
20 29
24 19
36 17
16 20
47 6
37 38
12 31
19 3
17 48
24 33
4 31
43 9
9 32
26 20
27 20
21 48
10 28
19 14
14 24
20 10
6 38
47 21
49 43
36 12
23 43
34 1
9 23
11 9
22 5
8 38
38 33
5 26
37 22
4 14
48 33
44 46
18 8
9 7

50 500
26 42
22 28
13 2
0 16
5 33
6 32
25 1
42 44
42 1
14 24
19 17
31 47
16 1
48 7
31 23
34 9
16 49
10 8
14 44
41 48
5 15
11 13
22 43
21 46
44 41
40 21
24 0
14 7
33 45
20 11
35 2
1 17
7 34
4 31
49 15
18 1
37 36
35 23
1 28
5 26
8 36
14 43
25 10
31 9
37 29
2 19
2 36
22 12
14 27
5 16
25 16
32 21
16 38
40 28
32 22
14 33
6 2
23 49
29 28
16 6
37 8
7 45
41 32
42 17
29 17
15 12
28 19
6 20
15 26
7 27
33 3
41 22
22 5
7 39
9 24
25 21
28 4
47 10
36 27
32 13
10 9
36 30
23 16
1 46
4 9
26 46
42 3
18 48
9 39
12 35
34 48
29 40
45 30
32 47
36 43
11 33
10 39
15 38
38 14
43 29
0 25
33 41
9 16
19 18
9 8
48 13
48 36
3 11
6 33
39 36
40 27
8 34
22 29
32 42
37 47
16 8
23 25
30 17
36 18
1 12
3 32
11 43
2 39
30 27
13 29
0 46
41 9
37 6
38 30
9 47
1 32
48 47
43 15
49 5
49 6
37 40
19 27
22 37
5 43
8 30
35 42
11 38
22 16
47 29
20 15
2 28
0 30
33 47
13 21
15 18
48 45
29 48
33 42
2 31
26 33
8 15
22 31
6 24
3 44
35 21
46 43
39 32
25 32
23 11
43 44
25 27
23 39
24 13
0 4
48 14
10 1
18 13
34 2
33 29
15 9
34 14
27 39
37 2
41 1
12 8
0 43
2 42
0 5
29 19
30 15
25 49
6 48
15 44
9 0
10 13
40 12
24 41
10 4
29 15
46 37
44 40
4 15
49 47
40 41
12 37
0 17
41 30
2 26
9 6
15 21
36 33
22 47
21 42
48 33
27 6
11 24
20 5
6 40
27 2
1 21
34 37
0 21
13 17
38 13
20 1
28 33
41 49
48 8
34 11
0 11
24 38
10 19
47 39
14 12
20 35
39 8
18 25
20 37
43 39
9 23
16 44
21 8
35 33
2 32
20 4
38 39
46 14
25 15
45 38
3 4
28 35
42 38
37 10
46 22
13 41
12 19
28 15
18 46
49 42
4 18
38 20
48 38
9 45
45 11
15 33
36 25
6 46
20 22
38 40
43 18
31 27
34 36
13 4
30 14
37 14
44 45
35 19
26 36
17 12
3 19
21 7
14 41
26 48
32 18
42 18
7 31
23 24
45 40
3 46
21 2
7 24
38 32
11 41
45 8
19 39
10 15
3 40
17 14
3 18
22 27
40 15
41 6
7 29
23 42
4 44
25 11
13 7
2 46
49 22
43 17
48 27
1 31
46 47
48 19
5 40
41 29
29 11
3 20
13 26
46 36
35 14
38 4
34 23
4 35
7 33
35 44
35 24
48 2
1 43
13 23
19 0
35 0
38 33
49 20
36 12
4 30
3 6
44 24
19 26
42 22
46 23
8 20
34 42
25 45
19 24
40 26
30 40
25 41
8 26
2 23
3 39
41 16
31 6
49 8
40 10
0 47
15 32
23 10
19 30
28 0
35 36
26 17
14 36
14 31
10 5
12 41
4 19
18 21
21 45
20 19
29 6
21 24
4 27
32 29
9 22
37 39
29 23
46 34
19 5
8 47
5 7
27 8
2 29
12 44
17 10
14 28
44 39
8 1
9 7
36 20
23 33
4 8
3 0
7 38
23 27
1 26
14 10
3 29
40 25
2 11
21 41
12 26
9 37
1 29
14 1
5 34
45 0
37 19
36 13
14 2
45 46
44 28
44 6
32 12
36 44
15 24
46 8
26 37
29 39
47 14
18 16
23 37
12 30
37 30
40 32
25 26
24 37
19 36
37 38
15 27
22 35
40 46
22 1
2 17
23 17
48 10
12 24
47 11
34 13
43 19
40 34
3 7
38 21
1 9
19 6
39 42
43 23
7 49
36 21
7 6
37 42
14 22
19 23
4 32
37 11
13 6
16 33
5 11
31 48
37 28
45 43
3 41
49 3
3 26
21 39
16 14
48 37
32 16
6 10
17 22
16 36
26 23
24 16
30 39
47 43
41 7
2 20
17 41
12 48
40 11
16 34
20 14
49 34
20 30
42 13
21 19
28 7
23 45
16 30
5 27
41 39
24 36
43 2
12 27
24 39
27 24
8 24
11 36
7 44
12 31
14 39
49 4
23 12
9 2
32 35

300 1500
0 106
213 232
205 84
197 63
187 122
13 119
275 211
298 169
36 143
118 281
204 175
236 215
151 51
259 153
238 0
180 187
118 275
0 90
12 69
75 172
260 222
16 99
170 94
278 297
166 167
165 229
294 36
218 105
280 266
283 4
265 197
258 124
155 116
295 245
240 245
26 84
101 133
148 76
62 45
272 22
179 254
65 197
278 27
81 196
60 139
122 130
232 19
274 206
272 14
247 294
69 196
84 227
255 56
126 286
290 99
19 6
57 204
176 102
40 274
195 289
133 106
166 12
196 267
258 21
125 95
108 258
49 206
50 39
263 139
190 271
94 92
255 214
169 293
250 200
158 253
287 156
299 283
139 65
110 220
87 180
276 165
64 284
285 27
53 210
192 53
117 274
119 7
202 153
180 223
210 173
39 129
297 261
163 236
17 193
25 293
77 145
179 18
164 141
231 184
89 56
71 130
60 20
192 26
280 27
187 283
32 282
161 5
172 124
7 2
103 83
227 286
34 283
16 159
91 153
201 146
291 264
92 151
58 28
109 41
184 265
292 90
199 147
296 130
134 147
140 252
216 151
159 232
24 53
158 194
161 299
187 100
26 199
155 260
106 55
34 60
75 219
119 200
235 175
84 41
59 165
196 225
48 253
66 277
41 257
39 206
182 64
284 185
26 170
47 93
156 245
177 181
189 17
282 216
2 162
40 107
70 133
215 135
107 253
256 233
290 231
135 48
136 298
291 208
297 187
222 111
105 127
191 226
109 149
1 5
194 181
198 263
231 30
179 35
68 198
79 31
261 290
189 146
137 270
218 17
200 112
249 63
207 123
39 37
290 30
26 4
123 255
235 136
92 41
110 1
31 134
42 25
50 269
198 112
13 182
297 2
49 237
130 94
207 17
247 257
210 244
46 245
139 73
164 21
22 5
223 115
209 137
234 289
160 67
96 136
139 48
50 202
45 121
219 177
239 271
155 163
70 284
203 195
278 21
124 69
122 286
117 108
144 191
117 41
81 71
208 35
12 176
182 77
209 256
170 107
283 152
199 180
59 10
180 220
69 258
230 296
98 68
111 175
141 105
93 118
94 93
296 186
201 61
49 4
255 241
261 126
193 262
207 57
267 292
46 275
82 161
233 259
74 152
265 42
167 64
263 103
2 9
31 57
95 158
276 287
16 274
147 143
115 207
158 101
37 17
74 299
49 252
4 176
154 153
298 78
87 186
229 86
141 121
26 8
127 98
81 277
45 124
264 59
146 71
20 169
226 215
192 228
11 267
242 147
296 245
239 57
51 146
107 242
256 49
69 156
243 206
271 242
253 177
117 69
175 288
232 27
261 299
229 238
33 46
20 244
87 110
110 126
162 104
112 127
80 178
244 133
264 283
170 272
135 25
82 231
256 285
64 54
284 54
257 267
161 259
148 201
172 249
90 227
94 42
131 52
124 63
61 266
194 207
282 70
72 203
112 219
143 24
267 279
72 75
81 222
137 278
138 38
179 98
261 144
58 184
89 34
201 287
107 277
111 98
221 171
6 255
17 274
51 196
61 111
116 218
199 39
130 293
158 283
184 164
171 142
259 5
196 183
296 141
262 73
34 69
81 135
112 156
223 60
280 167
140 157
10 33
271 100
6 299
173 279
193 42
176 289
35 258
55 129
267 28
211 130
209 104
206 230
298 59
9 28
56 299
14 49
117 22
64 87
145 46
27 245
12 197
21 59
10 202
196 289
36 154
138 170
170 64
228 209
54 55
28 170
76 228
232 118
265 71
207 240
65 23
231 193
95 20
76 102
234 120
269 40
143 117
7 163
85 214
262 114
161 17
46 212
55 3
223 199
120 185
288 77
260 134
140 15
252 184
172 83
56 51
258 160
18 74
216 149
143 161
141 185
107 235
273 176
64 74
44 206
218 167
245 157
25 155
200 245
193 246
200 74
66 201
296 233
245 268
185 229
273 276
30 169
260 236
123 163
7 232
14 225
92 218
39 176
278 247
107 208
262 234
73 167
290 72
230 285
176 137
163 56
270 139
207 219
151 206
4 30
280 38
175 298
132 282
78 142
34 124
177 180
114 2
107 223
282 179
271 13
30 205
56 192
46 266
34 227
87 190
178 154
46 233
277 5
273 59
10 293
17 264
262 165
237 151
229 186
77 54
80 212
299 174
289 173
192 278
101 172
275 32
172 287
257 163
261 100
217 132
281 206
191 218
244 99
60 73
149 237
195 167
194 276
273 293
20 221
51 80
16 199
288 277
175 251
90 241
148 215
67 232
20 34
272 43
243 210
179 152
64 261
153 42
10 261
177 44
241 238
219 255
147 49
211 204
132 197
70 285
213 69
170 72
153 7
225 84
296 291
225 162
191 55
286 64
207 152
130 258
296 106
133 74
91 136
46 188
14 152
120 64
21 123
62 270
38 175
40 283
40 209
290 200
153 33
61 52
298 28
197 107
168 67
162 156
267 72
158 134
180 44
91 1
158 230
222 183
283 261
114 34
138 65
74 198
98 1
195 99
128 116
18 77
254 236
116 21
219 10
94 287
12 132
245 85
181 48
16 176
8 141
128 205
159 184
288 229
230 229
179 226
114 215
91 8
98 63
199 258
209 20
85 242
246 295
247 283
11 53
65 244
245 43
146 27
257 73
74 14
223 256
236 119
285 241
19 101
221 223
259 53
20 83
51 52
120 254
94 32
146 166
14 79
175 34
128 232
113 277
82 269
31 236
95 198
267 219
24 70
22 226
62 30
289 163
234 172
235 3
123 63
193 238
92 4
67 189
21 299
18 29
37 195
235 59
198 117
67 176
260 12
279 235
224 255
49 135
72 157
172 268
280 86
61 63
160 199
69 285
249 221
135 147
87 209
118 91
49 277
149 75
80 231
169 54
194 205
249 101
221 225
0 290
110 243
200 285
228 208
122 155
39 198
163 217
211 57
266 164
295 210
172 244
29 80
202 33
0 261
201 68
247 92
32 114
250 231
293 144
286 135
145 243
220 143
89 172
279 151
152 137
93 179
179 130
5 235
202 283
45 223
200 82
75 264
25 297
173 261
193 285
82 147
77 94
142 1
221 148
273 251
281 22
32 234
43 89
45 117
209 136
79 77
221 292
224 272
293 289
91 154
72 136
24 133
136 261
181 178
287 81
45 278
34 191
217 184
74 130
114 290
233 290
117 139
15 55
182 9
6 231
177 37
48 74
290 62
138 90
53 85
195 254
224 145
67 288
71 235
89 110
250 214
275 10
289 249
22 107
16 172
276 44
91 292
189 288
17 173
6 101
63 138
213 251
239 225
136 77
275 147
83 196
248 22
77 107
185 230
125 48
264 207
32 151
276 6
129 58
266 259
24 213
170 295
121 122
100 93
299 239
126 250
222 52
80 46
187 133
236 177
214 176
12 97
100 226
105 30
66 83
211 46
246 272
205 159
6 126
278 80
19 137
98 101
59 93
80 38
60 188
31 174
184 117
94 173
192 186
258 154
242 171
38 115
105 207
151 269
264 48
104 237
92 291
38 114
59 77
214 109
8 282
60 121
27 62
240 205
57 50
70 244
91 157
253 266
45 271
184 290
121 105
53 185
11 171
152 242
215 103
218 117
209 161
218 213
273 258
49 263
45 265
233 12
140 151
250 54
44 259
60 1
161 106
171 98
62 72
194 106
201 8
283 118
49 174
243 221
159 166
76 151
40 290
236 135
172 215
233 63
133 262
273 226
230 143
106 28
111 291
161 116
36 46
35 125
210 166
199 182
155 194
142 47
273 92
7 104
219 89
265 126
299 15
148 218
18 162
53 216
159 153
58 72
25 200
206 115
279 157
297 153
64 253
11 147
213 272
79 229
217 25
124 226
196 104
280 117
258 32
131 187
217 269
216 40
201 117
98 258
73 265
293 91
170 184
166 253
155 231
242 35
36 235
52 261
98 162
232 103
215 153
29 62
167 7
220 182
293 136
109 251
299 89
154 194
25 249
215 24
143 41
220 117
221 246
191 65
282 133
67 216
103 125
2 96
194 164
275 4
165 204
85 141
68 102
69 114
43 178
145 252
280 98
250 34
297 258
291 145
264 0
10 165
262 103
72 101
149 36
6 111
125 97
148 129
209 283
181 246
239 123
104 60
176 82
179 170
107 12
51 66
105 177
279 158
299 156
114 90
171 34
158 10
215 160
106 107
203 26
73 254
105 256
122 32
199 72
12 261
219 122
54 32
103 142
79 232
232 170
198 125
15 195
119 85
278 95
34 46
229 267
33 219
170 177
222 150
271 201
110 72
26 117
186 223
280 89
5 136
235 64
245 0
186 284
70 49
260 192
267 22
58 200
205 290
1 251
136 205
282 287
144 73
262 123
42 248
106 244
199 104
108 70
0 211
130 202
45 284
296 177
277 165
149 188
64 219
54 38
268 131
230 242
173 133
155 143
41 295
140 45
245 187
118 276
177 47
278 7
30 197
154 75
159 71
191 138
16 18
35 182
75 238
92 135
199 203
282 28
178 169
100 258
8 235
143 175
100 62
82 103
172 1
152 210
231 141
20 224
271 253
297 78
45 244
4 84
236 247
232 204
230 246
10 292
30 258
25 137
194 99
60 248
144 297
46 281
226 196
224 223
19 194
121 113
222 200
106 139
204 43
198 159
99 117
289 18
113 287
40 54
59 63
207 290
47 210
232 109
151 62
288 4
84 220
45 96
106 286
243 267
267 110
246 76
106 293
106 199
144 59
2 64
133 75
8 52
293 263
206 65
56 155
113 114
155 105
1 71
15 51
128 245
238 110
279 245
2 293
243 291
228 5
175 285
42 286
126 1
231 167
191 156
294 50
89 181
299 269
119 4
30 214
14 35
47 266
219 99
53 111
255 21
169 23
54 43
26 265
35 168
179 171
191 243
150 27
121 268
261 234
85 264
78 25
36 30
253 223
279 200
117 296
146 144
83 63
64 109
188 291
87 266
174 20
191 9
24 45
82 66
284 131
252 6
196 60
108 78
256 268
187 235
105 170
162 64
232 194
72 103
212 190
135 42
189 43
247 36
181 138
246 152
136 0
3 7
67 157
59 209
204 227
258 271
90 180
179 214
238 211
289 286
231 61
254 210
191 35
270 31
286 152
245 126
11 19
221 245
121 298
192 24
207 77
165 29
276 291
69 295
37 193
59 211
194 272
103 183
225 256
49 99
203 140
122 285
175 43
101 90
0 188
158 287
116 267
81 27
162 11
22 182
248 29
46 163
14 18
227 212
3 109
299 129
31 239
98 185
261 113
192 110
13 161
117 145
175 229
282 78
63 189
264 82
26 60
43 231
249 276
74 100
88 153
203 94
58 102
99 236
81 164
140 33
93 137
83 21
231 183
294 111
124 119
193 267
130 188
136 194
223 24
61 211
46 39
299 183
256 80
171 51
237 140
198 212
123 165
233 137
175 122
79 265
2 191
202 258
2 261
103 191
113 174
267 5
216 150
259 79
60 276
169 277
215 194
185 113
208 145
80 42
209 88
100 101
217 7
40 102
120 138
58 266
81 109
145 182
273 241
162 80
38 34
41 232
49 50
181 18
139 56
39 213
83 11
9 188
21 293
106 260
212 27
276 156
7 186
226 2
173 176
34 214
109 129
219 212
24 65
140 193
133 52
269 2
41 61
203 258
161 253
22 254
0 69
51 78
147 245
202 221
268 252
189 55
88 67
243 247
49 76
275 190
273 264
139 42
185 187
69 299
210 68
244 223
161 137
127 61
157 238
111 205
77 175
139 167
231 101
188 116
286 47
69 223
174 226
35 147
133 139
112 272
181 66
163 146
123 230
17 282
132 203
48 14
25 151
259 31
239 34
85 238
122 142
226 152
167 265
298 266
193 197
52 294
64 296
34 282
249 85
146 150
153 107
212 10
140 162
56 22
255 227
130 66
231 4
68 74
170 58
82 254
167 24
79 182
251 132
118 37
112 46
92 74
282 227
113 256
4 129
237 40
204 170
188 136
173 43
66 244
70 32
20 238
138 199
7 115
143 61
262 251
112 192
187 44
297 270
177 163
48 92
76 8
49 7
153 12
119 258
257 105
131 220
217 203
202 73
204 233
280 264
156 118
125 215
115 139
148 209
281 176
230 51
245 271
46 150
30 212
155 171
168 12
125 223
165 101
169 68
257 255
32 52
22 184
7 231
163 230
38 14
114 272
60 160
91 134
214 292
288 170
184 66
218 264
276 46
248 116
226 115
25 226
42 12
4 210
243 40
50 233
36 153
38 228
232 117
235 291
39 171
209 294
28 205
66 274
183 130
208 216
266 53
157 123
147 271
29 102
272 195
190 267
164 98
87 273
237 210
81 129
85 172
98 233
127 163
258 166
7 51
45 264
236 204
116 41
126 41
267 145
277 65
87 79
89 245
199 245
193 10
154 255
212 297
0 2
42 158
72 166
287 33
42 133
161 27
139 79
95 5
154 33
2 128
208 165
219 293
16 48
280 49
216 155
263 37
156 74
174 133
261 82
28 206
59 179
133 274
108 206
253 82
17 52
172 50
217 195
177 266
289 282
245 263
24 257
186 24
2 281
253 256
8 122
295 284
217 168
245 66
140 279
18 168
142 147
23 6
32 128
196 135
61 178
167 92
294 265
144 275
83 237
60 217
61 53
262 226
243 258
200 159
168 160
114 195
87 267
240 200
69 16
54 88
30 251
198 141
42 236
26 40
232 61
103 119
59 216
129 150
128 82
6 68
188 195
240 15
60 251
150 45
277 186
207 261

300 3000
132 200
233 68
44 217
57 278
122 49
133 25
158 117
67 187
39 152
8 246
281 290
147 264
128 20
255 280
178 240
219 288
143 69
26 13
42 45
155 2
45 51
224 265
61 94
187 209
240 127
35 197
153 64
247 191
203 218
2 214
139 183
46 26
215 2
295 233
137 234
261 209
165 67
7 248
54 109
198 114
283 278
125 165
85 61
60 209
266 36
100 240
167 10
198 205
169 30
289 287
119 28
122 299
263 151
154 297
60 74
281 7
84 287
13 30
274 202
128 58
117 170
202 50
258 147
112 248
98 62
245 244
215 209
217 287
189 90
261 236
38 71
89 144
187 85
37 241
154 60
85 34
177 224
280 140
117 192
183 147
148 69
58 41
210 247
162 267
21 59
234 198
249 246
206 116
140 163
186 242
292 58
12 284
166 111
292 48
151 35
50 268
131 110
190 273
262 139
182 102
3 85
102 7
66 69
75 58
162 90
278 252
12 58
258 113
261 191
233 252
131 124
72 280
170 73
48 177
64 34
283 140
42 240
293 86
256 233
143 191
73 42
285 11
258 235
177 13
142 58
155 262
211 214
120 109
57 247
243 14
79 40
281 248
150 49
248 1
155 93
96 129
7 141
160 298
62 91
65 113
197 85
245 127
100 126
169 277
13 243
79 243
64 81
230 160
117 59
160 234
65 259
121 194
139 292
222 228
23 148
227 238
112 39
28 156
151 256
237 140
41 241
2 240
59 45
195 273
211 17
48 215
17 4
126 248
133 167
95 60
296 116
290 144
37 29
88 168
274 185
41 169
210 267
97 130
104 162
172 284
201 69
162 79
175 273
167 148
127 70
182 37
157 233
88 61
198 177
143 264
257 222
252 191
188 140
157 144
283 151
255 45
184 142
56 238
280 170
254 4
258 178
111 175
269 292
196 213
177 109
276 116
53 64
196 27
152 74
203 211
56 198
226 45
60 1
146 62
52 84
142 156
55 180
140 229
217 257
133 205
268 32
158 43
52 249
97 173
142 16
32 3
59 6
201 54
290 271
237 192
121 38
72 174
218 180
264 246
88 26
170 114
65 135
56 200
192 244
136 49
10 297
187 107
113 96
109 127
108 215
53 41
167 201
205 37
69 40
180 145
191 0
125 296
271 124
283 238
284 124
275 51
291 70
254 181
179 203
277 114
292 289
103 8
81 285
234 144
95 138
285 265
285 102
49 288
280 211
11 151
263 123
1 198
27 151
119 93
290 75
79 140
241 91
267 244
10 22
112 265
213 169
227 9
131 19
12 84
51 71
213 92
197 242
296 243
107 74
29 133
245 218
121 43
287 73
120 98
237 68
271 92
289 107
36 235
163 236
149 138
35 25
49 257
204 240
62 13
23 35
163 128
264 68
245 9
285 263
271 16
187 50
99 167
298 262
249 247
206 92
107 253
185 265
198 155
25 59
258 171
102 84
122 81
156 248
121 113
146 144
176 133
46 284
277 84
18 15
199 227
121 294
197 254
266 157
111 243
53 170
225 281
118 86
216 147
232 52
85 58
45 101
202 195
280 34
287 189
238 295
279 46
76 149
3 148
247 166
172 210
261 250
277 236
291 244
99 41
21 232
84 259
188 101
218 196
81 48
17 192
254 0
17 117
171 44
98 187
216 35
195 87
113 23
39 232
110 280
87 50
87 138
179 267
57 276
171 122
297 103
10 234
277 269
56 29
31 17
239 58
68 298
289 262
227 49
234 297
0 104
84 213
25 75
252 161
193 235
35 213
294 54
229 283
82 240
85 89
295 259
70 26
217 58
224 12
84 247
135 182
69 152
26 144
67 100
138 26
244 155
24 84
212 89
30 128
284 72
240 14
257 298
227 266
106 43
1 209
201 140
106 228
174 139
25 203
132 207
15 111
248 105
249 259
125 207
85 183
270 276
96 89
143 209
271 281
123 254
92 51
238 114
153 292
198 10
145 285
11 103
217 127
1 273
222 175
179 48
281 64
98 10
252 255
256 244
246 113
144 221
143 197
165 83
223 273
155 252
98 9
276 159
54 134
4 117
139 156
30 81
256 4
85 103
205 0
57 88
275 274
282 127
1 257
229 147
67 105
205 50
272 192
2 48
132 178
28 193
144 257
131 223
273 158
23 9
269 14
130 299
79 263
225 135
234 78
65 76
131 58
159 197
272 186
236 2
251 28
144 95
173 60
85 50
53 233
297 130
296 264
96 12
244 38
144 295
72 128
19 260
119 238
157 276
232 109
93 268
154 150
36 117
6 145
195 194
244 48
53 270
104 115
40 252
260 62
50 163
139 105
79 93
99 279
48 183
197 265
108 109
142 51
78 220
81 174
160 98
177 5
239 211
144 42
71 179
28 223
139 206
296 113
86 158
205 114
108 252
46 134
277 105
54 157
70 101
289 165
295 20
139 30
10 211
290 77
272 132
116 185
64 114
299 119
258 222
73 141
252 266
285 114
186 69
44 158
75 69
172 86
35 62
101 115
187 4
137 206
162 37
140 65
250 5
198 4
56 147
132 190
190 265
288 260
109 9
214 239
78 125
286 12
232 46
113 147
192 142
99 69
41 165
0 145
121 129
35 68
141 241
211 73
162 62
242 88
151 124
139 209
123 188
16 241
298 206
110 91
164 285
64 78
277 162
273 183
67 42
87 86
27 227
215 288
141 195
263 187
57 169
189 248
54 53
105 131
225 262
43 72
298 186
186 142
27 188
156 64
211 130
171 9
25 190
295 15
209 6
289 44
157 223
73 163
45 272
66 172
89 33
254 248
187 10
149 35
45 167
5 281
193 143
129 183
254 246
278 232
128 64
119 16
37 192
216 297
90 51
116 221
96 281
158 295
87 144
232 65
12 285
8 168
264 184
5 208
221 269
224 232
167 216
109 95
12 216
144 214
74 206
239 196
125 166
242 280
151 221
212 95
234 135
69 65
88 250
138 67
161 78
75 143
88 120
90 33
106 234
200 206
86 292
125 9
267 43
173 222
0 225
219 281
249 51
263 244
229 289
116 123
54 4
113 111
172 204
74 286
278 46
84 151
193 122
133 153
66 6
78 117
63 127
262 236
278 21
131 187
1 103
204 94
104 206
184 71
230 37
280 60
256 129
70 197
286 204
105 100
44 200
82 221
182 207
33 37
49 63
77 121
170 263
252 296
149 6
8 55
63 62
267 0
146 206
163 256
279 84
166 51
196 97
179 201
131 191
22 205
69 14
278 176
181 48
200 258
56 89
28 113
81 225
124 111
50 209
68 97
291 290
114 77
72 131
154 115
106 146
116 51
280 237
288 106
228 181
71 224
56 223
77 97
82 122
129 88
123 154
141 206
38 193
18 93
236 89
131 14
94 78
77 85
185 237
48 272
142 65
123 30
87 217
5 94
112 128
96 174
81 90
290 188
20 89
231 168
82 33
229 259
208 223
102 279
261 134
253 26
235 28
26 150
119 219
100 122
58 17
7 158
68 242
37 42
206 254
207 101
105 77
107 25
44 222
212 161
7 84
216 97
65 299
285 267
12 199
211 119
143 16
189 109
208 142
16 211
106 224
77 109
26 190
69 270
146 195
212 62
92 188
213 248
80 222
138 242
82 155
168 282
154 189
287 265
94 130
265 85
189 240
83 11
204 268
268 139
298 76
43 291
263 292
170 237
156 87
199 64
15 51
40 204
126 84
216 198
16 165
172 199
58 92
132 240
104 66
126 210
3 189
180 49
114 54
89 143
172 189
35 246
176 292
274 112
215 277
158 148
244 292
29 101
286 106
163 112
180 157
91 2
274 86
76 247
56 1
197 96
64 108
140 244
38 103
76 287
115 102
201 229
232 9
259 287
298 87
101 13
239 289
105 183
96 211
265 164
109 196
213 7
227 76
19 134
26 111
184 183
187 18
197 246
208 82
239 249
290 242
182 2
90 175
267 228
171 8
110 4
291 184
180 1
283 162
285 296
55 185
33 236
150 146
155 6
157 90
33 169
283 205
27 36
71 272
115 271
284 191
296 29
273 237
47 260
248 66
166 44
123 175
1 196
40 37
274 271
57 284
185 180
14 150
226 298
27 221
252 283
179 233
10 157
159 219
246 143
238 209
76 192
69 34
210 183
3 256
205 251
242 45
34 114
138 225
189 128
124 222
74 14
104 143
187 126
213 269
40 135
82 164
186 218
267 111
216 249
119 220
150 293
152 27
156 75
21 198
36 270
240 173
64 109
173 232
188 118
128 13
51 10
121 178
298 277
93 170
289 52
34 252
120 47
110 37
265 123
146 292
33 224
263 246
99 70
234 37
267 235
214 201
275 36
45 281
257 173
110 123
20 203
59 108
143 57
86 13
70 88
23 6
60 96
184 92
140 181
236 136
100 99
153 161
8 240
15 47
49 179
31 70
190 165
26 201
124 132
126 226
71 126
195 228
14 13
90 101
262 266
8 198
236 121
187 12
295 232
252 169
96 264
186 77
0 71
68 203
287 139
114 0
282 56
116 211
104 34
169 164
29 55
8 279
231 187
281 210
95 91
269 218
257 110
178 48
140 231
166 157
225 42
45 6
174 16
20 186
49 158
90 195
151 56
184 47
106 141
109 213
27 53
147 140
269 187
37 126
179 292
100 116
57 235
58 282
70 54
189 239
71 33
45 249
133 37
5 233
183 280
36 29
169 45
18 101
181 269
121 128
2 25
16 259
131 7
56 105
162 83
210 162
109 219
197 9
205 75
81 52
203 40
42 0
22 116
201 25
212 233
141 112
106 132
258 82
10 132
27 239
256 203
106 256
119 182
212 40
181 246
114 188
171 262
149 72
124 160
140 89
10 41
130 39
158 263
282 47
119 76
127 11
235 90
175 99
2 295
112 73
107 234
243 114
44 6
253 267
253 184
103 252
74 7
288 210
31 69
68 69
281 273
191 179
130 208
227 129
291 18
55 86
162 95
201 43
286 130
215 65
16 48
271 216
294 96
214 30
280 185
291 166
205 24
98 119
180 261
225 170
153 249
106 30
60 226
199 213
95 132
21 1
85 63
197 124
144 174
17 287
93 218
276 141
71 254
217 163
103 195
106 250
156 231
124 49
137 167
203 217
137 276
135 153
97 53
216 232
98 197
67 274
293 42
238 35
211 14
118 9
29 253
210 111
184 234
152 253
271 14
284 212
93 83
215 284
249 79
52 200
98 216
47 155
148 175
252 131
115 175
77 0
299 80
40 264
243 163
149 28
2 153
165 194
61 216
186 41
0 204
124 130
222 180
235 226
190 160
69 104
124 204
85 57
104 268
67 16
76 13
242 196
261 158
29 120
202 158
264 95
88 180
128 172
1 287
10 158
5 134
46 47
183 213
4 49
96 13
273 298
60 73
106 50
23 216
94 248
285 198
72 248
55 247
31 62
241 135
140 161
265 23
202 238
277 45
108 161
45 75
275 45
199 240
273 266
269 32
167 176
22 291
108 287
118 277
86 203
276 208
110 88
34 67
193 107
27 295
217 14
188 294
122 241
94 97
223 108
226 139
249 143
2 132
251 120
258 123
113 247
267 274
221 246
157 109
168 161
118 16
195 92
168 190
19 209
207 164
182 197
230 148
108 282
250 136
232 234
141 224
177 149
208 152
56 156
289 85
267 239
251 88
70 87
294 216
21 215
195 12
250 241
293 246
251 155
191 283
223 125
47 283
41 187
232 293
208 134
70 144
263 37
50 167
207 268
283 24
81 11
41 96
145 299
172 83
251 161
41 104
104 207
212 205
112 65
237 96
52 171
215 283
248 292
275 182
69 215
217 157
97 40
66 9
291 212
170 99
112 161
175 259
172 254
62 60
247 299
134 105
236 52
193 116
109 287
97 209
251 40
28 102
22 50
20 244
215 260
7 23
285 172
59 31
104 228
184 124
299 193
215 251
227 77
50 181
86 279
276 156
174 50
136 137
285 133
195 155
251 135
20 149
108 13
47 130
256 176
205 162
15 179
14 95
292 46
287 228
260 7
73 154
194 85
209 71
257 2
227 169
67 152
191 121
152 103
14 143
223 160
269 81
255 267
127 49
88 79
286 6
213 229
200 49
274 54
117 211
290 45
8 44
33 293
149 210
227 164
64 70
170 210
295 16
179 284
238 113
146 148
273 216
56 74
25 167
86 189
17 289
73 28
70 24
209 126
52 217
37 271
291 295
39 95
147 254
284 85
119 136
177 104
151 87
203 146
91 240
179 173
102 284
181 272
73 270
149 113
250 39
6 128
164 72
274 186
272 17
213 279
282 203
25 257
252 159
134 59
228 169
210 136
80 54
96 45
220 26
243 247
145 239
135 170
130 26
288 217
200 3
71 35
217 143
88 286
12 240
229 24
149 255
172 250
121 21
153 240
137 272
277 177
97 201
200 8
274 6
237 230
268 188
55 204
173 129
298 248
139 296
277 103
152 100
136 5
31 85
170 198
72 110
95 215
250 89
199 90
247 135
167 24
72 91
149 281
285 3
245 62
133 277
115 118
0 89
172 132
239 16
169 25
205 46
10 81
10 122
270 104
5 116
195 282
292 186
143 41
8 75
17 69
23 92
112 97
100 78
41 247
54 196
201 153
49 13
47 12
249 229
172 263
214 7
294 167
164 79
124 214
86 194
66 177
130 82
242 164
30 77
261 197
9 218
229 268
171 175
289 82
286 232
250 127
216 101
293 254
218 231
119 105
282 221
154 186
214 132
237 171
88 200
103 62
12 3
202 290
162 26
12 161
38 261
42 233
296 142
136 189
207 255
167 186
266 7
234 292
181 86
111 29
69 89
193 44
269 77
263 178
209 121
28 116
191 103
48 264
158 154
56 16
231 174
226 10
32 77
217 207
274 281
230 133
293 56
178 200
99 270
163 126
3 131
77 53
198 87
212 230
273 59
221 66
185 201
291 16
106 116
235 250
144 129
264 122
70 268
82 228
270 238
172 12
66 231
161 110
185 289
281 185
97 39
53 28
169 207
170 261
175 154
133 165
76 92
247 88
235 136
210 179
258 227
154 146
92 61
158 160
134 172
257 169
258 247
182 116
29 265
80 184
165 298
107 298
111 228
70 198
267 202
269 248
278 194
227 219
138 199
5 23
6 24
35 40
141 133
75 221
242 201
230 299
48 207
230 55
221 85
92 44
191 184
280 248
175 73
201 83
24 130
114 258
152 135
138 246
125 35
263 48
158 199
224 206
29 103
233 90
253 103
266 145
210 28
132 191
260 283
222 121
180 74
208 203
294 127
18 298
115 290
43 191
278 75
199 24
23 171
60 139
296 73
169 245
97 205
137 103
35 185
137 235
212 256
278 40
139 3
250 170
33 188
11 237
298 145
185 78
291 133
145 4
37 191
271 44
128 68
177 190
23 102
236 272
244 212
188 243
96 120
281 298
90 128
53 48
151 241
38 171
195 292
231 262
120 57
273 160
108 176
5 113
298 205
126 146
13 289
147 267
291 104
111 128
218 2
107 171
103 198
29 276
277 128
204 285
235 7
105 11
145 34
126 160
18 153
76 109
295 7
117 114
32 45
294 131
287 138
19 265
138 88
31 177
171 278
186 166
287 18
164 216
53 66
238 123
196 271
0 159
274 35
40 295
150 66
233 145
122 103
92 16
140 258
239 14
89 138
103 57
148 10
190 96
221 280
149 161
94 49
154 116
2 28
109 110
194 126
202 7
196 283
46 287
4 106
194 146
177 34
27 142
291 45
244 109
247 288
239 290
85 45
290 203
36 142
98 114
21 83
2 298
276 91
140 255
159 270
116 153
131 60
67 121
157 256
89 105
250 278
40 4
76 252
242 209
200 169
263 28
62 240
168 242
246 18
86 27
287 181
23 187
298 21
171 5
67 82
138 280
137 58
255 192
207 244
60 4
246 34
169 244
42 14
165 146
280 235
104 97
23 252
280 188
253 66
286 220
252 186
96 51
242 17
267 238
260 115
279 11
40 109
127 149
124 84
21 81
296 246
6 41
176 3
270 108
81 191
154 50
14 183
219 82
5 264
142 29
76 268
297 189
252 53
136 298
184 140
103 104
239 272
158 6
152 250
220 269
218 32
64 210
101 21
216 65
274 97
139 170
196 93
179 86
90 139
127 266
152 97
88 119
263 203
157 73
14 109
1 233
298 207
214 186
254 198
129 153
248 223
59 176
74 199
169 292
50 137
101 239
107 151
152 85
22 165
177 6
62 241
6 140
155 26
185 51
211 166
112 117
129 284
292 180
48 270
193 205
227 191
54 255
239 28
146 223
221 206
273 125
274 234
97 192
111 129
95 140
3 255
208 269
6 56
9 101
168 98
14 195
37 34
183 112
13 241
168 247
174 262
237 63
215 24
88 132
33 3
64 294
280 204
124 193
205 113
118 64
23 28
177 15
74 101
169 283
161 57
98 145
75 106
70 85
151 273
151 17
273 207
254 69
228 250
33 36
53 58
192 252
258 177
135 297
66 168
166 43
268 274
162 219
52 145
57 226
43 88
267 190
79 92
64 190
9 239
234 56
162 165
196 26
192 95
144 9
249 202
267 260
291 224
137 8
208 226
10 80
287 69
2 158
296 239
55 290
296 192
162 15
104 294
188 277
2 242
255 66
203 171
45 173
117 118
147 126
70 140
190 95
213 31
193 68
151 155
125 232
18 164
160 195
3 274
271 53
98 184
83 227
240 157
275 47
65 101
186 131
278 183
100 28
80 115
193 165
286 148
207 246
124 277
250 267
172 82
91 127
236 131
91 67
164 211
153 167
15 228
92 216
222 226
208 118
233 227
83 42
117 175
221 227
42 88
205 271
117 153
160 209
221 20
170 190
47 190
199 198
215 71
80 156
101 141
41 251
93 102
104 101
85 98
244 67
210 102
269 239
193 297
192 205
213 114
292 71
175 36
252 167
293 109
163 266
33 202
69 132
65 81
121 276
202 49
237 247
125 116
214 227
286 98
99 156
83 76
82 190
210 265
20 269
146 96
105 178
93 261
97 2
154 9
51 229
10 161
75 153
149 54
4 178
126 40
204 232
58 80
189 262
247 186
156 258
130 57
7 255
46 203
224 93
123 165
61 150
135 115
37 139
189 28
62 149
137 156
295 231
299 261
126 256
79 238
188 250
210 279
8 194
115 203
29 66
140 165
107 179
266 25
31 42
239 106
271 79
89 99
25 240
133 231
239 287
52 282
193 89
98 229
297 4
55 167
180 79
223 32
230 72
263 39
234 257
275 49
281 270
228 186
36 4
142 127
290 191
139 133
78 285
189 179
161 292
297 214
256 199
169 285
158 96
275 284
162 259
56 216
231 9
66 160
259 125
44 21
15 117
65 90
54 11
57 36
75 245
29 0
270 193
255 36
298 184
159 280
163 230
44 18
116 113
86 149
45 12
217 114
75 95
18 50
240 201
222 147
103 7
84 157
199 92
14 159
163 20
212 195
125 132
85 272
77 194
218 36
49 168
145 122
235 108
57 28
232 178
299 111
196 263
278 266
231 18
57 100
279 272
117 124
59 207
111 225
0 45
46 93
149 42
72 237
140 62
227 16
106 184
243 116
113 275
106 178
6 246
147 33
262 1
257 30
38 78
192 277
185 269
233 47
245 153
170 172
195 29
96 49
78 266
273 97
32 127
191 116
172 271
274 127
218 105
196 117
270 150
84 123
233 83
84 291
174 194
57 177
297 248
206 130
214 198
298 45
79 179
151 126
37 196
296 33
201 91
124 285
245 203
7 288
86 2
186 10
118 22
92 26
65 200
281 190
25 122
223 114
241 267
22 274
41 141
73 265
178 252
166 191
200 278
188 46
103 280
169 282
180 39
55 111
287 102
28 26
174 154
287 65
34 43
134 252
243 39
277 270
232 123
270 195
9 178
235 181
162 88
48 212
171 106
275 214
93 24
11 247
262 100
111 209
294 2
92 146
79 5
169 66
37 204
278 280
48 280
25 232
52 261
121 266
240 105
74 17
241 109
76 72
163 96
119 153
144 148
145 237
132 223
288 42
159 64
70 10
257 60
170 88
81 25
35 108
253 13
207 249
84 133
190 153
133 295
289 123
225 240
233 185
130 93
151 79
138 187
264 270
220 79
266 267
254 99
166 40
241 284
225 39
114 24
247 24
86 3
72 30
104 205
286 298
250 132
133 190
38 21
252 280
103 265
177 113
293 59
258 42
278 85
3 88
7 161
34 50
99 172
113 232
16 281
194 197
53 298
206 145
61 292
232 245
152 237
219 150
137 186
155 264
66 259
75 258
211 97
103 188
208 42
183 254
45 67
270 22
1 290
48 4
264 7
15 287
192 265
294 153
13 47
262 164
181 232
56 194
24 197
103 115
144 262
58 100
89 84
282 224
59 269
284 251
146 251
232 162
40 298
180 178
187 49
92 246
213 190
231 26
65 261
43 227
171 36
40 43
48 21
84 227
166 294
95 260
254 264
235 30
103 22
179 222
117 122
218 92
40 45
27 64
173 260
221 264
80 274
65 61
75 201
244 11
131 166
240 202
200 141
119 53
286 292
67 19
204 32
181 134
61 116
270 198
150 81
137 114
207 54
9 159
236 96
144 106
250 131
276 46
54 239
134 210
160 208
122 1
9 141
64 47
46 267
164 235
248 228
191 289
137 18
13 187
259 246
174 20
36 103
184 3
244 90
261 18
30 292
285 88
245 41
138 50
38 48
14 251
85 133
270 255
250 71
284 69
13 278
117 292
95 104
106 67
289 299
197 34
245 65
152 147
50 146
285 150
143 38
37 292
162 209
177 59
174 215
294 250
197 8
255 212
113 87
131 261
246 205
279 276
127 239
247 99
8 179
218 183
27 48
181 46
255 82
223 267
246 187
146 68
274 239
225 113
160 36
177 46
18 63
20 288
73 50
200 83
242 122
244 282
201 248
93 113
76 117
190 141
231 104
97 98
118 35
147 39
127 84
285 191
62 105
216 74
13 214
149 85
259 27
75 34
194 137
209 128
124 166
205 143
11 159
173 136
163 184
171 70
116 10
142 21
58 168
80 16
173 287
186 136
126 11
246 250
129 6
47 291
144 1
147 132
51 138
244 158
265 298
172 131
134 221
243 27
4 175
137 32
68 112
248 86
289 8
58 153
199 95
167 19
289 267
273 254
284 1
284 171
22 1
209 131
102 16
171 68
248 258
205 209
218 55
99 79
143 50
226 178
0 67
113 239
297 141
274 143
151 125
194 83
74 204
98 53
263 125
118 254
168 192
293 172
58 10
270 295
94 58
34 31
18 168
62 180
222 262
164 212
182 219
18 210
178 212
186 70
288 64
30 45
224 246
210 258
260 273
13 88
156 216
60 79
212 294
297 8
289 182
23 173
148 109
40 228
233 40
62 263
106 123
147 283
162 182
141 3
147 110
172 246
178 193
246 44
87 292
185 26
253 128
67 110
279 206
59 118
297 251
294 235
292 142
92 272
128 155
154 155
40 283
18 288
68 15
236 258
119 147
45 24
251 26
226 136
114 298
142 100
52 113
81 71
104 244
64 214
161 51
255 0
267 8
218 116
298 3
231 58
114 172
150 188
258 217
229 70
111 56
5 50
160 134
43 155
192 57
41 180
80 98
194 282
187 235
128 102
83 258
203 92
66 16
115 197
173 103
87 299
79 195
179 7
6 102
289 115
139 56
136 34
243 35
84 72
253 148
69 4
172 7
231 283
19 266
14 147
195 124
265 64
278 97
273 161
129 214
272 29
269 146
36 2
95 291
70 251
239 262
177 37
233 284
286 76
129 34
73 92
199 282
111 257
115 158
141 293
65 272
73 235
137 40
118 165
19 178
276 249
258 121
247 42
27 40
203 7
166 241
132 182
2 50
41 286
150 245
85 153
230 77
275 169
153 211
128 217
272 187
17 57
79 0
90 145
83 234
227 203
188 164
58 182
170 212
147 91
162 41
52 219
140 270
273 247
171 270
82 44
99 82
138 195
241 25
175 29
260 35
90 143
32 69
286 185
252 287
40 16
217 83
194 297
104 119
99 224
215 242
283 164
272 136
277 156
220 281
260 114
165 205
180 232
58 103
243 120
149 27
217 105
186 184
267 27
171 17
230 132
82 119
293 234
292 174
211 279
85 270
252 148
130 96
150 238
146 284
144 215
298 85
205 59
205 77
63 276
215 233
155 215
238 182
167 298
235 289
52 15
163 62
151 120
283 95
17 177
143 46
102 130
108 82
4 230
296 19
121 241
5 218
44 181
248 237
245 294
166 298
284 71
69 78
139 215
32 180
104 7
63 132
161 272
123 183
141 203
226 227
152 222
218 259
259 158
103 298
233 121
206 25
33 102
244 43
259 242
290 128
142 298
36 134
54 68
19 251
37 297
181 211
67 69
180 19
100 46
236 264
187 8
235 60
58 83
259 208
216 195
181 30
258 162
259 248
28 191
42 134
257 186
237 159
215 290
165 15
42 229
213 137
275 124
99 32
201 182
210 261
248 139
278 247
216 159
143 216
294 105
148 285
212 215
156 54
295 226
236 167
111 44
295 166
198 245
66 159
161 293
295 54
226 271
12 215
242 192
297 126
65 39
161 43
216 19
134 217
102 42
62 198
233 156
171 230
83 230
87 115
144 96
227 28
23 244
208 92
270 96
8 40
88 111
119 269
3 9
184 135
53 223
106 102
27 63
74 188
205 91
27 179
65 87
163 283
281 247
42 179
281 77
22 63
275 125
194 172
209 73
295 121
245 284
167 134
224 263
88 90
262 198
201 124
264 162
208 34
218 75
46 36
262 246
111 212
167 26
167 121
167 182
117 125
179 273
10 264
265 290
211 253
43 135
86 24
177 231
117 73
103 35
159 245
8 199
0 240
93 92
6 29
217 183
113 139
190 243
135 239
63 122
185 223
229 101
228 288
208 15
267 48
231 97
233 77
92 175
88 197
23 231
269 86
133 112
48 247
29 185
248 78
78 153
156 264
248 129
232 147
288 50
185 246
100 41
107 284
230 227
77 46
248 6
256 286
165 11
273 120
29 240
36 179
264 82
39 208
93 215
286 242
18 175
264 38
200 40
256 146
108 190
190 69
274 258
7 81
170 85
112 291
236 127
161 116
264 27
213 188
161 134
175 64
194 109
62 177
42 216
141 24
19 206
31 48
107 39
45 256
60 75
32 90
298 48
104 23
276 224
142 84
225 44
101 8
247 253
54 211
121 212
126 129
33 187
71 16
134 238
244 81
129 150
4 144
93 200
39 13
274 255
223 145
282 285
41 215
22 155
133 54
235 196
204 254
179 73
29 264
170 19
181 63
2 68
143 144
211 22
188 1
185 82
130 138
178 277
289 6
293 130
218 247
5 148
129 77
67 174
11 299
31 51
262 299
201 266
170 7
13 173
253 178
52 133
253 224
290 182
186 46
88 223
201 84
184 66
82 217
20 279
81 237
128 250
195 289
102 194
281 194
5 280
273 64
125 140
156 222
105 146
152 150
134 178
12 98
15 160
295 263
248 119
155 54
293 151
34 192
236 91
87 206
50 82

300 900
138 298
232 165
284 96
260 29
210 29
16 160
162 180
283 231
138 90
97 80
110 227
274 37
18 231
28 165
49 142
114 47
279 126
118 267
210 126
144 191
235 140
62 42
35 239
273 49
280 127
16 159
65 190
230 73
258 145
151 271
246 153
153 103
258 289
281 11
23 110
58 238
114 201
265 156
19 255
250 112
246 173
168 73
277 16
258 6
113 243
69 60
271 72
199 28
228 27
139 66
15 233
96 174
178 22
31 218
147 19
67 195
172 241
172 17
296 12
238 198
294 202
270 242
31 164
125 90
126 74
59 216
204 169
177 264
195 30
198 222
172 8
245 242
83 253
58 259
74 296
167 128
191 124
212 29
32 267
25 7
215 247
241 265
270 42
278 216
90 210
118 189
155 73
32 21
18 280
296 244
265 36
52 92
89 167
289 159
131 93
188 58
172 60
78 180
33 165
175 85
41 280
278 190
158 152
244 280
135 208
287 14
109 121
225 10
129 233
85 2
13 137
22 262
168 232
216 172
263 180
11 27
161 228
263 119
102 287
70 94
158 226
107 149
224 258
175 107
188 216
250 184
215 29
294 182
146 89
241 243
263 173
276 118
180 198
83 18
91 245
176 261
229 287
155 190
298 172
202 28
24 226
4 30
257 194
203 235
50 101
205 228
293 82
177 112
58 141
160 65
153 259
260 119
37 127
245 22
144 126
21 58
87 292
236 101
208 211
147 267
94 64
27 291
176 130
279 36
182 200
241 19
109 217
24 66
79 291
97 254
30 185
266 89
183 231
14 53
133 160
167 154
190 221
255 262
28 41
180 186
92 23
48 52
21 261
11 228
45 51
247 19
263 166
155 253
135 0
203 186
161 75
73 214
158 230
247 162
236 95
69 7
265 16
113 157
167 256
288 236
117 98
238 108
267 261
156 275
140 173
239 204
159 4
161 12
186 162
46 194
195 210
155 181
147 83
26 117
138 183
248 153
71 11
40 208
25 127
113 258
29 261
174 131
221 128
169 209
260 169
68 160
270 95
136 229
10 63
5 157
60 110
110 293
297 30
8 285
264 283
144 272
24 8
75 74
100 174
178 249
192 259
115 219
269 92
98 149
63 173
25 92
148 217
94 190
190 15
275 258
258 287
267 276
35 24
51 145
175 235
221 61
198 272
281 203
124 159
82 151
210 202
49 189
62 137
96 41
37 39
239 247
235 214
120 128
227 261
91 12
61 10
167 227
246 228
71 110
251 51
251 5
145 29
288 80
289 290
55 132
6 188
160 103
92 140
168 204
276 132
224 115
211 221
283 253
112 89
32 176
75 289
216 211
225 194
132 274
82 85
30 28
215 242
204 63
105 261
251 281
192 66
205 275
68 158
218 73
134 40
128 245
62 220
8 290
182 289
217 13
259 245
270 237
234 292
290 136
158 279
43 256
46 219
225 191
199 49
296 41
55 4
268 198
274 135
290 199
16 35
5 52
232 108
242 45
296 200
47 126
47 158
195 201
142 265
277 167
219 123
49 158
173 204
119 189
76 7
142 74
226 269
181 137
202 99
267 297
66 77
229 232
125 157
263 182
73 157
1 60
134 140
215 291
134 286
141 50
179 84
239 293
7 170
165 231
183 270
129 146
291 255
281 61
104 271
48 161
205 127
273 153
79 162
286 90
58 1
272 94
0 3
88 215
55 81
177 245
101 298
107 158
192 68
48 28
122 132
148 180
150 273
293 104
227 107
96 145
37 43
157 294
103 104
61 81
256 35
23 40
142 208
161 275
202 194
120 6
279 3
167 23
258 111
271 113
233 102
121 5
6 44
236 105
147 188
206 170
227 116
233 169
219 209
107 156
73 96
275 139
268 51
261 204
2 9
150 201
180 50
249 81
144 153
13 234
156 86
208 176
279 263
197 41
98 1
297 260
103 282
132 272
127 204
90 153
146 285
209 140
45 234
229 56
151 50
159 83
185 186
175 7
251 194
121 108
34 253
60 133
130 101
24 55
203 57
14 235
85 86
33 34
244 182
258 86
228 289
143 96
289 8
192 272
23 293
220 257
67 118
195 244
150 45
196 195
222 191
222 267
81 156
186 225
292 0
277 139
4 234
2 260
36 176
177 4
200 63
18 109
238 123
226 281
276 211
106 220
165 283
96 252
51 120
233 213
116 101
136 119
213 215
13 238
38 192
163 3
112 59
227 54
226 258
155 19
9 114
246 250
28 178
112 100
130 231
252 220
100 213
94 181
32 287
10 179
18 212
114 290
186 11
269 70
29 105
20 91
296 144
136 214
158 97
8 84
27 122
33 195
124 61
112 126
30 147
277 293
67 129
28 164
221 206
189 16
215 45
156 6
216 294
32 49
36 66
16 298
53 87
49 35
242 168
211 286
139 23
255 117
136 127
249 155
112 270
183 160
237 297
40 124
197 166
139 58
56 99
139 298
266 268
274 198
181 46
121 66
41 230
241 79
60 242
160 270
72 259
258 295
180 126
7 203
127 33
283 227
276 116
23 93
33 188
160 91
253 112
85 96
41 221
250 280
283 182
246 204
228 136
77 269
248 22
58 88
192 109
204 269
30 117
191 174
259 81
14 77
44 29
158 224
29 114
53 72
160 228
63 46
32 253
208 165
295 105
196 158
214 229
282 261
281 37
26 195
126 87
86 182
299 195
140 132
141 124
107 283
199 26
225 6
262 233
50 160
34 77
294 283
225 211
254 292
76 161
116 183
224 101
225 206
88 102
74 292
122 119
84 195
235 204
45 207
238 9
124 272
164 101
232 19
265 89
42 180
255 257
70 192
80 139
20 75
198 30
150 102
98 218
26 113
214 155
53 188
69 295
90 246
257 11
159 284
183 110
279 216
198 270
112 201
90 115
242 137
63 261
69 270
82 161
81 28
32 73
243 172
259 178
270 72
114 136
126 30
142 148
197 194
230 35
11 16
178 274
102 36
128 4
291 81
131 222
248 143
70 202
199 133
275 274
259 23
135 294
240 293
106 245
276 261
12 225
18 293
238 203
295 162
234 209
228 271
103 227
232 3
273 97
47 277
125 220
284 97
205 88
128 37
201 33
62 282
155 90
230 0
264 42
266 228
76 100
49 112
291 18
103 97
58 168
153 22
96 6
252 242
258 297
293 140
190 199
68 112
194 114
161 271
212 273
161 4
145 47
250 40
118 289
232 47
184 25
116 203
33 59
71 260
110 47
2 193
230 62
200 237
277 247
1 174
77 157
250 297
194 181
212 31
46 261
93 86
265 191
212 48
33 223
174 47
234 227
60 187
267 131
142 195
131 148
254 212
245 201
260 80
10 296
286 243
44 159
175 282
7 232
172 179
57 86
209 263
24 180
97 271
15 105
197 199
88 149
7 198
21 256
225 128
162 66
42 152
191 119
75 108
35 142
257 214
94 199
216 298
239 78
102 206
156 190
246 221
141 138
254 30
285 124
229 195
64 95
229 262
209 17
41 133
114 60
20 23
169 249
1 36
178 261
91 213
67 294
182 120
224 109
29 148
74 35
189 69
253 186
272 71
134 35
3 267
10 141
133 119
27 29
22 53
263 114
152 43
128 169
31 252
274 157
29 280
110 33
177 21
107 154
12 254
10 161
172 198
88 251
213 29
62 255
281 116
147 217
287 108
176 186
50 122
157 8
14 217
40 54
172 35
62 98
48 265
98 6
275 174
232 25
261 51
269 108
213 154
24 100
41 149
187 147
123 146
40 288
16 172
41 295
124 70
131 263
36 94
4 16
187 16
238 55
46 241
144 53
126 270
272 149
243 177
110 73
107 30
238 255
44 174
204 268
5 210
50 17
275 101
74 68
298 287
114 211
12 134
229 281
283 23
51 184
232 253
88 277
20 271
197 128
158 233
196 39
64 197
14 296
198 3
83 195
220 233
276 90
180 121
181 103
285 262
254 50
190 79
258 234
69 128
259 56
221 266
146 108
157 35
198 250
129 191
35 255
0 210
100 258
162 134
146 185
148 234
7 260
90 165
250 284
61 271
36 105
129 294
44 262
294 179
188 264
141 69
13 240
215 109
131 234
118 33

1500 3000
678 1153
557 409
1069 1210
266 67
699 491
995 751
476 527
18 1308
80 1055
147 1476
467 869
517 173
1394 973
391 332
74 927
971 156
34 269
1025 160
1478 161
1014 388
276 19
250 773
509 294
259 667
437 290
98 1040
172 1105
1413 340
1333 937
410 580
149 1243
1105 765
907 368
559 945
1 965
1260 956
117 1164
1144 1354
1201 1213
327 557
1329 508
90 334
485 594
241 259
88 358
632 437
821 1271
107 1138
739 1144
1006 227
1057 320
1280 802
1295 191
1033 200
259 182
764 1363
78 876
222 699
1062 1096
486 70
419 234
731 1316
1000 393
1490 156
413 240
952 1328
83 1252
1399 872
633 622
1251 439
388 1457
1435 447
677 314
1074 924
1172 991
1048 1310
459 16
1417 110
761 271
196 213
26 204
419 263
311 476
1181 202
1137 175
519 1253
855 116
332 369
1299 1238
751 961
164 535
1300 1165
260 1096
866 743
1202 359
1368 73
1100 1455
888 1240
801 231
1077 1134
824 376
508 1471
536 394
881 1489
172 1499
1046 1358
179 246
884 865
1093 838
927 1472
842 1325
5 1151
1340 1439
849 1077
911 690
199 247
1023 586
912 687
1152 38
1286 1386
832 1455
670 899
505 1316
722 157
11 846
73 749
1411 9
906 1019
834 1365
439 1415
397 170
1283 738
1278 236
626 570
1341 11
501 399
25 862
434 493
988 1144
220 135
123 613
512 407
442 30
569 1404
1378 841
808 1058
1473 143
1017 122
4 774
708 1164
1202 1424
248 1007
310 130
1024 591
47 1076
1122 857
1051 486
37 1384
318 1304
452 97
1013 322
1432 1162
563 910
247 385
1157 1323
60 1450
1362 1128
575 12
724 352
222 819
457 1415
534 99
1041 266
1186 1248
1168 507
883 1255
113 988
317 286
1322 1309
7 226
1022 28
161 169
150 714
156 67
613 1404
1274 1002
603 638
933 911
1358 1035
924 446
655 276
977 1062
894 916
4 1103
83 1315
253 601
1084 242
1212 771
1009 1338
952 1188
459 985
1063 558
375 127
1287 1400
735 323
1198 806
727 524
37 1052
1117 703
458 435
1220 1206
982 1209
1097 682
712 97
635 175
142 475
1110 933
1172 117
431 1217
789 117
351 850
357 131
547 826
1490 668
285 121
1418 1283
857 813
955 1100
638 497
149 242
963 323
251 814
456 1375
1345 1005
635 1051
322 105
36 476
341 431
167 1351
1014 1110
558 411
1151 1175
346 229
1043 372
864 301
1459 215
1206 737
1013 752
423 1323
259 916
690 770
846 1010
387 983
843 510
732 243
1395 1306
184 396
362 312
1060 280
1307 84
165 1304
626 28
650 91
257 198
1010 183
364 183
1225 1274
150 1369
563 747
1313 1251
569 480
778 1262
432 252
1179 1114
711 264
524 1414
1085 767
1365 960
252 475
386 470
505 257
1305 866
1442 232
471 1178
1497 608
296 261
345 701
428 388
1494 824
1283 120
1399 289
280 359
293 179
1285 246
540 77
1490 116
704 1289
1138 1429
897 275
1424 995
682 221
50 382
186 1282
758 1313
410 1026
525 213
1073 1167
1062 1326
292 1378
562 198
1324 1076
468 1349
798 218
794 198
771 1153
369 615
1363 1454
1478 1471
27 546
576 936
962 1410
50 920
491 847
68 1343
1034 671
24 1030
934 373
1436 116
1229 1055
504 897
1310 654
688 601
856 1009
784 727
1149 650
488 1074
456 336
98 546
1495 1350
1407 676
988 910
1300 801
1079 501
1297 701
918 80
263 235
1073 6
961 171
1017 1445
865 595
863 1162
949 480
414 1158
938 702
28 793
313 733
766 1462
874 1198
631 1341
1094 144
1241 554
395 873
711 148
970 1035
910 798
681 1135
286 189
1316 703
1000 863
1028 343
61 772
1255 447
1074 874
1260 714
1201 1006
1105 307
131 1040
208 685
731 31
573 1346
453 270
231 1318
1258 282
493 138
1010 1322
760 891
807 529
119 423
636 242
1422 482
1284 660
548 501
1367 1403
805 428
159 175
284 779
596 776
1117 935
545 88
1496 615
1470 932
1185 1046
535 1212
1157 1191
929 36
621 1479
747 1344
113 603
921 1407
1100 819
1317 541
892 897
1310 9
81 1087
1364 691
1116 884
1067 480
722 1440
1425 969
196 280
858 951
415 360
1443 36
90 1254
980 1220
368 695
1188 128
1419 945
371 364
1128 108
859 1410
64 530
1317 159
884 736
667 809
193 210
436 953
1262 1410
355 170
1137 160
640 1305
672 666
669 1226
1118 218
1264 166
1434 249
74 1372
1274 1155
922 153
1354 493
283 1010
490 148
467 1042
930 906
877 1210
1091 732
318 1487
371 1169
1180 1003
324 177
724 527
220 929
293 1139
441 641
239 728
848 1079
315 918
195 32
1014 681
155 335
1330 1489
1289 1262
613 321
193 50
1057 931
773 253
1081 1260
101 119
1484 67
620 1297
833 820
585 341
910 1474
563 584
780 518
1252 297
282 619
1375 906
1278 1018
1473 844
1170 82
1154 1390
1174 75
412 820
65 76
714 1058
1355 378
312 1099
394 923
1030 809
1233 1345
1014 1360
99 140
336 59
910 64
898 292
451 689
278 633
535 1314
949 512
128 832
568 1301
1235 388
1250 426
587 945
941 920
143 569
61 422
1405 997
1466 848
1135 508
1134 309
1226 130
4 1374
19 297
811 36
1136 877
485 1490
414 337
234 1005
1406 1223
657 415
191 1144
1132 135
364 256
958 179
1237 1099
755 658
128 1033
1172 281
41 1470
708 192
284 183
1416 1296
1116 508
254 1098
863 244
973 361
1403 1250
1026 1426
399 1207
748 822
605 688
495 1165
544 430
604 731
580 512
707 1083
861 993
277 1021
549 1283
1182 801
1450 1058
87 219
879 281
502 1312
802 1234
311 193
40 637
1345 1442
523 885
1113 1043
792 98
117 1364
598 1173
1033 114
226 971
1034 1146
100 757
174 995
822 574
1198 1108
58 1475
503 275
1286 192
1014 826
1336 103
749 1343
535 1042
1434 153
1468 1137
1364 180
521 303
1060 233
822 267
110 540
299 1224
436 234
738 258
1411 915
409 597
1464 1169
600 1210
736 1187
775 773
1172 63
1204 645
59 283
341 1319
1044 493
1243 980
227 1461
697 1355
1146 789
189 575
1172 823
1129 883
881 106
5 772
120 255
895 465
1140 481
611 259
1381 1137
478 297
813 649
1094 290
405 556
1381 747
1225 267
986 514
506 1039
379 953
1007 782
166 1491
1433 922
872 1426
41 1277
1261 830
564 1039
1232 1401
1203 277
1095 226
11 761
15 563
320 788
485 1220
482 1242
161 1420
1228 753
1445 1404
332 912
782 137
576 1000
1475 196
380 602
857 199
768 288
428 1391
922 1357
339 202
304 381
190 117
1399 1268
796 243
1007 1084
1226 400
203 230
358 417
1492 171
1341 543
303 1308
444 1116
989 534
1221 568
1216 458
1450 870
856 1130
1282 1320
14 930
245 1132
564 850
526 1393
650 972
1482 794
1377 1051
646 1226
1250 775
986 675
723 857
1333 588
1138 33
359 1363
433 744
1179 167
136 1130
1497 581
1071 1316
445 754
103 1124
1444 912
1130 523
14 479
1254 285
700 1141
21 387
474 1061
95 1425
633 1198
857 1324
640 1492
1070 1150
1121 144
725 482
1236 812
835 233
1402 1498
1412 411
370 908
1127 264
678 1300
907 60
801 187
1387 1064
9 300
492 855
782 150
788 1064
1292 5
1489 1069
889 454
718 1378
120 353
858 1397
180 1428
1284 133
1068 1447
1319 948
66 788
989 615
1236 1418
89 817
124 697
1108 1372
666 1422
1402 687
501 1099
820 1115
1459 1448
1337 156
1269 105
744 807
1128 959
1133 850
696 1271
536 62
1092 589
881 1077
403 720
761 1280
1483 1314
1495 582
716 647
182 325
544 422
337 1414
1352 416
240 720
1222 904
865 388
1145 258
514 715
534 703
857 184
335 904
1260 911
1371 458
428 1132
68 962
423 1071
1462 922
1083 494
1258 980
1082 378
734 401
1284 51
207 292
115 1264
624 190
173 815
968 988
978 235
561 962
1299 471
1302 1252
212 731
1216 109
776 1044
1152 1169
116 498
166 1096
1353 1109
1153 695
690 458
1424 752
136 692
1346 71
1227 1197
585 1288
1257 909
442 575
128 1075
378 1280
1407 859
700 39
1183 862
175 1372
684 209
891 824
706 598
1400 60
1060 457
1069 1434
1229 822
984 88
1456 48
886 1446
1292 530
430 791
779 977
1205 102
449 1453
420 1400
1179 495
83 746
199 103
779 548
822 1181
285 1284
1474 1450
1114 771
989 455
853 874
955 789
198 18
971 1488
47 1219
1219 930
26 458
38 27
99 714
1336 1067
157 1244
1004 521
242 669
1036 1401
754 1498
431 102
918 525
481 706
514 508
341 1158
1046 796
536 922
1352 1251
575 633
377 917
720 958
631 562
15 84
441 879
29 109
155 225
197 1257
529 622
525 415
670 117
1242 1164
1093 495
95 1204
513 986
652 1042
196 770
287 801
1109 507
226 719
274 608
1456 1407
773 407
767 337
186 199
254 1425
155 299
630 137
674 250
625 777
844 1371
1059 114
760 670
1499 1046
1317 28
778 571
985 1000
465 1214
1347 518
699 766
226 829
1415 1289
1162 1091
583 331
1219 170
289 10
960 785
139 615
577 595
1461 285
299 1247
1155 189
103 1065
1046 354
774 1264
1268 655
846 446
863 354
341 383
1297 1498
681 964
202 38
705 620
308 344
109 1262
565 1303
1392 931
819 242
1217 840
189 14
780 849
982 733
1005 392
1282 1412
818 1281
869 103
359 82
1475 356
1093 1361
59 716
909 10
947 1121
1333 448
497 640
1280 820
1287 1096
631 678
51 951
879 445
1445 1287
845 846
100 319
74 1047
560 236
557 454
883 601
729 778
979 949
1001 5
1262 1351
824 1471
918 739
853 1400
381 872
158 685
1111 1101
1104 827
302 398
1174 1336
1249 488
1085 773
1391 1024
1305 1150
1429 1260
1394 1366
789 1319
1002 915
753 191
138 57
127 873
1248 224
191 461
786 36
928 1009
977 1465
994 715
1419 1027
1061 870
1266 939
1212 1397
634 760
1033 206
1009 348
827 407
768 857
1026 1148
1357 1382
1417 758
295 1349
932 1350
1480 1239
1050 1250
1130 100
345 403
1407 1320
1092 687
1231 950
507 1320
183 1205
135 221
213 57
778 1378
421 50
826 454
278 27
761 1242
1165 107
906 326
285 1016
1008 628
1326 433
1487 1477
1262 500
288 318
433 353
1124 640
1116 191
1338 1418
316 582
516 302
1331 791
1146 197
1079 906
839 113
751 282
290 1358
581 159
1476 707
944 580
178 1191
1203 909
838 1471
1185 1056
266 1160
722 1223
1298 779
1272 1150
52 435
410 991
1058 1037
681 244
797 949
11 152
496 911
106 518
1268 1282
256 494
345 1498
855 785
200 1356
189 246
985 973
148 1429
657 574
1210 1381
1218 1087
1028 9
578 611
1353 1474
1354 1119
201 21
585 1227
68 547
249 1101
1368 1418
224 1452
866 656
1171 304
290 496
41 492
1152 198
415 108
1405 329
1127 763
728 390
863 350
1206 536
625 1493
863 786
336 38
251 322
483 543
1422 72
274 1350
118 825
1346 154
1229 334
423 1098
1222 1025
309 1392
1318 346
570 714
1331 871
1402 830
1404 1390
1092 1023
956 687
542 1144
347 513
792 676
649 628
1400 1353
813 465
1438 1165
477 133
1172 48
1129 604
832 304
480 1144
1285 880
949 107
867 1290
1052 720
1259 785
154 991
589 380
398 909
436 131
1232 328
804 145
944 1089
11 46
1376 244
1025 1108
402 632
528 855
1449 1239
1258 354
1 591
1348 801
1203 72
264 1174
1293 630
232 1314
856 655
771 351
519 46
121 1325
105 1019
291 1415
313 899
477 673
577 1445
161 1363
510 1240
1389 694
1196 1387
1324 443
1238 1131
71 864
64 708
220 1411
1249 1322
969 1466
426 720
404 388
1136 333
1336 108
1306 554
239 1383
178 566
95 1413
686 1173
632 24
108 436
358 676
150 708
599 420
1201 1338
1478 1159
298 220
478 1326
118 172
622 185
554 27
840 452
1493 789
146 123
431 1418
1172 550
1433 1468
120 479
160 278
404 1309
1427 609
528 523
311 627
199 537
31 512
1260 604
458 719
219 1420
1287 991
592 1259
908 819
1025 57
1018 1082
98 680
1339 495
441 362
241 278
597 531
24 182
518 1437
452 64
12 1120
167 662
1252 751
1088 1473
113 1027
849 1393
384 546
1224 982
61 982
1462 1454
1457 419
1057 1038
691 1351
1484 1272
921 1415
1296 808
1072 1300
1122 292
1328 151
566 1013
1406 1265
1343 892
31 1373
592 1445
1273 1125
408 277
638 631
624 723
90 629
991 932
708 1422
107 1488
346 1227
359 984
902 411
198 1357
370 838
490 1071
489 4
403 604
206 1048
239 187
581 1078
1016 947
544 1408
404 1027
970 1266
994 839
128 1274
1046 569
852 305
922 1397
1409 244
708 818
762 187
1015 130
937 345
1303 858
667 770
312 967
1085 803
1105 798
1218 104
545 477
883 502
133 449
981 667
78 1392
694 633
650 1000
317 299
317 210
1142 441
1385 750
696 1053
1013 663
1225 117
484 387
1162 1211
311 1157
671 614
715 380
645 1177
1303 251
1101 809
1310 791
403 424
1346 376
538 154
958 1217
810 1074
222 1197
1093 325
847 1434
975 1493
843 518
1029 584
1201 629
757 1156
512 1326
468 820
132 268
868 426
1089 288
1239 603
1441 1037
790 1207
1294 111
873 1322
1310 1301
35 1242
964 87
467 622
164 1161
1342 491
1273 1332
756 1358
1169 1155
867 627
341 787
789 474
800 390
604 472
105 428
873 1417
1265 21
1368 545
255 363
113 324
650 787
887 927
141 1172
233 951
437 1079
625 49
1424 894
261 1395
909 1060
168 1319
1212 1433
55 1383
1046 1326
1408 388
291 315
103 1102
1241 1228
1024 204
1395 389
202 1232
380 171
205 990
522 99
926 1189
196 334
1028 753
1191 11
907 376
990 87
1330 384
766 306
45 618
31 287
1150 678
8 528
1073 1414
1099 1129
1242 1374
1298 964
517 38
735 969
13 73
31 270
131 882
1177 1197
1319 891
1475 1366
641 253
631 533
1108 1364
1264 238
978 1116
882 718
149 942
298 37
1115 1405
1116 314
76 1490
196 1009
1009 255
1129 270
1378 795
1010 635
991 989
266 798
593 289
588 951
994 367
1064 869
641 1410
1065 652
192 370
1376 931
107 75
1320 1466
1473 971
969 415
771 745
1158 837
134 824
1278 255
1040 470
835 949
106 599
1395 1113
1453 76
706 605
139 1181
269 546
58 787
390 1463
906 267
1183 203
10 751
1292 193
386 9
1111 704
861 902
589 700
489 792
846 1040
1180 303
341 215
1381 1164
758 1158
543 1430
892 150
1457 155
869 216
1243 234
38 1432
942 1040
1178 323
655 303
335 1428
1343 448
754 100
1039 1038
383 455
105 183
518 397
14 676
929 629
629 497
408 870
1218 599
1270 409
1215 414
320 1488
1453 1187
511 896
585 279
1389 1084
1115 1330
420 1284
233 78
570 1204
568 272
200 1296
325 1301
1253 10
904 389
41 706
842 628
112 1159
257 113
1364 111
983 471
463 1120
1156 913
1386 103
927 898
32 1248
15 32
1193 215
1489 745
180 252
1470 524
1324 526
685 970
679 1296
122 341
1098 742
426 1384
797 985
1269 1094
1083 353
195 1336
1086 220
135 1411
610 1071
766 1168
326 115
345 607
399 408
1247 258
997 189
500 446
308 1384
2 897
888 505
9 152
426 758
843 1291
1300 840
1078 343
865 246
457 318
1254 1151
975 1168
838 1320
123 701
1176 135
280 1396
970 1157
1124 535
1349 1438
1138 254
58 583
354 1012
698 547
116 1307
32 554
1449 1388
607 1460
76 1323
927 139
774 841
965 1336
892 822
788 418
529 1391
377 1144
748 1196
38 796
858 1395
1354 1449
1481 1358
373 91
369 511
76 1498
1412 345
961 1067
491 614
293 1116
1151 611
75 376
238 508
406 953
818 419
446 1154
649 543
119 667
1372 1412
441 1200
937 981
538 829
1113 270
1112 455
1314 1044
1015 392
1032 1382
800 1027
683 696
141 135
1471 291
1180 193
1399 337
1076 859
1201 14
487 109
442 278
725 891
362 1288
898 1467
374 400
839 1145
918 1323
105 520
495 334
1293 462
219 975
772 208
853 714
231 1359
1373 1270
402 276
670 1455
840 486
1072 191
1078 1250
666 762
257 1276
668 260
1237 31
1180 1391
575 666
479 208
414 415
1275 944
1442 417
287 615
866 825
1253 245
669 35
958 143
575 415
0 717
1288 563
1379 337
407 1152
599 194
104 944
891 1010
565 28
19 1424
127 1025
591 1062
544 1297
888 274
428 7
159 169
909 893
746 1477
1152 562
1321 1223
717 828
142 371
374 1369
900 402
583 368
581 1301
1049 131
1010 1473
900 815
1432 1233
976 257
669 1437
610 1192
1224 160
84 100
474 852
1207 652
0 577
625 41
107 1093
236 746
660 321
1446 1399
1437 805
95 1223
503 288
1228 1092
1192 421
983 604
1014 805
28 1235
891 134
212 492
713 914
1441 1045
201 388
855 538
419 815
901 346
1432 1374
488 853
711 344
594 756
124 1183
1444 238
888 75
891 119
1332 816
539 1070
456 1422
506 1086
362 1429
306 1153
755 213
256 1195
585 827
341 268
539 1268
155 412
1346 221
589 53
1419 1129
237 275
577 497
710 170
729 1249
775 52
66 56
1370 327
1454 1201
374 1048
60 567
1452 122
114 54
618 274
683 598
1180 894
228 1356
1429 487
935 1485
853 629
733 1088
1368 1053
433 499
1485 278
485 1382
1136 646
228 1264
1469 486
53 1371
1181 152
305 264
424 188
445 265
641 1172
239 1251
318 1265
1440 178
977 786
156 769
94 1408
332 181
1002 1259
522 1369
1267 866
53 1192
467 767
781 1102
179 485
507 469
356 299
307 810
1273 740
69 608
970 1060
669 1334
947 53
690 1302
1077 889
1401 197
583 272
873 786
1490 222
1286 675
267 166
24 698
830 1041
812 1035
878 38
339 358
1004 1072
1370 159
1470 640
1183 762
422 992
745 37
257 342
973 899
258 723
272 589
890 1197
1364 289
557 1464
1315 490
236 566
1283 564
401 37
722 1434
1496 1233
618 1448
565 1135
1183 1234
1128 770
1496 1077
839 1460
1413 1384
786 929
891 1178
150 1440
802 894
988 24
707 325
38 689
970 538
898 1166
1174 412
763 710
1144 686
244 584
480 1126
1041 217
137 425
819 1177
1253 694
936 1070
785 275
866 498
952 180
35 1473
89 944
672 1061
1102 1467
260 1166
66 366
541 825
1170 762
900 1100
1317 757
859 933
586 1471
800 1178
92 1344
944 1348
413 1075
326 867
1039 628
777 49
7 1254
1343 334
628 799
1289 257
303 717
847 704
319 1377
1016 1384
287 441
113 45
902 71
846 213
909 175
1041 1149
759 604
100 114
1256 1321
691 369
1048 90
1380 274
496 1407
1187 181
987 1158
75 1017
193 651
340 637
748 960
889 39
860 1483
890 1322
833 1250
349 770
790 537
201 878
995 546
111 877
1409 1290
876 368
1313 980
1 1319
240 53
128 10
504 908
1099 996
682 719
199 1070
1239 415
986 1248
588 1011
551 1286
807 1337
180 117
1379 1066
1179 658
991 1080
774 3
578 463
936 500
1139 56
183 1115
1006 665
590 1447
1218 1344
1221 1483
1354 256
186 310
985 1015
1137 948
113 963
1381 875
1403 1201
73 302
1269 893
699 1022
624 81
1420 631
887 1297
1131 5
661 81
592 235
478 1363
1028 146
941 123
1279 456
1139 861
1251 907
1491 685
567 888
126 234
541 28
319 1412
503 1123
1429 421
1312 458
195 78
451 641
483 103
1483 1094
773 999
368 224
898 357
284 240
1202 1428
166 941
10 644
407 878
739 704
1168 1237
1338 822
175 60
1290 1398
1179 316
1346 15
1402 1012
1421 75
1489 1158
884 1444
509 226
825 176
1472 263
210 1119
799 1321
224 125
366 502
113 641
386 663
777 287
934 1423
428 1410
814 697
224 811
87 322
1032 817
405 899
1109 416
545 622
314 726
1297 1092
775 765
1205 1335
1054 488
1303 60
1316 1214
1365 1290
1442 870
868 479
263 789
716 903
1253 1045
1254 1361
395 1321
1345 1253
1046 700
738 1328
387 524
372 1491
133 1436
1467 1013
1316 427
1215 580
1479 1318
1213 686
377 1287
384 1305
616 631
344 1282
69 830
116 1246
99 300
849 328
90 836
299 113
1437 33
451 969
593 1209
904 1217
442 1355
521 561
212 498
815 267
666 1436
1419 1257
606 1250
817 993
618 103
154 564
820 146
61 1437
838 900
1054 108
651 20
1037 1060
833 274
399 1484
1013 1138
90 1143
1150 1133
499 1414
846 1068
584 302
103 1280
431 473
219 793
7 564
1459 486
479 835
453 71
583 1353
1067 1208
1476 166
1379 94
541 999
1467 729
599 236
996 555
64 829
65 1123
693 379
220 1337
1404 834
840 1371
612 660
914 1249
144 933
594 1073
86 291
745 1408
192 548
1222 863
75 1286
784 1470
444 909
1233 165
13 587
630 1149
206 1160
1494 801
899 1113
684 518
300 1356
1341 47
643 1462
531 1229
1380 1082
1443 883
510 867
572 1225
738 338
957 741
740 647
1091 1072
527 876
80 1303
1233 839
213 778
302 359
1074 148
1032 796
273 1444
730 143
1084 747
274 786
325 129
1452 961
950 41
98 419
813 1440
618 973
615 1000
1108 514
481 539
79 1491
1066 41
1185 1255
860 507
680 148
1086 668
494 942
416 929
328 568
1057 515
534 1413
641 439
109 301
384 95
797 954
294 285
1167 503
109 428
408 650
1033 894
77 130
1451 513
1426 1342
771 650
358 761
220 880
269 271
1489 1356
544 230
396 0
1431 484
410 1251
991 1487
571 1315
17 164
248 1038
571 81
156 1057
625 1253
317 1169
795 164
197 61
1269 273
560 199
354 553
124 699
1244 1304
957 1003
252 1022
157 424
1101 1285
522 1146
333 1267
91 329
582 541
1242 653
338 1256
718 1180
623 820
90 616
942 771
1038 1181
595 1134
89 345
1054 325
1098 288
485 683
1036 442
983 79
237 57
1396 618
852 1468
124 827
421 23
636 1257
1491 613
1350 784
373 584
1245 26
162 95
462 906
556 1482
893 846
497 876
1085 49
1191 351
694 63
375 546
302 235
1022 1111
587 1458
1360 919
1312 411
1217 982
1266 906
1332 1431
602 1434
1154 926
222 938
82 735
1242 1045
1018 923
728 48
966 1060
799 1309
805 1196
433 496
1272 791
172 1050
80 931
1372 133
1000 1066
1432 808
273 526
96 352
1228 620
108 1445
7 497
726 918
185 1047
409 855
272 1293
263 853
901 1379
61 353
189 1367
1005 1104
57 1035
74 230
266 1223
1206 950
1037 111
1170 1235
838 805
349 1437
194 475
629 695
215 417
348 837
1222 1028
585 1364
1251 868
1219 742
100 933
883 935
884 1421
832 908
1068 1307
844 509
880 1014
1351 777
337 693
1361 477
1434 315
986 764
128 60
95 1002
904 1133
767 31
1023 1003
372 769
131 1413
437 1275
1074 725
24 1490
853 117
247 1348
508 757
370 1310
408 1102
1491 15
357 1381
433 1150
31 880
180 955
755 1170
1399 244
1401 1108
1162 611
712 991
709 1017
1199 550
183 709
487 942
245 957
888 406
1280 8
851 113
848 465
337 525
539 1473
905 811
131 554
1157 1476
1467 1405
1205 584
1355 979
733 1039
440 1282
1141 682
247 419
270 764
106 858
1117 1369
1048 859
556 694
477 747
1039 1451
139 549
115 665
951 98
39 453
1093 1017
43 1424
395 1019
1315 725
999 1470
858 1204
428 961
1101 120
394 954
10 293
1279 277
1425 1078
690 9
487 770
839 813
777 124
1497 37
1229 644
683 1370
972 504
643 1255
720 343
454 1033
854 497
298 1209
447 251
346 851
453 497
767 1287
87 1101
1253 1366
771 403
175 461
596 1041
154 1022
553 579
792 1125
811 1404
537 1458
586 105
1208 458
1140 1082
84 1362
1161 950
201 518
1149 1497
495 382
89 1126
1372 995
1205 510
1179 371
1491 334
342 649
654 297
603 990
1095 1094
586 983
51 700
114 1445
1016 883
1215 458
583 1307
778 220
866 118
1041 264
822 419
1298 956
1382 1291
1354 1488
1364 667
565 224
402 943
1161 798
197 142
965 517
559 1357
1450 1074
1198 530
254 451
483 927
116 823
96 482
444 768
73 1011
1411 1213
1062 480
1357 720
1323 133
200 51
702 385
1090 1444
1491 179
391 291
1380 861
1243 142
1162 107
1404 178
209 296
224 480
874 503
1207 1002
1462 409
916 1428
560 1165
204 1260
80 274
324 1429
639 838
456 75
1404 1449
1081 621
656 1407
72 668
883 794
384 1165
1297 936
1125 809
50 1379
1218 1030
219 611
1420 685
1395 461
1469 1377
12 797
79 732
299 35
221 1012
7 697
729 159
1432 646
996 320
1297 1229
516 1010
1140 215
467 1373
63 350
330 146
229 555
1279 593
1018 1323
448 502
554 921
735 1163
1413 1487
983 41
384 615
854 1387
437 1332
253 543
58 302
312 231
50 620
1151 711
589 725
338 1051
1249 921
1215 177
178 1469
873 1166
452 506
749 367
951 1053
272 1030
272 482
528 1431
1026 1070
1285 776
1195 1050
1054 71
584 710
616 61
662 1499
1004 234
701 713
1056 756
578 1140
31 1065
1295 1258
510 844
156 853
1439 452
489 213
1393 1351
481 1077
1104 1406
1152 1438
936 35
1370 542
1338 1482
573 47
126 929
63 636
679 152
543 546
1372 1437
426 1
570 941
476 216
158 370
1283 936
530 285
1102 1363
850 901
982 784
389 1321
229 1236
1434 867
325 820
385 470
1259 116
255 628
1075 880
653 915
414 963
716 1429
176 371
928 1168
367 1173
579 1168
588 806
89 1071
1465 926
714 162
1430 450
290 645
383 1497
493 605
1148 991
104 1488
845 1214
460 811
392 747
720 747
1124 139
80 1191
1379 426
386 984
323 1383
478 1470
475 629
1063 1139
771 1355
1428 651
338 665
1026 1177
969 594
1111 415
215 514
600 1237
875 634
1027 142
1143 1290
1438 1238
1202 341
377 927
857 1393
215 127
163 4
1031 1093
1417 597
527 484
836 640
888 444
1087 949
430 1272
869 1277
152 959
664 1013
391 617
1459 918
339 137
877 1203
800 992
1249 880
1178 673
336 279
213 820
137 1180
342 1092
1269 949
1272 750
746 1098
476 1007
171 139
1141 453
1362 1211
588 850
896 1386
752 945
236 1109
377 1257
189 111
809 536
300 1156
561 97
176 988
364 421
1326 278
720 259
1230 372
26 329
1307 238
1111 469
1456 926
318 109
618 258
42 611
1188 873
244 273
1111 749
815 979
557 1426
742 1209
1341 993
1063 1041
293 494
1350 281
757 1186
491 1045
262 460
201 419
1346 246
1255 1046
1050 1269
926 1361
476 1252
1234 1152
1088 1287
1194 510
432 1185
1057 960
547 1026
852 330
1073 1286
1460 713
434 154
516 1255
1021 1044
288 1407
1401 1325
1028 474
1300 847
1020 532
1244 27
531 433
750 634
792 577
658 128
949 377
870 1437
1420 765
138 961
168 797
1180 807
1444 1157
927 884
1446 799
646 1435
841 848
858 893
629 1244
156 432
373 639
581 94
356 1174
361 246
377 896
307 0
620 515
34 1458
870 317
781 477
491 1448
256 664
994 905
937 364
592 437
1416 408
811 1143
118 936
190 77
1014 677
1141 1393
951 402
1257 971
1246 1418
146 276
880 1426
970 1365
1 147
715 1173
444 1029
723 761
84 90
752 1455
1453 177
471 121
867 1307
1063 140
71 356
160 1150
201 557
254 235
194 724
530 432
1337 1093
69 118
750 406
8 692
1107 496
1372 225
1164 1440
1191 151
23 933
389 347
795 568
58 658
818 754
313 1376
1323 1064
854 331
512 1482
596 276
895 582
1075 1138
893 1240
219 35
621 1144
324 1263
492 525
350 517
1436 24
482 35
295 305
955 300
1096 1296
333 1337
1317 1044
344 1012
70 765
399 32
1229 1387
709 880
771 1308
919 41
74 156
31 1498
120 40
66 724
1383 882
473 206
216 1415
1226 26
258 163
1282 907
278 669
34 50
498 880
148 37
87 917
1369 480
283 918
543 579
583 710
247 522
266 958
288 373
1038 410
881 478
773 844
90 422
1346 724
985 992
1065 1396
1074 323
1119 292
1186 1300
577 677
160 671
112 307
1048 513
1300 313
33 1042
207 853
431 669
739 1222
882 1077
1290 61
869 799
400 408
323 1276
291 312
1486 698
1383 348
1089 324
151 605
967 96
821 584
1433 889
1383 370
128 528
1199 682
1062 655
545 957
1044 186
1067 937
1075 916
168 765
1197 608
1186 995
1214 976
657 220
385 838
173 368
1466 201
1028 1289
965 1172
1412 415
270 1432
899 84
1026 133
171 1439
1259 1195
514 618
675 414
372 625
475 1196
821 1162
931 1016
644 155
823 114
831 354
581 1057
18 1042
1226 1469
93 1492
1309 351
861 915
932 1382
145 1287
622 247
1271 1317
304 1398
562 1467
1456 437
1005 1409
1231 400
975 1439
393 100
727 845
61 1149
648 198
1417 1493
1372 1064
1368 1469
623 613
1220 882
1123 676
1370 206
280 1340
959 338
218 938
317 823
1256 1246
750 508
1090 160
1464 816
1389 438
695 783
202 423
1176 1264
229 1367
826 1210
310 1497
605 327
829 765
1499 350
456 1458
1275 1055
1275 1228
1 1093
166 272
1009 137
310 983
589 291
896 754
680 79
888 1164
807 1051
1019 5
73 946
998 377
398 324
1099 455
561 513
115 327
1247 1025
923 611
191 922
1360 815
534 851
294 1126
172 974
782 272
992 563
1104 1210
449 955
1037 1189
1020 1240
304 1126
1499 610
135 801
728 379
122 608
958 502
1390 625
1124 342
244 730
308 100
671 780
951 1038
511 775
391 1149
725 1414
1351 682
1087 658
833 939
273 468
876 1117
470 684
176 355
443 1278
549 129
1312 757
448 638
527 315
950 290
1217 661
720 454
1320 581
1198 886
1413 803
190 1076
821 1247
1070 48
356 185
63 743
74 569
1233 1491
698 1005
431 1148
461 1101
1235 214
1217 1414
947 331
1245 1321
430 734
441 1434
987 1042
865 1339
500 237
712 1146
1154 787
1100 590

1500 3000
276 1292
353 888
16 1293
1068 1320
814 680
1115 303
385 1481
226 262
69 26
755 493
575 737
1224 1497
246 1427
1262 1342
117 1310
695 399
455 286
806 918
604 1206
1348 889
411 785
100 873
361 509
792 1241
680 1278
983 410
1133 920
385 1079
1199 812
258 290
442 603
428 720
540 372
901 372
544 609
157 1339
641 1215
1243 1230
392 1109
1318 263
649 678
424 913
845 449
380 739
384 125
874 494
292 811
48 1031
62 152
25 230
880 210
506 824
1095 878
992 1037
495 689
138 641
816 319
572 657
697 1208
1106 1002
930 209
775 1462
998 1091
912 743
385 894
404 671
1017 726
31 1063
894 1225
264 916
31 866
796 1013
828 175
16 784
599 535
1162 648
1029 19
1115 380
97 751
7 775
127 476
1372 1203
1004 292
361 987
702 782
929 312
1355 750
778 45
329 984
1281 476
522 480
211 1292
1130 115
895 1184
60 1454
253 663
1460 476
580 57
73 1060
1475 331
1324 936
374 759
525 481
1276 1099
1277 85
382 135
1046 382
876 734
699 1309
1173 1324
103 912
160 847
581 1324
404 1397
441 534
354 583
920 1454
323 47
306 748
27 1151
274 1265
71 1474
1064 541
862 542
1449 364
913 984
176 121
1262 241
117 980
294 178
1092 1212
255 40
791 157
607 967
633 986
1262 1365
216 280
256 276
970 1055
38 427
767 769
653 1178
627 1213
716 960
375 247
6 188
318 125
204 1165
613 455
722 619
1048 133
1384 1429
1099 948
1154 1255
931 1048
1006 658
1184 92
380 393
1387 1269
880 1124
1430 450
385 1169
1157 1365
971 1399
1403 264
1207 1481
1268 893
1372 144
91 838
1211 270
389 648
646 681
1227 1415
472 947
1101 187
49 1385
1 1163
1460 1013
130 1029
321 1085
475 592
840 1338
743 1099
222 508
725 748
636 569
1387 359
1006 1438
1389 1327
1184 1482
789 620
504 941
127 819
420 80
432 233
676 51
329 1164
116 1020
1051 772
1358 1390
1207 1452
65 684
600 4
3 995
1097 817
782 1055
725 625
952 47
891 1351
216 237
1038 213
1421 1262
1016 907
1197 1455
678 559
711 1321
1436 299
28 1052
864 601
1164 1148
169 1399
1213 1219
1259 707
87 1481
245 215
69 737
93 1113
322 1216
342 147
54 1058
369 1469
1065 989
246 749
1380 785
905 546
472 111
416 1208
1087 96
589 1454
1481 1113
754 1179
1112 288
1284 729
1095 595
904 959
904 641
549 373
574 1324
1399 759
471 784
304 283
838 135
1111 1365
685 833
708 388
317 116
829 751
1299 238
216 521
1109 280
454 1498
264 847
1397 856
236 254
504 1174
615 548
318 896
857 757
1206 1062
314 138
132 368
223 1173
1175 1119
655 805
842 944
1004 450
891 687
724 687
732 550
56 615
797 1017
305 441
785 773
737 142
1363 615
1383 835
1324 1260
326 1171
1380 1007
1217 1463
1070 1478
135 1158
892 342
239 1458
1017 1130
924 1445
94 202
566 475
631 830
995 1304
1440 407
1162 730
1269 465
1263 1420
192 503
1283 583
392 1007
1109 1245
1046 115
693 743
935 1393
1469 1343
792 691
220 1085
573 443
1476 1275
471 675
689 110
443 645
157 375
1435 506
930 453
211 1324
1389 1341
489 1129
406 711
59 416
485 565
204 99
1047 42
730 97
740 1406
649 1420
1073 1174
996 3
121 1025
617 1380
1165 821
906 467
1258 891
196 982
1048 183
1137 616
504 112
1298 1250
918 406
1025 1090
769 19
950 1271
509 914
886 456
380 1232
1466 165
827 1117
574 1210
936 1497
436 511
785 68
948 1081
290 349
607 298
1274 289
336 563
774 564
191 396
331 471
1452 1184
1039 677
1231 1273
1479 639
981 1409
862 630
42 574
156 945
336 784
950 976
492 1225
354 1107
478 1051
747 219
1176 658
1421 897
1006 1238
1378 931
1094 1351
342 1140
1243 596
1168 1281
554 185
594 613
459 182
1425 970
1388 308
32 207
553 142
1373 1214
130 839
502 992
1272 1317
1362 1313
377 1383
1334 477
612 605
1365 279
384 1466
813 743
895 362
543 61
157 700
745 782
630 165
42 282
882 714
431 560
1493 603
658 1163
582 608
453 1338
1051 231
1487 75
69 1083
1285 933
428 1015
471 958
337 899
1015 99
284 725
709 91
567 1060
1434 1261
916 210
813 934
233 322
1340 922
837 674
1021 68
1333 52
980 620
774 1341
321 1237
630 806
743 1211
153 995
1295 841
955 261
897 797
693 173
377 1319
332 350
755 1271
580 1059
1400 645
124 560
1071 1316
1412 256
1052 357
332 1056
542 30
341 1321
732 177
1141 166
325 921
472 595
48 1040
793 1319
204 1335
311 1085
1126 626
921 515
325 296
485 1015
395 553
708 201
639 322
899 1181
1181 150
1467 441
1073 905
361 1250
599 283
245 808
437 46
895 1388
962 138
1381 205
366 903
1124 294
1125 935
850 670
106 1219
1046 1038
1154 1337
1288 948
1293 126
839 918
760 593
88 1319
251 348
734 983
924 326
359 334
106 1092
456 1258
1050 575
156 588
702 857
990 323
875 759
1316 677
1010 959
1236 1494
168 497
1480 1187
308 443
639 587
472 973
430 954
168 1266
642 639
332 296
1188 1348
593 1249
356 213
461 620
610 1298
470 149
210 258
303 851
273 266
777 990
635 573
216 1183
1000 315
1374 1446
1480 952
1339 1247
622 915
747 524
1132 293
500 1313
1296 447
1122 673
1263 1022
145 1288
657 1164
536 1332
1123 1413
315 652
1244 1266
656 802
107 567
1377 1080
220 198
171 331
478 1098
1244 1476
1177 442
750 254
577 1035
1320 1005
1015 1049
1017 964
896 80
1154 1332
1016 519
489 134
214 130
588 1239
277 998
1350 1354
1144 28
740 1330
1426 283
23 932
78 342
202 979
988 973
653 336
1014 261
497 106
304 170
435 961
1340 119
505 345
229 838
1258 911
840 855
265 1381
444 326
477 960
1254 1008
1356 702
1064 951
364 1174
394 235
373 910
397 430
45 603
515 947
1291 1192
557 1275
1123 233
243 788
387 65
1486 685
1260 486
138 814
960 273
795 724
1123 446
611 1220
476 276
1109 995
833 758
103 745
1207 1116
351 477
244 780
1132 45
1289 1135
339 1227
1245 786
91 156
434 487
1047 73
698 938
111 528
573 338
1019 310
1422 1287
44 405
853 48
799 866
1226 837
1131 1420
563 204
207 1131
1154 672
28 652
178 1031
789 1263
1315 1160
226 382
437 789
932 501
1147 327
1427 20
315 217
764 469
449 189
1016 1429
202 159
1455 1040
244 604
433 961
1224 16
726 1016
748 1393
1189 521
665 43
333 389
1451 508
815 739
717 274
1054 601
387 238
222 83
472 1251
145 897
1318 749
483 896
824 665
660 78
78 980
689 304
1211 831
463 1275
268 1353
1219 1122
580 328
459 676
312 8
995 1265
975 745
403 677
378 1477
738 1316
1146 960
409 347
1043 767
403 783
1069 1115
14 88
758 722
869 54
1224 1178
1217 419
852 974
894 695
23 1140
1211 416
604 173
1046 1278
420 227
1110 1240
436 571
257 284
65 450
842 881
379 494
1018 659
301 1188
206 848
186 1247
848 1456
1441 615
407 1415
380 1426
1119 178
326 839
1484 733
166 893
289 1272
481 1140
105 1481
1230 728
132 286
16 791
1271 647
847 104
1354 991
980 312
288 912
792 721
619 1076
164 860
233 1356
1026 597
221 497
625 589
970 1405
200 915
1055 1249
1216 1018
1195 285
44 494
816 1035
712 390
512 789
1220 181
131 151
18 837
55 686
1172 923
791 1268
920 545
256 1097
141 1132
782 681
753 771
701 1126
913 1012
660 874
1077 712
1225 601
567 582
680 896
640 915
1201 371
1039 835
970 704
1370 1480
409 1043
1248 1109
1188 950
1363 1084
900 185
1090 106
984 1018
1026 509
104 834
81 41
578 357
968 866
60 1068
560 39
1205 1434
697 185
230 129
828 908
150 203
1126 1272
1082 412
1479 658
659 697
1102 819
614 1250
30 1172
731 1254
1262 1271
1029 593
897 1405
792 638
654 1141
1251 138
1167 56
1493 730
825 897
471 1114
232 197
116 1201
1306 1107
1253 1085
1247 267
505 1367
432 482
1321 887
512 1164
260 1299
2 171
866 1184
1237 423
167 293
1031 617
1027 631
914 1168
643 1215
632 714
733 127
487 1107
555 686
1499 359
592 555
363 1350
949 1474
596 874
16 197
537 633
435 143
927 374
1251 130
649 278
589 769
1459 295
1057 1457
1311 185
1296 630
1300 810
826 1326
63 1204
1091 1087
1133 225
1314 1393
1142 889
1010 1056
909 748
362 1496
196 475
375 355
305 142
619 687
1130 1068
1396 32
1219 0
220 1052
963 41
912 138
961 338
381 352
47 1269
952 331
1404 817
1153 921
859 132
806 200
1024 1146
886 979
273 418
760 811
53 736
72 545
997 1283
1248 617
1144 799
416 1212
875 1048
17 613
1285 843
189 278
1198 459
184 64
85 628
355 1478
1072 171
195 1428
634 928
1002 1498
320 982
1023 681
459 938
178 247
875 538
848 654
103 1059
831 99
529 1084
1410 72
1266 1217
1376 971
566 1019
1028 1283
722 578
301 1452
1410 897
1118 1405
1291 766
305 407
992 228
123 753
900 799
949 1254
961 1113
1382 1466
779 829
1193 1070
1350 1306
696 41
1344 747
1051 848
871 490
106 901
1282 593
546 1093
182 773
934 215
1034 1312
1085 369
1141 1007
4 1333
831 1114
907 673
826 1116
1167 1052
374 602
179 690
1208 616
347 359
507 828
551 763
453 595
127 633
1427 612
745 748
358 413
872 1113
168 1
975 1412
266 1287
665 698
33 764
1048 287
1102 983
861 564
740 443
284 1251
926 1164
60 1205
683 954
1415 63
166 238
775 1143
1159 556
535 338
17 1049
969 595
1494 595
1357 980
336 1434
492 603
12 28
1371 1154
472 1036
64 1425
1462 1046
404 418
238 874
176 4
1049 623
1258 973
1060 1458
462 526
289 47
1159 1321
75 1268
734 1031
1139 98
726 1402
65 1265
1193 1266
1024 110
813 1343
455 971
312 165
142 59
824 97
1278 975
1380 1260
436 357
813 1375
480 1272
415 119
371 607
154 781
301 1384
1207 1231
876 291
260 677
499 883
892 50
1239 734
1392 1315
192 81
1233 975
271 1115
1497 771
943 26
1229 583
467 571
41 599
112 1140
84 1409
783 410
846 772
474 441
640 867
1157 657
1490 743
685 471
821 742
155 1392
573 735
774 876
1344 206
772 755
846 1107
918 221
351 77
88 101
810 1224
937 1319
349 376
462 853
41 758
710 383
1142 440
516 298
541 741
1342 92
1220 989
633 399
78 1093
1023 371
880 1449
605 847
217 939
1469 561
819 1148
370 1285
1141 583
1471 898
38 372
78 303
99 615
638 363
442 85
1291 1491
1438 616
249 444
75 273
428 484
368 1007
510 556
92 56
1432 163
596 1253
1 458
827 670
1266 1216
1449 357
377 1328
142 324
633 1253
870 1110
342 368
955 1257
634 738
751 710
724 1262
791 802
1352 1278
1263 446
846 1293
348 1059
573 1351
1461 661
1402 712
389 693
864 929
1340 217
72 1307
935 711
1388 98
1011 976
172 961
446 414
1079 381
146 1336
100 712
1378 291
729 1320
390 943
1191 1327
993 1035
1480 727
1053 204
1069 854
1148 1385
467 1366
811 1252
590 508
1144 1064
1329 970
1044 232
943 425
1272 688
908 270
227 1475
1201 68
383 744
1352 897
960 390
57 1300
1337 79
328 1181
816 1392
369 1077
894 546
1125 638
129 86
416 911
279 271
1158 680
650 811
75 609
787 593
274 1473
759 931
266 372
601 402
1107 348
1093 977
146 857
235 64
986 293
208 786
1445 1119
1033 403
784 406
1138 507
275 434
437 667
286 1418
363 93
487 1367
965 871
533 585
762 321
0 896
474 837
1078 628
247 10
16 90
863 672
473 547
39 1405
791 417
424 302
42 985
748 1080
1068 1260
290 1
330 786
901 651
587 319
204 499
1003 82
425 1038
1183 537
1155 834
527 1126
77 241
1467 77
97 349
639 567
992 908
900 1034
1011 169
1198 433
499 226
1317 797
1423 600
685 63
488 740
524 858
1127 121
1095 571
1342 951
1233 52
1141 296
244 707
1177 90
757 440
411 691
1045 635
1050 752
136 1212
123 1324
689 1301
1474 584
1409 1384
1322 823
720 1202
827 54
324 36
186 746
1102 1067
269 1402
767 804
64 946
1392 1160
950 74
852 755
999 518
940 1289
363 730
1004 19
674 139
1171 646
261 287
365 1495
675 1445
142 98
245 241
848 191
10 1101
850 444
709 949
207 160
1212 1144
247 19
1145 180
345 1347
1261 993
924 10
614 5
1423 160
838 1090
126 956
115 387
11 1007
858 747
863 866
960 668
632 266
901 785
926 640
1391 573
134 362
593 772
1320 343
54 390
99 474
1006 694
1239 1316
604 1052
1347 675
253 1228
523 77
1370 1479
445 644
414 1421
71 1214
1359 1414
126 1381
637 817
41 386
899 259
183 277
1292 977
599 1270
221 656
1155 12
375 279
319 338
12 1413
666 1307
472 873
1170 898
736 327
222 1374
1359 393
987 763
279 441
992 113
867 961
820 567
81 1301
1432 1099
689 277
932 1277
250 121
700 812
1475 414
716 1246
928 1153
761 453
247 689
1493 992
753 906
1357 698
1244 866
1458 928
1125 83
1275 135
1435 808
936 1301
444 1172
1006 846
194 1363
934 724
1289 1155
1344 561
1459 501
1319 298
425 106
1296 768
289 434
1109 1135
550 311
687 614
130 402
823 445
459 338
669 194
1215 222
296 305
115 739
775 446
1061 622
552 48
524 258
230 1183
502 62
253 1191
1218 964
1324 715
341 748
1335 1287
305 1443
376 669
1126 1363
911 1144
727 208
697 734
971 1058
1285 1061
1311 737
1280 154
384 341
1132 638
642 1151
793 1057
1385 1389
489 1090
969 910
1297 647
435 267
675 483
904 918
661 799
949 743
409 356
1413 1093
1228 35
291 945
1350 142
789 295
281 655
25 71
1323 1054
986 357
506 756
586 1145
1151 881
758 1400
1019 817
175 941
926 570
1286 1284
368 505
305 457
1147 798
1142 1214
522 560
862 737
304 308
785 802
145 215
1170 315
742 1169
34 1333
989 471
780 281
830 919
252 1428
1268 398
824 611
83 56
177 1346
1263 1262
678 495
284 663
373 1118
153 630
954 804
324 74
140 457
1114 1333
1393 1352
1176 885
1266 507
851 449
1183 611
1324 1495
977 901
455 212
375 1468
1001 235
990 67
368 217
109 836
113 494
165 1275
82 701
680 1044
1372 324
545 822
1233 694
1038 217
1022 754
843 1240
153 1384
1159 1076
1099 1251
920 706
202 791
1399 550
1475 913
133 730
487 899
954 278
1275 736
725 299
402 1421
409 757
1175 244
685 1201
504 546
527 280
1015 1110
1035 549
406 502
903 139
244 48
546 1024
1300 580
976 761
1055 903
1481 1036
1206 207
344 1447
1060 608
56 935
1256 208
138 537
347 1260
479 386
685 1481
1032 766
1027 357
452 421
1382 1444
809 506
1197 628
532 586
764 759
255 481
413 496
723 801
1178 168
1423 1124
193 1297
806 770
239 1302
720 822
761 826
575 560
340 1118
522 50
681 682
612 444
1044 1151
659 561
329 527
627 1205
1402 1307
5 568
847 499
135 112
1182 622
45 881
407 1438
1223 570
1108 396
455 1302
70 1410
1221 67
1275 1452
1444 732
584 492
605 1066
1348 575
333 1410
90 222
775 410
994 789
953 1231
648 881
1440 322
590 787
593 317
845 327
948 1111
1240 529
1384 799
1351 549
1043 796
404 709
367 784
597 753
1218 598
760 574
795 2
248 312
1350 1071
794 534
1333 1459
549 568
88 861
1096 1171
711 1206
1481 1082
1243 514
1373 293
248 146
1295 324
736 1456
251 1300
35 411
365 1371
144 27
977 171
1498 1316
878 221
228 1396
205 1200
773 258
1042 355
1407 1235
790 904
678 311
878 1221
1180 155
279 237
1218 327
707 798
40 293
780 398
1178 403
1213 228
690 978
80 632
1212 871
323 1249
1326 602
462 585
421 1082
192 1114
1001 315
234 796
1013 160
1359 597
795 1143
581 1214
995 838
382 1146
1354 944
715 176
1026 156
378 1000
1248 1368
872 879
1136 954
831 1490
911 1058
170 1425
633 1380
913 287
1193 879
1140 981
521 643
1197 981
77 1088
986 1133
1465 191
1054 360
255 942
252 1132
132 1349
1335 263
329 1434
927 1128
947 1371
869 784
562 1111
1152 316
1268 170
1377 223
75 717
220 469
46 1221
1032 1348
117 1076
978 907
849 325
911 592
516 1355
459 439
829 324
775 544
705 341
1212 611
556 505
1285 1316
158 637
1199 1466
1237 1249
253 1002
1049 1463
919 377
625 783
543 856
284 1098
380 440
491 1382
1252 578
1019 520
1457 9
510 328
615 1427
347 819
1424 1065
583 922
687 945
957 729
676 893
1352 1442
1150 303
368 702
1048 545
1153 878
140 423
253 495
1216 1363
1409 1041
1414 129
74 979
441 412
349 1083
667 45
1350 27
635 1467
308 628
1179 479
138 485
274 976
601 200
35 1288
1019 134
1468 258
893 124
1179 1361
523 235
1072 1367
905 1027
18 1081
93 888
362 1115
81 978
1034 108
533 822
855 1069
45 293
745 440
141 887
757 600
869 902
821 902
454 1017
1373 300
1395 1187
566 1163
138 1321
1336 1004
902 1287
1418 597
215 962
51 1036
468 987
1425 93
1365 304
207 1263
1374 1060
149 709
590 242
1240 967
928 1488
1025 874
396 1096
1426 1332
146 1188
134 1227
1028 579
129 807
1182 1089
1422 229
47 1408
466 1194
1001 276
166 585
810 708
6 273
1267 879
995 961
785 852
761 908
62 1414
131 608
1078 200
1246 1079
1126 953
1390 1222
1135 508
681 781
1052 1455
1119 1227
464 127
42 713
811 225
1347 487
729 548
606 515
733 625
497 100
1468 954
226 1311
1245 1270
554 279
1421 177
176 1204
823 472
1203 1387
1492 1242
568 312
1196 696
279 1111
710 149
219 1411
355 178
176 961
104 692
815 1327
5 1207
118 1162
893 589
653 1475
1288 1311
1280 14
1173 1304
60 1427
1130 105
319 1023
957 795
1025 464
934 576
70 1305
676 1408
619 996
314 360
134 797
174 892
1458 789
434 334
1216 743
27 276
1319 1111
748 233
1489 1129
981 1098
509 1399
542 347
916 1458
667 1243
317 665
1304 1390
1124 280
1300 1410
162 346
907 908
693 639
823 45
495 1149
301 232
578 697
862 867
536 1367
761 41
1027 573
1280 1417
54 1497
1161 926
983 1156
130 1009
773 945
700 1291
465 819
1120 191
252 1307
728 980
881 645
447 1218
523 60
365 104
965 466
811 752
172 658
1362 385
854 104
1042 1016
41 976
226 1300
563 1103
148 1311
106 734
344 268
1445 1331
685 777
499 371
382 752
407 783
969 1402
1238 629
690 552
1198 1457
371 1078
1013 827
1233 350
367 60
726 741
1420 794
287 184
1476 135
675 586
1036 136
1050 42
437 1105
702 1439
634 42
1317 1238
526 1424
1317 271
661 828
570 514
801 1182
124 933
935 53
1470 113
249 526
1029 1304
273 1165
604 603
601 632
919 297
977 1264
501 531
393 977
1350 904
1292 931
1116 645
1248 1100
856 196
476 392
943 248
1274 262
602 1066
1350 125
1378 1277
564 828
25 108
242 825
142 347
1268 841
587 1032
376 602
533 663
478 139
913 1119
26 713
463 601
658 978
1154 1326
1125 1067
40 1013
21 1049
889 1092
577 1268
250 1462
1105 561
398 884
631 892
940 662
971 419
66 400
455 962
294 560
612 1465
708 528
742 875
1322 85
1056 621
296 261
1370 410
305 488
396 740
1160 52
1110 948
50 1006
1484 324
514 608
1172 1333
1421 1435
680 1031
729 503
207 468
345 751
110 390
1141 1155
646 1315
1104 649
681 400
1211 7
735 210
1449 627
781 1028
389 1489
1401 1153
1196 988
93 1183
1384 1474
319 983
1451 389
9 615
184 648
1144 85
1430 1453
549 1192
803 1042
1407 157
337 1484
845 1080
1325 29
297 1478
1274 276
756 1193
731 1287
440 503
1372 177
1373 412
703 543
297 1384
1099 853
1365 348
712 645
1234 1211
17 465
944 1391
425 1097
1398 1210
110 274
173 1092
1142 1185
1361 887
230 428
549 448
1163 1323
1349 1059
566 373
1031 993
1342 219
331 776
806 418
54 783
791 1272
977 60
853 1358
293 92
1426 744
948 1170
90 165
274 838
898 750
1489 807
1203 473
348 1281
1378 680
293 138
439 476
79 829
1321 476
947 565
438 937
391 606
1309 189
734 545
1130 111
1317 1154
779 148
233 502
774 897
10 267
1139 185
292 503
97 268
51 1333
351 600
980 346
1469 429
830 559
700 1376
657 118
1308 878
121 1136
125 95
1389 292
1319 258
654 1021
97 386
1369 316
300 1051
540 1042
789 194
1091 485
1149 893
1007 1482
1054 219
925 1108
94 1249
76 1163
166 1301
815 804
1323 45
438 1399
1057 135
1148 314
518 321
789 497
1200 410
1406 493
662 923
841 341
1498 47
484 946
1033 293
854 461
478 132
115 664
768 897
1124 801
1130 1049
1330 232
628 1192
245 367
843 776
1452 631
1188 1358
575 475
1448 854
1484 487
1159 1018
1155 823
178 475
84 1106
297 1289
741 615
1378 1429
324 45
192 314
706 1169
527 254
1032 1363
853 640
612 492
1357 1247
1488 289
1218 556
1337 265
201 745
795 407
58 1036
756 725
709 1481
523 1040
866 757
556 354
1229 516
311 1456
198 1257
411 1313
328 1131
627 991
637 460
607 241
751 702
568 123
388 217
990 331
434 347
950 1341
172 292
849 39
952 790
753 1498
672 183
1449 827
1212 1402
323 518
1183 334
1353 1446
1334 184
753 120
423 1307
1296 1072
1327 837
17 314
1408 1439
844 370
1236 1114
392 1170
1134 612
1163 62
926 1193
816 968
1047 979
1126 266
349 1279
2 755
605 289
761 892
307 1370
1418 841
1003 1103
73 1293
1241 1078
855 1422
687 704
1019 852
329 226
271 737
653 531
1495 302
1405 1327
162 1369
1130 498
1485 1234
111 870
344 1238
865 357
1432 397
1449 1220
1035 347
779 949
541 251
217 720
279 793
967 1060
675 569
366 941
1484 19
207 1072
897 959
857 1136
862 2
1153 1400
1370 722
1493 1459
1169 888
1113 712
1471 1460
1082 488
785 375
1109 408
506 478
585 333
369 1164
474 25
1236 1002
902 1053
1284 1206
263 1422
945 138
75 1125
498 938
1127 140
531 700
376 147
875 63
94 1239
1202 923
306 251
1455 957
484 1314
853 46
189 130
1019 550
1496 1401
800 977
186 590
871 786
545 94
579 371
269 742
1459 874
1297 1339
50 1497
1205 125
360 610
241 565
304 144
1348 825
519 868
44 774
597 1002
759 137
1122 1478
539 779
1493 319
516 901
1289 1267
1212 1127
1197 826
1095 471
482 1470
146 251
256 772
1363 264
1198 66
162 1420
48 1137
732 1237
861 43
226 66
220 1479
288 393
306 262
276 309
61 1102
1114 982
1200 1155
1023 1147
529 434
936 690
817 1364
165 523
41 657
227 301
693 261
1311 149
1285 709
823 390
595 56
222 479
1463 1023
1194 663
1114 1049
476 473
89 1114
1249 299
508 488
1415 158
208 529
1442 141
965 331
692 1408
590 750
172 818
1304 1228
458 90
912 866
845 846
1099 450
1146 518
1377 923
1462 398
472 181
431 284
1263 815
1072 281
472 940
65 815
1030 1262
788 1188
1051 1241
1184 730
800 825
403 1225
165 279
313 614
964 665
1368 1168
264 1032
1015 289
995 1283
1435 830
357 1302
499 772
465 1045
861 409
714 1249
835 344
1377 1470
1185 1170
1280 1413
389 468
555 37
491 1253
1289 1167
161 429
978 332
197 171
206 502
123 1458
332 874
514 345
579 1372
1330 93
107 346
943 156
794 348
22 1125
649 1045
89 1466
1067 1193
648 689
634 614
216 817
455 721
1098 820
1224 1299
730 568
855 117
1419 159
676 914
496 571
1154 509
533 810
1221 320
750 576
398 1428
1431 263
1064 801
1024 865
667 1116
1405 743
365 102
1346 952
401 1394
1222 746
882 52
1052 1491
566 821
249 782
37 874
954 1138
800 1344
493 700
1019 150
1132 68
8 284
308 94
871 625
823 1358
1227 1079
743 832
812 844
807 749
611 518
531 1357
330 413
779 46
1179 1103
307 1043
62 225
279 1019
626 98
690 1454
91 1451
566 901
18 743
81 734
1460 1412
4 224
1065 348
1108 1317
621 591
1067 526
96 849
1074 1171
1497 1415
169 1477
1485 1057
1345 384
868 1063
903 1132
1364 134
870 946
1026 84
711 308
133 1490
1424 1129
1461 68
839 30
252 1329
279 786
1269 657
511 443
1113 878
971 978
1454 736
3 728
811 1124
637 728
924 390
1022 348
1390 545
770 757
528 677
193 1280
747 1200
1461 1124
1021 686
1260 793
1478 95
808 1122
1435 463
952 1327
16 196
745 164
67 1348
936 563
143 369
1300 1208
643 245
76 1157
1335 864
225 1040
258 131
400 1080
1220 232
341 1105
1262 1041
1429 1048
1225 495
849 356
770 1
1222 1460
350 307
118 1188
1469 488
1264 107
836 527
1109 1098
104 1420
1337 1176
558 335
1277 952
972 128
856 878
1436 777
636 1378
268 152
405 217
1047 943
134 222
587 1102
1158 439
718 555
681 0
872 1379
170 1209
212 606
826 488
1197 329
184 1235
817 392
28 1017
274 1414
1351 765
1236 971
734 864
1090 1083
290 976
856 197
97 1448
87 500
1011 1281
262 787
275 1389
232 1388
782 965
1150 279
1 1141
1477 1108
499 291
1497 1169
1094 557
439 566
1356 696
472 946
1114 283
23 438
959 418
896 771
9 3
439 1310
392 1067
992 899
202 937
866 1394
277 613
103 1030
848 985
1215 123
914 775
373 562
31 481
636 1442
415 1103
807 1416
658 1193
858 1363
1449 426
1406 1426
961 732
1062 182
1492 634
547 1428
581 1304
122 1173
242 506
1371 1299
487 897
1108 892
896 1197
89 474
1103 1397
423 622
1456 1135
1470 308
425 1152
827 130
713 1209
319 980
318 867
661 52
488 840
916 7
1368 988
805 167
454 1252
1283 503
498 147
27 977
356 169
583 184
306 448
1241 813
892 996
183 1139
449 389
663 470
1427 211
994 383
76 1409
391 1245
1439 291
1124 535
1095 618
186 1330
951 877
416 881
3 646
573 1231
1477 1045
490 248
738 183
1499 637
903 782
691 961
1472 934
709 1127
295 1416
308 682
911 192
1154 808
1146 353
236 99
297 1323
876 740
181 684
900 1286
115 341
240 843
919 1116
198 753
91 572
1248 281
462 427
565 603
679 1494
135 190
929 280
751 368
614 213
6 665
185 22
930 1326
955 442
1120 542
773 1231
1252 1199
1153 1453
1190 1094
1241 211
1470 880
380 359
1110 658
622 373
1484 1080
319 1130
408 113
611 1410
505 636
966 862
547 151
1004 655
662 1067
1266 1220
1444 253
514 1432
1176 361
1072 831
945 1108
1157 1171
438 796
413 48
277 1462
993 328
1093 1348
125 398
92 681
161 1101
694 803
1122 1442
57 614
1186 812
1484 949
1203 1116
851 895
502 163
420 1215
1056 199
838 60
792 1279
510 348
1405 579
1308 436
1125 729
51 1400
1057 1424
286 569
1152 908
1021 317
568 933
241 84
1195 1456
1386 95
811 0
1344 263
1152 1302
556 904
144 279
1436 149
232 1247
823 1310
1110 1097
836 598
145 1163
1271 1193
266 1138
382 195
48 930
574 92
245 284
1387 317
1415 682
660 1071
133 1423
1038 1068
927 1200
1262 1366
330 93
864 648
907 1415
1286 1285
475 848
61 1185
831 1189
1194 1153
1448 429
914 919
512 1109
839 949
1379 1292
433 1179
1320 1017
427 1124
1371 878
1046 486
1416 1036
1247 601
716 160
1043 703
1233 289
440 22
1 1226
900 235
207 766
551 1480
471 386
643 798
546 751
684 346
428 635
1158 360
1484 37
1237 1105
786 78
586 209
1037 448
598 1320
736 1324
1349 1106
1081 1056
982 977
1345 1150
431 440
1470 356
593 122
1265 1136
389 1022
1279 595
1016 914
297 44
1137 929
782 1452
1156 1145
67 504
1286 508
685 1268
149 311
435 157
493 316
558 68
689 1146
1179 341
1054 887
119 688
215 849
1178 534
1489 167
1048 997
374 1265
1473 522
36 535
1190 1102
599 1309
1066 916
753 192
625 786
53 1264
503 901
382 250
660 1375
171 875
182 1162
1361 468
1485 142
1071 138
25 1380
1148 1021
516 284
1298 472
242 1389
863 937
327 564
1249 265
733 1262
535 814
276 822
454 250
1141 607
880 1200
107 723
254 660
224 533
88 1485
737 977
926 602
1473 1306
299 526
202 363
1181 614
103 185
1485 141
1103 1008
1144 1204
355 1218
525 1096
42 403
615 1210
155 189
621 1191
707 1096
541 392
236 23
1298 748
864 1381
1352 1079
752 303
1158 1470
313 303
626 408
1174 931
188 682
622 1108
1465 570
618 874
1068 806
194 1291
924 1035
1033 1211
221 422
1018 480
1031 683
42 174
1358 614
471 1307
569 740
188 149
10 1294
207 410
1216 566
865 193
30 33
20 1487
243 813
972 421
854 1014
462 780
825 1311
743 1145
155 793
845 84
1376 1264
934 172
183 1098
96 177
658 793
270 596
1384 1013
625 861
1019 100
1132 574
1138 71
969 804
963 1173
1255 1013
405 1265
1210 831
1254 55
997 1212
705 126
829 251
503 275
407 92
442 1436
885 594
228 1107
612 186
19 593
1 396
1069 1350
316 808
1255 1134
646 1131
115 436
1310 445
910 0
79 951
1468 1063
697 947
522 1286
119 1159
406 1291
1409 220
835 510
1376 1095
837 201
37 1442
857 1202
1304 1413
1041 1391
1242 217
1435 435
258 1408
542 462
418 1029
982 862
646 421
1106 235
912 1217
467 321
898 550
152 311
477 1245
93 217
53 999
702 1260
765 774
333 1282
21 487
1137 928
12 815
783 1224
536 217
1200 86
1216 745
768 562
1428 225
586 568
1205 1079
144 100
200 1170
125 408
278 302
110 471
310 1231
1214 656
499 65
760 304

500 3000
207 230
406 379
53 110
145 115
370 46
363 283
363 259
156 298
403 499
452 359
278 245
409 323
418 243
273 242
207 393
68 486
159 433
270 284
192 457
9 17
353 291
425 399
110 350
293 452
317 166
91 36
288 41
208 134
341 8
211 262
182 232
408 50
89 439
93 64
349 102
464 259
218 492
215 182
364 223
175 380
222 189
280 459
489 364
186 343
283 76
486 463
468 82
111 171
223 179
192 303
310 333
372 0
455 183
158 265
132 160
18 133
134 78
282 374
385 188
99 255
367 263
460 376
97 430
403 93
417 371
94 303
121 221
193 81
336 403
314 495
78 247
171 174
190 459
261 332
309 344
176 0
380 413
154 34
101 390
373 310
408 332
15 71
171 455
316 31
202 267
193 132
387 32
281 138
309 37
193 224
51 101
271 228
388 106
416 121
150 14
79 254
363 354
276 97
110 376
149 2
427 276
82 436
312 206
55 312
336 449
281 139
31 252
468 309
280 481
209 445
304 477
450 269
121 49
136 70
140 80
328 155
234 351
496 426
131 405
50 386
150 231
49 233
330 9
478 125
409 100
312 438
455 323
255 138
263 430
364 436
40 431
253 110
259 448
97 269
79 412
289 63
350 0
197 66
83 478
282 408
372 422
483 385
349 272
197 490
101 447
127 374
363 401
257 179
486 7
369 448
1 236
211 317
392 403
143 104
452 195
17 89
388 422
66 241
375 358
462 228
386 75
165 83
148 483
87 354
262 20
248 276
358 266
45 412
466 469
86 331
113 217
193 304
162 48
254 125
187 200
372 360
163 88
497 305
6 344
426 200
77 222
276 359
461 333
270 318
362 112
214 181
102 40
364 208
295 262
470 2
419 70
494 456
196 310
7 248
480 368
438 425
78 354
335 207
6 261
417 54
133 131
126 15
250 420
387 421
497 367
217 101
203 17
242 178
148 272
459 89
124 272
228 489
467 13
132 201
103 385
190 248
166 31
341 266
255 184
76 181
385 491
55 288
299 378
261 288
429 1
368 277
140 235
337 181
418 296
390 15
16 197
182 265
89 180
360 408
438 212
43 13
301 432
284 340
301 40
356 136
411 257
254 149
351 422
339 90
41 13
73 163
426 127
167 291
494 445
341 186
233 158
299 387
487 47
22 220
122 8
115 41
57 347
215 74
257 127
9 161
248 121
460 360
401 419
151 427
421 420
199 416
243 142
492 157
142 152
155 222
96 30
377 321
95 106
193 246
28 264
437 301
352 423
196 108
89 111
35 436
214 232
2 369
2 118
63 219
488 283
433 379
20 205
62 4
464 183
289 341
260 8
202 291
204 182
62 418
279 360
348 365
489 186
307 355
68 304
292 259
67 271
250 345
383 440
328 196
179 427
210 205
80 163
248 90
275 40
12 161
433 457
16 78
348 169
245 135
283 473
122 402
213 7
22 363
289 29
294 212
385 161
197 11
43 496
479 173
109 70
371 489
365 402
368 105
325 376
446 1
138 292
103 84
15 443
60 57
185 136
247 434
309 430
37 71
293 225
73 53
179 151
61 162
187 262
153 395
198 425
283 122
274 285
30 362
67 34
450 265
156 58
441 337
320 155
363 138
41 199
224 415
479 432
221 325
105 2
50 108
481 175
40 442
128 132
349 105
205 248
426 299
214 287
84 30
253 39
482 259
447 238
461 175
290 365
65 280
432 285
112 292
18 267
64 379
297 432
209 336
392 472
54 281
257 48
493 43
338 389
243 404
305 225
451 361
87 442
122 53
352 130
443 105
197 406
253 167
389 175
185 50
201 343
135 345
404 39
183 47
19 219
485 365
7 74
79 145
359 211
355 180
237 246
417 300
196 414
378 469
157 208
9 68
166 325
133 238
461 85
99 368
424 420
96 171
252 453
386 315
78 298
194 310
376 97
168 472
443 259
134 8
171 303
123 181
182 170
483 405
161 155
89 330
166 410
70 79
339 78
239 156
327 14
92 137
179 260
476 135
19 194
459 14
392 419
276 233
367 296
313 430
375 328
455 129
144 257
325 170
259 159
447 16
310 368
183 462
122 351
255 296
156 73
246 472
414 486
485 309
360 203
392 206
60 187
25 325
164 493
330 37
247 66
449 52
82 256
12 339
126 461
146 82
275 187
101 213
494 301
13 258
310 477
469 7
1 177
383 495
351 450
36 185
72 361
178 334
491 13
297 28
39 81
271 110
276 70
320 447
3 314
385 358
490 243
28 169
150 406
218 144
215 444
141 316
45 36
237 272
91 341
355 127
389 42
189 110
409 380
102 348
381 88
278 305
318 489
43 459
154 203
129 380
326 394
246 97
437 374
86 63
53 375
471 464
303 355
477 326
44 345
393 223
220 440
284 61
162 420
209 253
193 100
371 408
222 342
7 289
491 228
255 477
225 107
126 250
423 287
343 163
451 193
459 42
33 428
154 418
10 321
427 352
207 323
201 86
166 231
226 249
128 404
418 71
350 279
261 56
81 436
160 164
415 162
359 257
441 188
101 113
74 279
499 479
188 198
172 138
249 130
6 396
458 227
49 192
431 350
496 223
214 112
497 117
362 259
226 203
430 209
28 240
294 217
487 130
277 226
168 185
290 19
438 489
498 440
168 357
486 211
109 22
174 253
205 245
266 247
414 422
322 402
441 287
306 449
272 80
305 157
470 48
211 326
122 352
42 274
476 288
40 114
478 463
344 151
320 484
283 310
215 292
162 34
77 314
295 129
0 98
236 127
282 291
298 323
206 16
189 146
10 390
428 345
159 395
448 211
335 321
487 67
481 496
372 410
277 233
394 0
294 487
250 73
446 347
252 43
102 357
367 265
232 202
305 76
237 465
464 269
198 278
304 394
228 117
211 412
239 220
66 360
271 131
437 78
447 230
277 458
354 192
76 275
121 147
449 169
295 463
55 78
17 35
14 410
390 310
127 234
147 133
74 127
307 443
410 74
184 142
391 77
410 239
364 214
340 128
134 105
188 16
172 394
475 293
498 302
27 113
177 7
17 330
84 11
283 64
152 141
394 33
124 479
176 58
226 339
218 44
177 330
179 36
283 293
416 290
255 220
340 470
199 364
285 258
495 364
311 185
420 449
107 161
212 443
417 354
323 312
80 147
184 87
274 87
87 411
444 23
199 421
384 214
130 247
345 205
234 360
384 323
154 156
226 312
391 206
354 390
468 257
208 320
481 386
337 216
39 407
12 151
61 315
484 373
311 209
302 129
282 14
439 178
217 194
102 367
96 327
136 294
268 154
102 420
401 207
168 176
491 485
208 152
366 485
309 228
467 86
203 353
12 65
73 480
23 78
143 490
389 359
337 101
195 103
104 459
330 98
318 98
48 240
179 139
386 366
157 122
394 98
239 335
466 305
208 328
311 379
240 370
109 272
168 363
121 222
415 79
140 364
201 222
260 149
28 159
232 136
277 5
106 454
436 308
245 69
34 252
465 265
54 471
444 246
96 330
145 430
442 234
211 321
321 252
315 166
141 214
307 361
480 14
453 144
205 256
86 157
246 234
301 479
441 395
19 492
96 224
244 196
239 179
385 117
252 478
354 175
75 70
216 338
275 392
333 391
304 430
308 26
178 1
214 194
314 167
372 487
144 97
99 482
40 100
422 286
250 390
23 447
377 79
344 378
445 421
471 186
250 10
200 247
35 381
476 305
360 233
43 222
13 438
283 400
455 79
141 101
215 2
74 483
30 266
146 180
24 143
220 155
266 138
139 424
394 121
25 494
388 311
170 242
226 30
131 488
451 234
22 245
438 133
161 46
263 84
275 41
308 149
437 487
4 302
310 482
474 409
131 459
471 336
490 103
371 466
144 139
179 275
324 93
261 226
57 107
498 204
376 179
251 115
207 209
420 346
169 170
247 374
385 191
226 323
298 183
235 107
367 432
48 487
100 194
25 128
417 305
214 31
197 220
1 216
360 63
121 96
306 391
368 103
481 236
71 385
203 323
204 33
234 326
81 218
316 41
140 295
498 428
193 51
46 360
497 450
251 306
232 216
49 282
447 485
198 136
343 336
216 6
136 367
346 454
203 280
299 108
225 191
304 23
236 322
331 494
65 149
148 211
277 295
317 447
54 200
294 363
195 92
337 225
56 431
260 345
469 268
282 112
401 444
377 196
490 134
36 112
181 389
454 345
352 428
486 62
303 464
124 342
136 156
418 259
455 343
371 467
180 280
11 402
266 255
223 360
390 168
134 106
83 92
406 84
283 203
396 410
168 156
312 417
230 99
27 332
301 227
108 283
235 416
319 275
409 471
121 196
112 449
128 72
289 335
287 349
407 87
7 90
202 85
237 276
340 156
66 58
174 79
149 300
187 285
380 405
344 296
61 394
377 492
261 163
432 36
263 95
327 3
424 494
104 179
378 63
197 381
284 208
383 382
151 403
316 491
424 4
257 12
244 465
464 191
88 285
81 408
92 179
287 286
178 397
386 338
295 273
414 49
16 173
344 64
409 337
386 4
470 203
91 161
319 143
242 157
52 454
466 114
297 361
15 406
146 275
74 82
228 375
319 260
97 440
24 135
234 395
324 321
171 114
292 496
238 29
323 204
467 320
63 115
330 182
416 110
108 224
376 480
475 495
105 156
112 74
84 494
229 136
277 443
178 314
364 135
288 117
234 485
431 274
291 361
384 74
10 218
472 265
374 29
183 231
364 347
238 220
387 205
418 470
36 419
40 137
88 137
83 107
343 202
467 113
20 443
261 3
181 188
301 163
11 442
85 43
160 457
423 244
252 411
153 305
367 329
458 451
451 48
467 269
113 77
51 160
357 475
235 444
468 364
476 63
497 102
105 49
181 409
227 103
292 362
323 15
312 434
258 5
176 88
256 396
299 313
131 146
186 132
297 386
49 401
109 290
171 330
136 238
144 322
401 290
305 120
122 451
43 47
459 303
83 461
154 448
5 125
337 192
439 386
344 182
276 380
268 124
317 290
114 407
194 249
468 353
109 376
463 160
364 228
290 10
91 284
345 99
450 449
184 94
141 295
305 293
186 494
116 309
326 25
77 355
468 467
287 241
309 455
24 278
365 64
304 107
90 84
132 307
331 145
310 36
320 160
66 194
469 235
278 347
206 63
479 110
181 478
440 56
56 231
20 55
103 305
259 279
298 262
72 478
296 148
131 353
298 36
384 40
495 392
426 60
278 297
415 31
201 345
75 401
329 57
278 371
249 104
315 390
35 129
435 67
449 484
272 182
391 245
249 102
295 143
78 28
45 235
299 437
8 316
370 304
212 496
43 340
155 94
389 307
465 346
240 339
277 208
88 478
209 40
494 344
283 405
212 56
171 192
201 336
469 260
77 63
6 35
308 156
263 29
53 190
68 133
99 365
331 177
150 447
438 451
132 312
482 131
461 91
223 170
107 145
32 10
205 165
56 297
215 334
324 356
34 103
261 122
128 414
232 370
481 396
458 280
56 383
245 362
498 326
54 149
265 7
374 172
425 145
135 306
128 257
78 380
18 129
281 304
232 439
39 66
282 223
71 108
25 385
429 157
285 490
214 442
202 444
458 417
359 401
145 113
5 55
352 224
217 412
269 47
210 391
348 421
418 195
278 396
475 336
175 279
56 242
212 147
363 145
431 340
118 237
10 182
252 175
436 7
308 399
348 148
97 347
133 11
240 472
331 261
118 103
435 197
95 432
56 41
225 3
10 423
296 226
297 70
177 191
65 210
217 495
231 373
313 217
262 161
98 368
115 325
199 256
352 363
24 184
52 153
179 328
271 491
358 327
327 347
108 37
101 445
401 492
233 446
411 285
377 286
260 499
186 30
182 372
441 327
208 479
457 140
233 236
276 145
268 249
232 113
7 473
262 1
8 458
298 320
233 389
318 491
37 298
146 117
227 251
188 291
20 348
4 246
498 346
216 366
22 5
102 466
159 474
168 97
83 159
119 59
17 381
396 73
118 114
69 241
177 463
130 228
401 73
89 334
208 221
103 394
149 119
47 364
17 51
41 374
379 305
310 327
376 491
336 39
423 476
243 297
325 203
282 113
24 272
174 309
42 60
363 214
206 19
153 424
455 96
489 243
289 96
115 305
405 80
170 351
215 431
39 100
181 415
148 214
485 479
225 141
468 473
105 207
30 135
170 1
34 324
6 9
21 196
243 342
363 252
141 58
275 382
113 409
424 458
395 59
98 55
470 412
160 303
451 488
198 149
285 347
438 497
455 445
439 154
387 481
372 417
205 325
432 387
313 204
461 6
29 253
455 365
137 72
266 79
264 128
205 363
379 251
256 5
478 363
344 414
440 417
383 463
194 176
313 134
119 318
193 174
118 137
407 472
409 19
68 281
260 349
24 453
212 117
251 200
494 221
201 261
298 394
390 134
335 302
346 46
237 20
167 392
7 367
428 6
349 227
105 435
28 272
183 305
467 499
391 158
137 305
397 46
403 17
19 65
190 113
200 440
268 338
13 225
479 322
67 378
6 351
459 217
326 201
441 264
463 265
320 456
456 223
205 65
359 191
47 104
355 192
40 479
137 405
50 76
273 52
124 207
315 448
219 114
438 401
70 76
169 42
111 306
386 69
296 100
15 437
455 272
103 88
180 253
373 9
293 80
324 197
359 114
433 139
334 322
75 208
311 399
250 370
5 415
136 246
95 275
351 472
100 213
183 344
90 354
485 359
126 275
310 268
3 40
177 287
80 370
158 493
250 75
323 479
143 230
47 114
191 459
420 122
393 374
262 62
228 409
392 109
127 468
498 0
340 367
31 212
152 170
228 359
256 447
237 244
136 59
298 9
382 34
447 206
252 375
466 104
267 81
354 26
61 289
193 204
327 386
431 125
322 19
76 230
19 45
425 150
488 48
276 408
141 182
64 404
303 236
113 61
266 125
491 149
244 493
13 85
13 205
459 236
192 73
31 249
241 42
114 389
181 27
80 424
212 405
331 214
107 368
330 156
73 170
415 219
49 11
433 42
496 261
189 201
124 135
187 453
443 430
121 284
172 470
348 350
69 312
93 92
393 147
104 239
120 349
235 441
256 36
452 97
138 283
284 162
151 70
76 298
124 442
151 13
493 360
125 42
379 101
293 221
462 432
94 370
94 377
164 230
229 365
257 438
317 376
3 317
43 35
489 322
365 330
365 440
421 343
60 26
194 375
260 389
197 204
224 228
109 255
449 438
65 239
244 293
93 172
339 138
209 171
156 381
124 53
430 214
58 86
403 308
187 416
62 211
76 324
435 220
400 123
485 14
6 127
160 445
45 127
436 42
16 82
243 136
89 220
170 2
270 147
128 467
86 175
480 464
133 246
434 408
373 428
266 344
326 148
219 195
244 70
52 311
395 244
363 289
121 342
357 105
17 266
232 64
408 195
223 66
416 487
247 176
219 486
467 170
173 74
393 174
260 85
127 106
283 129
339 265
385 345
115 27
306 106
108 182
464 65
357 31
193 75
434 324
86 195
133 454
375 366
399 92
201 253
317 298
258 283
20 5
163 67
77 461
218 78
412 487
137 359
437 298
400 323
393 495
58 357
301 424
92 202
169 323
193 300
479 306
356 45
88 239
111 393
381 411
188 57
482 25
415 254
147 385
303 374
99 71
80 108
249 286
178 391
406 208
499 169
16 137
481 96
129 72
279 235
433 461
132 288
340 158
327 165
187 348
337 2
156 124
191 293
363 80
6 172
280 454
248 456
280 364
48 393
313 119
441 139
343 63
471 26
402 150
496 70
184 137
366 418
304 184
214 495
228 31
235 384
157 220
489 155
293 274
203 422
265 100
350 369
293 397
338 340
427 41
211 133
53 303
105 498
364 387
390 238
222 194
143 369
284 460
366 489
254 75
290 424
240 477
53 137
470 49
371 191
315 153
0 403
349 134
258 442
360 280
496 315
357 134
458 136
51 457
253 400
193 332
337 277
452 467
342 170
432 258
49 77
250 428
495 109
23 303
396 391
325 42
162 25
83 186
217 385
164 441
417 161
335 107
152 250
398 315
284 415
95 363
357 113
268 413
116 184
335 260
393 438
477 458
84 460
255 160
276 106
125 221
273 401
174 159
324 251
19 414
241 404
103 421
365 470
53 168
78 171
198 195
2 489
115 201
403 8
384 164
247 57
111 371
292 474
293 370
237 129
355 32
432 216
345 455
263 85
30 213
466 215
443 267
158 251
64 141
386 45
394 239
182 102
186 250
374 163
146 419
89 83
261 243
361 325
169 89
159 393
311 448
200 156
30 252
311 150
1 245
499 191
63 477
194 180
340 270
121 106
27 485
311 498
20 407
393 63
148 407
372 290
160 328
108 113
322 217
245 112
265 55
47 55
119 455
229 228
421 101
77 103
344 155
300 396
209 395
339 317
10 391
236 100
454 198
169 91
124 454
30 229
112 10
87 295
170 451
24 84
134 421
304 150
486 18
484 74
193 265
425 250
448 384
165 133
462 225
22 34
150 417
7 38
443 317
429 337
66 499
116 250
273 151
51 257
1 46
259 265
483 25
359 327
247 438
30 209
168 384
63 342
270 323
3 234
105 441
334 233
208 200
170 168
115 69
477 465
351 370
479 26
498 265
415 350
1 197
294 173
403 181
202 354
264 464
467 336
103 50
143 45
285 243
250 172
193 297
372 19
46 122
201 215
7 16
2 25
41 320
200 131
159 130
295 429
495 444
125 275
113 30
296 3
84 355
27 379
119 253
434 52
19 75
133 481
70 356
344 256
499 15
445 268
87 432
4 420
82 422
334 119
354 6
321 218
362 209
151 8
295 84
140 287
384 223
151 457
122 362
415 441
345 18
19 450
313 487
30 144
173 372
246 156
126 109
495 10
43 382
132 467
121 241
397 334
185 270
373 41
436 149
111 184
70 1
239 289
92 121
434 192
316 456
130 49
291 170
340 182
345 28
165 477
164 88
87 311
232 109
172 221
25 203
494 234
64 277
153 21
497 254
310 52
406 313
128 495
419 276
312 313
402 75
92 161
165 432
481 124
142 355
244 473
434 123
237 234
153 336
352 263
326 172
46 67
312 183
180 173
49 168
226 334
325 97
244 11
378 493
350 370
121 51
156 69
475 26
256 253
38 151
350 202
166 381
282 22
369 373
332 34
163 226
170 160
87 125
288 488
270 328
148 439
491 194
77 290
360 393
230 408
156 57
194 469
157 325
269 49
373 125
205 255
379 125
317 38
309 377
407 496
272 343
60 248
124 65
344 214
210 442
142 400
181 260
222 439
204 398
337 70
218 273
103 74
333 278
161 122
495 263
38 243
269 392
254 205
183 427
342 217
345 31
67 137
102 53
141 370
24 395
84 364
234 453
491 384
134 460
464 451
383 10
275 30
77 437
442 222
78 238
455 200
169 365
454 199
394 83
470 405
250 188
51 22
191 311
268 5
24 223
156 338
8 463
22 371
48 343
474 51
140 319
202 357
380 328
87 473
439 168
430 287
495 32
212 297
184 190
1 308
19 196
155 120
188 203
216 335
270 93
208 225
202 312
186 412
117 310
29 73
34 487
63 43
406 95
484 104
144 141
301 362
434 113
102 73
418 145
400 421
76 327
295 0
453 155
286 427
160 229
445 83
31 58
139 259
393 29
498 389
88 46
415 444
339 476
223 491
437 10
251 6
232 88
102 51
159 105
314 347
465 27
342 271
451 300
165 437
429 422
176 306
462 117
110 418
288 220
403 461
481 297
202 37
212 232
403 156
445 246
116 193
101 117
228 400
195 313
376 338
186 235
94 425
76 378
168 347
203 301
224 362
449 201
315 119
22 448
280 96
93 434
392 48
417 322
392 225
356 483
460 457
12 400
397 76
60 166
51 23
46 368
433 184
462 50
131 406
291 101
130 1
241 368
186 490
126 8
138 295
321 40
418 497
228 37
137 39
2 43
315 445
33 29
444 296
122 267
398 417
57 373
482 22
233 58
22 99
277 447
463 440
34 41
172 136
164 93
57 429
496 58
368 204
293 471
4 307
129 81
358 214
469 402
271 229
219 440
180 102
384 431
290 280
391 180
103 42
414 386
180 81
46 24
460 127
225 438
347 350
265 352
132 452
228 478
326 229
432 281
234 104
198 272
259 468
210 412
380 1
364 337
424 211
175 268
466 84
347 339
352 267
52 379
132 165
81 5
456 27
297 35
182 192
101 163
164 391
366 103
121 150
350 447
49 498
364 325
405 348
321 208
5 370
122 9
48 323
190 156
206 300
344 452
364 130
229 339
67 6
369 330
120 31
411 344
379 51
290 75
232 6
440 74
272 70
65 59
131 177
176 274
254 443
145 384
144 380
274 395
41 386
116 214
194 382
443 112
282 386
144 390
42 482
11 124
498 136
5 320
78 253
282 245
462 278
426 460
383 425
218 177
264 474
373 390
287 368
377 301
95 199
352 26
252 96
416 211
492 491
462 19
382 286
13 138
294 133
399 463
25 172
405 167
149 315
62 317
228 276
321 368
470 121
84 197
245 387
466 35
11 343
91 378
82 204
51 240
310 422
428 135
301 157
98 451
430 119
22 389
177 213
380 195
34 214
482 264
300 280
138 405
21 303
288 401
168 451
1 315
378 33
312 433
118 123
104 352
497 38
178 258
357 384
406 280
98 58
243 43
139 71
308 323
230 110
51 300
470 498
432 272
176 212
268 52
362 489
467 373
456 198
432 119
233 306
121 65
26 217
235 65
111 295
90 486
243 181
26 155
445 14
464 139
276 134
323 76
347 479
216 256
41 342
468 314
415 109
74 49
116 160
470 167
259 377
126 324
352 270
144 473
363 15
90 284
473 41
486 31
129 112
39 180
415 168
322 424
475 442
39 126
351 227
165 475
202 459
4 55
143 247
442 435
120 353
419 186
261 1
424 485
38 249
292 338
441 341
342 70
94 198
27 149
62 72
125 210
249 281
176 79
202 121
358 51
232 317
313 245
318 378
282 253
252 243
156 334
222 246
108 75
334 191
427 134
449 114
295 239
331 151
323 38
344 32
95 391
241 436
400 89
385 95
270 468
486 216
388 102
147 266
235 154
330 408
492 463
123 28
232 68
177 364
254 289
460 343
451 160
180 294
281 194
434 423
37 445
245 85
85 276
459 6
399 269
30 251
261 177
269 387
407 180
111 238
349 449
493 468
392 79
335 469
356 228
372 181
422 442
80 281
316 459
389 351
122 303
381 419
498 413
68 337
437 337
298 141
396 405
347 435
305 184
177 425
388 100
21 95
216 32
467 492
406 194
333 377
306 417
401 478
238 451
90 74
460 152
49 239
447 411
497 245
222 109
103 334
118 328
317 139
306 297
116 111
188 454
274 416
239 487
20 196
145 432
466 403
31 188
314 141
328 44
344 331
215 189
275 212
163 240
168 148
359 117
390 203
83 421
410 375
494 267
235 334
182 126
288 81
256 11
351 417
243 15
268 437
436 52
312 406
109 268
281 257
498 262
41 406
488 111
259 454
164 436
300 85
425 85
441 240
85 293
57 19
3 193
16 37
100 267
199 125
13 492
421 392
336 61
361 25
88 198
87 339
89 162
83 404
155 322
393 92
76 400
212 417
244 273
355 153
28 114
179 340
301 384
288 133
474 378
290 102
256 446
107 139
209 136
31 323
20 475
412 199
375 177
213 384
482 477
270 44
101 481
298 32
60 106
353 313
159 427
399 222
159 418
35 340
26 333
402 138
174 388
240 195
268 342
62 128
427 351
466 363
306 101
300 163
304 434
359 360
212 296
125 243
302 358
198 345
494 124
440 332
307 47
91 235
272 258
305 121
296 330
165 333
261 380
366 333
48 404
379 5
93 433
29 233
93 136
360 237
493 470
217 246
358 369
81 76
332 51
203 273
407 355
105 206
119 479
66 375
99 418
14 491
386 177
241 266
470 152
252 315
41 196
288 83
304 380
201 172
131 498
154 241
414 423
197 109
40 4
497 271
373 82
190 104
193 180
116 174
143 288
315 15
9 481
41 482
240 343
69 227
401 130
148 492
274 410
487 70
188 27
244 384
10 228
139 403
94 188
162 369
289 431
428 204
48 193
350 156
75 474
288 415
108 306
143 489
396 130
210 11
482 383
145 65
214 256
76 2
102 375
152 27
277 478
92 396
345 350
15 482
167 84
307 295
410 208
457 258
242 416
236 445
297 47
425 256
131 489
362 195
173 19
161 15
0 195
221 108
394 44
251 212
315 353
74 38
465 316
109 154
223 443
79 95
70 319
458 283
272 85
207 428
345 239
384 283
347 306
242 164
178 413
155 347
248 91
86 392
309 115
33 72
336 247
167 296
30 254
340 155
151 431
1 82
293 241
439 106
191 109
485 323
282 63
56 133
72 364
237 418
99 224
216 302
295 133
204 393
196 472
177 350
96 235
400 69
383 14
395 400
97 290
157 221
265 2
91 215
175 117
195 284
454 325
256 403
416 308
306 333
228 300
391 272
493 492
80 268
10 259
119 142
108 205
372 277
232 408
235 386
210 380
199 461
130 3
117 222
292 169
481 262
304 275
371 377
188 345
206 265
367 235
161 176
173 293
182 269
9 4
308 467
209 114
307 138
392 2
180 84
300 399
483 322
278 184
487 486
11 381
358 82
335 95
229 243
485 2
74 482
159 129
83 91
311 4
147 253
426 153
364 109
144 274
240 282
304 359
91 323
298 186
372 134
147 439
482 12
407 416
329 3
27 236
143 289
21 280
265 217
97 349
336 101
246 396
388 445
240 404
283 437
2 300
438 301
209 80
196 302
273 240
189 170
240 270
193 374
406 167
417 1
102 217
423 272
390 60
492 115
229 319
94 268
371 103
294 299
38 54
302 193
245 95
195 497
466 421
232 391
87 365
124 340
29 3
433 144
97 72
52 126
437 248
14 298
131 397
337 146
380 13
242 458
0 489
499 497
41 27
324 403
137 115
350 235
359 483
356 307
333 242
198 488
386 280
496 59
344 288
432 249
375 136
266 141
274 172
439 252
328 386
159 290
258 24
361 323
347 374
111 27
379 260
338 187
28 311
223 182
180 263
55 10
457 361
201 278
132 2
230 444
276 245
165 207
489 199
338 186
222 482
286 231
383 179
20 315
450 392
322 441
46 395
69 164
232 287
330 145
400 355
390 245
200 157
391 125
387 441
207 70
71 290
135 110
106 91
377 267
480 434
68 286
417 82
300 346
240 236
224 204
123 99
457 302
342 263
2 85
364 343
90 194
436 4
417 410
300 337
426 468
284 478
361 240
191 7
149 251
309 257
388 402
80 326
327 414
488 32
282 363
431 55
70 58
181 349
25 126
40 38
408 396
48 213
336 115
3 491
161 257
65 51
114 381
90 413
233 62
485 344
410 250
162 124
119 435
370 449
252 128
119 335
193 432
390 404
400 18
322 401
361 276
298 277
462 26
260 278
273 437
33 168
214 170
209 324
17 27
361 133
232 470
29 454
217 282
233 428
294 306
162 455
406 482
330 477
235 445
332 130
412 6
372 304
196 452
367 368
368 115
18 91
107 190
334 204

750 3000
307 114
465 374
130 449
662 518
592 507
292 580
11 8
81 51
639 744
304 234
283 475
500 579
534 29
31 647
491 574
536 722
276 423
20 694
371 696
323 385
18 457
678 574
522 121
596 88
594 431
542 52
104 140
610 426
716 61
339 545
123 683
333 512
667 54
620 97
396 552
422 733
49 215
558 290
33 407
442 485
619 339
245 27
697 461
155 593
294 333
468 579
698 510
709 492
508 484
656 196
485 386
464 281
290 713
722 119
354 432
125 434
348 185
322 302
5 433
738 732
740 484
174 425
263 294
124 155
609 440
678 740
205 309
83 698
328 658
209 409
726 71
126 692
159 536
404 255
216 727
247 606
420 374
235 119
12 695
728 210
270 647
641 690
458 266
474 130
463 578
470 719
491 213
637 277
572 120
424 434
301 483
31 444
179 543
378 541
338 196
100 609
328 208
248 650
743 358
20 14
61 675
277 611
424 645
432 27
351 591
736 216
270 58
206 30
5 408
198 249
519 528
542 6
351 747
212 436
353 38
268 579
704 259
728 542
392 46
691 524
59 268
499 376
232 349
297 3
638 418
248 132
143 515
184 460
60 76
158 644
367 65
198 71
282 242
413 210
333 163
118 733
697 646
362 486
279 662
77 41
388 742
441 205
353 560
628 420
234 743
14 64
369 249
729 77
74 726
334 592
522 61
103 11
345 112
139 374
643 481
169 563
334 97
91 469
334 294
433 30
115 268
3 71
666 108
346 447
41 280
100 107
217 401
714 88
129 93
401 496
735 241
640 396
379 378
226 241
489 627
172 355
290 136
635 487
699 395
129 38
388 274
217 513
112 464
21 337
502 186
724 25
554 415
344 93
294 437
207 509
292 120
376 682
301 66
580 335
70 728
653 207
479 210
693 22
478 532
392 536
611 189
138 601
270 50
434 449
651 222
46 45
555 684
172 428
228 290
49 672
603 345
399 445
390 480
42 408
498 145
698 202
569 306
683 326
488 566
716 420
647 144
531 254
273 481
265 352
592 0
591 492
136 86
541 46
91 141
474 118
405 578
229 564
45 341
603 112
9 570
745 501
251 343
429 544
599 344
459 677
523 310
205 94
152 344
300 175
713 132
662 218
685 324
618 615
478 92
359 110
414 691
711 425
254 427
326 85
348 553
521 132
308 146
690 543
550 615
24 328
299 431
181 285
26 90
411 623
307 673
221 725
383 614
317 219
529 115
745 490
407 586
232 492
709 312
72 166
34 170
586 512
132 108
606 89
277 300
735 528
629 352
46 458
32 300
591 50
534 444
136 476
377 350
333 739
659 1
24 621
595 666
188 623
749 560
611 654
15 705
10 310
411 546
200 674
622 309
581 680
265 223
743 102
109 21
450 719
22 520
714 17
403 369
468 602
539 405
242 591
167 482
455 685
432 682
444 707
366 425
282 324
572 727
73 114
285 708
483 569
440 605
408 453
461 223
429 675
688 500
284 600
99 314
580 747
347 100
686 161
335 247
402 284
155 632
289 616
116 166
10 470
650 710
251 220
473 614
88 125
83 37
325 346
166 343
402 629
53 215
426 167
620 494
114 545
595 437
88 167
708 439
702 639
597 43
208 38
503 523
239 47
310 741
721 84
653 486
401 748
69 126
694 631
596 128
111 487
458 13
347 521
401 639
161 18
587 145
153 372
740 120
725 447
72 147
658 226
601 450
28 209
134 63
518 277
514 59
195 375
148 473
536 742
397 611
254 464
5 561
498 257
685 617
252 94
311 161
372 430
43 394
378 343
274 154
527 549
477 76
748 206
43 173
198 244
605 138
218 678
192 37
60 223
428 1
579 534
537 506
448 47
259 470
330 289
190 19
320 424
389 673
214 90
535 524
378 101
166 16
423 167
82 14
509 50
549 341
729 693
366 269
272 569
617 391
550 146
370 736
150 109
673 77
478 567
674 692
27 441
315 590
647 607
537 187
562 211
625 672
337 651
258 384
583 205
33 440
383 622
165 19
262 672
299 496
198 739
537 52
109 374
583 723
86 167
427 687
401 226
59 429
554 406
57 155
247 285
381 484
217 471
311 522
435 147
614 72
435 656
620 622
153 393
245 148
125 308
90 34
321 723
257 46
231 179
14 348
375 674
126 123
315 155
461 670
681 439
433 100
309 208
723 611
158 443
372 298
47 10
688 474
631 594
95 206
473 101
494 259
389 364
508 563
540 75
437 161
18 40
339 215
427 378
61 386
467 618
741 152
379 217
670 300
589 66
29 636
59 465
259 443
426 212
593 621
167 731
153 733
230 742
309 451
436 621
118 23
415 36
415 28
494 613
309 79
225 43
634 661
604 164
555 219
256 74
704 151
542 40
466 46
101 464
165 699
715 204
475 607
296 132
327 172
258 114
156 635
494 343
648 470
310 404
383 615
634 245
664 216
260 330
316 701
553 247
317 628
665 723
740 663
404 537
692 489
604 224
731 395
368 552
732 450
635 633
28 260
194 489
170 149
536 433
60 739
89 382
397 730
739 568
275 456
703 526
538 722
618 191
43 391
573 681
289 720
378 434
505 463
562 630
43 515
659 498
378 16
119 83
276 597
528 694
574 109
325 602
21 343
2 370
332 739
296 285
544 485
480 56
83 603
298 126
190 661
413 570
307 511
420 265
422 410
410 683
639 323
656 22
639 546
162 603
308 534
242 653
682 525
566 125
690 578
548 726
711 24
19 36
230 47
692 573
493 528
418 126
67 452
587 440
127 34
494 537
517 50
585 634
417 735
700 651
326 145
199 451
616 519
401 737
492 553
366 174
301 590
133 260
731 459
69 165
91 637
169 465
2 596
236 494
350 487
30 98
169 325
661 265
422 596
642 130
251 592
629 153
468 665
117 12
17 550
480 123
87 645
691 77
375 348
425 223
493 101
594 57
422 356
173 51
610 261
90 41
382 690
687 60
436 440
67 223
201 386
748 478
310 519
326 718
469 376
730 87
257 132
693 455
498 421
236 458
723 617
112 645
171 63
488 520
101 244
100 7
227 371
588 441
488 585
556 569
632 50
410 649
310 670
454 666
545 99
215 60
317 116
624 688
342 21
328 680
446 1
263 547
417 465
723 53
563 211
207 718
167 624
257 654
677 106
48 284
569 131
307 120
494 148
720 388
434 371
659 340
392 397
423 392
518 197
35 233
316 521
142 28
21 250
463 555
375 175
589 512
226 65
145 688
33 584
528 702
141 577
541 161
152 154
647 608
640 364
146 644
183 138
462 51
48 174
664 647
225 698
448 368
249 334
682 295
504 717
14 257
368 708
411 424
504 76
531 599
429 722
550 264
439 29
51 686
484 400
226 387
176 693
680 285
707 331
15 451
639 257
516 2
14 606
109 405
103 177
648 194
732 130
617 128
91 692
451 355
359 122
293 609
585 302
226 118
31 360
372 600
725 203
9 202
122 542
720 276
186 128
81 311
491 81
229 290
115 57
610 351
598 180
325 267
447 48
136 232
358 90
123 12
207 139
394 139
597 227
177 302
158 197
492 516
182 649
568 145
505 378
174 265
164 70
514 209
468 261
381 183
105 108
317 392
262 277
508 334
672 326
289 652
270 686
235 348
739 303
533 155
272 468
377 561
412 221
672 101
621 268
350 631
341 425
422 647
567 413
302 749
441 475
567 216
664 613
349 347
550 735
313 430
665 247
677 664
679 404
97 547
524 149
79 111
63 664
716 407
306 572
424 674
215 554
234 330
625 584
7 105
428 583
372 122
91 237
232 607
322 445
292 650
255 0
121 687
228 699
283 40
243 588
255 590
173 430
734 242
496 302
425 385
638 280
22 286
106 361
257 455
249 515
512 145
563 264
743 53
611 517
350 433
575 131
240 145
67 384
256 712
146 255
53 418
372 476
636 622
363 416
152 521
435 430
256 395
25 501
700 158
347 514
363 428
206 56
94 316
134 268
424 552
250 363
69 581
501 332
167 619
229 626
34 464
328 73
4 132
105 603
148 9
141 140
111 400
175 381
414 255
11 4
635 394
679 408
405 686
124 277
131 447
363 114
159 372
25 507
548 294
133 192
435 115
498 527
442 28
459 142
215 664
595 301
356 261
516 609
459 371
738 598
90 561
267 315
131 166
245 71
473 557
282 157
71 552
624 165
209 413
396 455
448 70
646 632
646 396
535 233
417 514
563 150
282 210
361 225
581 320
467 649
325 357
147 567
445 648
473 83
32 15
507 537
340 135
708 269
459 453
222 121
6 339
19 385
679 160
53 622
253 355
63 597
80 558
228 597
690 554
550 320
187 16
336 211
512 165
134 721
470 270
524 740
666 6
653 605
525 397
237 687
126 557
378 146
534 706
266 306
175 197
686 536
303 561
620 148
82 140
540 315
475 56
151 467
307 624
216 144
682 741
734 176
271 660
75 71
148 448
383 430
132 660
475 47
376 157
244 397
160 466
744 619
522 637
623 231
203 207
579 639
16 165
366 33
173 685
696 60
713 65
572 551
422 565
396 78
407 150
195 166
197 641
693 498
645 169
86 661
483 293
47 455
97 408
695 80
14 667
744 309
75 625
600 190
59 112
420 601
118 63
635 66
346 546
174 602
153 24
693 699
114 82
45 182
11 461
742 194
229 11
67 465
625 381
337 414
296 164
531 387
402 18
480 19
744 310
520 503
313 164
88 566
680 524
491 258
98 56
420 318
302 469
209 473
259 326
441 514
21 89
117 423
22 524
741 512
385 378
38 457
0 656
226 237
744 511
253 488
93 641
71 479
648 259
642 557
313 389
699 427
679 429
136 701
139 205
10 431
313 510
191 599
609 590
6 483
163 467
250 462
570 267
685 98
664 469
329 247
659 450
592 436
224 508
67 624
478 440
113 628
150 638
387 283
617 457
23 380
289 208
336 171
65 516
613 580
578 601
573 542
139 67
619 479
327 187
78 394
240 258
573 179
627 520
578 384
525 675
676 83
88 283
630 580
594 711
653 492
542 12
654 13
581 732
334 488
459 0
288 558
680 71
45 253
429 295
561 74
741 695
378 414
160 535
385 198
258 100
185 657
257 705
349 667
255 154
457 326
572 732
302 57
61 443
226 54
700 650
111 718
31 287
36 705
596 654
44 558
233 153
42 507
74 400
430 344
37 113
189 365
748 587
295 594
272 243
283 237
675 60
223 113
265 59
309 415
435 749
662 448
573 626
640 2
135 374
307 468
386 487
423 212
457 704
481 542
139 748
179 688
64 126
169 245
411 34
428 516
247 444
347 659
627 424
71 375
353 381
139 641
58 201
340 540
40 176
327 625
409 29
527 119
719 475
29 659
465 603
287 19
508 187
621 558
500 510
705 126
86 418
372 24
371 13
355 198
492 400
356 733
578 319
203 688
243 326
303 334
699 322
122 434
341 194
490 151
413 244
192 50
410 423
160 203
521 620
407 17
82 147
133 149
487 238
641 568
425 72
352 354
403 658
73 76
458 532
489 712
369 122
282 269
691 447
191 225
490 679
25 371
717 280
59 106
645 173
463 305
367 570
434 183
385 506
182 556
288 65
84 267
595 426
368 44
601 684
535 117
643 345
19 334
434 411
270 265
651 191
346 637
377 256
302 570
574 436
294 493
380 551
443 473
338 76
659 579
262 668
266 419
418 543
218 411
575 94
482 460
27 420
152 578
123 10
279 749
546 564
160 52
700 237
593 327
711 189
388 704
324 741
307 413
486 243
491 513
599 654
402 172
252 185
562 591
747 44
563 152
574 24
502 676
186 181
28 675
421 693
420 529
286 660
346 633
42 274
489 58
672 94
549 221
75 664
285 127
91 492
219 595
285 24
595 199
16 420
295 179
197 326
657 35
526 744
327 658
16 454
29 667
744 88
603 731
692 196
244 74
235 452
432 128
217 489
57 550
467 220
123 295
160 687
500 418
246 475
59 597
423 23
221 559
618 284
328 2
535 34
467 234
291 724
393 75
422 241
117 224
558 570
283 95
341 70
91 71
291 685
217 553
88 421
9 508
35 552
216 315
618 483
386 207
244 183
745 80
421 17
368 523
538 303
133 409
605 281
448 270
263 401
332 90
188 64
354 497
236 689
3 93
424 612
79 627
412 421
11 133
178 465
550 369
73 431
555 544
525 89
134 168
56 100
509 113
83 673
570 511
741 240
446 395
500 431
62 108
405 489
172 311
383 712
127 117
220 272
598 718
257 114
120 704
139 516
326 430
260 716
459 171
197 640
576 691
514 69
298 435
393 16
131 278
495 502
4 96
99 389
298 320
391 679
602 293
550 627
709 636
170 17
522 388
119 80
393 251
35 115
139 613
154 463
509 52
93 445
41 345
644 5
523 118
417 118
167 449
122 632
213 16
508 487
546 325
531 534
114 713
727 449
468 703
727 238
496 673
137 747
48 2
219 124
161 188
230 382
22 119
539 250
181 208
592 625
634 597
79 634
458 653
726 675
21 656
642 250
442 672
180 422
749 557
300 459
744 297
246 426
627 53
32 151
285 570
295 337
542 535
413 29
456 642
644 239
61 383
18 293
604 328
349 591
620 66
72 218
446 373
594 104
455 125
421 214
639 37
40 671
276 446
213 691
615 525
642 50
708 283
239 490
687 644
634 337
310 479
157 287
747 228
139 292
568 203
494 33
671 111
302 668
22 274
519 14
665 354
60 431
511 564
23 359
419 472
706 503
197 681
138 385
38 516
40 272
553 229
25 68
461 457
82 138
56 373
472 401
723 2
253 560
533 666
442 159
37 2
112 436
212 173
363 202
373 58
350 552
576 204
629 103
91 147
613 143
130 20
195 494
10 245
616 611
348 334
684 102
580 500
480 526
218 297
359 410
76 396
694 513
297 176
592 541
170 133
69 16
109 275
140 457
628 512
381 82
627 563
153 392
596 382
303 341
41 543
56 620
709 534
500 71
353 100
114 322
604 277
497 3
267 16
184 606
600 294
716 529
595 154
348 337
263 622
374 677
365 48
595 555
121 152
441 544
206 367
239 336
690 362
501 19
49 544
601 258
562 440
627 436
471 3
284 422
701 746
162 661
554 493
324 51
34 322
327 435
390 148
516 361
553 180
399 504
323 658
455 746
297 9
254 247
615 609
102 563
744 348
553 527
326 544
299 153
150 411
550 631
272 660
38 385
160 292
81 442
30 332
232 395
658 523
263 63
244 472
291 41
378 721
179 196
735 173
605 207
142 83
595 742
214 406
517 346
86 698
563 341
4 116
44 238
687 498
15 138
557 42
290 525
292 632
71 284
487 475
462 723
171 491
571 574
594 399
157 476
686 126
179 19
618 315
684 55
537 447
736 28
705 303
130 232
192 291
620 523
1 624
63 467
435 226
434 81
134 628
706 660
254 10
219 44
570 702
437 504
362 616
697 601
73 227
454 332
27 537
476 711
524 459
421 666
130 123
576 25
600 733
145 22
119 299
447 344
741 135
289 213
207 114
193 467
319 576
172 494
187 624
192 667
705 435
225 395
410 667
518 280
657 506
643 502
575 566
388 31
568 401
72 447
286 655
672 318
745 706
563 406
392 175
33 552
511 698
328 671
114 181
221 396
383 458
135 357
383 157
24 120
573 478
103 242
430 16
511 597
375 104
548 624
201 291
297 252
54 164
487 623
559 267
6 469
278 523
217 157
98 315
107 554
630 90
707 412
374 49
134 316
640 222
89 341
372 362
253 433
369 150
453 315
644 296
741 397
458 538
406 124
734 558
408 467
388 232
747 531
599 450
58 333
379 680
427 582
189 3
9 658
211 114
487 86
10 743
396 481
156 599
10 703
476 745
83 533
107 92
522 400
157 75
161 77
23 303
356 346
684 470
402 620
218 270
431 51
430 612
475 529
209 594
566 97
264 133
739 533
655 552
3 194
353 517
483 193
545 394
511 604
95 447
694 60
660 240
30 25
334 564
726 66
286 710
507 549
628 290
567 103
210 595
221 438
281 180
462 98
91 650
620 673
640 497
633 108
564 670
527 672
136 102
477 743
403 462
303 612
484 440
141 89
426 473
676 398
694 439
221 116
139 700
587 125
47 707
600 554
101 453
50 117
417 269
529 56
719 270
435 484
739 746
439 683
500 166
520 318
129 744
621 562
365 552
263 619
700 667
673 543
220 469
7 158
104 365
77 172
218 448
575 304
438 474
550 267
347 200
561 144
47 186
629 537
460 283
319 412
298 34
642 6
239 342
622 366
656 45
692 172
459 715
479 686
471 352
204 69
439 607
531 539
580 173
14 491
677 200
718 429
236 418
46 411
253 692
205 611
375 313
306 49
747 196
278 743
145 129
641 371
298 470
385 328
680 573
547 438
679 184
738 544
583 506
248 241
411 359
455 223
69 547
41 388
604 703
45 170
169 384
253 85
2 124
707 439
738 194
251 485
313 523
661 738
338 33
684 485
635 682
99 262
407 515
110 132
140 80
418 45
705 423
274 282
382 244
91 238
563 185
627 25
461 682
503 749
90 602
240 213
654 340
246 686
525 336
204 515
373 458
43 256
80 265
310 555
721 39
214 402
71 495
578 685
117 723
8 446
188 491
691 48
681 529
422 696
655 35
711 318
243 744
601 405
141 33
230 530
719 170
173 518
293 275
65 179
442 24
362 439
87 360
120 21
712 744
382 226
699 223
542 220
595 234
424 709
255 309
285 627
477 660
563 180
195 221
448 159
266 153
330 53
404 432
585 694
542 634
464 202
678 333
533 337
75 247
598 698
490 136
7 684
696 402
575 448
449 446
669 615
45 20
237 599
523 517
227 721
204 494
599 639
708 315
594 518
655 371
215 262
320 494
81 541
465 349
697 132
133 391
25 187
311 330
18 541
423 666
54 40
329 622
477 675
235 503
347 152
729 624
707 315
517 99
250 633
470 297
150 230
364 668
695 551
651 511
328 398
392 184
435 31
26 166
727 656
334 272
112 31
199 403
379 738
296 727
742 311
592 707
407 600
644 96
333 446
127 585
298 605
163 355
691 23
365 394
490 258
622 479
265 24
437 172
703 107
525 429
668 734
736 171
329 440
710 234
190 556
124 707
591 264
650 141
594 134
541 282
632 64
265 687
422 117
551 595
137 531
371 561
285 550
436 525
64 720
590 468
70 562
630 148
682 188
663 153
634 607
71 507
735 112
371 448
560 379
622 641
34 225
402 557
652 707
160 240
113 700
386 204
426 376
274 685
594 72
717 402
708 553
487 2
430 350
27 532
294 299
467 8
153 201
496 532
501 737
385 402
90 27
6 443
72 26
534 520
570 318
532 659
63 612
405 465
250 163
295 632
692 33
712 449
345 1
3 735
644 689
551 499
514 85
216 498
300 171
692 197
156 503
86 117
689 226
49 257
703 724
356 474
344 6
714 392
229 242
656 155
132 699
245 221
264 34
165 511
687 698
552 515
23 84
686 706
74 576
278 393
417 254
333 43
422 424
708 23
303 94
401 463
362 280
163 338
110 351
543 704
362 568
732 173
126 385
214 92
282 259
96 100
127 3
567 599
709 320
730 538
437 240
208 694
683 394
669 136
122 289
539 44
129 635
543 491
620 204
61 157
215 340
600 461
641 198
458 272
253 548
267 624
460 310
638 510
401 375
495 365
482 330
602 72
497 711
283 576
646 677
21 362
362 538
357 572
426 665
199 58
298 128
248 659
164 320
637 225
359 505
37 263
79 587
198 154
541 463
651 729
570 307
208 446
591 378
207 67
230 76
421 137
400 16
5 339
569 277
127 571
537 641
411 7
691 594
231 182
435 599
671 489
271 360
455 219
100 150
114 575
212 264
160 360
220 579
7 708
425 213
490 355
662 585
445 317
229 277
314 26
716 635
648 700
36 230
278 617
145 412
97 369
343 560
273 236
196 512
57 418
717 169
700 699
506 643
148 564
340 104
115 283
129 187
32 29
590 739
102 665
728 493
61 520
91 255
284 59
502 61
67 287
679 683
560 6
309 519
702 214
526 76
75 621
164 132
483 240
116 486
669 585
349 142
133 371
70 208
491 0
514 572
473 201
701 673
409 173
116 705
473 204
187 744
77 559
481 130
525 20
49 230
516 500
221 697
417 707
53 637
280 138
115 426
160 603
267 501
578 397
671 488
668 229
340 716
24 190
538 355
290 559
141 243
121 624
456 548
21 556
557 596
292 41
552 57
469 337
352 725
457 166
610 678
376 471
687 167
285 318
337 608
648 478
443 495
329 136
355 94
709 695
15 359
244 435
163 172
631 606
671 211
437 92
425 458
724 553
519 31
589 10
720 128
659 746
36 88
25 476
678 411
494 547
585 508
440 61
384 92
614 650
349 692
402 607
733 710
6 57
356 252
85 393
739 453
608 598
267 236
505 577
747 431
293 643
148 553
587 467
304 583
448 389
98 402
670 187
8 145
112 170
52 124
116 128
134 340
204 648
345 749
719 6
23 395
166 338
541 630
344 469
634 432
189 240
463 228
9 342
117 715
572 228
473 370
280 238
476 191
144 580
227 5
140 108
101 199
697 284
396 365
652 470
705 536
286 573
472 560
88 277
467 210
23 120
49 676
52 385
505 511
534 488
409 568
375 66
423 105
312 339
529 410
272 377
175 654
483 307
387 105
511 640
737 701
66 422
531 222
12 71
680 317
391 547
85 426
667 284
368 551
468 557
375 720
227 454
489 372
636 304
289 457
309 355
106 388
125 486
687 337
9 14
19 159
447 704
256 148
626 428
447 592
499 487
201 114
185 604
674 422
731 410
345 225
36 423
462 615
310 558
75 467
350 60
595 657
63 371
262 325
654 109
11 532
87 612
504 34
355 742
512 408
453 335
481 644
545 474
460 253
467 302
500 585
720 558
123 454
707 473
743 632
472 106
184 243
80 253
27 636
18 277
544 383
547 161
566 607
271 685
211 398
709 576
519 271
210 133
637 603
266 334
560 212
242 451
254 278
387 279
354 434
632 462
163 94
665 686
476 674
385 69
246 669
669 563
701 522
516 724
225 290
274 481
602 440
229 517
299 17
134 91
526 498
468 698
416 406
604 291
723 563
220 595
122 699
422 709
404 251
191 303
454 237
44 39
360 588
713 310
297 725
274 682
243 482
21 595
466 231
509 122
475 691
725 262
366 315
557 347
153 103
22 165
562 441
489 348
516 205
554 287
39 527
199 424
250 591
622 115
373 145
435 535
513 14
369 546
202 265
181 668
490 168
362 683
356 519
364 734
467 159
547 570
89 555
666 144
335 418
560 726
392 76
249 6
608 9
186 327
270 274
582 609
505 437
490 547
77 339
386 115
404 86
145 654
456 310
722 428
5 469
388 416
76 3
718 44
154 236
738 452
579 320
424 288
377 638
385 534
400 381
182 268
503 341
300 497
230 110
32 256
681 324
724 217
686 533
704 618
579 408
640 98
194 464
343 555
484 231
201 35
375 230
270 728
545 225
374 467
478 355
558 240
243 322
713 694
725 500
363 514
641 145
397 310
465 585
240 553
381 289
106 429
189 293
523 404
200 49
457 484
596 704
371 69
727 535
133 741
573 423
334 622
532 330
581 620
81 332
236 695
289 474
560 433
207 339
745 622
183 364
618 389
398 465
117 650
507 416
82 85
576 483
48 591
441 0
185 331
673 394
570 345
670 163
55 424
324 649
241 632
3 84
655 414
689 184
292 2
450 118
161 338
555 566
633 243
572 236
146 662
725 72
506 705
421 45
545 167
459 452
741 223
351 460
205 250
285 468
688 233
424 276
733 444
8 94
276 258
174 256
693 680
735 184
31 655
512 641
498 712
540 248
313 656
509 703
15 521
707 638
69 746
457 197
521 391
218 516
500 34
598 271
610 100
714 172
596 675
194 178
234 633
525 77
72 551
517 301
341 668
111 679
349 610
93 332
323 138
214 639
93 576
639 692
448 366
695 475
267 512
32 590
613 646
453 623
366 453
466 576
622 415
235 365
140 59
628 57
681 236
283 632
364 685
730 310
595 654
510 423
98 593
611 64
258 419
623 128
29 90
535 611
427 638
17 253
608 380
618 237
527 307
95 432
596 548
505 252
316 313
410 223
426 442
5 604
44 115
477 459
326 303
121 427
29 338
44 616
364 71
717 434
535 719
661 666
655 234
76 390
107 0
591 160
100 572
412 177
717 309
212 731
686 414
10 51
222 28
547 427
734 24
657 624
673 167
218 427
456 179
228 369
680 578
220 163
540 571
140 297
139 228
592 342
626 738
111 211
249 730
47 696
54 279
376 306
14 209
333 226
398 6
366 616
263 342
215 410
545 170
448 439
615 482
393 711
14 495
505 149
644 324
189 59
616 0
635 21
183 528
454 658
228 17
303 216
529 448
435 262
625 282
396 174
145 545
392 150
145 371
265 158
334 466
223 37
704 282
407 539
260 166
46 685
589 495
628 337
702 100
281 60
326 595
222 354
323 638
388 213
210 2
539 321
501 628
362 133
658 438
608 592
540 729
409 232
55 736
28 182
165 314
123 626
566 458
20 488
225 282
262 76
193 57
244 546
535 188
9 410
59 116
583 356
414 346
420 383
229 687
29 715
24 224
112 272
576 265
24 622
713 7
372 108
562 393
423 191
478 684
200 484
364 10
534 429
110 231
567 142
390 413
349 506
621 414
273 578
450 190
60 347
661 721
291 440
17 388
80 451
703 647
582 448
477 597
361 51
660 92
393 56
171 351
539 192
700 554
680 294
196 659
328 666
683 234
444 28
647 459
418 387
64 283
98 665
673 429
224 3
183 667
94 532
172 673
115 742
713 567
585 146
413 701
441 393
37 399
725 729
212 18
322 111
740 439
292 291
683 284
581 604
399 180
715 251
596 633
112 140
391 400
173 748
508 309
320 292
427 2
479 59
614 569
737 53
239 243
281 577
638 395
146 627
66 419
429 230
428 467
616 451
203 28
117 18
172 533
526 212
684 208
97 514
672 710
500 32
268 109
27 110
613 739
19 45
603 673
459 283
415 466
259 631
731 72
368 662
152 171
733 371
419 732
490 439
219 744
347 179
620 598
498 302
298 177
513 746
108 19
566 422
436 512
511 220
213 390
43 578
551 259
720 492
294 291
231 626
231 433
670 643
379 484
470 235
611 112
13 692
661 332
561 132
548 108
498 407
240 403
636 587
697 531
180 301
452 251
79 491
378 95
587 255
24 450
231 610
181 747
473 440
69 363
231 573
680 449
735 204
596 324
207 12
543 691
279 91
628 20
687 600
410 290
644 671
256 34
295 495
10 120
329 686
739 516
710 674
541 120
578 213
659 724
195 102
452 276
270 535
190 649
267 73
35 589
134 174
211 680
66 203
714 80
387 129
125 658
410 530
496 501
596 547
244 257
643 246
394 448
11 300
575 305
383 286
353 730
505 448
95 631
35 392
336 91
565 719
441 29
115 509
660 562
306 523
557 529
727 672
560 589
495 125
345 42
239 628
416 183
19 555
499 692
357 399
17 168
97 192
499 419
300 476
264 76
152 245
386 59
665 117
710 33
178 483
553 581
4 72
556 654
181 736

1000 3000
107 33
742 732
694 941
12 626
58 145
631 123
418 92
999 9
485 975
987 250
122 599
446 238
158 728
585 194
142 4
306 912
79 153
174 374
480 483
414 466
738 106
654 695
394 857
764 649
102 224
256 292
866 715
712 324
520 715
387 621
918 837
992 681
498 268
912 841
568 362
633 407
988 632
786 340
190 440
757 377
928 25
486 117
820 386
93 308
131 397
898 777
495 860
171 629
805 578
403 565
14 480
652 209
644 274
157 309
269 809
54 340
165 280
723 563
312 582
168 668
629 522
294 980
490 829
146 907
808 30
799 813
962 784
201 997
370 578
488 167
50 186
507 593
539 367
365 899
248 954
674 926
176 12
903 435
622 758
955 888
193 594
867 812
926 438
819 668
940 478
49 485
879 672
485 531
15 848
380 530
964 36
573 886
377 333
944 48
62 306
575 424
383 552
566 864
889 122
710 989
116 853
594 16
260 633
622 184
55 633
613 326
624 792
294 741
309 40
750 662
325 839
3 211
453 141
428 567
90 587
152 294
305 152
36 521
177 442
706 66
611 686
876 844
552 259
257 741
841 575
547 136
15 973
209 341
708 587
641 900
296 687
956 636
926 256
679 8
599 287
302 199
348 183
221 642
384 233
733 718
108 385
379 459
752 571
379 907
763 437
375 47
666 542
248 360
482 956
190 517
144 811
913 882
572 23
598 466
583 46
115 106
701 647
603 984
733 594
270 636
73 193
258 174
331 172
578 742
843 949
707 442
827 507
304 251
393 684
101 157
389 696
739 727
178 404
206 567
161 136
810 504
151 619
966 938
274 632
886 725
875 81
80 376
22 474
604 792
591 409
986 726
659 573
663 927
98 510
80 388
304 899
448 9
414 354
255 877
648 136
144 656
713 741
191 174
659 960
601 566
626 255
173 989
896 66
847 366
315 876
54 165
331 606
42 577
534 211
6 482
55 152
729 213
261 547
351 993
504 789
398 383
405 363
559 596
482 785
208 39
400 464
376 86
199 996
310 477
945 177
320 706
763 984
786 352
533 101
886 190
857 545
95 640
48 613
983 413
140 893
675 810
187 320
278 277
333 718
362 427
269 789
21 64
303 960
841 683
496 617
897 802
864 438
548 250
546 690
937 359
817 9
908 82
368 859
304 194
402 791
764 788
958 227
556 102
462 724
883 139
794 368
220 20
504 75
432 271
604 859
775 308
340 700
561 902
882 417
961 96
538 438
792 878
646 839
87 493
892 77
835 642
470 397
397 100
701 134
892 648
530 711
67 210
796 399
438 190
870 532
206 593
73 406
657 935
918 913
756 246
906 324
857 485
73 524
432 478
635 148
648 848
640 154
535 706
886 40
181 271
754 759
2 623
199 95
848 458
904 363
255 465
136 196
361 790
273 463
864 410
924 196
572 783
53 869
847 924
53 142
538 675
995 161
384 131
734 671
87 106
842 627
948 224
792 684
723 585
819 826
643 656
671 374
225 28
925 676
537 745
983 205
595 265
774 689
576 421
79 753
30 904
842 722
627 323
406 628
608 432
163 882
443 227
243 901
688 870
393 310
13 640
770 421
906 908
777 506
55 859
455 831
494 860
101 926
640 387
923 477
829 112
752 986
739 22
820 857
280 174
574 510
259 2
751 207
982 775
931 458
174 41
527 631
780 959
754 644
46 360
406 975
32 858
514 980
95 875
619 170
203 576
151 392
425 389
335 857
362 594
570 269
34 408
548 862
580 569
694 572
772 317
237 201
590 538
606 762
580 381
844 769
53 804
531 404
767 175
746 547
987 731
288 609
184 669
509 819
435 852
472 93
905 449
910 260
683 564
343 356
981 891
587 484
972 138
968 814
445 818
776 230
38 560
860 999
175 150
267 393
432 739
19 147
2 711
361 218
672 95
100 241
983 802
152 949
712 714
216 704
650 888
969 797
102 59
386 528
426 907
181 723
164 842
469 82
729 713
87 353
239 939
862 676
479 10
924 866
745 972
317 686
465 210
233 82
453 763
11 692
577 313
556 155
62 407
692 85
255 557
920 741
536 4
228 480
968 892
546 253
842 372
311 848
501 372
209 266
470 42
937 142
550 795
324 160
549 870
2 505
49 819
417 52
590 552
790 96
499 821
533 716
750 390
691 424
793 288
640 83
209 797
463 969
541 255
872 268
175 572
771 101
760 192
172 396
893 634
350 848
867 633
815 146
45 843
326 947
204 394
73 903
541 490
564 523
570 343
919 540
619 923
865 124
785 981
306 553
61 44
975 462
585 580
894 977
210 707
374 855
27 745
795 788
351 296
674 164
395 669
634 900
28 879
801 382
365 453
889 803
639 250
936 244
298 509
947 398
236 261
769 201
473 94
75 250
800 281
583 979
321 938
855 358
585 802
681 930
575 180
746 91
761 850
482 866
506 505
146 499
761 456
610 754
377 794
807 320
779 933
208 896
215 512
42 35
196 845
533 184
278 779
925 895
272 790
170 57
359 667
664 425
145 915
554 334
95 453
221 209
408 215
73 996
591 736
5 423
182 673
676 100
248 920
428 990
745 337
300 756
70 904
225 138
514 620
43 392
285 642
651 46
843 41
500 795
58 508
108 287
751 835
217 625
634 192
441 679
153 147
4 515
615 13
654 820
294 755
714 555
398 196
794 551
929 378
449 834
978 638
654 487
898 590
844 12
806 158
526 359
472 80
62 848
945 981
510 538
179 870
143 56
807 433
908 825
426 80
456 508
781 404
345 807
308 783
935 715
112 274
740 642
275 165
989 689
738 15
569 10
181 601
851 352
265 76
988 485
224 183
543 875
747 253
450 909
40 631
466 152
678 489
775 778
418 591
473 105
945 467
210 541
294 406
886 358
802 901
469 532
755 387
834 375
64 705
515 828
30 926
644 638
724 62
885 524
64 458
795 362
165 42
733 934
213 6
959 670
530 658
411 383
518 18
510 64
639 803
471 171
290 497
555 738
336 768
49 711
853 24
141 111
437 68
111 545
508 910
406 396
439 711
249 711
834 795
874 734
550 797
928 409
926 625
63 233
491 847
797 81
574 235
8 684
640 223
705 786
493 985
973 32
788 206
997 933
44 854
227 947
586 445
315 266
147 154
426 23
430 117
125 285
16 963
725 709
202 796
513 254
97 270
808 576
942 669
846 906
905 589
109 300
611 266
721 250
962 0
771 709
206 555
197 752
148 843
721 812
723 486
163 461
691 573
327 476
772 77
79 500
584 117
71 996
416 570
151 71
582 465
684 655
614 130
532 960
631 541
439 54
333 214
322 770
523 13
197 403
52 49
750 410
951 515
533 521
890 843
604 600
789 398
366 892
964 672
25 138
699 970
491 773
295 5
154 852
375 900
411 767
237 42
44 309
935 895
757 667
450 286
295 226
65 314
152 183
984 113
117 861
376 411
896 590
674 498
150 796
492 330
832 976
513 466
232 533
249 983
867 729
226 215
613 802
266 479
520 711
96 30
749 800
157 486
706 482
693 799
384 666
105 906
438 671
884 24
46 134
453 487
569 102
320 867
274 771
445 666
290 35
579 992
480 379
387 820
698 200
530 875
215 707
292 454
409 796
670 198
567 505
118 376
711 635
677 976
189 777
808 193
688 886
967 784
136 782
50 616
978 80
46 732
986 55
559 702
838 58
491 904
671 927
344 506
447 645
391 914
136 946
484 502
401 641
250 799
535 480
4 456
505 950
616 677
95 925
390 270
165 286
139 259
353 10
993 678
102 942
565 414
223 36
382 525
781 319
35 265
51 153
40 872
220 684
113 901
132 642
180 999
518 591
719 269
460 537
938 141
850 819
812 361
514 753
433 903
89 394
213 478
849 481
243 662
128 646
922 679
276 321
730 668
696 753
8 441
416 559
44 29
174 814
706 722
685 515
194 956
186 443
339 254
216 323
606 447
194 775
415 158
609 434
693 480
451 795
845 466
350 98
359 717
75 511
994 507
337 517
984 169
504 514
565 99
971 948
824 450
254 754
282 88
645 290
835 694
690 6
913 208
748 446
626 47
63 666
509 136
824 922
867 669
529 571
899 187
442 700
579 492
707 714
96 526
963 845
975 583
253 496
66 580
635 522
31 498
612 599
281 307
293 858
154 73
883 293
55 435
992 545
693 915
931 675
563 130
625 34
940 881
763 239
875 74
79 410
725 522
379 706
5 705
53 130
500 567
4 267
366 563
940 74
395 554
413 146
309 178
950 646
311 753
172 886
414 182
483 924
507 776
263 469
179 369
508 47
899 915
977 510
763 884
973 878
406 40
477 25
966 974
547 852
31 512
887 180
460 992
332 989
520 84
865 286
116 468
520 52
426 53
85 813
818 280
924 735
655 64
182 527
694 66
979 734
797 320
358 989
308 818
109 139
356 156
611 936
917 980
730 690
913 496
246 30
541 976
429 309
49 701
41 123
913 252
59 215
2 397
671 694
380 770
303 354
571 576
567 575
810 311
724 439
922 10
874 530
539 611
897 47
823 279
944 311
53 240
898 135
148 139
161 143
594 11
516 912
413 883
42 94
335 205
483 687
46 728
378 960
794 101
751 602
338 206
257 498
850 988
577 118
52 884
595 731
49 344
347 443
957 232
20 809
969 45
848 692
421 57
373 65
685 634
798 898
902 523
440 81
455 908
943 762
695 100
204 782
286 693
895 882
699 861
107 378
667 299
815 643
769 602
417 844
47 688
858 889
841 517
399 597
844 708
914 4
488 283
749 642
364 770
909 683
987 162
86 700
456 391
554 717
914 372
831 819
855 981
543 845
549 260
714 780
126 238
597 367
140 781
617 246
284 862
466 9
105 804
9 455
54 346
799 368
862 484
574 873
249 599
337 21
357 166
310 444
919 653
954 763
606 661
58 348
932 431
699 835
38 888
554 608
321 480
732 552
414 570
550 215
862 686
772 752
315 171
558 419
387 522
122 483
534 194
16 85
889 201
668 581
918 355
504 248
480 397
197 513
66 205
107 945
627 714
931 94
294 269
902 299
840 348
813 155
615 46
481 439
67 563
111 932
839 774
928 605
617 665
678 67
672 108
398 673
765 840
611 402
884 842
380 698
906 401
650 820
504 762
825 572
343 523
115 618
840 932
558 961
692 258
445 677
674 102
963 328
53 52
487 265
123 162
426 320
671 814
988 581
836 96
112 590
186 280
820 138
548 793
48 448
799 168
895 497
620 178
901 303
225 971
347 62
730 116
163 997
470 533
253 32
473 562
435 510
934 653
673 170
518 514
62 0
721 793
724 848
843 690
229 33
236 816
273 637
869 405
358 612
887 186
807 152
255 39
272 500
880 976
275 524
646 914
971 121
600 805
379 293
21 393
421 575
23 519
619 556
696 169
888 370
883 484
673 43
780 355
862 34
884 40
559 860
442 509
196 798
627 355
133 381
486 360
165 806
879 18
615 422
832 428
214 279
702 132
692 944
154 942
137 559
452 965
688 735
822 777
608 886
608 267
571 395
98 685
488 664
904 91
237 361
516 975
827 545
14 636
733 615
338 466
331 169
871 698
555 175
438 861
237 847
148 323
151 965
925 759
771 130
387 408
449 943
38 133
77 317
608 613
413 401
680 743
195 343
342 994
733 542
784 757
477 489
609 502
78 337
758 26
748 564
80 62
256 606
387 77
598 638
225 230
475 803
868 519
310 69
228 335
532 963
293 666
639 851
161 604
728 896
61 637
526 134
215 575
723 220
95 529
97 958
743 615
264 79
682 823
743 89
379 714
61 257
320 936
58 624
999 238
206 129
965 200
746 793
283 756
800 526
895 96
29 682
252 87
988 217
854 742
113 353
271 988
576 108
456 542
613 789
937 175
955 655
244 570
786 490
817 341
392 558
9 142
473 267
2 615
66 804
54 599
830 116
42 52
685 246
815 385
830 115
884 211
928 704
871 332
904 494
381 499
314 748
429 327
913 233
904 654
546 112
668 522
201 777
183 0
392 982
674 730
202 589
145 926
360 411
21 680
721 818
544 688
607 224
700 85
271 358
760 814
536 376
749 62
208 697
556 973
65 131
298 755
658 27
388 146
281 34
210 938
939 213
758 338
766 355
979 671
496 503
838 881
509 225
482 540
899 889
983 14
132 591
43 101
294 687
428 142
33 640
417 344
0 579
211 609
945 453
139 124
430 955
154 140
105 540
508 387
669 136
737 975
914 842
673 960
402 881
938 356
39 922
687 274
365 372
173 631
401 861
347 801
44 594
986 228
972 831
144 77
999 649
22 857
990 222
614 954
974 413
66 364
340 552
297 663
956 756
706 267
340 395
138 659
719 736
747 564
923 64
462 301
801 138
754 599
29 159
161 56
666 382
595 155
291 153
304 570
880 36
359 640
920 504
794 80
509 504
826 742
424 374
341 924
833 146
457 160
975 481
294 186
586 244
341 196
548 307
515 37
417 850
572 941
212 344
529 657
263 925
275 30
922 818
334 812
171 393
436 629
471 704
193 685
906 865
835 479
591 981
674 757
946 198
941 433
14 664
869 286
668 234
924 797
194 48
214 684
394 29
952 198
788 979
231 505
529 669
40 45
302 203
322 773
342 14
574 524
936 941
33 404
740 593
383 316
762 498
489 79
491 408
411 138
936 103
306 353
27 703
855 288
511 28
361 506
520 6
855 237
177 477
758 56
688 205
301 873
767 326
147 634
216 870
101 906
687 678
183 176
305 486
664 688
237 737
214 540
632 277
895 261
130 415
60 874
870 12
45 848
944 517
311 887
773 9
330 432
455 154
499 501
817 614
117 123
298 954
272 383
785 853
454 513
93 930
833 499
666 879
676 7
698 176
196 291
579 742
724 995
216 366
839 239
164 391
590 651
204 687
880 828
822 262
687 399
278 960
670 81
324 653
169 788
218 383
129 912
647 569
907 606
857 596
990 259
727 278
432 429
666 641
360 183
84 442
704 537
204 754
550 164
302 274
468 291
386 277
171 617
207 718
861 850
373 948
552 635
226 241
624 825
164 662
76 165
459 977
716 627
352 92
287 364
371 759
655 785
575 469
574 156
946 984
332 491
954 660
690 416
369 197
675 881
301 188
717 546
305 906
800 445
612 678
723 794
761 682
554 243
569 997
370 73
265 429
492 941
706 760
522 53
438 52
816 780
619 424
35 49
909 7
271 332
38 691
721 984
444 919
767 700
498 811
965 329
803 396
594 297
57 649
917 243
157 482
5 287
894 880
89 420
774 981
91 537
824 858
770 350
40 501
184 931
882 771
283 239
286 675
89 884
492 791
284 344
540 242
866 157
297 38
720 771
821 2
324 688
339 189
240 463
661 531
456 894
342 919
397 412
134 518
860 204
594 415
302 856
931 319
414 806
891 912
880 213
680 952
525 608
870 876
243 772
939 669
666 601
888 219
187 114
709 463
873 16
411 777
379 307
265 815
177 321
516 63
967 348
663 743
420 21
456 494
935 222
866 722
341 680
300 248
106 211
774 914
838 890
581 890
958 817
271 927
857 78
828 271
596 402
377 455
65 639
274 476
251 9
470 933
191 795
715 500
140 637
463 396
268 173
899 635
436 667
101 577
588 11
323 305
223 984
677 440
915 616
316 308
288 563
685 340
321 14
495 403
236 689
425 741
695 232
599 384
814 452
377 106
702 462
486 508
377 335
724 793
100 139
915 427
487 629
501 940
973 606
795 932
350 736
290 105
396 558
909 996
444 263
712 540
888 316
628 227
555 828
465 745
208 671
397 444
342 159
837 126
665 19
325 446
507 243
611 637
847 612
980 753
38 775
155 459
1 15
77 998
765 114
784 524
864 258
398 351
100 497
72 133
616 438
995 754
437 61
575 123
870 957
886 405
166 290
589 325
665 405
387 49
43 387
596 114
737 884
246 521
658 802
348 558
449 717
617 791
513 68
320 901
131 954
896 803
695 814
141 299
892 854
987 789
430 921
932 802
561 217
78 758
852 600
157 51
621 233
135 852
959 844
405 156
144 216
896 132
103 5
3 957
540 325
347 363
415 481
9 969
844 642
328 71
438 794
18 182
277 357
433 814
709 528
711 981
884 236
344 342
377 763
376 1
368 442
405 597
489 76
588 388
521 974
509 418
16 653
908 857
668 996
644 489
931 32
176 103
969 996
148 209
210 661
219 68
219 212
234 536
444 465
669 861
935 199
498 403
340 935
549 404
121 227
733 221
655 155
272 775
597 984
562 422
445 173
727 231
511 361
988 54
338 980
531 448
306 479
236 917
421 500
109 794
727 971
588 876
7 34
248 874
550 935
20 711
27 692
340 311
829 944
103 248
770 885
77 850
935 911
946 768
930 889
976 402
837 752
506 7
368 15
16 442
723 142
962 53
483 817
427 671
70 151
952 486
102 735
102 390
31 242
185 939
18 965
143 90
311 823
474 392
589 658
957 177
958 832
819 572
218 68
50 581
982 569
256 92
402 241
833 722
295 836
33 885
741 586
916 601
527 710
284 960
759 115
690 746
508 320
697 542
168 540
859 425
607 722
702 92
775 700
503 797
340 615
658 942
718 357
849 388
428 965
700 213
775 821
274 228
832 144
125 503
625 559
518 107
506 362
588 429
435 714
242 267
61 584
31 454
240 634
614 997
341 728
925 334
484 610
414 394
290 764
437 563
467 158
494 688
106 273
810 48
880 419
360 494
102 274
784 200
236 717
735 789
36 698
813 594
773 336
683 81
230 411
162 999
454 126
858 513
186 683
415 333
433 908
695 965
915 604
102 505
504 418
596 994
488 781
390 336
859 453
70 335
508 334
53 376
875 39
855 126
468 522
216 723
538 982
438 571
822 231
806 367
280 487
509 459
976 636
825 145
753 449
245 42
210 63
195 165
972 194
153 334
425 401
96 255
271 32
842 744
980 775
728 245
820 294
42 790
804 446
968 724
567 461
633 75
589 716
515 613
601 661
327 590
898 473
887 512
596 680
215 524
133 141
789 667
516 694
399 383
748 534
179 669
854 464
65 811
675 442
967 295
821 828
217 453
611 689
232 712
643 813
944 815
720 919
840 637
465 803
0 719
775 717
711 473
924 821
927 298
211 982
885 513
736 539
99 296
23 133
857 935
606 352
694 715
479 775
46 393
195 794
311 41
716 542
684 643
646 58
946 53
59 396
437 289
134 799
781 268
732 376
145 647
51 742
949 210
953 47
542 324
487 293
928 905
790 144
208 95
504 673
596 803
29 975
790 738
768 824
519 983
187 120
323 253
883 248
30 148
692 299
328 29
262 258
641 723
506 643
859 620
3 736
164 424
384 139
228 263
979 534
386 844
439 34
57 657
570 7
997 818
614 941
541 182
747 248
28 394
79 100
571 592
505 196
678 77
579 639
971 175
849 859
269 638
772 927
504 311
907 611
676 78
448 271
472 307
929 344
917 818
725 993
75 298
794 616
672 200
806 580
383 810
350 100
141 809
386 505
143 519
251 172
366 901
49 832
240 902
227 756
492 555
735 919
482 518
995 464
158 344
712 392
454 512
356 694
715 523
319 856
243 997
936 582
994 909
917 108
977 16
781 322
47 462
799 988
845 416
661 873
433 429
637 597
886 97
794 683
759 922
617 659
451 762
854 610
335 757
510 712
441 878
721 731
12 411
994 855
700 691
657 673
81 673
258 642
24 0
910 672
155 868
843 572
326 618
104 633
123 578
212 164
234 718
727 975
85 360
833 644
927 248
56 619
3 898
533 849
423 306
459 10
530 989
34 944
390 146
80 989
65 430
381 907
884 390
80 695
913 826
811 382
581 553
432 378
162 199
161 547
369 113
984 318
973 174
875 290
141 276
997 712
688 343
479 942
808 27
250 897
237 703
67 496
661 103
192 770
190 145
633 943
73 183
874 331
619 486
790 689
638 992
651 868
660 117
573 249
99 45
536 206
932 504
274 910
268 616
183 481
911 432
29 469
581 756
312 658
567 920
792 62
253 46
809 318
832 87
234 263
767 269
549 960
739 571
197 209
97 15
10 324
301 770
812 462
269 548
664 402
598 42
686 634
170 721
306 956
175 157
694 897
404 778
685 571
352 428
681 668
619 711
270 917
498 311
709 806
223 885
638 234
393 3
836 50
62 988
549 36
456 327
364 685
711 962
252 779
219 529
726 254
673 600
678 471
534 926
755 946
285 518
488 181
810 178
713 993
645 831
323 335
950 420
169 524
303 401
469 656
289 126
414 912
918 327
290 133
486 824
246 53
837 592
779 25
486 587
440 61
860 133
119 935
793 399
73 268
760 884
213 583
233 27
636 900
917 826
4 242
468 129
6 303
974 525
32 156
918 315
328 137
859 494
566 442
928 790
547 507
196 555
660 907
913 941
49 867
300 217
195 364
206 265
618 427
35 291
691 865
32 566
200 393
437 211
672 761
113 804
343 422
733 91
792 175
899 212
32 546
159 686
547 925
317 570
581 95
921 524
383 542
264 510
495 726
325 877
719 967
701 172
302 26
729 849
528 111
122 376
201 256
560 568
498 488
126 228
247 339
389 691
567 128
599 518
288 132
902 354
133 687
326 701
174 3
80 611
307 904
37 398
361 845
659 469
395 615
336 170
684 125
655 83
116 750
386 51
222 752
213 653
511 635
653 685
906 113
575 595
542 643
507 226
533 589
313 167
560 681
79 819
789 461
991 545
575 238
835 726
292 757
579 562
784 544
751 515
213 999
483 327
314 344
252 308
263 465
333 472
684 842
832 243
792 318
388 622
646 21
474 159
152 696
924 873
622 347
753 455
50 351
108 969
760 209
716 82
334 645
367 98
468 819
467 129
974 950
538 63
580 472
162 344
91 772
520 634
952 481
189 409
859 674
945 954
14 603
594 542
257 183
71 50
101 320
886 66
961 94
836 36
734 570
582 626
991 108
75 307
264 47
506 759
663 248
989 553
17 873
459 997
605 601
53 297
916 183
261 792
779 668
547 549
17 130
464 772
648 680
888 556
471 864
19 102
743 973
150 650
52 462
782 722
344 806
105 666
186 457
558 787
732 31
567 706
204 988
214 596
458 42
439 829
192 834
917 840
63 647
112 585
830 711
251 598
597 324
939 17
908 154
830 173
974 167
436 903
563 126
604 229
277 191
765 782
656 589
969 541
773 115
1 389
754 575
366 512
267 75
712 545
883 45
846 332
333 608
812 501
631 364
535 390
831 234
344 156
427 482
529 593
788 798
92 739
114 332
855 865
821 153
320 341
466 578
279 515
188 795
215 867
390 624
595 130
590 330
858 371
881 616
178 499
696 230
202 445
35 211
557 617
13 612
663 82
629 311
820 56
772 682
641 452
491 594
760 164
878 338
733 166
862 995
76 429
535 1
894 93
849 519
197 294
517 421
169 126
446 922
565 722
129 210
535 835
947 202
204 275
191 747
251 582
120 248
602 787
768 154
784 923
444 874
357 243
523 968
35 441
263 213
437 241
698 815
558 195
44 709
852 477
75 818
423 691
690 616
697 69
463 247
741 765
252 760
17 458
514 975
770 78
101 322
829 315
26 4
614 380
990 139
448 638
442 397
474 145
676 521
656 623
217 299
496 924
514 40
615 953
475 364
838 563
56 835
877 345
366 678
581 225
383 25
907 862
962 743
654 161
337 727
399 440
365 990
679 801
73 836
743 844
670 826
803 893
732 542
78 110
605 112
72 507
291 260
678 273
122 78
64 534
127 293
710 829
737 630
883 226
956 391
932 43
655 891
274 975
72 370
321 769
353 552
31 542
488 265
778 623
348 649
395 244
688 806
360 938
874 508
441 887
715 89
450 90
267 804
800 279
195 241
638 655
170 335
20 547
927 777
815 727
846 113
695 385
651 241
608 490
249 706
442 900
480 116
685 879
151 453
823 97
686 898
806 31
516 264
473 638
495 24
121 8
924 588
807 250
858 931
330 451
370 187
804 570
716 154
700 401
409 484
578 959
583 105
135 386
604 42
165 333
624 291
55 122
561 109
714 248
916 506
127 486
651 362
493 261
634 795
866 943
397 135
910 127
465 523
423 734
856 475
443 888
937 366
388 390
805 64
142 584
121 554
766 941
529 313
856 366
400 79
458 826
527 891
623 515
955 30
224 641
303 12
83 333
926 154
728 165
144 882
272 343
393 74
843 681
564 759
408 50
574 353
381 722
309 112
230 374
314 451
734 213
844 726
848 785
295 208
883 196
146 797
928 374
212 847
11 911
679 986
323 958
440 237
991 671
412 387
428 960
229 143
268 888
994 78
44 872
62 281
477 408
115 681
770 618
581 456
969 224
349 318
603 860
395 266
507 701
972 290
664 223
495 845
391 238
212 321
786 386
984 759
830 893
732 142
602 310
7 370
977 81
224 37
877 303
524 116
431 845
708 972
527 307
574 759
377 416
232 208
617 157
454 240
277 812
563 828
14 804
821 143
236 986
652 619
43 136
726 257
993 780
493 876
549 58
374 625
625 84
959 903
611 163
722 922
782 924
365 106
435 875
423 592
47 668
918 852
94 465
128 344
839 477
19 404
938 824
803 457
540 647
313 128
134 783
545 86
549 920
801 643
874 268
976 234
924 402
389 261
282 341
74 792
208 317
73 635
223 327
650 338
685 782
984 429
11 780
970 763
48 638
559 291
946 356
385 309
761 425
395 743
806 996
772 867
126 633
399 290
860 396
617 970
532 499
446 751
833 827
456 11
222 944
756 215
112 242
791 938
993 506
107 976
996 740
440 557
419 386
387 115
665 124
12 860
450 761
337 200
30 630
253 379
509 899
470 323
448 923
758 824
187 954
178 699
892 15
798 394
165 940
977 931
813 988
986 239
425 129
359 607
782 928
908 751
471 633
775 625
229 203
501 746
672 829
592 451
160 698
755 364
925 930
263 67
688 369
154 279
107 746
458 41
511 549
22 324
346 215
653 255
683 71
384 750
0 26
995 687
195 106
261 739
165 353
889 311
779 318
730 423
982 300
367 805
495 976
421 642
454 521
581 614
949 825
507 276
431 559
271 309
405 142
52 817
909 441
989 579
347 361
360 989
359 393
330 781
498 611
303 189
752 308
128 49
612 148
436 987
897 111
821 760
245 535
188 606
994 937
822 789
997 286
34 201
745 466
243 635
53 41
204 231
614 501
343 908
482 551
985 935
928 446
646 475
407 55
66 268
268 585
988 108
630 230
135 343
58 824
779 943
392 324
45 853
660 404
907 647
982 160
88 118
88 138
662 935
926 65
143 626
49 964
78 947
502 912
423 732
544 350
806 16
279 772
642 369
758 539
697 899
746 918
666 966
732 774
222 401
659 257
577 530
727 482
655 753
37 284
87 379
453 533
498 82
389 494
700 481
648 626
220 165
472 40
407 824
493 725
140 184
726 139
392 259
367 984
778 867
186 60
211 342
252 148
89 487
352 942
900 780
751 821
864 809
641 890
919 793
683 11
761 327
789 718
541 443
430 458
591 13
89 523
245 250
242 334
308 717
935 913
328 437
245 96
134 792
545 614
495 741
710 675
390 785
12 68
335 978
277 559
3 974
669 295
249 310

1000 1500
45 360
828 407
775 959
543 805
799 175
944 946
863 797
596 754
599 288
199 482
372 13
895 109
866 355
184 57
444 989
239 653
520 230
49 194
529 666
987 470
659 789
863 225
322 603
706 641
490 601
181 609
475 37
618 33
733 916
192 670
756 207
631 613
432 276
623 584
856 321
908 843
842 823
617 331
167 129
344 553
473 853
109 102
128 763
292 28
384 820
370 0
368 528
255 714
82 486
89 823
803 448
65 535
750 568
108 531
846 237
882 891
915 313
261 231
70 457
361 672
905 967
147 574
749 867
405 321
976 892
633 802
413 628
877 669
442 150
160 501
68 536
345 11
29 859
715 116
450 193
632 806
786 44
265 859
525 59
40 520
326 20
477 57
910 857
814 218
224 51
161 528
812 361
126 86
70 223
980 591
684 18
764 909
146 175
425 713
155 682
911 285
321 315
75 374
495 306
873 759
742 236
698 281
108 396
837 472
627 418
803 316
336 165
614 472
680 136
595 26
295 539
7 744
800 567
675 265
565 293
801 985
491 592
359 425
282 924
224 872
934 31
942 194
611 934
590 643
432 875
703 642
120 704
594 19
463 757
938 23
605 271
841 459
300 468
849 927
160 394
108 205
822 200
341 924
662 810
907 480
63 748
151 840
873 397
267 986
970 282
840 511
967 431
626 259
376 599
89 446
942 442
798 976
295 638
112 206
983 550
268 39
901 40
694 391
935 708
364 552
195 728
565 969
367 487
314 534
676 51
976 433
478 687
381 775
62 520
740 397
955 92
956 66
380 762
365 875
814 706
990 803
459 949
210 871
762 656
117 235
435 946
3 730
412 884
186 780
580 243
687 704
202 334
164 906
989 911
956 52
506 12
966 429
69 116
68 548
39 699
365 203
39 326
930 947
159 837
826 828
383 508
649 766
190 516
665 780
871 621
942 310
472 787
857 412
151 816
863 404
323 427
348 638
24 714
480 397
311 719
912 719
298 661
675 330
312 665
393 573
86 101
422 59
168 385
678 313
789 682
716 519
381 502
14 142
75 996
579 942
634 716
904 969
229 63
501 590
81 957
784 239
234 46
789 294
263 753
964 861
964 194
753 8
727 796
297 773
74 67
758 947
621 876
200 241
658 27
417 236
569 520
58 562
844 316
226 491
369 930
451 206
465 611
650 975
903 713
208 172
74 393
627 873
123 539
131 418
652 381
60 853
43 269
483 349
128 845
139 694
363 37
124 83
728 190
814 139
240 50
571 308
732 829
373 406
913 843
187 706
342 927
843 799
756 999
232 946
707 333
629 957
690 816
111 906
36 356
209 923
140 129
311 847
20 785
780 174
786 549
797 306
293 336
783 575
850 526
987 158
737 49
620 524
379 678
101 675
832 892
898 184
255 598
970 198
270 554
580 391
718 345
165 332
349 656
851 106
195 716
192 886
342 911
146 759
763 445
146 140
883 576
401 616
444 101
494 131
473 828
933 401
861 4
108 339
985 178
326 298
997 538
46 643
911 574
472 70
861 349
109 493
839 42
906 719
263 627
594 855
509 272
325 850
723 116
512 980
666 714
455 709
573 770
935 366
147 485
873 522
306 488
55 761
744 249
786 753
948 927
615 159
419 659
295 327
40 907
741 105
259 18
474 79
169 206
184 365
812 401
788 618
186 968
263 957
762 652
573 603
459 939
806 17
768 806
693 976
278 237
202 251
461 203
76 396
894 337
572 925
62 409
789 432
923 112
710 376
520 850
492 655
371 268
488 935
753 335
944 544
239 627
28 681
717 974
326 221
662 660
502 673
195 79
421 308
183 104
705 297
37 532
388 371
897 894
250 315
733 109
557 998
831 886
244 24
841 680
913 268
842 434
233 472
159 180
248 491
162 653
598 530
102 720
984 360
92 265
160 539
537 467
179 216
881 78
518 805
787 44
757 222
27 607
754 508
283 982
198 686
312 38
16 174
411 235
441 187
548 758
466 548
127 275
328 494
488 53
492 555
689 412
997 461
214 263
797 101
51 296
816 130
647 208
902 947
742 925
6 781
135 276
395 981
790 983
782 632
941 447
238 50
351 233
637 414
651 610
44 309
775 508
739 449
786 51
787 166
105 850
709 717
352 542
49 873
644 842
992 867
761 89
65 10
763 272
514 811
478 384
600 753
340 760
210 119
471 427
41 97
518 559
646 38
318 537
966 687
43 355
350 352
743 813
242 293
285 189
994 430
262 314
909 832
535 920
415 543
430 597
954 140
183 542
704 4
868 327
756 862
760 436
992 327
312 181
366 519
981 93
782 258
374 899
680 423
746 80
787 426
978 306
712 301
24 195
40 312
564 985
902 761
609 747
5 635
839 284
357 943
232 231
811 710
310 667
485 488
345 663
509 543
903 948
835 72
261 314
589 938
428 337
408 914
915 72
755 151
76 316
498 426
135 101
471 913
961 403
654 306
783 298
972 797
507 963
871 722
666 675
168 979
433 116
352 255
368 746
684 959
482 837
570 776
996 160
570 929
639 817
758 322
871 300
428 362
365 316
904 714
220 296
440 832
849 173
506 425
866 252
875 725
990 548
727 861
806 177
340 593
801 325
742 114
809 234
860 420
430 244
380 222
955 340
628 186
432 284
783 177
801 310
941 157
863 605
783 672
282 942
986 594
298 452
156 389
325 354
285 298
985 548
51 404
360 534
867 597
256 607
442 685
107 804
1 731
145 620
687 539
472 265
105 23
705 55
509 828
871 688
451 856
611 285
292 112
317 165
757 388
422 394
795 604
943 100
625 780
390 16
656 225
22 87
971 924
908 839
57 843
517 397
825 616
949 610
426 169
150 685
758 452
257 157
556 222
701 771
542 963
767 785
504 815
671 595
780 700
37 731
270 123
156 650
480 347
957 306
43 291
826 111
140 887
301 902
493 829
275 365
756 106
972 5
408 961
393 282
247 63
506 919
768 184
84 606
725 839
31 480
663 477
621 353
505 374
67 575
182 146
586 300
547 847
771 101
476 837
459 539
228 620
284 721
27 75
555 965
186 534
157 320
807 868
890 851
827 878
419 259
88 396
545 82
573 330
83 793
768 229
262 993
591 329
445 406
223 426
454 535
199 235
285 563
993 789
867 889
404 481
741 331
604 59
563 643
601 739
794 173
16 462
853 762
560 726
5 117
573 462
127 168
677 420
313 309
545 223
766 100
383 14
293 967
281 173
160 373
149 691
727 512
282 775
144 168
604 449
71 358
399 155
501 680
574 548
306 263
703 257
690 448
845 306
560 907
670 609
713 17
129 356
347 80
514 856
903 799
141 42
525 402
743 844
309 103
758 982
886 74
36 387
338 895
155 62
668 475
628 304
487 76
278 289
918 928
689 643
128 894
682 749
105 796
543 474
847 746
946 284
276 351
580 355
558 897
241 972
5 179
288 456
526 603
381 224
940 40
957 183
331 915
265 600
550 683
391 528
550 672
891 696
774 949
632 607
336 760
467 196
200 231
126 172
986 632
244 803
361 534
57 405
72 997
198 577
747 328
150 725
714 528
568 453
391 999
885 954
246 935
849 814
308 834
933 90
25 759
866 481
681 344
502 886
949 477
666 851
108 55
831 791
625 3
755 449
144 67
378 190
501 914
108 627
648 751
668 987
618 689
655 846
570 453
496 902
431 937
581 758
453 639
361 65
467 348
261 511
809 807
187 437
787 810
771 799
523 857
405 313
900 941
43 172
246 750
629 97
200 134
708 400
606 884
828 486
335 285
320 798
94 87
648 875
107 660
563 182
925 966
441 613
757 280
284 15
718 927
956 823
278 731
788 214
627 104
881 737
402 976
557 896
462 189
912 939
468 983
192 477
726 959
651 579
874 115
898 517
921 402
597 346
705 257
720 169
236 133
939 704
921 430
542 360
989 604
433 271
171 421
506 804
535 463
298 930
365 104
323 91
671 659
585 460
872 677
546 574
883 739
935 389
536 115
403 196
137 97
571 92
591 213
555 738
211 962
291 73
481 457
707 718
408 861
472 716
573 665
688 776
382 466
783 646
809 728
679 61
465 577
521 57
23 202
901 420
44 949
978 360
256 814
342 598
416 330
858 788
275 727
898 355
125 845
591 119
399 79
456 356
458 975
383 80
960 120
684 330
870 176
940 688
555 298
243 486
32 777
857 792
235 465
295 747
301 104
988 429
130 987
124 558
611 49
526 674
410 700
588 604
302 249
250 493
401 684
699 491
672 782
393 61
272 535
391 727
861 616
33 938
804 315
758 279
969 734
214 98
646 613
175 730
862 339
917 627
371 378
471 154
803 955
378 745
467 548
50 449
792 324
405 201
484 869
193 750
514 780
970 281
262 774
141 746
992 286
27 875
20 152
770 565
32 761
298 797
153 669
280 673
171 878
777 423
821 397
870 499
619 282
397 61
984 738
859 697
77 715
783 987
456 774
63 976
377 299
240 37
351 150
8 848
677 952
724 233
824 12
105 278
723 110
166 78
426 442
769 245
772 283
939 305
239 702
335 466
797 82
359 129
768 511
901 748
753 52
110 743
635 135
332 882
545 39
277 737
326 98
975 525
382 11
215 309
205 674
643 49
956 422
940 418
246 281
159 597
909 64
311 582
223 310
356 561
702 738
72 921
956 729
572 124
696 964
101 778
736 135
561 623
807 962
655 268
837 802
308 934
173 884
789 533
653 454
628 286
265 445
994 722
787 969
570 161
868 510
484 526
194 640
163 442
735 318
820 557
227 425
626 710
295 251
697 672
535 398
651 797
165 688
925 522
749 990
36 462
322 946
884 479
467 276
439 989
239 516
887 368
308 383
697 171
381 539
755 204
600 268
168 731
964 816
147 318
633 814
441 842
528 105
474 46
739 929
127 519
240 834
432 792
22 686
917 469
125 164
502 48
709 254
461 936
706 8
979 212
514 831
911 63
757 712
958 683
678 381
664 673
238 274
845 925
943 778
583 651
68 175
834 817
776 62
483 112
492 84
292 489
358 437
258 539
694 392
593 97
813 264
760 49
499 998
622 391
148 711
933 558
449 303
207 925
427 275
644 828
185 129
421 309
872 819
253 620
169 100
29 499
103 75
271 520
465 648
369 146
878 582
273 110
581 19
975 536
222 939
593 692
362 411
823 665
853 607
778 860
30 704
144 579
316 842
64 279
501 466
301 93
522 723
924 511
39 807
524 237
17 776
110 145
837 616
650 715
653 76
8 157
20 750
13 661
392 618
303 745
903 587
153 593
479 281
711 580
451 837
678 656
427 242
417 152
646 772
429 82
296 782
177 702
117 342
920 185
466 948
603 569
3 145
317 827
771 50
36 63
417 649
107 702
722 102
220 465
785 660
74 88
532 633
15 550
905 701
34 241
560 485
153 986
213 384
426 977
774 452
806 493
722 88
740 242
701 419
270 293
114 1
399 160
313 199
438 630
178 641
225 25
999 760
913 594
524 348
369 99
42 683
611 636
331 144
576 199
970 602
955 5
540 181
115 543
654 100
852 408
91 208
287 927
829 399
178 458
560 262
992 915
40 745
816 16
920 697
306 914
855 693
993 590
504 900
163 953
933 546
738 630
679 523
716 933
922 200
602 631
998 771
342 157
524 167
228 49
824 355
612 326
671 429
836 900
67 588
54 840
866 489
242 28
952 823
316 374
643 328
170 758
602 359
213 25
127 180
403 297
631 611
736 56
75 398
482 643
395 401
586 44
986 527
641 903
376 422
540 30
188 28
656 855
28 905
795 963
222 740
928 515
134 927
661 828
302 441
402 935
51 435
953 779
405 282
143 527
504 264
99 282
204 805
19 342
669 63
103 325
50 935
910 650
441 410
287 7
869 538
245 327
42 522
662 578
197 354
500 107
192 169
537 810
510 424
177 791
169 547
137 798
188 546
672 753
366 620
658 573
299 21
318 683
28 892
245 66
732 156
170 250
152 436
928 355
756 496
805 296
267 608
875 916
423 63
186 424
47 583
926 467
144 617
461 515
804 948
672 176
573 792
646 446
842 20
748 539
871 446
164 599
933 793
1 790
721 597
539 761
408 68
207 190
904 648
660 764
298 766
877 383
612 489
312 393
704 459
471 347
393 70
317 422
360 482
493 333
452 903
820 977
298 845
858 374
218 659
649 596
298 878
422 191
930 148
210 243
241 289
95 361
863 700
350 24
626 413
36 480
531 30
638 711
302 665
750 807
789 165
545 630
891 140
126 944
607 608
36 838
940 242
961 267
152 646
969 995
920 256
132 277
644 501
552 773
172 391
815 751
960 450
837 346
111 787
980 655
911 892
549 13
850 60
69 121
253 305
545 101
414 514
423 736
799 736
2 680
763 463
397 114
328 924
37 859
605 587
238 77
434 282
208 499
830 409
729 446
172 770
251 112
441 798
62 61
592 13
15 556
934 543
710 597
667 209
738 886
699 409
982 730
395 475
187 178
187 628
654 823
711 738
106 259
741 869
70 361
327 34
799 641
401 608
292 549
857 31
246 549
542 266
956 101
856 186
591 273
932 875
409 51
61 331
849 409
530 306
67 71
971 413
24 143
678 469
149 247
410 484
327 238
279 358
356 751
427 407
435 603
939 417
727 672
956 441
693 205
707 991
534 665
14 945
149 915
872 38
196 189
438 190
997 531
134 56
740 877
756 108
910 569
975 875
746 849
762 220
867 918
572 379
264 516
379 627
510 506
567 359
153 280
530 397
828 279
25 885
601 3
891 411
453 786
153 313
344 518
960 325
623 345
715 300
967 172
143 93
725 884
394 597
331 703

1500 3000
638 320
951 474
677 1198
1200 943
189 520
1090 92
1076 931
245 1090
1026 1258
639 1082
292 600
115 178
365 386
330 196
140 1322
581 257
454 704
852 1141
733 960
584 991
802 938
547 253
1013 1273
1080 1254
823 48
735 212
1116 619
235 934
168 1146
240 1492
631 761
182 1346
859 702
286 484
1303 1350
861 487
859 603
676 1115
1480 1383
211 1084
1216 592
1135 159
1143 214
791 1142
753 739
279 187
858 408
96 493
485 1472
850 559
389 300
429 118
439 164
1283 9
298 1142
613 1371
1174 287
939 1204
65 1188
1335 50
254 403
676 194
964 1296
372 57
314 1116
537 616
824 1391
641 1280
973 987
762 778
103 902
632 345
1393 231
1440 294
1353 354
1324 225
1086 102
1038 623
637 1491
1356 791
1198 1108
657 750
1384 367
1025 1441
496 418
516 1420
1176 353
1012 524
788 289
837 153
503 1057
805 361
1444 1499
207 203
974 393
753 14
394 1067
201 994
559 858
635 36
59 346
311 940
1168 164
678 1101
312 922
54 1051
1210 391
527 281
1323 1268
1409 227
116 10
1470 403
1304 543
1040 643
110 1021
369 1137
569 729
149 525
638 1076
879 645
1254 734
81 991
885 124
185 25
950 131
1126 1459
746 352
382 1133
450 1036
614 1105
1307 1260
40 1403
1400 486
307 606
248 1157
994 727
301 112
1096 717
469 96
1408 392
1376 75
143 973
437 244
254 83
841 936
1089 224
299 1147
233 1130
492 741
427 1477
176 710
58 693
90 1043
1238 368
527 1098
1292 1120
29 18
1007 1006
158 1195
825 831
404 1417
929 1437
652 1211
172 1255
1293 864
774 550
1197 357
1167 50
658 1367
652 1205
347 173
28 792
819 266
359 1333
1013 1145
503 335
1289 1153
182 1231
727 408
803 841
1455 970
469 69
554 70
1149 33
1449 715
308 1051
562 940
1446 1384
957 820
534 157
300 185
982 461
1112 621
711 1366
1433 513
1017 1490
205 849
1034 97
377 630
347 698
494 498
1406 1063
542 885
398 408
252 99
949 363
372 1401
905 664
1487 770
471 157
476 1213
509 527
237 23
842 34
1281 928
916 704
1200 22
941 705
16 514
811 1038
1222 1089
1335 344
13 638
133 802
1032 184
922 1297
424 856
362 1267
1491 694
1344 673
569 427
615 849
1029 1394
766 758
160 675
461 169
125 1427
1370 525
1166 1401
696 340
741 610
1032 1190
509 553
192 359
1300 1343
829 215
621 267
312 1402
337 742
689 1484
1248 857
271 431
186 952
29 190
412 491
467 984
1099 1235
420 425
840 366
941 195
1177 302
1286 279
30 673
199 780
1015 1083
1351 487
940 1057
1196 576
1379 140
42 719
1417 1195
445 1241
1344 809
1003 1014
392 805
291 708
360 38
1472 1039
1207 601
30 1427
651 484
797 112
1122 1246
883 1334
183 1210
1199 177
90 469
1211 1208
929 1127
980 789
273 591
117 83
1447 1338
92 1172
479 1484
805 1233
1262 336
1144 462
262 1481
1186 818
509 278
493 948
1044 1161
292 1406
1200 880
722 401
373 1145
1242 233
501 973
1389 373
924 1136
1089 868
1271 251
700 986
962 1405
43 1435
324 1492
1245 733
482 1279
333 551
1293 1470
299 924
207 771
60 954
1117 104
221 1481
1256 1317
1005 60
244 520
206 546
425 379
89 533
587 267
421 634
309 1166
1239 150
1133 829
1139 420
1495 1239
588 2
638 1370
69 1295
900 417
1485 1253
708 47
143 528
1126 693
547 1447
284 469
706 1359
208 1149
1178 1204
363 943
932 183
540 1071
993 417
699 1111
1054 57
947 1068
1239 302
1228 1368
39 627
63 566
728 187
183 1026
1248 1210
53 1305
707 244
1447 1171
568 1180
735 328
1254 622
415 133
195 728
1190 1187
592 1166
440 365
1294 405
525 701
1027 300
1295 40
208 664
295 657
264 1023
494 777
169 244
826 1252
991 561
672 8
1260 1406
1397 1438
381 20
1408 1258
972 421
879 799
33 1090
1334 616
737 138
1053 737
1052 243
699 752
771 236
856 236
780 245
666 391
386 620
1437 1090
949 997
972 397
1205 222
274 1291
1357 15
60 1268
30 1164
334 1125
308 456
162 467
1367 964
365 655
1336 608
296 1220
1010 775
1263 379
685 374
1084 696
107 973
156 100
183 158
745 946
242 249
1217 201
90 490
165 1430
326 1479
646 110
351 765
481 666
27 916
837 59
162 342
1375 864
1118 1026
1330 1180
1101 966
303 941
92 111
333 1371
862 627
475 569
1173 659
477 599
140 490
1201 2
658 683
237 1325
496 1266
1492 641
173 1059
1441 1213
1494 525
1021 78
385 1241
359 65
1164 380
735 605
96 116
221 774
382 222
795 1211
1151 1167
889 1116
1362 704
1017 827
1029 1044
759 962
1420 29
1075 1258
1231 256
1216 1234
885 962
1210 53
1078 1017
1435 1188
1098 414
118 1237
498 765
1042 1230
870 461
1258 1432
1004 966
479 1481
1417 138
1327 33
984 1474
1080 1437
1102 1396
561 762
1196 618
463 11
589 1112
670 707
1002 357
1062 32
1302 571
1386 1006
607 419
1201 660
1041 191
170 913
140 828
187 614
649 772
776 301
388 1321
1190 1193
31 1416
265 1171
1121 170
433 259
756 886
366 1049
1210 210
359 1319
939 772
15 121
1120 1081
128 159
246 1363
183 1202
219 441
1442 254
521 515
314 882
560 121
1029 345
129 645
216 17
163 1003
651 305
325 416
498 901
1089 648
1138 1222
60 1370
1066 1404
344 683
415 896
137 480
639 159
1477 710
520 75
950 999
1403 627
1412 852
1158 1051
679 538
450 155
575 1089
516 329
216 1183
385 790
871 1120
683 652
268 475
929 575
1209 1011
918 1167
341 158
1363 361
1406 541
983 288
525 1334
1375 1151
955 48
255 17
1125 53
945 203
83 1470
356 588
215 1488
479 410
279 1329
356 320
1184 723
654 377
1103 1326
1216 1422
190 107
400 392
70 280
71 395
301 316
895 367
143 906
814 142
1010 407
420 805
1069 899
97 987
223 718
1328 510
950 900
963 1327
401 386
765 773
577 1083
240 1381
1280 1247
53 904
1394 43
435 1334
781 103
172 863
1097 1453
706 1131
769 1068
822 22
1418 1386
783 1012
252 1183
532 807
717 93
1056 1465
87 284
1395 465
224 1041
869 402
1108 129
671 1215
578 29
1207 1396
50 648
948 475
79 743
438 107
766 1120
1332 612
1262 997
1494 934
1272 1182
1265 77
1372 870
1146 894
1468 1057
466 1126
786 368
1063 1262
984 1037
33 142
465 340
327 594
564 642
662 1209
1391 314
1449 498
369 250
1332 826
200 797
1017 98
631 1374
573 912
369 1307
309 1379
1150 368
1024 401
186 909
424 132
1395 1302
496 1021
540 1075
245 874
45 113
1440 729
1347 953
728 579
164 1453
1115 1494
1277 1438
56 517
601 1330
1109 151
201 735
1222 430
790 136
770 1344
251 659
481 1293
227 164
129 1353
1426 552
902 240
288 1106
762 373
1344 59
58 877
419 47
993 974
1205 1475
737 833
924 1342
1041 140
265 365
543 121
10 105
320 546
805 951
745 418
843 756
336 233
375 932
783 460
911 1145
48 639
599 621
1211 1368
546 326
46 902
702 1032
293 505
893 933
333 1403
421 1082
230 1361
1433 1164
838 647
443 203
646 1461
856 1230
590 1258
1261 360
840 146
170 1206
54 442
990 848
1331 253
1497 163
684 401
940 1130
406 548
160 1467
1096 211
668 450
892 1224
377 1303
1238 534
243 660
1492 730
893 635
520 917
775 400
755 1338
874 927
244 430
1416 495
1288 592
962 700
356 717
851 274
574 746
1146 1471
286 537
46 91
1266 808
800 666
453 1163
146 1188
726 437
9 599
12 1320
1403 1205
372 877
693 872
642 105
837 354
672 1215
865 7
1054 1307
1193 418
507 774
102 450
255 1176
958 433
1389 1195
1304 764
1414 966
487 0
655 1470
350 600
775 193
853 1176
900 381
812 468
1129 1141
396 661
1125 647
1438 818
725 1325
8 482
318 578
1457 1210
874 539
41 1075
1149 31
163 768
1212 1280
1367 27
208 249
716 492
1097 7
250 843
383 507
94 696
726 889
1385 1477
1128 673
1325 277
877 305
692 1443
296 1260
227 828
439 637
865 642
815 1234
703 1384
1419 640
394 1148
817 975
151 572
559 852
194 259
180 1052
4 380
155 1377
170 949
870 108
642 1494
1497 288
1415 463
764 664
1379 575
1299 511
1310 59
501 48
1123 829
667 193
912 758
1130 346
92 608
513 1152
1009 1100
509 1344
959 1230
324 1479
51 28
344 1312
691 397
479 785
1048 284
154 617
1336 1027
150 472
281 171
939 291
471 871
191 282
524 606
751 337
1273 1010
574 1039
249 993
394 908
835 1271
1039 207
801 614
583 935
109 431
431 93
412 800
1073 123
22 1483
18 234
656 248
1317 440
1269 1148
1376 1067
1418 1451
847 1368
949 332
636 250
387 1036
399 814
477 27
373 940
944 956
1403 91
415 620
225 448
737 1103
391 1054
653 519
1456 1328
112 1440
1350 881
796 635
339 169
918 940
1347 713
227 1019
804 361
996 33
747 1412
1332 420
606 1081
528 779
1307 680
576 1270
1399 180
1103 653
977 367
630 693
1367 1081
655 522
573 4
1421 9
1127 1077
876 1182
1366 792
1206 247
1030 1485
807 459
1201 1292
731 697
1390 1087
307 576
1066 627
1039 767
52 574
406 360
11 498
1050 1009
466 306
1358 865
1350 971
25 1140
862 516
672 189
620 552
887 596
1333 329
910 764
1070 1250
1092 478
1433 946
658 607
1170 926
1477 327
77 173
1218 383
1185 505
932 769
961 466
1350 1312
1008 939
1370 539
1113 769
1337 175
1487 715
606 199
305 465
916 1283
851 75
263 25
1429 902
1057 1450
1260 1443
769 232
113 881
287 75
272 1428
901 1210
975 754
342 1234
160 1499
144 582
1170 973
1252 1250
775 728
1365 1249
206 154
158 971
1282 1179
1442 1019
1025 742
36 1152
644 414
524 229
364 1473
483 1315
1281 702
562 337
241 271
866 576
568 403
991 682
536 978
899 580
550 1249
1221 1327
904 116
424 7
404 145
500 869
575 252
502 715
1426 668
159 167
489 958
333 698
568 468
1073 708
31 1130
412 965
1140 628
566 486
889 1426
80 1335
1182 776
86 1327
1452 820
1051 814
1359 1279
1272 1055
1442 1336
452 1177
849 563
405 1479
1358 166
125 1217
23 574
95 1439
938 1407
411 546
362 215
882 726
130 38
1206 1280
534 1484
182 263
1398 919
1299 449
436 343
1469 1100
779 856
948 517
381 712
48 1191
729 706
1125 567
107 984
664 728
1466 1029
226 730
279 864
670 472
517 362
1102 1053
1281 471
1234 1192
518 261
1378 120
19 622
717 889
1070 956
244 1229
1320 572
1300 274
1085 1169
501 502
116 637
595 1222
456 946
1337 720
524 1372
1315 561
320 346
821 1079
786 1467
643 1046
32 1194
1283 1078
1260 479
65 30
984 470
1382 386
415 377
61 1121
1001 414
514 26
429 629
1479 129
957 552
731 976
1109 1227
620 458
994 1161
527 701
346 132
1398 962
809 1205
61 43
814 1069
698 307
1479 1418
173 420
539 813
1240 41
25 1208
277 563
791 786
287 325
524 597
673 1023
775 646
131 127
862 836
296 1271
819 250
718 1000
1140 1261
1408 1064
364 651
481 1328
687 1442
1163 594
477 189
977 1301
120 1437
1476 252
86 1257
832 157
842 177
447 1119
464 658
818 1216
613 1491
258 393
289 1213
414 699
660 218
595 405
1352 437
466 252
50 246
212 1280
1406 744
26 1455
611 1428
289 9
34 456
827 1242
1229 160
479 1489
1021 185
67 370
523 43
479 1203
348 294
834 955
275 23
665 800
1040 822
1063 461
864 811
503 643
430 1150
636 393
644 317
1008 837
538 545
283 287
1043 1377
1033 869
1267 1283
607 1194
1135 1065
974 661
335 654
788 314
35 703
529 868
941 375
1379 588
1188 803
89 707
1216 552
222 566
363 1014
1037 625
127 1437
1249 337
1070 880
1130 875
1367 780
76 67
1091 1442
657 145
992 1346
1479 1147
1055 948
752 474
64 277
912 79
822 1403
924 706
1069 1065
769 1067
842 1181
1183 745
513 1367
12 810
1080 972
758 1455
1489 642
22 661
1366 1391
1497 5
312 1483
1297 1317
706 1070
120 956
1333 1275
484 1351
786 172
1099 1241
521 1286
1116 994
738 468
86 874
1452 1186
721 1022
766 767
217 144
1495 952
36 942
784 35
277 1415
463 1073
383 1376
75 483
299 412
1237 72
532 295
970 1015
912 846
523 150
1274 1107
1274 1060
176 594
648 495
764 94
691 750
112 1390
1411 327
401 1363
520 1151
342 401
283 311
1033 250
594 1240
1431 1104
910 1042
1049 538
149 99
994 291
1380 482
1306 1242
560 1088
1067 291
572 1381
1317 625
30 108
286 1087
1029 1204
699 1338
1381 1350
1249 990
1198 508
627 994
1390 775
43 829
735 559
122 660
487 441
1120 1067
575 1464
1410 44
493 718
260 801
362 1028
766 1475
180 1454
606 641
658 190
161 1449
1259 152
802 980
748 1439
434 37
364 417
1020 515
825 1384
183 904
531 141
31 1378
1025 1136
1274 147
383 793
1376 710
206 733
724 1432
461 1438
859 95
27 1438
683 860
833 247
926 1339
1476 1350
376 680
982 707
215 650
408 1445
1045 1447
1305 78
883 690
950 73
1143 1065
1248 661
710 566
1040 1440
1160 785
407 1494
952 317
1315 526
1013 1415
738 1256
778 785
918 198
831 435
308 1171
499 596
1352 1023
683 326
244 658
21 1455
1175 171
372 333
286 1117
935 885
134 777
1113 819
1464 571
1133 145
418 512
247 975
1372 949
1059 500
871 82
99 1470
1107 254
118 648
1026 868
1338 840
811 750
837 1436
18 181
202 1421
1373 1238
390 462
129 737
1180 961
565 478
340 929
140 1146
255 1438
1420 326
125 802
120 138
949 732
12 64
830 531
190 1352
860 1348
992 1329
232 161
1239 34
1366 707
564 873
386 207
704 358
1493 1394
185 333
598 719
185 566
608 669
313 473
189 943
1446 82
867 33
1367 490
208 38
230 349
425 1270
433 1400
949 380
1151 445
1487 708
1063 356
775 1249
381 1112
152 1266
1359 746
870 253
1429 591
422 169
1294 998
1110 509
468 1406
498 870
1224 25
794 150
936 1244
599 209
1345 827
470 501
1106 1018
796 1117
1373 1159
552 627
1335 295
1092 260
809 1204
272 1358
588 916
166 669
366 1132
941 948
330 339
824 449
44 1448
1333 1472
1138 1257
1490 1117
716 835
1080 206
490 1482
822 66
176 475
134 649
775 1338
782 992
591 807
1451 1427
875 422
857 1249
788 949
1268 608
386 424
992 922
23 211
65 102
255 687
782 1278
339 457
1381 952
673 874
500 394
1365 1388
736 865
1013 256
27 493
903 896
1045 189
1331 1388
1227 774
271 1042
687 355
960 437
699 1186
201 837
309 767
457 833
351 967
1012 593
759 477
493 125
35 1181
446 497
392 5
381 235
802 308
1463 1326
1394 1266
376 810
277 709
856 406
1084 767
573 340
825 1387
847 1095
544 772
66 465
388 426
1431 182
1140 1162
53 518
613 747
690 1184
398 362
516 844
46 681
229 1090
19 549
639 355
278 503
924 1148
235 1433
146 694
991 127
1250 55
1032 20
932 619
128 1058
276 1210
117 555
1265 109
94 890
1388 606
58 1209
259 85
1158 1154
584 194
1363 1443
56 1376
1235 1178
820 1360
501 892
119 894
1383 986
260 672
539 877
1457 366
113 155
1026 62
1497 450
238 1195
640 1277
1376 755
861 695
112 1181
1387 243
687 775
332 136
57 1228
1317 1114
1454 1027
504 305
566 213
440 1193
924 794
36 565
39 87
379 601
402 210
1315 136
1298 1340
54 156
107 1338
740 197
1463 60
222 272
767 929
271 490
1444 1078
17 684
748 803
1113 97
421 212
792 1059
553 942
216 856
797 317
1336 121
87 629
271 1105
237 289
1120 534
733 850
16 300
834 403
131 1361
1246 532
1076 467
1103 172
875 201
1195 100
1182 1378
387 1362
37 1402
1455 985
367 845
1195 904
353 1319
527 1461
452 888
79 1227
1027 547
835 1031
719 353
292 686
752 1168
876 329
1024 122
709 647
36 166
976 268
1209 966
439 1116
69 311
1000 555
581 483
18 605
1186 1382
1111 838
833 859
1305 868
1213 88
509 1136
203 478
290 1293
370 417
862 689
1314 474
783 879
934 796
1306 414
448 1398
664 560
86 1419
1026 567
810 1375
1431 1014
1480 789
497 803
888 974
248 1037
463 1376
297 440
1120 869
345 1100
1466 411
332 1162
885 199
255 254
523 820
828 1241
421 501
333 1258
349 1416
627 1288
629 232
397 1458
1033 104
1044 1295
246 1279
408 584
1375 1379
540 34
1475 297
920 977
172 1026
440 1205
1462 296
577 1350
546 588
673 150
150 1300
493 1248
926 661
59 671
1352 99
921 1167
182 138
452 1006
776 94
562 213
1166 986
46 1416
886 1325
1426 1360
407 1328
655 1038
990 1025
1271 974
725 540
1351 1479
805 658
190 88
1498 1033
371 1317
957 566
1086 477
899 80
625 787
73 1064
635 804
1386 566
821 1028
171 1202
1053 1130
334 1465
1367 828
665 804
662 1436
1338 1494
373 1190
1329 389
1468 1362
694 1334
768 560
877 1483
815 255
698 1212
448 373
558 1360
710 255
386 374
469 283
871 1436
471 1305
1389 547
52 71
252 733
10 337
452 487
1469 1053
846 176
38 138
1329 1015
1189 1033
463 52
360 1028
1345 726
908 1094
1169 1159
309 552
345 538
644 1140
690 1284
298 952
835 1285
1169 605
1151 984
113 386
379 314
274 177
576 612
766 873
840 612
203 1410
290 331
3 381
634 721
1471 793
330 762
769 1450
897 808
795 481
1312 1180
455 561
842 1429
556 1190
393 1222
1429 28
1391 1406
875 255
1395 175
771 555
74 772
238 404
524 659
1392 1226
117 496
352 473
727 1005
759 210
778 1225
1403 1442
143 1156
1258 1462
542 398
913 1369
248 306
1479 808
625 1445
766 725
890 161
1292 229
237 1064
1385 943
898 336
487 1445
762 1402
1185 62
14 1269
264 126
1127 0
1362 648
1109 1331
1362 640
1239 1445
1111 750
78 1102
718 867
165 1252
361 93
240 996
947 654
800 195
1069 1008
492 736
371 360
865 765
1177 883
1160 8
1123 627
16 393
661 247
34 483
603 1292
1302 56
515 239
407 309
80 1286
473 1290
1390 1151
608 1413
1153 615
759 479
1399 1093
736 627
211 559
1320 636
788 78
1048 1463
221 1207
1394 1297
572 111
1383 1453
496 1100
160 251
670 893
697 1175
1109 1309
180 268
711 694
512 448
406 949
1200 11
1103 68
675 1305
850 558
422 763
1115 938
1250 1027
795 752
83 423
1080 1138
1076 1014
1257 168
1101 1174
294 1067
974 765
326 516
1066 1386
1497 1058
360 65
290 877
1215 1383
727 729
683 1133
524 401
1113 639
545 199
1298 825
721 1326
671 1286
674 1463
47 1097
1049 682
358 125
613 201
933 256
63 331
1273 882
18 284
1013 929
1471 422
1001 92
1494 1337
1478 1319
506 1207
984 1330
963 985
1251 21
296 852
231 652
319 663
748 310
1337 701
202 722
590 675
847 577
906 148
807 1381
67 1275
684 1160
340 275
1012 908
893 4
1141 312
274 63
360 174
871 1173
254 364
35 963
1081 346
1 714
659 1382
776 461
510 118
717 598
723 777
1341 217
296 952
1190 647
384 432
1385 1325
392 357
515 367
423 1072
1206 214
542 1109
1257 551
1235 1170
766 11
442 656
6 1258
565 956
647 1038
581 735
1157 387
1281 746
1364 871
739 43
513 1353
1194 575
323 279
236 624
118 869
197 987
1361 405
1447 237
1389 1498
43 994
1352 240
983 1224
1063 217
1416 649
1053 384
1221 1086
981 1484
1269 240
901 61
516 1002
1364 850
1200 623
962 854
1130 0
1099 553
840 892
357 966
656 468
1017 265
953 234
1459 252
85 1094
1352 824
533 1316
1243 1176
1221 1482
1113 1172
383 1075
313 429
1122 64
1038 994
1271 1460
232 318
1436 734
958 1229
1107 883
918 1475
1386 39
187 404
739 1443
877 24
1219 789
1142 528
1116 1339
1255 300
843 588
1305 644
1472 808
1287 1435
965 261
922 758
743 984
935 340
487 937
1283 263
874 1363
241 1222
419 1144
467 9
310 204
1099 100
1435 356
410 1192
358 385
26 1203
979 271
1441 1418
330 1159
750 1086
1362 205
667 84
4 1325
984 1170
1008 1112
307 1268
213 832
794 990
486 662
474 502
1469 1174
1276 622
193 639
299 922
1103 1308
627 396
1363 48
5 279
303 145
575 769
1143 795
1262 286
765 982
247 1432
1085 161
37 625
630 515
547 1424
735 761
1086 690
753 766
1233 910
738 591
586 858
901 1139
802 818
581 816
665 211
241 465
587 35
1083 1288
1108 1250
1099 663
347 203
581 863
855 542
390 998
1284 786
502 371
101 731
99 634
459 56
1078 1284
162 258
338 849
569 975
1315 1249
637 1024
787 1138
1417 1236
363 1228
322 780
1043 165
967 136
377 1151
778 696
259 448
504 869
150 1137
71 485
431 174
1253 605
845 750
660 60
961 239
540 1488
585 1340
253 971
958 287
424 1148
1039 1086
1489 747
245 100
404 97
227 899
1201 139
191 1403
1302 738
928 1254
702 129
825 1212
815 602
1090 54
816 1351
1253 597
986 27
154 114
387 1307
633 825
210 861
85 233
379 1341
844 393
705 706
1427 1359
187 1071
858 1067
1105 180
1440 1020
1443 1113
694 813
33 1088
1395 483
129 412
624 824
574 1314
652 323
915 785
377 777
317 1493
1193 1400
1003 667
23 1149
993 189
746 999
993 379
628 909
219 615
1033 819
467 1295
506 326
877 941
654 756
225 463
1462 1131
1104 72
702 970
484 1290
1183 916
534 47
1041 186
1035 343
771 1363
276 1128
149 445
432 1340
919 1490
324 222
459 1250
868 856
1378 23
482 984
1468 235
187 27
1118 983
1492 228
151 480
1076 1350
133 682
2 736
304 356
1005 500
217 174
444 1045
1347 413
574 905
75 88
480 1423
124 493
1223 1180
478 1426
464 49
756 302
4 1204
1086 1454
352 36
648 1060
1209 1298
219 1134
1208 1395
58 917
266 199
426 699
1063 1299
318 863
735 578
769 375
262 68
253 1194
1052 188
266 143
1249 181
234 547
1126 202
996 62
696 851
675 579
32 253
774 633
1175 352
763 160
431 580
326 1077
708 582
585 1393
120 171
1189 1238
1335 1133
1373 1108
448 1253
1091 700
536 1370
366 1002
1111 882
1141 1136
196 108
834 626
981 1216
1073 1400
418 926
167 603
877 76
625 325
1122 159
546 726
225 1426
570 284
243 372
637 1186
403 339
347 1172
5 1379
1110 101
844 691
1079 889
759 1026
16 189
52 1411
780 696
143 520
583 1299
401 1490
73 250
162 1397
456 366
1300 1007
1069 1193
1030 865
207 982
53 283
1397 227
1179 291
1440 910
1437 583
838 322
857 153
434 316
1138 632
1446 1242
822 1362
306 34
1494 734
175 940
778 952
551 170
739 1206
338 500
701 1146
69 173
734 536
797 886
604 752
98 321
880 526
1098 162
1222 1375
324 152
329 1355
169 1046
1012 947
471 288
1244 904
116 572
1032 621
232 601
1413 193
1092 1085
272 981
346 479
1089 438
179 700
977 838
730 419
18 325
1134 637
1437 1011
716 433
926 1134
1495 99
765 211
1008 1321
318 1267
1067 896
1153 387
711 1248
464 616
677 1337
671 341
1339 858
751 900
1082 233
165 78
473 404
1233 790
1488 172
730 1106
44 786
349 1398
1214 300
607 111
1047 1231
788 1363
1434 730
693 1113
676 455
1374 775
283 197
585 1474
1342 1168
1433 498
218 1490
639 199
398 936
865 1288
1218 587
1354 561
689 176
1351 482
876 7
1245 1065
921 592
1481 1355
1468 325
1219 918
347 198
1038 1116
510 941
729 1469
232 377
864 423
1055 826
759 1349
113 29
777 734
1410 1472
958 1030
963 1283
735 1368
1195 1316
1233 1469
495 272
934 1333
141 1294
426 1240
924 745
781 650
1250 428
980 678
573 1010
414 605
27 991
373 184
685 88
1125 1009
511 791
81 1363
508 213
1211 715
847 878
968 1117
915 1226
627 1246
1400 1082
548 286
562 543
323 775
792 1441
1078 109
28 979
250 39
883 759
158 892
918 1279
1333 7
831 401
490 320
1113 49
878 677
618 559
579 1050
328 909
423 654
0 1329
1170 956
1461 1398
1210 1329
723 417
1276 1206
646 623
908 379
113 1384
1236 107
894 883
417 888
853 1390
719 1228
1288 1480
537 865
96 739
300 936
425 605
864 34
427 416
1097 119
1259 1142
24 199
1343 29
1485 37
451 820
1486 826
1220 1216
1436 1067
816 51
43 824
1167 350
851 290
850 470
858 32
806 538
706 958
681 1123
5 579
485 429
68 864
386 1325
1367 2
214 1351
828 328
11 215
1116 1094
57 341
2 236
954 174
905 38
368 802
352 1409
368 1423
777 1401
567 884
140 1396
315 1257
1434 25
738 592
603 140
875 476
382 1007
655 330
932 1355
703 1157
1177 536
338 797
1008 767
1126 607
1253 1108
1399 1198
809 1290
323 587
429 295
1208 1200
173 102
390 1235
948 268
3 729
979 1010
914 1151
1396 11
1038 175
90 1425
1440 169
1187 914
1317 1146
1045 556
920 1387
1225 350
369 446
1025 772
705 1109
647 906
616 208
219 499
927 883
1294 677
1163 1037
1060 1231
611 486
988 345
808 725
431 481
843 760
888 976
0 37
820 32
525 184
1051 99
102 456
54 275
405 135
1387 1213
1499 1364
1336 1023
982 551
900 1387
76 797
1478 465
175 1186
1086 653
722 239
851 435
138 287
1175 1032
956 1327
991 1478
143 554
579 557
64 138
1459 295
946 1244
821 1230
1333 278
1379 782
1107 237
1194 958
78 1421
783 766
485 183
1147 55
1149 585
364 850
714 738
58 389
903 1299
524 1359
81 469
696 1110
928 555
1422 313
58 395
461 245
1186 162
410 8
947 1064
1039 646
855 28
442 577
907 1134
1034 1487
1359 732
388 1374
404 80
1033 1392
1360 1433
154 1113
839 1278
1303 1444
379 661
1334 911
982 1083
878 275
574 1252
213 483
118 583
1024 135
395 611
1127 1342
43 748
261 284
1014 308
131 597
339 95
1422 665
61 1398
1360 387
1333 1056
52 735
554 165
765 85
683 953
418 1125
1411 1271
1209 829
245 442
693 1416
813 46
870 1236
987 847
693 1424
343 211
802 581
446 215
730 1188
769 1406
288 367
659 857
889 245
473 199
105 1249
388 1164
40 30
1104 1353
288 773
1302 1276
139 565
141 1490
1315 591
54 1168
1063 851
68 698
312 252
852 1192
354 951
1061 940
1017 972
212 659
719 1104
445 358
1426 347
817 712
1128 441
1391 988
1412 215
955 640
1384 847
974 941
1037 267
312 586
1191 1102
567 126
988 889
1132 951
1356 1109
478 414
1244 1375
1272 635
1375 1194
1415 435
777 557
222 631
31 1294
146 320
248 1065
338 1278
337 974
1154 1442
96 214
1489 684
620 1240
1000 375
1206 150
205 523
1162 15
998 508
157 1361
1130 555
291 137
335 207
1444 1033
1262 729
302 1271
271 738
666 311
1079 996
596 889
998 538
142 364
1004 698
1487 539
390 372
509 1107
531 1158
1298 1076
1077 93
1479 445
331 1267
1080 940
690 1007
1131 1130
1092 1336
1182 1120
1044 497
822 1156
295 725
613 1087
772 549
454 469
523 836
588 1260
20 666
844 1060
932 831
180 755
100 720
697 395
1104 901
62 278
1182 317
8 1441
485 168
684 1120
935 381
1085 969
631 172
944 473
411 311
333 1390
3 912
598 1321
408 356
737 1286
1269 1310
1193 1183
1336 764
1064 561
716 317
182 764
595 1033
1025 576
104 323
1129 1283
732 551
1332 1485
879 467
1063 421
681 1032
585 1454
501 979
525 527
750 428
269 696
1158 127
12 480
9 649
839 280
165 1284
1248 147
1022 562
1396 475
1037 67
1090 872
794 151
17 1241
512 1341
501 575
1369 423
1340 261
106 1425
876 1052
851 501
1381 1177
164 1439
542 844
1252 1188
746 598
1432 159
10 734
715 426
1381 672
392 259
146 1108
545 363
474 1043
1394 1000
561 365
1176 336
382 1198
1117 560
736 628
420 1193
277 1283
373 628
983 538
8 1010
229 313
1133 674
614 67
1186 962
68 612
706 778
1254 143
86 889
1257 1044
1388 1093
186 334
1491 153
391 348
819 275
1416 1318
988 1219
482 1493
389 577
990 560
961 865
1049 1206
777 683
880 156
1256 328
1270 1363
250 1075
1262 897
7 1423
130 250
459 611
486 238
621 715
525 1105
474 562
122 1209
1153 488
1138 1336
1452 442
785 311
663 943
1200 647
1330 1355
447 749
335 54
1458 809
614 396
319 334
298 1052
1063 1277
1056 756
583 1331
1487 790
848 327
276 237
769 797
1479 733
1017 630
983 82
1251 1016
141 194
813 506
111 581
646 1105
137 1311
10 269
206 132
1465 294
1241 1199
797 92
60 299
547 1068
1458 1333
471 99
755 964
774 1045
1291 622
19 1397
443 461
670 261
202 325
855 127
764 1093
346 670
391 1378
47 892
1200 1066
437 669
1251 1022
166 581
1243 756
655 361
1373 1417
748 1291
556 1467
1304 1362
1278 636
1056 932
1132 1325
453 1408
300 219
1450 955
1400 1096
208 898
383 745
1112 1378
1043 616
1375 883
1088 1419
29 869
1221 647
290 1127
644 1358
1220 1457
1461 1229
1017 80
397 316
970 1009
161 1011
347 92
248 877
638 955
500 879
1445 1251
54 1013
198 1068
164 623
954 711
1255 598
1164 820
1426 119
1071 1028
1367 49
932 600
1372 206
828 112
153 596
90 1024
983 1284
1203 1074
185 929
1494 555
544 645
255 1269
275 1309
186 514
531 1304
869 300
130 102
148 575
787 437
80 1037
930 1196
1279 396
302 1267
597 759
1356 692
1292 752
1019 140
348 401
339 1377
121 1377
1120 346
380 1346
421 690
801 728
139 463

750 3000
108 721
660 650
225 337
83 279
272 590
453 704
205 513
180 599
316 322
676 184
652 737
464 432
316 364
652 490
131 154
365 423
712 369
203 90
70 642
187 132
624 111
98 181
484 467
630 64
277 459
630 373
276 372
439 209
125 75
398 106
554 334
361 260
54 301
353 190
61 162
92 547
402 709
129 432
433 361
164 11
701 411
576 343
734 508
271 565
599 745
598 593
641 106
694 395
495 430
373 656
28 180
25 559
649 188
296 38
326 689
542 171
627 534
689 504
34 557
386 724
194 642
106 363
587 597
122 496
693 179
697 86
626 373
515 368
256 656
95 215
43 80
69 649
639 419
581 382
437 375
702 235
727 270
354 291
637 583
329 487
55 344
18 310
359 340
190 701
129 748
10 205
135 572
665 49
169 158
43 29
290 364
36 642
257 393
645 343
417 369
620 734
499 530
140 671
280 553
735 413
406 76
740 208
15 196
629 394
375 239
744 177
378 353
35 84
239 488
266 553
82 105
653 507
609 410
315 303
502 655
121 47
453 589
403 672
206 558
327 423
322 561
226 338
405 369
343 224
218 399
328 346
190 612
167 454
507 221
552 182
157 447
530 444
370 343
52 137
519 600
601 243
504 436
357 391
235 0
20 701
359 352
234 385
226 316
385 219
10 227
283 669
473 470
688 342
208 429
211 627
393 171
434 481
695 513
195 210
577 179
740 505
192 568
412 616
9 73
527 747
628 338
729 357
420 554
489 383
401 193
618 63
736 629
127 603
490 117
592 15
78 200
72 220
430 436
399 423
583 241
58 79
14 139
186 67
476 363
392 727
435 737
524 155
651 242
286 157
275 236
107 694
242 201
174 200
119 275
624 77
280 454
274 281
623 79
455 240
83 573
704 390
303 259
410 531
212 616
660 168
218 621
173 117
190 699
379 688
65 27
519 704
654 60
648 570
599 510
664 372
171 97
688 698
413 161
149 388
489 483
666 578
479 619
553 171
544 404
478 610
726 507
79 286
298 637
346 721
646 649
706 564
27 417
678 610
36 359
319 147
289 112
34 737
493 179
672 639
505 643
174 335
692 412
178 681
127 647
614 84
60 719
155 709
74 7
504 126
591 74
369 140
386 364
597 289
180 376
626 141
105 221
348 122
36 188
396 675
130 315
428 118
589 218
667 364
301 460
312 75
396 207
680 412
408 276
644 119
561 145
652 393
731 75
222 23
564 148
54 368
219 260
68 113
99 689
488 67
618 603
201 520
586 236
181 38
636 56
619 568
391 199
172 500
619 718
663 678
95 7
544 187
626 490
564 686
142 402
185 286
324 220
458 419
620 696
34 252
481 5
328 618
446 23
246 125
391 160
663 331
57 261
634 171
407 645
131 450
728 626
311 704
252 665
11 143
368 398
409 172
604 211
240 418
601 141
674 239
375 652
527 563
264 715
97 668
31 104
414 24
337 646
596 199
297 169
576 202
467 263
58 445
504 342
225 245
291 317
511 181
628 351
63 559
471 351
455 83
208 63
431 601
607 542
86 459
183 616
404 591
39 31
59 727
553 23
351 490
230 580
634 172
174 399
98 64
347 281
716 629
140 580
62 465
9 406
717 319
660 136
352 275
399 675
266 180
707 93
14 543
692 114
155 645
491 19
448 732
264 650
375 667
325 308
385 14
646 154
56 517
590 231
74 529
617 172
699 5
649 616
334 616
188 283
680 191
525 204
22 440
122 238
198 370
578 108
355 732
178 70
466 211
424 115
445 87
587 360
209 183
587 530
230 505
655 449
4 293
112 233
682 360
234 489
656 442
411 371
54 307
164 10
584 455
87 449
515 705
406 250
683 618
171 637
203 308
498 169
352 655
11 443
555 486
170 710
554 432
579 321
447 357
361 220
661 133
306 602
38 539
717 723
687 505
77 585
713 402
269 15
389 150
488 325
367 737
458 594
206 35
481 10
445 532
158 499
182 519
0 220
357 363
741 46
563 422
54 466
641 139
527 427
351 747
695 464
624 66
290 626
302 583
56 343
359 1
33 102
534 402
6 669
288 464
619 219
261 614
15 17
418 219
472 501
215 66
219 413
639 180
452 512
740 127
662 342
28 292
539 261
498 459
333 392
420 385
229 133
7 590
362 443
145 476
246 579
92 749
443 581
730 307
269 138
364 414
481 404
38 3
675 104
406 427
133 422
496 251
137 47
414 335
230 282
516 487
492 675
528 369
53 274
174 292
232 177
11 58
682 254
264 37
181 20
603 682
278 222
48 496
383 660
336 459
536 627
103 658
67 142
667 203
242 398
280 419
312 324
33 287
107 345
196 483
103 188
504 230
332 58
33 341
692 334
95 554
250 485
724 131
89 608
659 410
468 53
687 269
408 281
381 514
224 537
448 159
599 491
324 179
468 345
573 55
210 408
584 536
689 112
420 632
695 449
586 172
286 211
246 209
508 609
628 355
79 639
24 432
144 700
642 14
359 749
503 645
90 628
492 5
525 2
676 736
587 720
231 651
572 599
478 659
621 188
41 585
742 237
600 187
694 136
65 322
669 332
82 371
150 9
348 551
20 18
80 414
636 441
500 340
218 353
334 9
355 285
695 717
747 697
173 360
430 389
201 483
133 351
709 616
75 643
613 348
478 631
73 671
631 331
394 474
362 161
121 76
705 12
373 60
227 146
253 198
316 403
34 73
616 261
421 653
233 396
576 236
654 612
112 364
722 7
40 462
444 635
416 72
310 351
682 317
110 569
526 523
360 261
116 694
514 694
353 6
568 63
352 268
204 192
83 398
471 142
101 61
377 401
568 317
35 293
101 473
311 179
261 505
658 70
376 465
717 213
226 91
67 137
370 358
325 102
650 93
105 447
356 731
93 255
226 618
460 644
477 643
703 257
733 529
173 518
387 720
503 355
269 80
154 717
433 748
432 523
178 519
744 418
79 35
740 553
488 149
639 699
638 747
163 458
452 167
516 590
84 345
209 348
652 257
716 460
605 610
79 344
747 507
470 298
748 727
370 330
350 494
541 67
299 478
495 174
2 331
653 434
696 223
204 483
384 307
708 306
602 325
279 500
439 503
261 432
702 392
508 164
302 352
670 594
302 129
505 581
294 596
461 580
203 414
634 248
652 582
260 705
2 438
221 696
647 277
91 480
465 125
482 91
578 231
42 277
326 546
86 668
356 294
87 473
11 169
51 38
656 577
603 440
112 587
48 292
312 431
62 689
193 523
368 12
132 277
666 23
18 130
397 463
674 463
302 36
442 9
450 497
389 455
471 686
317 670
15 216
464 257
538 356
491 407
611 664
309 576
321 221
215 580
613 284
83 164
383 416
241 217
717 386
334 459
544 321
720 3
429 612
34 205
490 268
581 575
157 691
71 151
383 13
171 33
221 562
747 497
645 14
232 717
418 517
436 197
50 59
62 180
247 214
412 310
14 387
279 618
303 335
78 229
128 353
736 268
744 17
97 594
694 435
105 285
27 416
293 450
428 287
506 748
89 273
275 444
307 34
145 608
298 324
189 160
749 512
673 249
131 71
305 644
56 419
387 559
14 448
514 562
641 183
233 363
499 54
140 61
365 130
94 553
488 443
693 647
107 69
295 530
234 328
336 238
569 79
483 535
365 738
628 398
451 115
435 27
310 66
376 438
20 64
395 377
471 172
335 416
565 457
329 114
740 305
248 408
400 640
479 255
461 169
616 142
394 748
722 225
543 479
408 570
156 206
161 195
188 82
94 500
191 80
413 440
323 431
467 696
230 473
619 352
285 666
498 597
380 732
327 198
299 0
251 147
202 286
343 693
685 128
241 569
268 484
84 300
490 407
492 115
704 144
368 630
77 91
580 127
163 702
630 192
58 50
237 233
149 19
146 358
255 452
346 225
420 371
495 558
686 129
679 9
569 252
730 324
577 446
467 332
74 291
192 531
179 226
143 188
225 633
651 450
204 166
532 690
518 666
479 440
740 198
330 578
702 652
310 420
716 744
569 513
163 305
327 76
344 157
610 161
251 514
339 489
574 343
22 574
569 738
315 116
710 136
60 264
38 413
342 476
226 320
35 625
468 456
572 529
103 122
125 599
484 655
526 562
421 282
327 441
466 245
690 688
80 707
115 528
419 147
380 452
197 174
686 610
310 474
39 276
603 256
186 46
109 397
246 455
717 585
568 20
398 112
192 29
214 151
554 348
404 563
501 330
80 186
378 611
515 85
713 317
514 698
651 582
244 345
448 685
130 241
725 121
3 535
661 649
484 329
707 500
406 83
653 710
113 486
430 588
201 627
656 657
261 675
298 406
693 289
460 713
23 384
382 619
467 704
232 519
82 415
158 319
513 526
548 87
214 518
403 432
728 60
439 494
250 715
648 659
89 344
410 396
581 237
490 381
460 369
745 529
409 62
313 391
703 408
228 352
473 363
48 18
307 549
173 608
660 68
161 517
301 96
108 636
314 400
559 700
84 431
173 272
530 688
694 161
227 84
307 737
5 473
164 231
601 216
228 632
661 130
274 34
372 321
271 437
388 70
683 232
59 278
562 309
671 520
541 95
502 213
397 130
349 10
458 295
431 154
466 459
579 173
69 124
429 194
627 75
306 384
376 485
234 280
127 665
521 340
651 233
329 513
248 394
580 672
518 307
221 252
577 63
7 346
265 507
687 318
192 664
708 43
234 247
310 272
688 573
278 613
277 679
451 740
62 308
629 100
34 700
212 746
578 149
655 202
486 284
123 530
585 652
88 504
129 240
289 429
606 23
200 435
25 31
431 364
692 642
638 348
584 483
98 602
179 543
292 426
414 27
478 439
144 248
234 125
43 381
473 413
739 729
682 593
395 717
419 64
282 160
288 3
540 686
218 301
525 521
504 362
705 126
479 106
313 185
130 516
427 586
302 503
328 152
442 315
44 494
83 9
267 697
632 658
493 252
60 700
341 362
415 371
289 18
107 446
98 234
550 692
415 643
135 651
69 531
290 188
370 326
565 23
486 529
278 508
74 579
223 687
37 422
400 642
383 674
440 604
332 129
635 117
198 711
422 169
413 2
140 1
593 613
346 222
471 193
37 116
56 748
647 186
503 378
547 192
240 315
480 428
369 381
489 105
207 655
741 11
281 636
150 304
346 307
436 601
204 401
693 227
506 389
418 233
40 383
324 459
705 466
430 326
461 543
162 7
29 286
116 149
673 207
158 350
579 611
384 53
402 296
193 247
154 327
364 639
567 99
206 464
642 715
597 519
327 584
576 501
338 1
706 612
524 188
199 621
355 480
450 682
548 726
254 11
265 96
689 95
347 493
1 684
383 175
718 703
181 343
670 286
4 119
594 237
582 126
281 516
191 6
295 422
417 107
419 292
540 304
500 649
747 188
121 277
716 359
347 532
682 643
486 467
427 278
265 478
70 473
352 42
124 688
104 403
116 326
131 9
226 38
231 182
391 6
722 294
137 636
658 696
260 367
301 226
478 660
189 630
478 358
746 571
572 703
230 317
295 54
268 70
271 643
606 629
309 144
211 236
30 353
720 133
664 205
89 318
238 271
76 644
13 259
468 150
101 566
311 382
537 513
259 63
568 207
557 79
510 745
170 662
109 120
273 398
709 554
689 162
63 658
35 30
518 504
608 171
531 534
567 172
51 392
86 579
75 572
513 354
301 739
203 215
675 106
730 553
351 141
485 605
461 527
272 160
226 382
510 79
567 494
389 415
600 536
742 606
745 492
528 193
207 742
241 305
654 195
49 401
299 133
685 487
44 22
644 142
599 51
592 172
233 620
118 157
29 188
655 319
35 472
430 653
521 102
463 687
735 466
600 27
38 578
160 603
648 327
303 110
412 165
393 461
431 401
12 257
239 182
543 87
557 383
214 488
559 397
603 245
173 450
420 146
598 689
321 572
598 391
305 745
639 661
247 127
731 595
524 367
260 446
329 90
418 725
133 612
378 482
591 227
350 352
375 317
241 226
158 416
739 710
22 420
113 357
331 170
525 432
2 318
9 707
189 186
336 511
122 548
637 731
201 559
568 693
422 9
16 238
546 293
8 115
505 325
421 420
657 394
66 371
153 82
520 567
521 4
59 317
739 472
698 151
281 15
71 510
115 508
59 617
691 528
309 422
358 443
212 13
673 410
247 151
704 701
326 669
612 198
312 739
616 732
628 57
718 37
295 419
86 305
360 309
40 119
361 162
94 308
685 114
186 527
414 182
340 238
746 45
497 166
206 632
749 624
519 233
695 545
599 38
571 99
270 635
572 195
1 500
415 488
696 483
681 387
310 627
404 247
245 21
497 708
722 126
420 435
704 455
402 681
604 523
238 589
102 365
136 384
694 295
224 713
186 706
318 530
157 681
442 166
1 237
221 333
394 55
256 110
444 563
608 703
304 552
128 93
505 280
117 715
471 94
384 168
551 441
679 209
309 175
157 304
284 420
348 101
375 81
193 132
527 733
279 356
509 641
362 565
617 668
642 155
145 714
698 618
230 374
201 104
97 627
151 347
7 343
250 505
561 700
644 20
644 426
569 155
615 197
297 8
201 230
462 586
128 229
675 571
498 440
578 600
97 163
130 119
55 478
444 667
646 236
729 91
482 344
258 24
270 409
684 182
270 210
9 632
37 239
286 510
616 665
109 147
429 246
653 603
655 560
88 76
658 479
504 203
732 433
239 612
723 571
273 286
668 216
326 622
95 104
481 441
726 553
573 395
671 517
661 353
654 652
521 465
144 236
212 228
69 463
432 172
641 693
335 509
351 663
447 442
265 366
243 508
122 224
499 176
225 28
234 3
450 663
149 307
648 721
266 524
545 5
475 639
546 564
501 444
20 713
66 401
589 514
730 471
699 156
391 633
196 656
147 385
536 3
661 241
401 665
228 279
188 487
107 430
704 218
370 610
564 13
175 195
574 565
523 474
97 308
278 19
187 598
512 243
366 453
387 25
485 592
611 51
709 498
633 585
538 466
715 678
123 99
431 226
299 29
523 692
5 135
522 693
78 8
699 402
414 40
672 186
194 234
332 577
632 331
263 156
139 731
306 530
585 437
615 507
378 698
19 129
630 420
245 646
541 591
228 173
201 316
525 612
68 336
504 109
36 37
47 566
611 419
556 286
380 471
311 91
275 253
473 602
708 377
368 386
580 572
8 336
561 438
463 255
596 411
698 454
137 89
208 533
483 537
58 337
112 84
245 613
17 538
618 598
402 698
445 130
230 77
379 35
142 23
412 113
360 636
496 44
315 573
157 437
247 492
694 4
472 133
651 147
469 280
233 729
559 727
433 731
376 628
191 631
526 652
84 512
637 535
23 368
482 107
680 0
18 714
668 361
716 104
413 125
114 584
119 77
87 686
660 100
240 214
583 671
698 654
115 170
567 631
251 519
253 663
336 365
334 75
16 123
596 144
435 684
506 321
668 402
114 137
130 632
555 406
265 602
704 639
250 529
122 158
531 335
415 399
678 408
614 656
567 735
742 454
708 80
452 647
378 402
171 414
499 584
240 216
240 509
250 746
358 35
532 302
561 522
627 331
370 288
218 311
464 369
695 327
445 52
621 391
558 274
666 629
87 708
711 409
231 83
92 447
537 668
244 665
400 630
141 221
353 32
546 489
163 559
742 485
555 107
282 570
297 749
90 315
343 749
74 317
277 284
135 178
742 303
619 25
345 285
388 654
669 436
174 206
503 617
510 342
236 503
723 517
321 339
597 472
457 605
740 421
526 251
544 55
435 263
556 404
113 60
480 465
133 681
400 649
620 572
445 748
567 272
372 689
166 292
709 10
166 393
233 548
82 407
642 129
312 422
154 206
595 511
51 571
681 395
314 152
689 286
681 77
4 478
143 599
531 658
450 262
470 510
138 265
62 345
376 403
397 374
112 538
371 269
255 468
259 465
335 8
739 295
122 150
43 492
135 133
639 3
498 340
47 649
538 20
608 634
381 535
382 427
242 373
216 83
290 635
75 675
65 266
546 565
160 172
156 306
593 214
87 224
314 638
696 269
157 528
29 648
79 47
257 236
205 483
122 566
134 748
587 520
353 605
418 7
733 705
144 420
7 701
486 208
196 179
310 354
459 98
69 580
359 295
479 634
108 658
654 586
361 711
219 263
17 491
322 151
615 460
591 34
369 416
75 518
464 246
402 137
17 260
84 418
293 217
299 740
277 35
494 603
209 400
282 410
76 553
663 152
626 688
458 305
540 125
305 399
407 384
648 381
129 585
630 635
69 596
204 148
473 128
106 420
72 565
287 571
524 47
230 538
746 589
594 270
248 512
347 124
616 505
323 464
435 222
546 519
747 283
80 221
376 227
246 692
671 297
261 689
639 8
330 30
731 584
317 271
620 161
177 196
194 511
175 580
337 618
337 279
80 733
474 89
634 388
715 694
508 180
385 436
325 721
107 726
436 572
173 41
217 328
377 373
103 517
575 211
195 186
567 532
15 672
171 148
13 578
284 19
0 618
228 399
33 640
205 299
689 383
417 433
150 193
333 567
596 86
65 31
699 537
683 638
283 191
44 76
664 576
583 507
402 370
656 465
269 34
702 492
409 606
365 304
254 667
385 615
196 534
127 406
34 400
613 431
492 370
269 540
503 407
374 292
300 548
682 589
22 504
391 479
202 213
60 82
445 561
629 594
167 394
247 500
252 3
168 540
119 222
282 744
582 625
84 126
408 701
738 345
676 592
660 105
246 451
298 696
409 170
605 555
531 157
295 79
223 596
560 704
181 266
278 263
259 696
548 673
456 637
213 478
441 643
430 350
172 0
348 357
430 330
723 444
208 293
22 611
624 242
391 248
97 535
249 8
739 70
648 311
167 96
500 379
671 418
13 51
723 496
89 53
277 222
195 696
620 334
382 202
51 569
172 728
665 427
232 402
160 437
606 125
703 149
309 55
124 530
727 325
22 236
192 230
41 19
430 281
731 616
355 567
146 218
159 74
392 498
251 692
160 17
594 196
615 353
236 458
195 380
241 731
548 269
613 452
487 156
99 589
353 366
562 670
200 272
215 370
712 397
357 584
711 257
392 366
29 135
212 65
579 323
425 446
372 184
217 14
458 401
579 237
320 20
611 121
561 248
322 75
5 209
505 270
323 485
229 742
167 37
157 446
684 309
348 359
299 422
725 708
390 415
304 16
132 101
638 633
161 466
454 508
125 651
255 262
616 538
24 407
79 492
590 213
252 723
449 271
262 364
570 299
103 714
716 349
73 529
276 277
298 571
559 613
212 549
542 714
457 528
498 183
700 202
558 711
362 393
374 203
738 521
425 293
503 747
285 497
348 647
542 688
641 107
52 319
290 177
422 48
600 406
705 187
218 460
335 406
633 88
694 495
290 628
492 263
215 312
511 460
728 142
468 119
18 298
452 605
47 236
518 608
685 447
292 461
46 522
347 654
608 8
469 522
218 397
146 609
243 231
636 630
536 545
151 687
399 649
351 25
417 331
677 543
358 180
232 27
620 732
612 642
538 441
79 56
509 356
736 429
602 183
357 602
529 438
298 301
261 475
337 468
393 43
107 604
738 428
217 705
6 707
504 386
684 345
123 584
250 208
32 405
609 50
27 748
571 294
631 59
655 516
193 668
458 673
234 638
88 564
74 268
484 96
322 238
18 25
639 690
358 540
670 59
547 472
326 167
490 368
391 229
375 183
233 702
553 668
526 515
449 21
547 560
599 443
262 246
273 302
105 644
44 740
142 33
341 283
501 273
64 322
420 451
158 387
610 297
483 430
693 274
140 353
469 500
401 446
186 446
516 60
521 683
557 476
564 69
607 541
637 355
206 564
8 61
274 159
417 574
364 235
419 137
108 238
471 567
158 725
33 139
380 93
219 83
724 515
107 746
266 55
377 515
454 41
730 547
472 526
533 224
305 286
577 596
458 521
112 646
369 19
514 397
590 606
148 538
568 319
362 90
663 62
401 139
406 732
307 74
580 385
344 77
603 229
188 197
44 416
660 129
637 659
323 461
145 384
17 440
592 116
389 196
529 702
407 125
45 376
388 153
424 606
129 233
339 568
579 6
537 403
496 364
431 88
404 219
143 41
45 66
62 270
259 41
260 113
46 245
524 430
182 583
226 360
744 474
545 251
616 633
418 484
233 381
501 628
680 261
397 315
587 448
142 683
163 274
543 15
258 449
663 513
158 239
465 627
268 572
219 648
465 288
487 715
579 193
670 673
477 240
631 150
270 53
482 266
77 171
519 652
122 493
417 454
596 536
703 695
512 376
87 512
377 526
368 35
685 536
748 737
700 76
670 563
748 257
557 744
361 326
271 167
75 287
41 488
223 492
155 613
232 448
69 179
739 580
321 545
633 332
547 115
534 430
112 0
680 248
396 202
411 427
49 734
471 635
454 643
682 348
215 276
232 374
229 224
367 190
348 18
278 149
168 615
366 342
73 610
159 481
79 175
30 453
341 466
342 169
405 527
185 617
573 70
424 589
145 473
710 658
605 620
183 531
448 681
123 319
260 595
238 377
404 690
663 543
86 96
155 99
559 513
93 152
12 611
622 597
480 554
612 396
397 64
236 681
406 95
730 70
322 51
415 94
263 131
709 29
475 296
56 191
603 60
638 233
568 446
657 219
115 594
327 233
372 227
352 496
303 677
325 691
81 658
501 685
581 269
301 168
217 114
369 450
206 691
727 700
578 254
49 539
228 668
232 586
411 70
710 507
668 471
374 712
50 455
193 58
699 341
200 249
73 57
76 682
691 393
685 640
409 157
219 252
7 172
242 211
411 528
467 320
370 669
716 264
174 339
555 538
125 218
657 392
224 126
691 368
626 77
237 17
466 160
414 528
483 50
680 663
114 109
330 608
414 400
362 487
515 59
36 660
192 320
178 264
364 99
653 713
23 549
480 306
227 169
29 328
731 640
77 713
3 364
242 302
33 722
455 229
119 126
34 713
39 652
592 417
257 83
720 741
257 713
425 354
500 160
642 461
422 127
70 483
699 416
720 325
324 285
249 191
99 676
474 655
178 294
45 514
592 175
719 556
297 4
415 563
373 419
696 148
645 60
499 404
49 531
250 299
186 513
430 105
598 191
556 694
8 430
596 358
221 171
260 56
304 595
254 244
181 377
241 86
269 215
703 286
414 99
409 408
227 45
260 227
210 258
268 109
303 181
730 252
553 238
94 459
599 72
701 151
195 732
364 534
530 270
59 361
600 265
329 117
697 442
347 571
340 74
581 278
647 119
179 309
94 263
92 709
519 294
90 17
280 235
167 82
246 602
159 749
493 721
323 22
425 600
342 489
612 630
123 391
10 156
410 349
356 584
468 178
179 7
112 433
361 694
618 318
359 687
386 407
189 55
664 445
62 611
576 273
180 132
519 653
267 743
578 284
425 436
254 171
24 405
218 592
335 112
262 100
55 209
182 0
686 20
570 90
140 531
443 140
406 458
106 567
135 691
293 50
724 698
61 133
3 145
434 652
247 34
741 631
384 367
197 311
537 353
302 662
130 10
21 53
426 40
655 597
428 729
252 239
145 280
321 442
229 164
323 36
321 257
475 413
261 313
618 488
490 523
254 463
34 696
375 465
176 147
619 381
426 324
193 182
718 612
621 175
199 678
496 205
27 279
626 625
96 288
373 133
733 714
743 405
636 100
148 748
471 463
292 396
362 522
593 74
176 539
526 352
728 726
90 116
275 348
684 271
695 619
489 208
570 666
302 52
431 743
16 613
174 485
133 404
716 670
191 122
661 30
529 658
167 465
502 486
443 325
87 484
419 364
338 217
362 322
462 162
215 305
458 633
413 192
477 233
229 16
576 466
315 505
469 168
75 39
684 65
322 691
558 726
669 349
381 83
334 444
419 133
713 745
230 648
734 268
600 331
358 428
304 347
683 460
678 77
683 459
744 14
3 239
429 459
603 623
145 337
439 159
399 539
664 281
705 447
177 84
691 364
585 82
120 510
452 540
88 272
509 496
324 368
578 378
63 87
380 202
748 496
350 59
516 647
454 263
345 735
33 227
690 416
700 655
634 44
12 237
291 94
110 747
519 647
659 518
643 36
61 290
651 421
187 583
69 465
47 654
427 529
578 533
686 423
490 218
42 548
357 158
205 527
271 231
610 664
269 479
637 198
302 79
456 664
161 614
591 246
695 527
423 288
119 136
254 140
654 620
646 2
219 742
75 306
343 162
307 516
529 488
514 73
183 607
256 486
731 36
432 379
576 404
660 98
363 288
61 629
742 647
349 743
370 152
317 454
630 315
250 63
355 98
74 663
725 514
135 477
108 712
562 138
748 488
546 205
627 170
706 373
470 731
110 443
31 28
494 368
319 408
345 167
715 104
610 719
511 364
203 561
505 540
263 188
137 230
437 46
239 458
114 459
314 532
336 203
621 352
740 148
30 139
304 538
342 50
228 65
665 550
450 431
597 270
528 569
732 235
383 748
278 297
583 493
668 407
372 510
381 215
348 424
179 720
220 600
84 421
270 113
301 172
143 195
524 239
155 619
579 595
275 404
592 280
560 295
486 259
550 268
82 135
633 235
110 350
634 243
26 315
499 116
348 5
716 456
570 363
277 266
274 735
690 516
70 701
67 90
307 711
468 591
676 172
566 115
635 421
456 231
28 613
113 442
416 511
521 389
360 580
201 722
706 201
546 435
40 76
79 62
508 643
115 392
662 277
635 12
606 32
302 165
609 308
726 133
232 119
270 106
515 325
506 17
669 114
180 603
405 461
73 406
623 687
80 393
211 433
672 401
373 579
473 460
31 331
742 179
326 537
1 724
526 557
610 329
117 353
629 108
727 80
358 486
611 464
326 600
631 237
588 214
369 426
90 476
196 668
328 153
212 118
412 480
354 726
361 611
738 412
653 158
433 623
326 186
204 587
517 281
412 233
68 194
257 318
718 735
224 553
401 480
604 140
104 319
465 325
124 380
251 716
144 245
53 330
297 655
514 41
724 343
30 627
668 209
130 521
588 362
691 8
690 291
680 463
381 208
66 316
291 92
39 71
16 731
218 440
107 723
539 68
495 682
376 492
231 655
407 194
579 78
490 740
628 522
691 440
496 613
10 713
247 716
597 43
267 543
408 549
593 262
523 556
414 20
226 349
13 704
520 749
184 22
366 582
229 202
686 577
201 138
216 46
412 423
292 40
239 411
346 494
245 553
746 333
432 363
62 378
238 112
303 457
666 283
480 135
585 182
540 748
471 559
241 49
643 217
620 533
32 323
548 113
539 11
738 209
423 620
678 665
378 173
651 563
516 143
493 468
111 726
405 251
635 291
701 690
544 427
192 5
583 635
717 726
628 223
259 320
726 48
574 264
19 456
294 601
594 378
240 432
118 273
329 326
271 484
329 698
67 25
549 621
123 45
521 178
121 644
215 448
648 207
628 677
661 275
185 499
448 627
408 335
170 243
351 691
208 349
668 103
15 280
82 524
97 389
498 270
408 160
728 23
75 112
152 211
35 313
522 535
5 38
189 202
51 160
263 362
191 467
630 387
267 670
217 575
251 455
328 716
