21

3 5
6 5 4
8 5 10 2 8

3 5
5 4 2
3 4 5 3 3

9 11
116 130 387 368 330 605 945 292 933
984 280 883 106 982 973 404 541 717 152 210

9 11
426 373 977 684 696 573 793 732 86
835 609 248 177 779 385 258 665 215 437 689

9 11
131 719 746 949 515 612 604 869 290
27 3 882 691 588 513 846 690 237 979 571

9 11
538 645 672 941 443 307 425 23 259
761 578 683 262 220 851 239 769 319 269 990

9 11
351 239 354 175 36 784 237 273 571
617 684 139 747 333 515 235 464 585 802 149

350 443
9167 3187 922 6083 3472 9416 8108 3066 2435 7212 1073 4351 7336 34 5262 7279 8308 5826 80 6011 4010 6158 9292 3664 4216 6365 577 3571 2647 541 6821 7515 809 9370 6952 5441 7359 4049 8562 1410 2591 2988 4681 7557 7985 5072 6853 4656 4499 673 9859 4427 9975 8317 5195 2167 3745 9273 9177 4657 8164 5976 1534 3978 8392 9223 2519 3301 5017 3779 8273 9542 6294 7779 194 9304 7648 2725 6044 5596 8086 7216 8155 128 8052 1678 2357 6275 4188 30 4321 7887 3709 4475 5987 7779 843 5491 1993 9265 7906 8094 5342 9133 7453 477 2788 4367 4582 3356 2972 51 5799 2563 2678 6300 9311 36 2775 6696 5068 7059 6765 7394 8266 7881 3613 9015 3605 4879 8336 6888 8522 104 7162 4179 9044 4254 8001 8309 8374 9311 9336 9353 5704 6179 821 7141 5771 8137 1567 8623 5975 5702 8597 2158 4360 3794 8109 9368 6702 7271 926 2322 3611 7878 7485 696 752 675 1142 3555 2263 2182 5927 7444 6017 2435 9043 7948 9245 5165 7139 2459 4205 2744 6541 539 6598 7432 7647 3492 8800 8915 5918 3413 2172 8352 163 5443 1348 5418 2357 2577 3733 7296 709 2574 1959 241 2206 1120 966 1118 4991 9148 3149 184 2146 9055 1026 556 8988 5472 7183 7789 9829 2731 8748 5596 9094 2821 4973 8260 4544 3212 7366 2060 2104 340 4017 8032 9386 81 195 8901 2628 5047 7838 9496 3264 1319 4876 2285 577 7283 7106 2649 1547 2753 2871 3992 4214 8638 1338 6425 2610 6916 8387 6 2487 1402 3592 6092 3461 1699 7330 9202 3876 5791 3010 7168 8395 9273 611 756 1011 4922 3420 3203 6483 2021 3555 2136 1763 5716 1156 6120 2007 2869 299 4218 2772 3537 6889 5878 1986 1817 8230 4421 469 2884 4760 9133 712 4727 6209 4528 2687 8680 1534 1905 9942 8422 9257 7291 4872 2372 3904 7236 8903 7294 257 4161 6997 363 1472 793 5194 8454 3247 2667 1597 2764 8320 6445 3352 8099 2263 5660
2552 5314 3375 4082 3879 6914 2407 3489 3117 1478 6766 5583 9803 1325 3054 7488 2891 7101 4037 5179 754 7609 138 9059 6455 55 1504 5909 2094 6775 5561 9820 9182 5464 4371 4438 5861 6278 898 2952 8213 4067 6224 2372 1464 8250 6647 748 1333 46 7941 6405 9129 6393 5163 3545 1955 884 8777 4811 4705 8841 8211 4434 2768 4815 1003 6769 6985 6339 1580 3821 5587 6796 6784 243 1761 2726 5693 21 8418 2220 7088 367 173 2511 7365 9239 1818 3650 8992 7457 2151 9961 9867 8013 6791 5293 984 1653 310 7754 1137 1229 8106 5891 9070 7166 8993 9028 9024 7127 6927 8263 4707 8732 3803 8198 6872 395 5150 2202 3733 4910 9444 4178 7788 8614 7598 6047 706 8978 7157 451 6471 3417 7134 4720 5853 8626 3078 3153 3198 9073 564 5366 6887 5548 333 3561 5415 3226 5294 523 8414 5107 7066 3935 914 9056 1861 9101 8786 4176 9541 1983 4439 1622 844 8071 8854 386 2681 1857 9227 4642 4162 9368 2940 3659 2805 4104 9637 5473 8985 6995 5885 8685 1243 9000 7013 816 3156 3958 4603 2238 6641 2669 4513 5618 9260 1538 5773 3438 7020 7583 3830 1456 3385 6981 8570 7057 6551 5334 8796 7009 9358 2763 2811 186 9483 9344 3249 7535 1575 2594 3191 6381 9696 4093 5608 7435 584 4926 3906 3586 2919 2544 7656 197 8148 3960 5242 7442 3256 9429 7597 993 4014 6118 5165 9045 5134 4133 2831 2401 6248 9800 9352 1608 8948 8093 3490 3676 2742 2248 3122 969 6163 4502 7655 7228 8425 2401 4035 1854 2749 847 5920 4155 5977 6648 6182 9902 2867 1756 3313 1010 2807 1752 2006 3656 741 5538 3588 384 6179 6262 2118 3990 5227 6033 5875 4860 5086 6246 3246 4516 5170 5486 3085 6199 8513 8706 486 2538 3435 7113 9063 2798 4805 4426 4164 8789 4067 2325 6620 2340 7298 7811 8655 1308 4762 3185 6028 9262 3120 8376 3514 7145 3617 3485 4982 4470 4125 5768 3268 1556 64 4008 1918 6834 9158 5298 7900 884 7303 3063 1152 2392 7799 9866 1864 2309 2420 5383 1624 5959 1653 5208 7012 9063 1714 8718 1008 2432 6755 2580 7199 1403 4480 6667 651 28 1277 8407 1524 462 3011 2089 9047 1544 145 1072 7423 5975 4973 7357 334 563 2244 1630 5682 1524 8640 3554 4340 1015 6195 8978 4324 6775 904 1050 3436 3721 3244 489 9875 3540 6310 7238 6276 7994 1319 4918 9485 8263 7730 7284 2575 4994 9776 4887 9984 1300 4330 1871 8048 4403 3268 8378 9086

259 350
8538 7374 2041 515 7067 2334 2960 4466 2330 9359 2248 3782 7296 88 4835 4773 5129 6997 285 3111 5354 2950 6651 9494 3792 4300 1790 5830 5671 5216 290 5956 9390 3912 7743 8881 1644 8197 3077 1287 2326 6630 5933 2021 895 1641 355 5025 1214 6802 7674 9140 139 1094 3270 6120 7124 9770 8752 9153 1329 6259 1797 9270 441 8249 3191 9322 9209 2004 3862 1546 4908 1858 2078 210 3172 3951 6677 839 6643 7329 9944 3557 3510 3938 6838 7011 4509 2563 2757 1250 1106 5788 3845 520 3534 8782 496 7563 4448 8104 4938 5081 6498 9158 7640 6478 3852 5343 1195 162 2485 1991 8922 4578 6175 9365 5144 219 9107 4968 8090 4109 3089 7256 2182 9385 2100 2542 5348 7936 830 6175 2927 505 3203 8836 3339 7239 4837 3749 130 1379 3993 9843 7886 9586 3384 3150 7443 9216 1498 5987 1537 5266 1541 3412 8849 1250 7830 9194 9917 6165 4798 1652 1856 1478 2110 9335 303 3851 1503 8896 4728 8524 1857 1671 9755 8758 7679 7807 8459 5157 9545 3353 4400 9517 6343 6079 3554 692 2375 4620 7677 6448 8386 7034 8900 968 7423 726 6694 419 551 779 3168 7743 2353 6519 4610 9921 974 9821 9731 4424 6264 8183 5257 3960 1256 3265 7682 375 7777 1779 2061 1023 1147 5862 5063 657 2343 3885 3616 6628 9360 4772 5227 818 8463 1247 4262 7692 7340 1108 3097 4351 5556 537 1461 7863 1673 7573 8800 175 4520 3779 5769
5292 4908 156 1460 459 2225 2258 3337 1199 6743 5574 8335 1776 2973 4431 5601 856 5056 8295 7228 2553 602 126 4718 7558 6970 2476 7566 2816 7352 8578 5344 9722 8683 4149 5590 4427 3419 8159 506 3221 9823 4571 1564 3574 1043 3317 3983 3074 166 2916 3268 6022 9862 7999 502 6738 5665 9902 5370 4993 3578 6202 4998 9813 4131 7162 3472 9102 53 5799 1938 3232 4391 2176 9419 1161 9956 1314 700 7566 9668 5199 1457 5579 3106 8974 3507 4250 1201 2197 6118 8770 6155 3171 9757 8455 9655 4525 8023 399 1634 7380 6374 6814 7444 804 1915 3852 108 8296 2162 5563 9323 731 9233 2370 4333 4117 7253 842 11 7147 1837 5916 2158 4109 6259 8839 2592 4516 3579 2759 763 6869 3010 4537 5288 860 7465 7384 1053 3625 7504 2045 2059 6326 4832 4881 8984 1307 4627 1852 1865 5701 6341 3230 1177 8498 5040 1620 3389 4362 7477 3200 4068 5953 374 5403 9605 1222 4226 2397 2428 7178 4713 8793 4477 8037 1864 6609 9299 1263 9350 7510 7110 3403 1405 1998 7303 4790 3662 5239 9559 4468 3455 6220 2331 2955 477 5639 1394 544 1144 3670 42 8908 7948 5995 5163 2926 4474 9258 6705 904 8514 8995 3672 5133 5393 2959 280 2771 5379 2256 9328 82 1221 5879 6331 1101 2511 8297 5978 258 3508 8175 2007 1012 9486 9099 8551 664 8207 1846 8096 6809 9083 8846 4455 255 8709 4858 1338 6585 3182 8212 9371 340 3601 9042 8773 5777 1777 7432 7780 2642 1169 5700 8179 2905 4281 7591 5708 8138 8595 3820 1970 7220 2811 3552 6979 5741 531 6242 3261 201 7652 553 424 1656 4565 3002 7200 4889 7888 8781 1869 8014 5868 9025 858 8330 8841 4164 5850 563 7609 5368 5549 3392 9339 3850 532 4322 8443 8294 4092 6564 875 8184 6290 472 6071 8070 7233 2531 641 6443 7202 9064 1857 182 2156 6818 3283 9624 9736 8224 6373 6644 1292 6162 3039 3689 2979 6780 9526 8183 5083

384 497
7692 2980 6596 9820 252 2225 2225 7391 6732 4556 4960 7396 6219 3338 6496 1579 6147 5821 5033 2384 5091 9782 9597 8731 7988 5097 3574 9987 5311 7047 9703 2284 2430 993 7721 7389 4470 8729 1603 6051 5400 989 1536 1844 4149 3413 1808 1936 5792 6788 6129 2557 5629 2737 8469 5443 2228 6991 2049 8871 4340 6499 234 7018 5273 5972 8940 3407 7978 9727 6786 6844 6534 8773 2190 5463 4042 4010 1612 9101 1396 7084 5635 5124 7846 4821 5481 2685 961 8832 2396 5283 4074 5875 67 7097 7560 6575 3441 5478 5151 4435 9363 4232 2849 781 9926 74 5883 8455 2863 8866 5175 1004 2654 1993 9720 101 1773 8703 8154 6528 8679 8101 8606 1173 3981 9761 4759 9482 6856 4965 6752 8190 7589 8459 9247 4167 7756 6501 6535 8377 2016 8127 2234 8778 8203 3246 9345 4961 420 6017 8392 2330 6810 331 8788 7576 7423 8474 6453 5203 2277 8377 2716 6522 6779 4476 7426 6027 4252 8999 4211 8928 6130 8049 3992 4195 1210 9705 9691 4802 1231 7189 2107 1977 3429 2711 9407 9908 5338 7987 4623 4477 9672 1108 8769 5294 4629 6484 8159 4483 1731 7217 6101 8415 3744 4376 6856 6546 1185 5538 9825 5628 6492 7825 2059 8692 2089 5081 3403 4565 4465 3373 2116 9744 5584 3198 5366 4942 6548 3534 4015 2655 2383 673 9592 1183 3237 8248 5915 5229 7276 3278 6953 5694 1285 6594 391 3050 7931 2858 6437 6161 7850 3059 9957 9930 5820 9096 5549 2167 6379 7770 6079 4219 9856 2974 1357 6805 5258 576 1414 2345 5742 9601 1141 8997 3146 5071 9786 4952 1827 3720 2407 3338 9320 4678 9948 9808 3300 6849 5383 6688 5998 4506 8684 3832 6772 5907 1081 5898 1878 3729 2641 6295 1893 6246 4706 1883 9326 6077 3494 2437 3100 7301 8170 142 8305 2312 4447 9925 1946 473 5038 8245 6586 3706 1192 7408 30 4286 8879 2087 7975 5960 4324 7560 2271 7031 9450 3186 7113 7782 4924 2333 8030 4695 501 6661 7803 762 4010 8937 8480 5719 8225 6026 4355 8202 6551 7437 7821 8835 5304 3305 5541 1770 9317 8878 7509 1614 9529 9692 1526 6139 5538 4567 3951 2919 4620 1601 8678 9476
134 9420 820 1738 1311 9750 4723 6333 7098 1763 5002 2278 9524 2803 4858 5325 6079 687 1267 4441 399 6931 2179 6012 2512 1620 1236 1036 6774 3425 6764 2178 9638 975 258 658 9243 271 8892 5778 6768 3524 9298 9801 7008 5984 577 501 7565 6832 5622 7579 7624 6718 276 5522 453 8144 9728 4524 6867 7253 503 232 9610 5625 5843 2600 4162 4852 187 9045 7425 5745 4001 7842 4090 8254 8937 5864 6057 773 8710 37 3657 8149 5009 4520 552 9398 1058 9790 4686 8100 7218 2953 9512 5019 6841 4857 9483 5335 9774 6003 8636 8437 6500 8588 6950 9419 6976 5386 6428 927 816 2853 6313 8550 7680 3152 156 8610 7440 38 2576 4839 6060 1240 707 3702 9291 1734 497 8788 2155 1839 4474 2208 2312 6744 9110 4473 9661 2552 3139 1433 9584 5896 177 6283 2615 4104 3730 7348 1294 826 6269 9554 5496 9764 1065 8823 2032 9719 6118 1461 874 3296 7880 1339 1579 6255 9691 9792 5593 9311 3277 5700 6002 6721 2808 5245 6225 2750 3147 8597 510 7571 4996 9848 4772 5213 3272 2524 8956 1281 4675 9898 8660 2695 1936 2708 5297 186 3919 9365 8473 8365 3880 9294 3212 9099 5148 1568 7330 9312 5476 4986 3261 3367 7554 7949 371 9153 1367 364 6585 8097 4378 9406 7827 5392 5474 4790 6003 5204 5685 8650 9572 7833 5597 8075 5315 1747 5884 2582 923 2344 5039 4730 5559 7582 4516 4045 7707 1914 8750 8849 4275 7697 5043 8359 5327 8737 5904 2200 9746 1723 9595 1548 5660 5628 8837 82 7406 7428 5518 6752 3803 5753 6306 3207 2936 9537 2582 9146 6751 2345 4500 4787 6136 9224 7662 9226 9590 5182 2185 3415 7357 6089 3507 941 2189 2425 2455 4637 5079 9943 3003 1107 2464 2314 6428 305 340 3864 7557 8968 2026 5874 3899 5492 8778 2769 4683 6271 7315 5837 4483 1596 5685 6950 7975 3725 114 7480 393 1824 3642 435 3942 8740 9357 2141 5464 9505 6325 2398 3572 6153 8655 9603 8678 451 1127 6405 8668 9467 4287 5872 2667 8634 1471 5852 3869 1759 5480 5969 271 6366 4950 1305 512 7491 3924 6421 275 9609 2110 1796 8209 1831 323 1186 9192 6114 9526 3171 2743 9344 3038 7053 8184 3440 9037 7721 5181 6460 7900 9340 7574 4970 3849 4461 5474 9302 7473 9019 5884 3903 242 4855 1090 7909 4180 43 8117 4128 83 1447 3801 824 4124 5063 3686 7291 1776 6493 5168 7778 2488 3313 6315 9952 9868 6786 8811 4353 7886 5669 5461 8382 5345 5406 4789 8259 3825 7405 6174 8477 1520 1940 5701 4637 773 3757 2910 6674 5425 1057 4339 1226 3066 2522 3848 4290 5893 6280 6268 8476 5711 663 2589 4890 392 9903 7858 5591 2808 7552 1042 3041 7663 7328 4078 4205 5979 6246 3861 6584 3019 6163 3850 7648 2424 4046 5944

277 499
477 265 323 6362 6615 295 2604 6230 7032 2906 8400 3431 2886 9617 7082 1927 2985 9078 9644 1423 3239 7419 3399 5126 1906 6768 762 275 9357 4741 5688 101 725 1090 4211 5682 776 8838 5119 7341 9491 9670 9666 4700 6069 5645 6906 5271 2676 6200 4722 1993 3001 8619 2425 8405 9812 4390 3397 6277 4643 3678 9002 4402 9771 896 594 7621 2587 9754 7832 737 3835 8407 3143 9656 9390 9020 1401 1997 3505 9260 1574 6843 7418 5184 4431 365 3393 476 3782 8337 2075 7893 4757 3351 1354 352 6633 1120 2609 8954 6480 4195 9568 610 4516 4868 9820 2089 2873 301 1661 5981 9567 8182 1594 190 3613 6943 2161 3742 3280 3631 1787 1256 3016 2574 1053 3875 4728 3204 7999 3748 8906 6134 911 2769 998 6029 7352 508 8070 3913 4281 6032 5129 4469 6034 4521 6027 7226 4705 5359 9523 119 1970 7213 9018 8001 2952 4817 9335 5637 9784 5164 7806 9472 4902 9576 7549 8622 7917 4400 5157 9168 9242 1381 610 1693 8858 1990 9399 2961 3921 4261 3691 4929 705 7239 4780 2306 196 7716 1415 4577 1486 4342 1299 9245 5192 4663 6234 2309 4866 7306 8483 8044 8435 4646 5200 3979 8277 1397 6395 6760 3542 7609 1619 6956 2619 4726 5685 1214 904 9958 876 465 7222 3801 5315 5464 3164 1211 4891 4306 349 3560 7028 601 2472 6011 1840 795 756 9103 4933 2939 1434 3446 4403 5045 2800 6937 9417 1441 7040 9889 5991 662 3150 9616 8453 6024 4054 8975 5880 2374 4614 1652 5633 2388 8524 3584 3179 1008 8362
3141 4957 3696 9859 2514 2650 348 1264 2113 7732 1850 9570 4185 6990 4497 7141 4852 4585 7717 768 7612 4186 5500 3282 9258 9746 4764 8465 5735 3728 1189 260 4440 6062 550 6769 334 8075 6452 2243 2509 767 116 3903 9736 8635 8660 5813 6131 8197 9049 8495 6138 3717 8709 7214 8813 3369 4630 9730 7212 4701 970 6798 1577 7280 1472 9405 5781 6158 5344 6067 3162 9621 4154 3933 7575 6368 7890 4545 2096 2012 237 7974 2881 6748 906 3295 9945 3088 2035 3544 5124 3659 8496 7136 6795 8652 3152 3555 8811 4275 3449 7117 2860 4373 3519 3060 920 6200 6200 399 8684 4322 8310 1997 3297 1584 8978 6242 8401 4086 9201 6560 5428 467 3135 9025 7327 1692 1099 7070 8545 1320 8706 3736 1544 6519 8785 6626 254 6694 7479 7743 5536 1329 1220 6199 5992 8659 962 139 1048 6780 3146 1358 1897 7326 838 6435 9280 6844 6790 2805 7398 2913 8377 2017 9788 4013 485 6880 8309 5182 6765 6755 8384 9359 3461 9373 9440 9916 7722 7815 6165 4959 1832 3339 1758 6718 1252 8369 4289 3584 3377 5961 1412 5500 9230 4350 1144 352 6313 751 3737 9021 6074 8862 3141 6562 6189 7807 1736 7074 6010 4208 4296 4356 1005 4437 2558 2799 9805 6471 6118 3313 8378 1849 6446 6582 6896 4624 9720 8661 2604 8923 7788 8463 4058 9478 7249 5040 9940 989 9115 6622 1684 5992 3553 8491 7637 9927 7421 1998 3197 8259 8210 1569 2514 8997 7371 1024 6810 8752 8059 4684 6399 1533 4398 2985 7416 7850 570 9563 2103 249 1934 4452 6464 2277 341 386 72 6900 9850 8281 5859 7369 6739 352 5957 8046 5609 7412 8500 1447 9554 1966 3394 3433 5211 2741 3691 3649 9190 1950 8965 5613 473 4888 7045 7793 4983 390 9650 7793 2761 4080 7317 8728 5864 9830 370 9027 8884 9715 8298 8485 3025 8066 1313 1223 7272 7278 550 6870 7176 2066 5715 1943 6307 5199 1144 7553 4995 9585 6668 1145 2447 4661 9246 2786 2224 2172 9499 6231 955 816 6420 9109 3066 4412 9758 9893 4960 6845 2163 4211 8300 4141 552 9542 5970 8878 1560 9953 5691 1480 8714 2046 1604 7915 1414 4800 5101 227 1381 5916 9067 8700 146 5981 9261 5895 6512 2870 4915 1727 7669 1103 1309 6407 9570 5324 9494 636 3486 9712 4150 1541 2295 5106 411 8190 9890 3291 2074 5458 840 3028 8010 4250 7061 4298 8523 496 7189 5732 4776 6037 3792 6005 4436 9954 4771 1618 9795 1904 7681 9054 15 7210 7765 3804 8403 8627 9849 3594 3905 6935 8142 5128 4851 7882 5419 1477 4948 4958 314 9462 8976 9518 7363 5376 9626 2225 2510 1377 6737 4593 2688 1011 4270 4765 607 4069 1095 9711 7517 9300 5333 3648 4781 6130 4388 1417 2552 6777 4549 5697 8069 9258 1659 1916 3211 2550 8195 487 6194

448 443
8601 8254 2818 1096 1508 5784 8449 3311 7427 9195 4239 1627 2379 809 2173 8111 1233 9275 5840 4932 8494 691 4390 7127 8124 835 3580 6887 3110 2063 9166 2949 8700 4942 2225 4371 1714 9692 2080 4901 4142 9485 1334 2114 6340 2949 3858 6176 7356 5832 8666 1533 6628 4607 6194 5617 3457 8964 3728 7414 1746 4753 6009 1298 1128 5544 9583 4975 2142 4448 2860 1849 645 7749 1779 5107 1280 7584 4778 7928 5417 938 8459 7418 4219 7475 3972 6156 6952 7244 6320 2684 3506 9390 2655 8693 9722 9980 6690 7410 7601 3852 7648 4951 3231 7706 7451 2958 6669 4317 8973 3143 7017 9619 2931 9493 4946 1246 1553 6280 298 488 6356 9953 5236 5824 9512 7823 1431 6971 3662 1825 7546 5031 6701 9261 5456 1975 6674 2963 853 9613 5538 7227 4516 5517 8834 8430 7183 6808 2096 3253 4975 2064 3787 7342 8088 1725 9538 1867 5169 1345 6283 2245 889 4288 3028 3596 5289 6356 6568 7726 2405 7511 6165 4850 7325 9597 6151 2029 8936 8068 9604 9268 3988 1816 2 5165 7584 8811 2832 3086 8496 9611 1777 9239 5103 7570 629 1832 8600 566 7554 6676 3335 2358 245 6455 3057 4924 7370 8514 58 9192 860 2649 2538 3433 3111 4245 9458 9340 1746 8755 9727 7511 8105 7351 3516 6263 9847 1419 1671 2653 8967 2878 4734 8647 9289 1896 3328 4187 3885 7332 6432 9404 5971 2537 5922 7851 1235 5764 4848 6629 5863 5017 8533 477 8184 2495 7634 6294 9796 9717 9647 2175 6351 3904 7240 570 7335 4525 170 573 7811 2244 87 5171 825 2056 1590 7706 3575 8634 6068 2792 9006 8060 3560 4518 8142 8941 8501 3572 9741 4664 215 9856 1308 577 8117 3597 9097 3758 805 8160 3817 8911 8493 686 4400 5550 6136 7523 4809 5779 922 6531 6743 1607 1408 1581 7044 2452 665 1560 2833 9029 863 3597 2548 1536 9766 6917 377 7036 6275 4262 6605 7209 7618 9437 929 5273 8835 2995 8960 8979 8649 4231 1630 1529 6508 1451 2767 523 9461 1947 7895 3250 8146 5026 8127 548 6739 5281 3282 1128 6695 8710 4711 388 4200 247 3985 6579 4018 2333 4942 4009 3535 2811 8390 9158 9030 7857 1776 2084 1699 1669 1448 8165 8742 4288 1064 892 4111 3317 271 6813 7675 1158 5991 1595 9584 3136 1017 2103 4086 1717 4874 4291 7571 8901 4562 6436 5747 6388 3341 903 5753 2596 4773 1954 9866 8166 9184 6593 8749 1706 2315 3941 2024 1100 9455 6733 765 9604 6528 2317 5715 1812 7866 4463 9557 6090 9251 1972
4310 7359 3471 4843 6849 2294 8841 2560 7835 7165 414 7814 3633 2837 5897 8294 4499 4177 6292 448 4931 1700 3305 1147 5077 3453 7336 2965 945 4447 7620 8358 6455 6897 7897 4381 2827 7929 6333 9709 2518 4206 9522 5091 7796 1368 1884 1340 9378 4406 9742 5149 4179 6260 7071 9515 1472 4035 9375 2117 2836 2201 7315 1631 32 6050 2555 2232 7799 8205 5683 3512 7984 1877 3877 7040 46 1851 1353 5644 7686 4725 3051 7597 1350 4250 3900 8389 2493 5989 2430 5225 4862 7391 5391 1620 1498 8447 9388 2048 6586 833 2176 9043 338 6521 6961 8132 2904 1618 3799 3229 3141 5700 4126 6737 217 5661 4855 6938 7025 8543 6610 2756 9369 7366 1213 2869 750 3060 1190 240 748 6387 9124 3745 2466 2373 2752 7972 5493 6966 2852 8563 7733 5398 9575 3372 2321 5074 7243 2346 7937 1173 9045 8374 2202 8505 276 2129 9301 1708 5220 6619 5794 211 9542 521 1575 4681 9735 5482 4126 4666 9411 8547 9990 7971 9090 958 9302 3205 4295 9807 1776 7106 9635 2778 2353 7156 8288 1039 5292 4724 8777 25 9746 2169 7077 1956 8794 2617 8923 4771 7216 2284 3889 1923 6617 912 2255 5969 7740 2989 9221 8217 2077 50 3283 7566 8775 2570 4239 5202 8336 1361 9114 9589 1109 6519 4780 3897 7908 2642 1235 4235 5634 7419 8438 5623 2068 77 1645 4876 4073 6938 9259 1793 2026 1048 8466 6424 3820 9545 8624 7707 8817 6767 5397 6386 8828 425 9831 9640 9343 6179 8229 4512 1973 5617 1831 5735 31 7072 4899 5163 5268 2415 9525 6818 4023 812 9376 7740 9263 9447 2804 7549 5940 6279 6040 641 1222 6605 8388 3447 7218 5380 4493 6406 554 1869 7546 6206 5212 6068 7077 5666 4599 9037 248 4611 8395 1878 5864 6022 890 9262 4816 1713 1271 1793 7737 8939 5571 2402 2828 3814 7978 8230 8098 5800 2706 6961 4884 1175 5591 5037 5146 2876 7582 6776 1178 9348 9046 8442 768 1574 7875 5174 3754 8871 4935 3084 1234 6700 6166 4133 3431 991 8007 4306 4025 9915 8333 2192 5454 2800 4883 9782 1465 4220 4841 1699 9001 4318 2284 299 7191 7956 4178 9485 1195 2351 3403 8979 7355 7417 3578 9727 8746 2957 6107 6789 5691 8384 3030 8120 6832 6460 1884 5827 2949 9744 3317 466 9608 234 4801 3967 4879 7 1112 7711 8488 4002 2376 5958 231 7901 9213 3128 990 3602 6762 2108 1108 7225 3853 7352 3415 6886 5479 7553 7561 1007 5129 163 3924 1572 6835 5864 4959

572 614
16943 936728 147844 955056 170146 281714 14424 359327 627006 184920 761151 746600 916553 756084 28308 518666 881578 895786 677188 976753 353170 881422 964639 631791 41783 960419 127007 404610 192932 822625 675873 961015 650301 641996 701092 837418 146366 516825 162141 479381 741466 683621 100677 58632 168734 500201 728675 100722 417227 435111 546021 149080 213678 627281 525262 441500 761774 195845 334791 538206 519431 924683 657429 142149 752336 766982 576954 877261 150791 133735 665313 995659 576112 868365 22729 118559 422608 171676 190683 233711 416342 694051 397811 474157 916423 712706 100240 330369 114727 115540 758296 29392 415831 706467 86942 56510 717365 271765 341689 592488 316047 219290 205218 652756 787364 439354 527407 969473 804050 470434 35982 760725 487717 636747 861787 696982 404178 655177 186388 967048 364760 671797 832899 661996 928730 912164 91003 72663 224876 102012 694983 252349 62918 309793 587006 379167 291121 826966 421487 943890 887920 27523 241103 787814 625776 89799 462084 837694 607771 969559 978782 496884 121241 948073 977439 847021 498123 294128 47831 131508 370890 240011 482462 640237 844569 124201 247011 446677 726598 648333 983635 941959 711316 998934 397774 403419 620430 3252 877436 628960 326383 234011 108220 351947 287994 288495 169786 776344 752246 462307 738295 871166 701070 852102 812499 795363 167140 978015 251559 626090 43245 992099 18605 388311 321837 493076 906276 746333 122311 757554 585518 975264 715403 672124 731629 511445 718991 866148 872414 810496 258207 441062 718262 449423 808573 664880 321267 426718 840334 904236 331547 315980 609795 695800 264861 58636 93053 919927 920629 8581 67348 661987 641143 708610 739297 705499 446712 515553 60935 501508 941129 787753 563674 373022 835833 410013 857452 288767 305067 622039 858198 183560 363706 747737 897179 173614 127375 775774 215600 987780 677772 166550 664056 975470 446182 299784 476184 983347 382840 396083 584173 13870 842200 99744 329377 187561 472104 926511 174605 220751 889141 380503 6405 638864 964896 261304 709394 156748 817206 612113 486591 814056 461830 250127 180571 403768 456708 747071 476542 147469 546917 405002 423073 169156 567684 249576 334578 312001 527981 157013 232591 980824 782478 90493 475956 800479 34291 590165 435549 813007 31698 27104 802853 575643 649333 167970 349682 18573 37517 990168 556958 292348 159008 499740 153732 556469 711700 499171 462703 887008 958915 222640 456057 105400 392769 745098 168332 668946 875350 176641 366370 239521 95848 670138 731071 8242 636325 454875 993999 780402 96049 595605 713640 926487 369687 586916 957266 418198 614737 143809 673755 922502 75625 580850 739475 14445 360201 857594 767257 987011 833959 615672 65866 902613 107761 410340 868922 391871 584639 771568 986489 955137 286694 78744 915301 282616 429881 771889 726861 304336 80191 601814 398352 421995 294861 901851 350238 619347 389929 163641 895758 24979 842334 813231 37149 370090 131804 11108 677806 631107 425445 362559 305660 850606 527807 511019 255922 601492 194605 973418 147753 682036 856668 46860 789226 884124 761425 769144 665387 143443 397113 583581 780177 88671 707285 640304 386680 167691 401070 797137 638626 989886 980427 831822 717705 555867 681581 602899 140705 277037 604030 270907 176650 714863 525134 548267 110356 991550 601964 544535 97155 131491 114954 434915 632095 664160 945363 578875 655431 800963 814480 593278 732843 432411 702091 563771 519011 341291 308355 580750 233229 298677 179853 930837 982354 616557 712 922434 604224 158988 581595 552394 775461 840718 981605 866460 893517 366539 27317 462011 564012 37632 451945 186466 253659 536420 120930 736933 644178 308005 847176 388092 940568 112712 520892 520470 186022 497788 188462 595733 883741 340269 792663 257296 812456 750508 858789 126101 777539 401361 691227 254821 721779 269688 231255 67178 444827 567289 395411 620885 835944 76603 695146 182004 974672 563948 493394 429072 395844 801994 941942 10936
617565 34069 3155 476994 854037 511152 508367 846712 152805 36845 967209 42260 372782 127499 642749 20598 160251 148687 748251 806499 759466 740523 302086 511573 998145 788977 847876 855149 808102 994170 456602 918363 316632 471646 252769 707703 547915 450626 772403 326656 209826 429964 394766 214350 4818 452113 179328 119503 415734 613241 54045 523796 591791 946421 552386 463586 420719 992329 905396 574194 551950 47789 33192 160427 518083 191636 795875 384364 309242 283155 40182 866170 576204 953328 174592 220385 792057 541951 929565 768639 956790 505746 805833 688514 55974 182727 488150 986008 519082 697189 457503 97502 498984 288826 950538 341796 505636 654387 395093 844440 686275 608059 715099 812052 41323 715304 337128 262521 228744 793956 698354 65158 479416 974736 404703 187230 785656 394292 847058 392699 666402 325470 580881 484592 222203 778150 952660 958225 857040 185787 866426 371498 28846 456886 245819 390888 205006 489801 188849 785850 121494 349017 360578 897277 278962 966022 61620 150177 988629 792426 822983 689517 949677 934015 748755 955610 702796 52802 84526 270076 268101 25045 766367 931747 98559 529393 916431 608586 377923 589761 378275 965421 238020 762184 632168 128813 893709 369045 845020 999055 286173 925092 512144 162224 676833 393321 464063 571131 886561 799583 13016 32741 398803 275940 232963 688035 409507 62708 786760 596246 684593 485708 752724 756232 999121 885079 710153 616186 517026 67481 463520 369626 433301 93533 367189 829721 45871 774402 662847 324207 673813 818341 611340 35712 478412 504256 394997 813460 162592 38058 730778 363051 590758 480440 797606 662089 635599 858794 600239 541855 562707 608143 20484 31683 881742 99134 127221 629597 276149 520248 570349 104425 383847 449305 483361 237052 169683 696108 346079 39257 292879 317232 628905 20185 414855 677604 522886 706835 977920 362650 494092 984213 806031 241848 575214 804567 448178 670584 437506 979357 679584 239170 409476 118062 571846 958269 928734 746647 663352 226233 392329 743265 246701 238956 825392 676338 951448 71414 823076 833612 541520 572303 13873 897778 73981 636175 848713 790507 412337 26014 565203 128645 316576 160170 176058 249665 509809 694070 551480 461963 305023 313523 624206 758352 20151 771890 832687 959923 384905 926639 155959 258087 24826 825797 879949 678436 120523 776810 881599 362912 164765 895576 926744 40871 410131 153299 422249 654332 917142 653339 934596 60484 300430 822851 533104 829627 334828 40832 238072 371913 814291 154603 330860 265782 305778 413643 56205 195721 775327 285291 870218 279222 440494 992709 671914 376361 690070 91728 211365 411765 150007 549123 645407 930677 821786 929736 17588 295949 927340 229967 495076 151773 135948 78438 641780 384719 41798 816772 153652 780016 868900 87284 307165 891503 21997 550732 308049 236474 553951 149334 175426 999182 90420 917534 381869 533747 909964 981807 910206 401064 691009 23487 971485 893815 627930 24260 215530 987406 295712 500441 546140 247875 628785 179922 308744 542150 820399 2946 64483 147331 784096 108686 818605 130254 969595 279542 637525 689202 946393 120504 656991 972234 690502 393267 483803 155445 214188 808212 642613 587670 623626 760111 717293 450587 263450 834357 678944 602040 618370 374963 996659 994427 590052 449197 682 763430 439200 371661 400575 907968 236406 412832 42315 516562 413138 53943 648830 967605 329169 976374 730940 457 331858 719936 508073 682162 843583 455624 220532 677833 29039 923753 600247 825477 80349 382109 655464 531022 124025 941251 922926 571234 848355 208382 144048 390054 29958 530234 788793 640701 753562 528666 879500 715783 682566 539227 67789 805772 305252 720064 748158 382408 125097 753156 965832 541830 285297 725691 695705 55098 760104 366657 370770 644469 858115 160191 475452 619102 931914 920023 110536 89291 769522 610644 779416 868790 122767 101415 637878 456162 790675 129627 659281 729333 60249 768323 994790 703472 236517 439860 708478 643422 971390 200799 736704 435881 789343 189524 173067 588747 676990 817570 707441 210490 127220 952120 683046 712366 284596 943416 515809 622972 874955 393520 93183 957293 455005 661447 158561 349994 800283 603230 964072 687423 46360 441950 844287 132367 264263 568750 180174 55665 144521 815690

953 589
735953 406939 239014 279802 854039 5474 408108 214419 623893 615742 446486 961422 593841 85733 661215 171295 916596 58499 259571 122741 584990 869601 588803 560608 833983 554545 177993 160515 470151 932344 588356 397130 391129 935160 224067 801003 340579 830991 375814 176730 887327 452369 944347 290487 786238 241474 334855 437782 590687 162520 11003 330867 957564 409811 578344 795956 9550 211655 239969 170992 503045 752454 154546 809724 263249 132763 96498 623402 385647 810480 462784 695242 373274 546286 461578 516843 425289 67799 556666 233141 402602 295839 181926 707567 918528 638928 156138 998694 694759 806093 688219 426801 545552 460392 921092 29799 542160 404250 919805 866754 307217 862708 144521 235755 840190 492781 728881 985069 703352 590 904244 723375 134551 91893 784492 529999 555377 183685 923077 963167 499169 979662 867264 90241 285987 722800 627377 946285 907307 870385 157022 676648 339251 397525 588357 227221 331579 644416 338698 165829 609102 343384 475418 593856 178166 845658 349009 479239 5386 766445 696402 676022 636630 504527 630509 813505 569468 731725 38669 731015 849358 343003 615098 595709 567801 32955 536411 140897 949628 300144 80548 545788 745548 862574 529560 985988 79521 835669 567940 463768 646519 791492 159815 498265 495172 138204 704578 87487 37146 293342 374055 983582 541599 301256 830529 908690 703280 556628 349165 661625 30579 170994 946009 866062 966170 543850 346452 12894 541035 606112 425881 119851 435963 401999 690280 718302 529265 652878 373787 600691 285961 547729 807657 800502 233924 333192 807431 917338 68545 64845 911771 709699 527254 875413 308436 119679 580414 632796 74986 925358 388153 900455 532954 422941 620538 562410 641283 45250 19192 756816 940594 474887 935804 291602 920233 468200 267994 38072 766451 188336 977867 450707 756226 309386 67543 587146 804167 779148 58862 83751 599782 176548 325511 779287 313929 218162 439177 913389 73116 528765 850587 871856 504774 882180 119364 647343 829037 946887 183050 460361 264003 500458 180818 889666 268048 189415 967864 208657 50975 64319 615689 711910 567371 860198 43076 485501 603950 558479 277059 894982 488434 373113 423218 867130 586390 243402 620049 644122 760886 625399 210951 97460 132833 578048 613772 562168 673255 570893 888671 597966 208964 99764 787278 905065 689561 43469 27059 977167 430226 280497 972413 812499 593734 411311 957099 325227 299950 213126 576408 439784 845511 842848 593750 396830 350654 84507 129154 189105 449727 94591 395748 676122 369382 594069 148900 222058 449925 207269 112077 719085 187646 57978 74455 140744 344139 271111 815315 506936 781337 641703 346099 413273 98865 461726 182043 47951 411203 674935 466744 542469 526509 928844 221904 319997 250135 75715 331332 103984 371190 174149 786807 169493 120421 990152 818917 605005 680214 113242 950123 847770 850213 566097 485296 952056 984582 217710 245227 661462 714419 782956 333100 69303 234391 769808 344602 537678 99587 558217 991612 89324 628847 630451 222393 821930 549707 60667 845117 793873 351822 125188 839366 933556 97289 783146 213712 951186 59366 455754 572724 177834 515401 504248 672442 730829 469976 136717 655806 559949 210034 525205 463155 848785 529245 724715 31494 257991 110495 106972 672233 559852 750112 587031 169701 951563 926541 611566 201662 627656 780298 312883 896335 879295 233248 122433 17772 13571 615015 485266 978718 74260 278564 54774 72977 497734 669625 200000 32755 259093 949036 270169 111334 458362 823238 678783 907430 536106 571050 925566 677455 578081 492403 474531 336003 507340 729210 718865 490864 450861 830236 848344 772545 191433 847574 165887 557123 550733 54710 822703 270917 953408 193789 401935 619676 189867 333308 970219 849598 521557 54352 496656 894823 843633 677298 294054 466430 803043 870385 766294 787778 307110 923523 879625 882804 206818 810759 352272 728769 103691 868647 441509 294600 181074 164233 947756 340702 510704 210468 938669 666457 420961 908329 191488 292127 862668 951225 946832 173967 367344 819037 567050 709862 453460 768331 870072 573030 293089 377549 131889 985647 889900 756890 635340 334858 806790 925912 186935 758652 161238 262874 459264 484777 835276 244466 554889 384384 760967 787159 290618 470311 110881 435111 419368 293347 957976 17992 485526 784346 17544 692916 504342 757973 611872 322326 732452 863925 87924 472812 566273 996453 55404 707711 293657 186977 716173 302744 72646 392549 70192 111837 682501 566501 806821 878592 508802 959114 161869 819310 834114 742112 168861 695925 400902 742068 210472 245920 436711 205177 754459 178686 78072 326265 222953 241211 631315 937422 618046 889611 339629 710263 98226 617121 186889 152829 856297 50630 200553 704959 6670 247157 90654 540290 233570 523637 727043 764549 122768 729250 723742 994209 292892 217012 916080 221002 662283 718903 701830 675300 195663 459824 598187 114349 815486 163265 17900 812862 806452 41378 896812 48808 708744 573346 843710 249043 998011 587670 502272 175599 74183 65778 849402 532040 822555 634134 460434 99874 976125 14929 956248 417685 154619 569964 3736 306204 574053 447657 251749 989371 879610 278919 709744 564908 658137 16213 259599 769370 818251 304300 296524 465308 953598 583635 444837 221825 161954 376977 303410 552784 916011 715256 424180 835900 678879 675216 858008 38181 919289 98289 471824 343223 55272 765937 731036 974033 260225 683602 783359 680493 970582 740279 782231 900216 329121 520835 259531 253228 980920 100739 600292 157422 424448 849510 101376 489634 714470 196809 537661 282691 407831 879720 578791 440596 906095 135988 230173 714120 908194 722578 34845 357763 438303 954882 964993 729367 736110 861162 581603 38069 665520 772292 450814 358518 624027 895502 690683 14031 694899 865255 452405 376732 192570 368123 922839 649085 7926 352698 516087 935756 935548 731668 566592 56658 239495 617643 494993 482948 270319 343642 344821 293555 992053 530643 626087 328980 726842 916286 179162 614270 569445 384542 808839 211397 712931 952960 274641 714161 196775 174761 250459 508081 897581 251974 795603 732375 960559 574872 877170 223145 746701 400491 325123 935225 767352 468652 148543 512815 747817 333209 945922 751367 884063 41954 373923 862917 128798 690017 702669 442244 314152 116974 505381 254780 113310 987517 999224 599154 822663 161492 286051 128627 227 246304 853453 321655 379623 494761 621532 458556 911620 662943 929859 360595 930655 58006 950154 932385 424501 632184 353422 464613 633508 986410 632472 513329 179926 322806 153367 591538 109611 525550 226320 402337 245046 432743 287386 695791 45532 288920 988522 546588 502004 748846 140555 360647
680399 115834 878641 613744 534353 172521 676239 765640 962521 28208 591194 670153 904512 767051 810774 357991 279705 988430 119177 662024 401343 815958 370325 585368 521576 701780 414991 401780 930106 907205 90501 70039 11572 675673 234502 650789 812292 658274 277937 860731 244086 34621 818200 175832 622801 709977 495196 637032 46621 292774 376380 656164 680754 326359 242142 26643 90310 601699 501835 358228 621317 604695 328213 635194 423483 213121 940072 629767 252366 926589 787256 715531 812905 107028 949415 504958 20127 402792 624079 290779 275867 99562 651100 12782 727412 380098 197743 87812 1435 39068 349968 17499 601261 332092 926975 607212 411314 614856 539224 37326 57755 419813 237815 796696 4009 669696 382039 562433 589922 531087 783838 208174 204013 296760 26129 527205 180695 341423 595366 894469 767105 349381 896841 162391 662206 87875 794522 781179 486778 323258 286114 56656 794380 467930 365176 146524 907442 259589 963865 343782 63993 232429 873894 660213 214118 427252 798571 333824 149378 193455 369395 781982 607309 549901 266172 642005 185306 864076 785368 18594 850985 984048 976685 341581 593424 455965 31103 120100 676125 756420 989683 804460 351087 576517 111675 288282 995108 740068 299249 374637 675680 290695 527669 435094 164464 706894 275523 431904 877864 63618 799632 809283 97131 404136 641299 91505 10421 594825 178697 704187 867072 608901 778838 286436 593259 136705 795120 878544 167745 970547 302867 414143 453109 208454 790702 941454 428426 553949 298702 46974 333415 213261 412942 399129 301805 794930 472093 735151 434353 152270 939032 346611 321297 728521 189977 329821 919740 676450 957645 685596 383174 861374 447790 862726 249013 301838 218389 609525 269373 824091 861903 591440 159413 544146 570329 76540 512856 832271 232613 463436 938335 147179 872703 799215 734915 261811 450143 826590 791379 45808 497830 474028 572911 174111 631384 571266 437367 184938 338802 941819 303405 293516 565355 514198 986023 738437 651 145364 382443 883715 879608 563095 22820 456463 720003 947649 512866 960058 757327 878027 193226 789512 757513 766795 395409 926647 427795 719053 739706 574326 62659 501935 762141 56041 54271 907753 631204 83915 179015 941458 719170 891597 618336 988011 504152 86523 9091 99047 405642 872588 33829 624167 974211 366946 449189 119965 386637 602299 105456 244567 963952 145146 323641 608115 248049 654737 707491 975493 494881 566315 250290 730728 487374 272498 330517 150801 779469 315661 939684 255534 34348 350784 371512 669281 661973 683394 861885 938727 461720 398799 379354 577178 621741 533754 453415 967305 327413 208318 187155 367483 190456 624645 780874 93484 996900 434841 500477 589451 884338 97075 322273 253503 491488 747307 715582 416332 640286 400898 605847 563814 873894 869604 888082 801778 337260 166918 438226 995425 216695 924983 1768 495178 764424 918754 752869 821273 994073 470006 457004 686833 29195 806389 928603 242726 141406 591558 76735 527752 376902 547638 884163 741662 596479 445648 324970 956559 918008 234721 852065 955245 328967 903494 286255 73629 689833 262529 679328 510242 549973 467358 687475 705312 245559 74918 609797 499768 724203 50475 83571 149481 424045 181695 304196 201545 382603 53023 208033 706615 428475 633065 158483 711214 344060 167102 896851 305253 300989 466594 708434 544922 837832 932288 247436 198290 252980 109652 14468 784302 228305 959681 507472 749218 204525 289319 746930 652007 617654 438721 110724 819253 957690 699259 750112 170505 75464 459227 253751 3669 385440 356216 243710 916889 723572 457205 207882 66883 214075 16238 909941 659600 832821 451986 68897 360578 119401 481630 128160 703989 713529 161768 853963 200308 840774 695969 442859 875162 697310 471708 555090 400522 935500 962438 657504 462432 900713 564845 250658 595882 169050 560976 688725 244884 400956 961111 459069 247963 298242 70187 329233 256088 211547 28361 98930 575467 586129 683687 133951 327170 992390 648650 520335 140398 312784 837708 598596 709759 846636 440472 231578 279897 392137 638827 59864 412725 420579 305365 417322 320349 424177

537 563
700067 90710 298753 283631 531533 796570 616537 425724 839385 183871 897351 872430 799791 212744 882018 937290 727265 787966 909112 214502 513763 32188 60271 879215 351641 907063 217315 524189 987737 369028 362478 160319 273690 330389 276051 441483 150183 534685 743740 492979 745628 163973 220795 406425 588743 763375 452454 707143 975014 613907 995824 642830 268924 411850 186679 664524 363721 19445 937053 368008 309112 800124 601101 424518 785271 606835 347520 414754 147126 880106 85188 777278 963600 151594 175291 146435 246058 565983 124093 179305 487523 441362 497882 331272 439054 5388 402511 37038 528980 385837 804872 549308 382327 104501 641831 886459 873982 53854 5150 699349 655122 90276 749983 645287 604263 414611 882763 92391 190753 658041 639140 824693 221876 300526 315279 575055 634119 382313 967276 488558 73452 71360 667484 230060 73924 12546 132984 777780 587228 501133 7616 451214 228918 716165 77255 563432 635053 811878 231673 546516 511700 899374 281805 946920 101986 881462 488469 1038 729496 229427 53699 91050 659753 682642 1059 553733 378480 947883 484830 917135 483390 444990 908580 710594 620706 492826 73861 681637 302335 642725 210187 86010 870307 626413 154377 767973 401673 8901 763868 301013 859137 832658 530862 463412 744922 932914 158238 42168 37498 850079 478996 250895 111486 390369 353722 409017 181539 376900 186486 727124 886403 54784 788215 485795 736157 150556 692424 156259 582528 673995 489567 449088 279309 601691 377637 608756 434236 75961 929417 750164 853072 65854 115978 506050 934531 78869 614817 737894 511103 407475 490166 602590 225497 77177 416199 216351 119316 356293 39493 35801 601853 510362 625089 251327 776493 754713 143227 597991 535227 453424 88291 77760 661632 530576 758587 972225 498804 475366 186272 463348 146067 564910 694572 612994 397175 646756 561321 658055 262257 734723 196757 311522 379443 768901 455323 650077 959934 157800 74964 820974 189930 883644 972566 679729 350939 581075 815058 627174 164093 34433 494427 62698 712155 250188 37512 497138 295922 548619 293485 33914 980573 313880 434482 272223 95151 44297 361264 679047 215055 604318 363980 244833 759489 855051 102945 776248 750360 569660 951568 889435 595966 578053 221837 816890 668822 599327 811299 392382 141152 689283 933706 280254 760762 926817 212718 221510 325672 199354 389925 595597 19357 371017 18965 997788 471830 539231 51442 736844 395309 805925 409669 369971 447667 582847 130929 670255 69769 990405 238656 555289 378414 674745 826782 394704 931406 195292 968985 316630 923349 999299 174855 196942 540353 648125 186526 337873 229236 619317 50289 281741 953678 581297 192980 374906 681832 124116 37741 532397 74362 229860 454781 251452 89327 572050 513158 965868 201937 479484 698829 770074 642232 940005 346045 230003 422112 708477 712205 707788 305899 503640 239086 741918 316163 138460 382797 334398 997363 974352 50493 687208 976073 446423 377133 341061 296615 287160 626858 934339 480911 996394 66341 740736 99363 301188 444365 732039 542523 166015 921569 985240 315656 54387 497154 210794 422695 605984 286460 419454 628738 264908 840759 853261 270461 63698 92605 634669 742892 459947 343464 952807 639719 979041 275743 907263 333036 525423 443569 708867 207580 774588 339894 945427 556159 477294 131103 55969 19419 171049 592169 877051 579869 358033 80040 259559 717098 391888 151559 184343 404177 221822 576292 692568 183074 276693 823426 553139 500039 901492 319936 88122 728815 429727 667191 296763 271680 987012 622957 259106 505893 787403 694154 340325 35782 690124 72349 167867 876420 996925 251149 198182 292290 79247 276931 659970 815148 631119 451643 212568 51397 80717 936798 815736 149034 820378 603460 938779 764088
535861 683179 209889 54445 607937 392649 901555 791891 871725 696240 514477 861943 575622 997518 628053 649432 502079 991753 626684 310368 312775 851520 879732 911481 636791 640927 979383 291167 741567 62378 601571 733410 303428 401336 134258 725782 228569 387501 77093 811531 680264 496497 236987 585913 186906 600411 238384 117075 438919 292234 70050 131582 239575 895397 447670 618790 107280 235915 544134 719720 208324 138139 444095 817185 817672 740343 891086 586802 850607 159978 794194 351103 921341 932550 708886 353207 704799 777659 563790 695278 637676 509597 862246 557994 681710 869252 6652 27106 541704 939110 70749 751580 124657 523867 685531 154118 750491 426205 546679 527333 357319 108176 648649 981854 735027 554120 194747 736420 791479 643734 796121 932021 508992 107972 50176 232271 158990 351789 457562 94460 399557 747079 385220 288586 271704 413151 267486 496135 495048 469019 997406 645405 58048 614497 321488 298937 491191 627166 469790 740783 986820 604866 919416 648802 893940 53213 39645 561227 884468 532881 453412 573075 218880 492309 472498 946279 107146 168000 322469 257436 758956 719470 46380 232372 256373 347569 723560 648628 496534 570734 976946 862381 190973 308386 829103 238550 621267 97637 339592 107935 325082 290522 630470 460045 821774 473484 662166 227406 419386 5261 109872 541091 457096 800758 141386 697954 430695 290587 706982 158076 90703 144627 119857 113928 679270 942699 354459 192587 144958 872137 332994 484179 465216 337845 251010 66974 153611 363610 890835 696235 161597 48256 45562 83015 940392 362283 985588 828740 91766 3635 719261 174162 647998 717638 716331 848188 434216 427586 414498 66450 842873 834590 181829 587224 426669 26373 485187 325927 60237 697896 584688 134812 737931 648088 66283 422796 938335 415219 941872 292325 340834 583155 751348 934725 121474 162147 797181 910077 853139 496184 917755 161593 149245 455276 203276 567961 336383 644827 632840 318794 136412 770558 331297 617221 677712 1174 383626 66232 700902 245354 548878 638520 194254 33324 65793 248098 393914 569133 875689 903118 799283 524517 359085 856255 348997 846689 794755 13801 4734 460544 120755 655556 149270 263927 468056 183711 135410 38074 436408 679991 609808 679916 445552 303752 714981 771402 203252 149415 643316 823336 447876 925969 882939 609141 279383 201178 314377 408527 248628 459744 329486 421156 250024 74061 516939 971567 388121 671883 624724 929692 887225 600289 680249 516956 421342 204919 747707 964865 285998 798892 48475 234659 437443 189017 951915 41391 774556 32393 218493 347323 956461 331926 748469 613542 452016 554869 98455 841286 639560 964608 790584 173233 934895 984654 945327 94341 314040 370817 740084 803558 703553 710564 258747 283699 594538 406664 707050 816304 624445 58367 486806 414646 408581 317333 467926 17834 609930 348152 579799 926775 236501 459321 692626 703812 456025 781032 591221 381458 431361 696129 14846 685218 590187 508425 833445 525938 323470 269527 644961 275115 84264 503869 204749 695211 473528 938940 707174 590018 428894 707790 41239 198146 123459 962796 848761 293534 532626 868375 10576 361573 218792 451315 712049 128231 283647 710210 209998 491649 165367 651050 148792 909139 751584 138102 754080 85671 99013 654780 346770 128634 697221 552539 562483 365228 681884 424308 636184 467070 933758 480558 863858 616713 540639 478997 370906 994541 696313 109578 272283 76119 759392 345117 464662 204677 23817 161817 328075 574 871388 433094 627575 61446 195039 503458 895473 453477 497692 605706 58937 983228 145753 94276 317651 182510 145787 859872 783762 967810 374547 46644 586485 639590 911782 585015 60947 206335 863395 557826 589639 57473 288818 452923 212093 275030 876412 245421 553107 681057 106277 588550 588941 39943 860229 640639 791941 715600 448580 448533 51241 222417 234154 83352 97138 23103 11115 331720 486212 558640 476533 666424 406432 377977 228869

953 618
170524 626133 833734 465853 717418 195528 569861 974924 26176 7157 913563 362855 829863 346267 983605 753760 751283 942010 941853 640572 891302 413382 711924 143046 147109 423220 627729 617292 940102 174995 88907 287234 978291 861146 709734 550527 839288 858485 991689 960041 951339 943462 769092 339970 468982 973483 234958 757522 393036 368990 609253 603852 583027 849107 475631 618763 971698 59580 372120 738905 513235 146207 332296 228194 484234 652064 528600 665200 426714 165962 970279 964376 122978 645958 336932 741219 96930 76455 703076 899886 125455 291276 992227 398483 945579 68865 404355 51056 312306 392256 853024 945290 233268 774717 283775 309605 910577 65108 697169 887042 297485 183930 379057 84537 11778 240709 504390 305735 710494 638983 419454 167065 661052 335308 224168 976187 140249 790215 470067 321997 254370 422374 690121 573235 89811 751488 77311 443247 458268 479783 99724 906570 320467 748427 733166 430799 685981 865513 261473 659227 126379 147626 534410 119902 775418 880834 692339 754636 120199 556213 446826 577320 916 939873 282464 467152 640510 26648 525903 314855 523854 861625 883895 948295 151337 725896 916998 561874 324926 432927 861871 833069 376368 6215 261551 522613 376201 348773 551907 905167 601736 213237 945897 468070 124648 107946 516844 605180 893653 656562 360962 883453 417968 58213 944012 902689 951504 715725 785143 613250 556309 418975 321438 468169 207305 777618 450438 218103 482810 759025 934892 323856 687278 851209 833001 829416 361176 301743 334747 675874 221139 972360 51929 883261 833679 167994 286597 426158 987805 129133 451268 619140 313522 648707 318186 580964 220820 183751 833721 144276 418035 628624 891356 734816 473521 727093 100375 60214 356150 108050 52625 231578 466761 215429 890618 210009 501451 556642 433545 550742 800536 521163 681791 919056 58736 985302 25563 421939 447787 685424 93514 307105 439552 576037 673238 640264 912222 852340 138471 691721 991123 522879 11405 740611 935567 940805 518152 760811 511936 276925 252761 129505 802328 585796 966162 841871 75042 22853 236389 69988 103100 457095 483679 513603 303536 950969 677699 393265 493677 602234 202474 240987 935473 302240 716015 675951 68427 463817 524896 946592 678729 260879 393640 554956 466769 717801 834580 214023 627447 105190 961007 927892 59007 777110 150522 569694 852819 851150 968802 589020 504114 60151 872 655103 51528 376031 955144 60713 750956 652381 465848 627202 645361 419403 675912 850730 804134 62228 208242 295812 691024 995705 518191 803847 127173 946042 206211 549144 116462 67737 936126 160325 573527 619844 38401 185521 763007 410354 964103 192190 399717 233526 183762 671055 12115 825639 490828 484393 331538 174906 23473 644957 375657 778668 226919 91219 54760 443744 158931 836312 110573 857253 451092 339041 640805 299338 969058 727272 502655 627357 826637 888023 857839 939438 70147 612312 833037 891745 900873 475749 503138 579882 158231 234589 855037 856432 146281 982687 345018 46484 536271 117432 360448 899889 817707 586123 92856 670733 109539 822023 380092 803057 746452 291791 635807 329055 539700 225367 574657 537571 591146 740680 554920 582307 216321 308138 739448 729415 342681 734033 835190 886164 247696 731147 829156 339116 377806 563995 277614 527747 596481 335766 435382 849459 828971 406329 195202 944175 797198 537344 304156 603899 750660 905074 413686 90025 37017 463659 130160 971879 736781 536144 994900 191827 93653 392541 789244 76736 218194 751652 608118 558865 800712 306271 871651 373647 742087 789857 275641 589556 505644 465462 291390 189543 738211 585836 494752 670793 952881 241252 947716 496958 338935 360689 972382 615544 282087 49710 367404 401642 132221 978146 584068 910250 812946 729418 828753 887750 75311 354627 337732 561279 621351 194916 717494 706021 565807 925837 791741 207771 221981 763280 406473 645650 986976 665997 411363 264679 783804 596516 308358 798395 573290 222432 370748 711879 478939 22115 713885 586362 71097 94603 57542 748913 17754 72967 172551 74988 178121 792747 80597 949177 226075 913677 589567 18225 896301 301846 601081 672254 487019 895680 889376 920981 921937 688433 536113 578747 394482 936587 319505 271900 88688 91547 128452 893363 108462 985921 276826 213120 160820 575465 592603 964666 47386 855228 9730 525092 373320 641017 245007 996512 703483 335451 91693 865340 770990 52897 459061 887145 808931 554971 330249 875057 368605 345036 226467 486990 775102 709677 966785 4368 240191 206984 42317 550774 37721 96251 868287 363707 249728 130376 948465 480325 771668 731470 286170 149635 483404 779100 440399 939065 846961 541227 942409 67447 771865 505037 45186 215165 797870 15442 341010 243939 99773 409070 967132 894981 867272 996387 949184 929912 954641 270640 986907 73137 542291 837260 939096 388141 726836 975784 215538 702309 433812 98725 381918 91454 169569 346534 25114 130000 32093 353352 403634 496743 112980 828746 634088 686858 57537 651118 849613 209828 167192 542483 840611 751352 386489 110819 712137 425343 726334 767865 161695 55593 230584 910197 950544 289786 124228 209309 80332 39578 489398 94733 102644 32959 15292 884650 233004 28789 115057 512851 57841 448011 607608 973310 767342 250595 916718 979483 168082 822309 843130 602582 833637 448969 7674 38382 538507 924543 843695 799787 405236 874277 801387 76080 545618 42060 823792 197293 302346 404204 118086 617949 950483 155995 174930 325908 903631 509401 947139 945378 233628 180423 891910 155029 401473 221281 582156 347418 971700 78066 478527 863981 782422 305314 189666 50165 40920 357289 641862 302416 180260 442272 761017 619569 55411 485404 240299 545884 909216 972477 497747 394912 358958 55083 649603 941366 555498 973566 378233 97469 855338 548188 508413 374859 157633 230852 504151 394848 59251 322883 852780 920220 542118 712516 12651 143226 753559 888038 154223 103547 258795 818066 645905 678049 303479 963343 347136 686397 210489 360030 16994 343527 579888 178005 877664 664162 887610 571063 410715 284791 777397 599163 503839 777556 784968 814563 908894 616070 237870 618262 647762 395389 114733 77688 126349 929987 476905 947367 659273 344608 119903 762688 661121 429498 254151 312020 776462 11318 199319 302499 375609 733977 433877 194355 714323 313429 644909 750487 293071 694073 622763 820535 644406 437558 15158 604474 686423 182681 494077 342934 768638 231206 226386 58221 827220 470991 851963 83046 618353 467172 122575 135133 942615 335477 538749 452889 314120 205640 821307 766012 624687 316529 158522 124913 423673 735737 194579 882093 28217 671877 459310 12428 913565 807082 924366 296375 435011 716587 650945
280107 862676 718070 540254 439147 416258 898236 590706 372111 104253 17835 223613 118389 14969 446538 243750 721935 586666 109149 861200 143553 354930 796185 647354 322442 697728 571005 985244 530139 96744 821015 689986 865806 581571 307621 436263 514486 397850 599281 971390 611396 477934 686096 896747 188308 873858 393215 832096 846468 790722 91255 590858 266885 294709 829458 469782 492855 75131 456315 460174 427203 414213 198422 783301 113700 613778 365054 709843 71883 663717 493131 904991 230086 357495 716947 566043 828225 700791 856123 522837 43977 653480 116936 950677 526259 539403 437070 769638 118033 351499 871435 412448 496040 442739 665438 663296 383940 275138 566214 41365 115921 322441 452671 402789 273184 295517 627311 375081 423254 125058 280792 334621 355920 543431 564252 817350 697960 692062 898943 409314 860966 783237 210452 387332 949437 142591 229880 193727 422470 445188 349767 639682 771435 58282 915685 469033 806014 262056 528057 838962 778737 870758 906700 106912 586034 722274 789832 47185 842192 318002 608230 185349 983457 953615 166065 315700 639828 140520 889787 360008 927799 230679 563328 210832 716775 360007 644480 565974 127195 143199 606397 537433 433565 133350 849848 850781 559431 336325 17413 224955 203723 351199 795937 898296 324662 788577 641126 665136 325322 182094 240695 604403 910066 111789 572261 169180 485640 203859 108165 563454 86150 59326 573954 475696 757021 355587 139670 596068 825212 833767 650908 876572 851748 342258 973996 958239 368174 748818 217523 75126 795465 7188 510042 594029 610424 328214 795760 607449 393648 797767 639217 375133 178680 875534 76351 964496 580579 447395 694301 15509 634800 32333 215858 614777 875637 393798 991248 749334 273113 955 953270 623345 961043 649752 305279 733651 167081 901353 582159 209189 173880 40513 446988 340857 51429 753280 152831 583847 668156 702545 687632 236944 132353 573984 154226 107051 448974 55921 262789 866036 550579 729337 8497 879512 2112 18867 878880 118172 16713 539506 638241 769964 91745 277644 277096 529999 989928 653217 960195 397498 542605 796129 793047 813986 118049 997682 842478 552604 428831 953685 423834 510931 134344 742238 139412 292263 840434 512020 230879 805311 290053 39728 171311 496472 863344 457879 894644 22926 903896 342320 610099 451968 797629 64184 794755 666515 743511 862127 59612 372585 741062 604869 871317 879752 503739 668019 230464 912410 711481 957099 472044 11027 897912 749646 960035 223580 896593 409192 535590 874590 861677 822352 775877 940186 275684 93452 95147 346542 643779 506650 112168 110271 633863 188127 911168 992102 344667 44049 30895 373798 860347 705378 925967 740799 121054 178406 570495 238745 279700 482623 597893 335282 840005 180413 400666 234141 186396 919621 25239 210392 616356 240542 934475 111797 13667 882425 811916 975108 990614 440140 971336 64948 170200 445402 154632 983467 449177 408205 957258 419841 808327 623945 952530 287658 752458 681497 805968 220785 359411 95432 734890 970932 684782 588919 557036 809740 323287 805930 251748 188153 734195 785631 305669 805979 301331 535539 470274 333314 93143 220863 251780 815897 143813 414870 595071 847057 161046 699632 349589 794287 525168 974314 339915 901661 829017 801717 946300 884868 874196 101499 363838 614555 439972 923665 193711 584498 37372 723359 919472 72516 62962 42543 735864 673787 262585 262020 63426 890294 919731 951638 823676 658484 704451 402093 136109 591612 871559 339337 174842 201956 48610 373350 55337 323255 915518 181870 53522 742498 112794 440558 873411 958984 70208 107511 703420 282658 326860 665292 54781 369469 124806 269915 198462 717653 993106 637388 643717 680248 410917 992510 961749 462366 408884 791778 258891 485319 364141 351494 821682 792194 247796 415752 775734 55572 429246 576408 464128 646623 765592 627741 904163 326102 680005 402842 205375 836194 479141 429589 215522 301794 499423 931564 771741 442118 705387 924951 194755 823970 888608 976787 473437 288566 32029 200150 276169 209123 81454 948 536503 784615 755106 840018 73698 937331 975898 81733 410371 813587 488720 401148 221998 46145 559840 767948 720344 36723 199569 923157 708385 662318 917589 663628 67310 769934 581435 751931 571057 573148 416901 758070 608424 811159 185011 759306 572034 61907 940707 59760

1000 1000
741036 884291 321757 229077 74456 667401 977772 285785 565715 590140 96314 467781 359561 409864 527660 220652 216879 252634 411432 228475 522675 48141 865400 380851 341578 161346 216427 182240 528094 64782 755524 542625 14590 598802 536488 672414 233857 115534 84831 156183 78206 375024 966437 354349 703319 558749 435278 983100 145506 309559 651708 615068 104875 180173 948614 695473 471122 19462 863110 592337 655622 664613 140812 74069 920627 478304 307052 342283 980095 848351 905980 397707 186822 802793 474827 807544 909184 209961 433957 708226 88599 10872 170309 91665 104699 241164 111621 620247 37243 608555 726098 439849 426939 608840 833688 698194 194471 258439 75339 611507 640492 520790 480244 791544 404668 13508 329953 583456 504718 152273 325701 993648 245156 212133 540194 739918 753757 281113 10125 730686 872874 207162 430299 704838 607005 684078 980598 372882 29306 496785 34449 388259 145870 636146 659546 689403 353293 884494 666221 440612 578050 661318 579040 94710 238429 353171 619734 940347 24881 674683 198511 527623 326952 877740 150941 980999 167807 438329 913184 741300 538237 609544 885046 269536 275809 773163 613149 744354 145050 220239 226773 420211 329555 66351 521998 804052 194574 70017 148044 775027 691537 103751 935629 110662 948494 287579 65968 932822 162719 303825 126275 33634 374566 879667 658147 685663 226239 524344 997376 338578 475158 328721 826973 206935 93460 803255 603325 774114 914191 635452 31576 222198 22965 868879 687649 537194 649290 568971 200992 715849 921450 443615 12794 113303 63618 37090 685571 567458 721984 932225 814303 366001 796896 687331 12633 270917 34971 651273 909644 854221 583896 398796 70484 617483 172126 807881 386935 86862 938752 19245 325843 135992 506449 350051 377700 766304 347392 646822 846381 626620 520660 796573 456290 632312 532858 427584 230887 967635 437088 358286 776542 367055 551548 765691 158429 42289 29596 44881 572463 839235 30804 453509 725056 441491 69123 242106 270698 776910 509190 585160 53926 107825 592915 22101 997918 670651 614511 319001 156460 13796 854805 240001 854192 213138 336729 237771 768801 224138 544988 513014 605830 341950 419923 100686 226158 316086 135781 489661 257359 42975 966258 782283 880373 787310 844317 620110 623987 364042 138810 396018 620789 150184 165317 68645 276424 543622 952718 289472 205097 120997 754009 845972 467356 276893 579923 513362 920154 850773 454322 838435 243199 503215 969706 114406 243277 174850 17500 182551 464289 841495 305965 420387 809991 235134 391977 614081 923393 867776 712218 945599 110897 789483 879959 841932 119598 516981 443992 842678 920759 595066 498022 809856 464914 201925 221227 15250 587455 282288 322267 862201 406955 301422 95626 332019 376597 321337 674655 149492 859781 999972 639543 503454 638150 784842 214036 431423 971603 131501 81382 604624 220685 162883 990266 85406 759163 83239 259509 294396 72353 21091 794654 152096 229132 260364 812018 428783 670695 345404 103498 829809 131064 519580 606467 476897 172813 876068 817405 981323 122990 497156 234320 850646 594668 482797 603547 463285 593950 189702 585247 556414 162239 285599 597562 420721 757937 682672 922467 973400 994199 576281 947441 292373 126433 590634 749635 891737 770587 552396 55670 751112 274976 922283 440953 498833 849106 705480 376023 851635 254549 910278 772093 830335 610389 302391 751970 181953 807581 282687 857406 88761 160004 716170 521481 109401 219554 88033 483083 727698 716692 717665 521504 844075 338456 731940 413994 867311 320048 73667 831301 929750 639474 384045 966626 848189 811474 358729 695147 907631 461236 395799 1876 168225 911618 332596 788986 913094 519260 447963 879942 822735 538309 309212 367049 268890 747440 673308 165811 191586 630016 19706 355126 694468 397413 968342 857951 732428 227260 485670 222034 503628 859194 51972 672901 367087 825666 225604 437464 813333 375654 236456 638543 315130 991696 596812 420818 127543 285985 433995 128338 564052 296137 172885 207582 556905 17253 109969 517986 649623 184497 676493 259546 107533 743993 650655 406496 380172 683 587862 980862 142876 956006 81875 619855 107291 327131 906834 243599 183329 883444 167873 787352 391909 73173 534078 642128 826378 518042 968268 102056 469010 861595 760573 19453 510744 76593 615322 660586 204984 315420 558380 976851 903220 676394 886455 171985 601318 120594 889771 280593 209803 736611 496122 888844 183406 317954 370003 977407 307322 626498 384342 962070 515135 178941 950088 602405 601541 746675 370955 297188 422290 828600 282706 248472 993240 773651 985457 855557 23863 835945 97043 705599 4810 195047 808163 581352 390203 528359 318242 94288 160075 317636 395923 730110 41846 175147 468120 201473 929453 262343 813886 939248 865718 656511 729046 845849 414356 972498 157143 480952 487264 635575 708796 735936 681925 785709 552421 648595 426455 171637 853939 958870 764589 649263 36559 506463 618737 598138 78712 797890 614408 409168 238138 578018 594225 416731 761144 505082 790454 480313 333359 35842 24716 922132 402157 690282 312166 573336 754808 736701 163352 48237 765679 803269 707897 461113 974636 695539 922439 548253 413807 179040 870026 286647 377637 812278 830987 903917 22097 338928 611011 425933 131152 687272 375759 51220 627365 656234 640639 123496 54707 271162 785384 368860 120113 601875 167021 860704 183939 51441 171424 455406 482009 907695 110387 536850 997681 48692 846707 26931 978475 224916 294494 300913 898343 56096 24794 54347 381573 91254 221529 648815 131903 634103 900308 780602 669898 256975 898385 175836 916743 366926 352047 275271 687773 690582 398101 690871 504204 728052 677664 802840 705186 402987 299545 335075 775667 886262 832831 866380 87968 224316 348872 318802 588194 360499 539405 350846 860115 195050 549870 147041 736108 641533 468776 182974 373275 103556 759113 633481 89479 443990 476357 811397 628991 12824 452024 180950 378334 305764 761613 250035 830231 869325 845816 417501 733325 556841 198559 227225 794402 201988 161278 809148 830293 814053 368295 916842 368488 841187 24808 574593 184042 357322 63331 711363 533275 291266 754988 188163 142902 960932 249930 132591 104979 373588 46401 492743 1258 916578 697099 229207 932337 715115 126843 407024 182628 46421 476558 549931 822226 586649 565666 514016 992907 975363 577893 781053 196722 505592 607204 546731 780256 325541 379536 360350 366467 588043 725502 244724 479817 112061 458155 328578 635277 560434 940579 142165 763172 730566 428248 331328 347498 180319 669449 988641 400728 162335 823878 109910 62897 118427 859518 857660 807451 770229 952088 863180 133150 767112 790359 968126 439878 490778 80679 248603 319332 67230 141175 4828 685134 589028 705841 436610 355457 98382 726234 438023 940901 388601 500855 309086 92227 18933 412223 322901 35577 78887 940165 723446 592457 213185 846389 251620 371513 713763 315185 742320 781726 717800 423162 850438 788278 714835 335448 820886 934606 417207 349072 637242 228376
166351 220816 656032 739105 299775 814462 490024 797181 515947 117910 267056 841740 760030 337217 239124 841442 407027 701331 103689 786026 170039 906274 875613 759499 374056 450293 761261 993865 941721 367163 792790 972465 334378 58919 548761 997980 268234 349692 656831 256587 402220 315065 508464 255331 430609 928804 280642 655619 738613 742019 929488 957246 386835 968396 284296 157003 935237 774259 293071 526501 144079 634094 22287 919899 961141 261258 299706 965952 829462 37225 98018 136980 47824 534637 869067 813111 558739 663204 548920 731559 20375 18190 511890 541871 928375 125582 761699 455084 855247 999251 364478 531339 557566 386850 66768 63525 879229 989877 128494 324437 359199 996472 236973 416526 203925 272324 131804 519696 205470 457921 723184 133400 32701 430770 415047 987599 147122 288167 814187 169768 146003 597369 360599 162861 862770 649079 146473 162752 930632 454567 952788 699449 171191 505817 522768 46020 161473 164838 666109 309435 861829 875167 977422 530788 114619 756245 551575 294538 168721 543188 70476 884712 430899 628710 1660 617451 456923 973903 389132 434237 88291 288702 703169 270275 245497 349706 348208 349369 729958 74495 552924 527148 261261 184250 673356 435669 203841 983622 333579 654404 199155 923663 757710 52898 307261 487864 206660 277522 787298 843148 425060 316844 837420 435755 860023 18469 536932 735216 396974 724774 571575 873718 731812 624941 395496 143412 925457 832 547531 274565 705822 641272 70773 654199 322966 921604 838768 899561 961958 282452 870442 387546 622151 272458 946964 799951 280223 225900 833214 266813 227823 966906 486150 125203 191189 272162 637681 803739 965574 653774 375235 923487 630665 36451 333224 296260 70134 816303 539555 566150 953404 397541 481383 931661 748928 27912 244577 947387 798046 632017 996201 696438 435188 280420 982787 397733 852510 100116 201404 367201 645638 59861 798839 719123 238110 200085 642113 693717 774945 346550 766963 9235 797511 656487 268745 486658 663075 380605 148723 820438 248266 247114 870983 386071 952169 871021 95499 970822 56901 874372 673349 543467 644778 472592 924851 586362 626726 500328 199683 895752 607526 570608 574926 981337 569141 422554 35900 782281 394987 774503 356003 205749 104404 766412 69501 994249 151788 124727 733089 175390 711276 225731 733136 446195 644733 555122 197073 428096 606545 403692 690812 56366 177231 210174 127385 81278 32347 836130 899464 602941 306891 721779 168097 458237 455818 423648 879019 114022 74001 501855 519980 675494 613323 634929 821505 619526 85154 698108 138410 434175 819110 391405 718152 963518 574828 881795 266679 32315 584654 789084 538397 553293 372480 694462 25832 724123 751358 697769 280869 269258 205595 152759 115360 183527 464045 67788 220950 211596 110447 23830 356377 554990 186387 620074 74628 318296 592421 168343 3765 641128 332628 450957 671514 895014 748620 60510 637327 385183 539391 417006 17848 197688 389415 645417 652956 734155 735871 682676 751149 134403 842613 308862 462262 20232 876084 499944 42358 414272 888378 320270 563016 169763 657907 749880 685680 83233 715443 425511 892656 984797 872217 832310 550593 614456 881827 209002 542069 441805 433308 342280 43055 745305 938140 229090 753208 399688 226414 746166 779333 522030 320554 763777 227367 645991 767059 206198 51956 853950 866053 174094 974610 414054 443317 135936 145751 747703 600879 708007 637857 265392 582899 850381 871525 467137 787779 666494 837335 299003 33067 896269 194633 157160 150799 276498 811614 648563 458248 97762 232018 34594 628467 907066 194841 391352 384497 305061 923906 891421 132435 36332 109949 605726 411896 387156 507677 233329 976393 196417 110345 580432 979138 91377 769446 153373 71673 822719 434768 284801 343230 751974 639161 733794 7602 275344 90018 359832 282806 246640 719408 574383 935048 514868 55275 12282 870406 840591 627062 379007 405264 16781 829389 781636 961422 16159 456197 26883 804766 451782 306157 797535 235778 19298 79850 151028 1616 410785 840260 328899 660141 232349 245933 57392 883362 669745 23068 825422 784144 323795 134781 105428 118958 484578 401463 866465 920887 952582 661840 855460 933823 989223 98779 678514 320037 909871 832416 113270 159566 341173 299283 328584 960105 999660 872780 384952 68676 431668 69579 758236 507612 380953 377961 464140 749223 132807 963235 510418 212609 920965 735202 859993 394036 308808 872301 220917 17391 402291 610202 155271 247431 128461 344395 903332 700660 724853 213115 935640 905156 481597 332287 259718 635072 591595 67859 776301 640071 885770 492394 76806 638846 51069 983730 231474 539415 986623 544428 193508 454766 586157 271774 401493 410406 665634 619448 249848 941021 432640 410626 695867 373095 339368 316151 141136 460482 997402 418203 595703 313995 481133 543619 249262 463167 316372 71690 713978 937665 840477 281760 366032 214441 217902 574211 10454 43526 149517 349417 576748 23936 941016 361402 649541 161454 82824 622923 265621 204370 95465 388110 234332 429450 660520 453282 176323 486502 569166 743229 346215 281402 509865 543766 516420 650411 443474 986983 314856 417482 963307 266619 485510 817388 147268 71002 31145 316865 611400 836294 864243 438217 163620 268407 772689 853640 47569 802881 22856 790761 561059 993274 12659 808491 73544 574005 15532 247704 262190 378766 409041 426518 841512 314298 405378 709606 258601 589645 779126 854573 19756 67608 134130 840229 463903 256807 477917 461750 146634 835888 1137 128386 307834 71525 511572 941207 273871 193937 580082 829890 450032 444996 665120 524737 205827 794205 77568 482292 28892 369493 140097 987540 579476 55892 23147 213575 608304 261633 932000 30763 300662 788407 36904 712531 143436 157813 267241 794053 692563 482692 402162 323834 820267 934686 138173 879269 282880 647167 925427 397066 536646 925693 42732 926539 374910 530896 314002 521356 627808 778999 368332 926068 220426 882187 892854 380534 33501 285304 891293 47539 933055 373298 555995 14790 693171 473320 240178 50967 726384 376525 838461 733441 89857 459382 686775 74040 616425 846777 258144 52549 923340 854681 696404 688154 458926 269792 960467 77071 76419 991552 2599 976 609150 201007 574402 544934 788737 361131 505552 788481 837389 624101 943615 860065 250784 533332 44704 975805 690180 840667 999179 443256 776436 757790 136562 728311 723874 607471 78373 681710 358979 847036 179406 67995 435448 654654 779011 907805 958699 398368 641184 44559 542164 748351 417544 40241 76729 937360 480682 847431 79961 188848 829000 636065 157049 481320 925968 831568 362771 760973 778230 682593 76672 178408 509484 702930 712220 448755 680101 456758 760645 983545 209075 266219 847650 174007 443163 997536 803540 470261 983745 790401 450578 641417 684990 335985 689042 912336 928944 460468 104099 631803 15972 551561 421108 110136 723360 66899 877057 955372 740274 417394 815256 10030 586695 226435 169859 536775 12749 381354 219049 806252 222462 708796 527627

1000 100
928018 106245 453501 72450 319317 378087 707479 471008 315484 39439 867114 949409 464187 154646 10652 886924 467062 575076 372708 435875 985411 401196 401493 20157 187060 49538 586931 813823 292578 755360 418104 126437 938694 476340 557039 253083 761579 200018 651603 290629 609533 336551 994502 981418 345188 780895 997204 775750 435723 812475 655132 741911 437067 121063 733352 30472 264715 753407 884913 63339 533773 361656 82128 962755 411963 633950 57980 288663 537679 779722 313008 723098 859492 291281 837235 281271 377002 569670 548 962985 501503 65299 235893 980196 626905 255580 625457 268338 582332 994435 48893 422531 638806 853067 700422 415269 543235 337973 309789 759610 722106 219347 387332 548749 79518 813648 884181 44105 418125 337041 353238 197236 326608 725202 291199 615952 507405 458833 546968 477274 941534 626727 563509 237981 562151 124105 320316 206969 123771 121713 14157 904897 792913 354705 925476 472602 896466 888845 177444 118055 204913 697274 995682 878505 741822 24121 497130 42749 207459 68878 471380 416337 637138 254656 191947 695454 27461 434487 448249 193804 579615 960584 138482 772660 484409 516271 573670 71090 688344 843848 309742 934538 414093 770918 389198 793661 322060 622442 702971 462288 115302 255865 974214 214127 611813 893202 131453 25456 780591 642588 157763 557598 677207 230534 19453 167614 609560 352406 203294 307222 363612 709108 578957 435230 368884 412172 140624 115121 207679 61367 355383 674273 905074 838518 92615 422122 356003 840002 821649 304550 990597 242209 944388 651961 106215 598337 313907 270469 316591 902264 619895 16304 861710 893716 671659 610599 218804 871055 342822 154474 183222 594011 758319 749819 289169 603464 988655 817686 417756 810470 880419 436336 700523 160023 757525 892785 584605 435172 967259 933850 262164 517700 660781 83926 425803 674376 317538 14939 659326 747711 519397 521701 957818 313361 566821 489097 398751 79860 758539 533800 458114 251977 568340 66129 843349 41456 815374 526591 549338 208570 188741 283959 57785 613619 781074 320376 951319 232491 201255 761901 615031 334870 898451 470917 162852 472178 403659 629157 802241 293681 983119 728761 976279 282820 592811 420831 457307 821892 495125 144737 966953 209238 354546 924831 855269 622500 656647 955715 651198 125299 208771 276478 110564 399542 742048 904646 233548 430092 78363 875308 904470 637890 498221 549260 338047 830791 510372 387303 177476 722368 455044 725842 429682 176021 931097 865011 62216 845675 846253 133353 13463 914725 33036 891592 708176 620826 859643 907842 360009 878348 184803 41188 147188 175875 676417 472882 971255 409497 96111 831276 355940 471874 131348 431117 247916 765570 274529 968414 19912 937612 263265 813527 638396 345103 172875 711209 851866 902084 317941 874422 842021 471663 235569 695109 833632 730510 903673 347963 996435 387319 832765 146443 24262 85246 436028 33176 441611 427394 273875 960539 384200 234624 892264 214369 892500 33775 908953 438468 733902 111861 583336 361202 194085 8642 865960 190506 937297 579084 310936 115921 132206 900775 728509 814731 549887 890164 294156 571829 578526 388651 352378 60287 534581 112273 772887 710034 150603 346631 594744 81893 221719 233826 920493 635120 714972 180341 411165 787069 820527 613947 77089 769686 560852 643100 854893 108167 522829 688538 233834 186029 722268 304149 33040 367152 866432 179739 522268 973421 460309 405752 440411 907705 517852 22026 519500 372178 32475 932837 367038 38710 390040 435980 766691 251858 892329 732209 776364 446243 25558 914893 380007 985712 758945 97847 938859 887551 893581 755756 171610 202711 259835 534313 31394 243167 715324 436150 478073 467069 656595 820846 898541 84448 109222 134549 462898 326305 263632 75266 525457 20398 532714 868887 24497 17441 895817 727601 626323 211353 6558 719226 989553 928086 171104 643599 536131 217072 305195 393946 111014 420700 430502 736935 226501 530156 525407 659356 226012 832569 32862 461824 519246 345505 817206 388092 587446 183898 203514 716160 483637 384926 405133 969017 233770 695703 427128 304925 232456 963225 93098 473157 318964 954689 871033 371168 757523 901903 397367 886173 303537 500817 621796 871825 517562 541929 864991 507559 605710 814891 432813 599516 865161 866123 54362 792411 637541 442190 422866 260825 469464 632350 349194 924163 35078 583543 511947 371378 824621 728221 626861 569115 357496 719364 766314 661700 670576 80537 483265 207574 171932 257102 621193 190888 87118 138379 966202 104741 990248 23592 585372 493438 645172 288121 774994 818914 628809 247698 930711 274360 109380 718930 262062 230965 799182 830840 89647 645412 394963 386086 284332 21171 19993 889318 681384 129388 705323 721084 193831 921447 615668 418061 156184 757592 683718 437459 6338 495737 172855 13299 922797 247325 825720 660254 791366 219507 803951 688973 278467 371532 713481 92007 933107 940307 482916 60676 729446 224133 701780 275751 438922 812935 965867 89120 191541 244997 155205 492801 918837 163950 989129 50785 636814 655669 397784 822470 280872 168836 264192 112650 118739 841888 558030 75715 824073 910995 548524 705019 884851 881314 555756 967504 403920 907310 936635 708496 226727 432566 691119 898366 976438 948035 550718 145984 373027 964646 231479 797535 606967 515706 496924 46271 543887 295655 182114 952937 10433 979458 508123 71087 605453 445855 885525 60980 495870 715445 443444 555413 237276 343712 59696 311620 661951 937061 190951 37220 238957 440896 901143 182011 33792 644979 787891 665911 712090 31725 360520 715378 712130 750888 205183 738149 420085 656693 726277 889420 303970 297288 286260 337779 715590 143858 261638 282888 648374 130914 102817 554821 207449 301232 468852 334422 335080 130324 742855 362876 804013 199426 911508 227796 827115 770037 36506 872587 102313 174293 153644 143904 571700 372875 346333 22516 908533 408445 100176 508407 278826 413776 20007 189471 254396 958053 558056 496618 47498 248117 359496 829669 372649 78656 582554 913521 187749 780973 131428 43978 385950 891190 147456 951954 946180 620367 566047 564785 920688 868887 685765 746367 555098 404763 399462 353621 897150 892789 799744 481666 769734 641401 71070 590022 677450 900186 264845 764272 397742 150388 548294 539470 687703 609210 181214 928608 722307 147799 770324 442640 379687 607755 603115 736543 31087 721892 828496 119922 352590 397283 373996 49632 675795 14987 156053 105879 866366 895011 276888 634877 796980 188966 981621 742767 712704 768083 870285 396633 77854 50868 944917 522678 38460 414140 611834 582032 424952 562389 783182 531208 807569 711103 968263 937374 100411 724899 918928 768621 569476 954558 541642 829538 220316 868058 820883 507728 174993 227675 74767 146933 24963 590953 659435 669082 739880 538059 659534 798507 745775 523610 185039 728002 341153 587648 773223 896018 17443 233457 810537 61757 910961 765174 233474 419129 540302 864112 777228 904019 991666 805163 602510 817911 924515 922046 498064 860089
149413 333010 58835 494465 61828 207356 217664 55051 32333 448795 398488 225118 379266 98857 178027 260140 111005 32139 449980 443890 409143 187982 290135 210892 486799 208202 312446 127171 69000 190878 433681 460025 352915 205426 227820 482288 44343 377959 178883 39667 203863 127056 472396 23697 375385 361120 464872 390166 339105 389847 487058 144064 345298 10101 438531 173854 74490 310655 262284 365925 409133 325516 236808 277814 80283 223093 54423 156043 203059 409863 184907 111970 299981 94389 458255 137636 35959 83875 438526 291891 149831 452880 486531 280152 168532 320179 192104 93928 218964 110404 450563 399679 82116 344835 318087 370217 454635 2399 9370 366333

1000 100
715302 301186 867695 872716 536435 730752 341465 756508 122693 521521 312362 266752 413884 406576 446244 654964 125260 335905 887784 612089 677440 129505 311881 748665 931409 325097 446107 288772 785027 771110 432124 184538 608440 396182 277864 137998 763021 841057 925226 671449 12108 22076 182579 128606 910991 803458 238487 289977 642348 960799 569672 285467 893258 813825 654798 505100 971980 973232 593610 342144 232927 685105 446848 331998 404959 291732 980198 109084 669703 433994 135731 828479 519201 428521 358892 773082 29662 170240 559246 655155 809098 936027 412853 391108 818413 373546 944974 834017 331977 222782 905425 326741 213797 721349 137030 899745 929403 246748 195388 372755 915307 769798 489639 77263 126887 920303 190890 264605 642640 409879 172650 99476 288168 865891 113348 971662 245182 629102 297882 766255 615481 846164 194190 460315 433593 285661 859780 429841 972117 44820 82015 908048 354314 360785 206016 345153 348548 238752 667710 398718 570880 590433 782396 653910 233630 316239 972090 170004 774806 444117 441150 912780 320018 681380 26653 554543 316009 787889 956246 18512 441186 977441 443673 124400 228913 679724 817911 22368 358942 218112 813855 555799 611533 14709 228536 699163 706238 171572 144761 256689 913638 31458 989922 316542 827341 920413 675657 305475 308596 630914 283435 697744 827051 624600 614377 913435 876815 268915 425418 684020 607301 307281 12519 487154 693711 974308 708238 893681 495192 830992 890121 656538 677034 132683 394496 624977 601558 945750 146175 213728 27313 801571 886338 853097 38557 136066 550694 607530 7174 497149 789795 468491 814980 349104 491040 40937 35960 579604 136554 172932 82473 621287 731921 646580 113672 260541 384960 502296 179425 61831 910472 172760 187433 823653 308249 935194 133334 427966 487053 748554 16586 839744 134360 740627 171923 405734 272469 650827 761427 455838 715007 999245 344261 503477 240421 550199 412282 284022 46366 324773 205044 599454 899501 497799 977669 10955 926734 77410 694066 386971 708397 799846 218803 246754 638234 657262 781415 926793 648941 410920 670422 545449 566199 478310 611794 157420 31441 176985 920815 182985 839745 18939 670398 240367 676734 513143 58676 900159 552213 743097 149372 655387 250930 995394 38340 989671 470589 307689 592500 308860 775196 436866 654906 985916 889889 874671 147301 440525 904039 661526 24651 888027 689095 959794 308099 889117 332223 996508 787391 931631 228995 604675 46400 278932 257505 887452 272600 979399 449789 197362 563 216476 723817 766043 862692 80991 783889 745584 603666 10464 322126 259021 923452 420596 681213 161926 834982 738967 626284 268678 506578 698529 614391 371296 455710 776350 173519 448590 114256 245800 995163 650840 674093 11177 832143 601668 167516 435335 969227 855659 156885 586446 128892 253292 37644 273396 974071 591132 370149 537523 52388 21601 811756 304427 603882 839152 936242 624257 291146 32679 590200 348502 954015 303521 474160 835211 347902 359489 86837 458285 974443 54530 351205 643487 811997 363934 154061 431849 647883 23155 988054 358857 172847 854619 456327 75734 653628 766312 338489 643007 491427 471495 460294 913285 597658 225207 618435 411767 413019 50117 825987 463088 285795 240945 648464 286961 539247 245660 1524 244366 414307 151666 119196 957143 557447 209324 858291 609484 12729 734823 258914 790328 176493 622388 509949 872561 68663 163678 308916 437876 837975 773220 293932 738706 261580 367859 538186 20927 168292 461922 17459 314227 874642 851300 4626 290075 390899 282744 587936 605259 521210 517030 634704 576409 177973 67230 889669 511601 978683 286790 255298 385586 337066 936994 491578 715245 569800 628646 149513 85759 543695 546001 937526 189964 296977 492619 907052 265400 730826 926697 835194 764678 378661 56952 202093 872374 45138 319737 934679 2091 887591 906082 770372 904410 632165 374159 327893 323552 223522 555894 616729 277404 133483 400072 956165 638663 925996 796035 757209 724358 553262 715236 450481 815058 820972 712068 313777 429760 148424 182403 44170 190167 580251 873003 950285 19605 205323 560396 597941 237283 341507 713879 304468 634787 703252 187171 643296 744429 969978 409462 610278 207104 330034 672368 280429 734346 536334 640988 144952 692035 945204 529230 71628 753438 290558 745871 82831 386072 527300 439572 831601 154783 699463 318381 977491 42519 882531 157239 434709 896181 810382 337878 646356 988234 562774 27251 13497 120369 184017 98318 874102 928179 541118 254327 972385 549560 290199 505764 734084 810069 150059 842929 28475 182587 111002 526434 795987 845218 923697 453938 762647 889197 564027 287843 625567 865259 657217 602068 494781 601518 937448 562572 717027 370162 907564 312094 504395 832682 879871 879770 694356 368393 719642 22793 439132 384692 249616 994565 60553 941838 925718 271531 825373 128538 979818 886748 393459 155372 831466 538888 993303 253734 533292 149431 482182 446379 322036 814795 795511 905722 488080 79858 737198 342790 382122 469209 129680 553807 137174 930396 437845 791159 11358 503640 483856 245380 23689 512765 187397 313640 440049 291099 728692 185429 88917 774636 405877 565561 338618 37333 808372 181744 533823 18835 163021 927732 242690 293411 703154 786730 490455 340274 39675 360000 751898 638001 927191 996737 386010 98082 943396 847265 208174 452479 341197 841773 435299 604326 198954 146368 406647 397280 888509 549262 224852 173421 66346 831565 790835 314333 746539 547817 110014 638673 652274 957067 192721 729556 503665 469540 201632 150632 734321 918099 840168 612691 453090 633481 452047 853591 426091 247216 144046 852629 171471 268725 96901 408783 272095 5402 47796 889977 205308 566453 115845 941206 466812 63212 382106 798088 320869 837421 292739 54157 310595 200901 109089 854776 837304 92084 202434 636254 60560 949202 143751 865459 664002 152176 179115 84287 141157 863246 307871 381781 646881 706567 933942 93033 785776 971352 176615 664928 442663 275141 685895 409212 560449 685197 339540 70418 826821 801972 51854 6560 789516 387002 718774 254175 485337 411268 268879 571183 635127 697253 700090 762627 808276 472921 980010 701059 11347 411780 928532 777112 260368 155957 293316 21861 814498 344211 356226 997711 658957 461523 38661 706307 869670 960337 98063 579826 310735 762004 615077 429953 513747 525822 75460 740436 972400 156508 697048 545489 225252 746238 523233 354272 329605 598701 630401 316473 957965 417351 917221 131403 772891 591579 592929 811295 581810 670000 15501 707658 487585 52285 970548 476476 726615 757823 41550 423154 130129 249353 936829 551872 602021 93327 59580 8213 350092 474955 145994 51916 679537 98689 276224 108014 67520 288924 258821 697505 496892 566043 317213 921068 573521 472928 47798 389634 974587 265810 701357 725600 454801 548463 995545 120148 747557 547542 106036 154185 392549 712453 803892 950017 172105 256634 574505 903526 952552 158638 685903 601090 901857 226192 422210 414235 649939 729344 32567 860594
295468 204017 351644 14284 355449 295707 240173 358889 365672 18252 138002 75205 189361 84582 77040 499250 494246 376695 73020 179423 193014 310738 341275 395855 318207 295765 32185 488021 335199 287020 26292 60106 457376 82686 333409 54760 163302 274293 281828 156314 271373 173468 496022 200021 54075 319621 130003 426475 323066 458428 34647 137597 452352 171869 306731 100578 203550 57276 188905 138798 434371 215486 455509 67277 349910 195739 9213 216661 327023 51993 406839 108818 264627 273785 377027 85230 62207 238086 173829 251479 307054 70867 422618 116616 178806 42458 32576 299599 225266 357972 2961 193053 131903 97186 411901 272658 347228 309973 27853 347491

1000 100
315071 441886 600053 289054 503154 46657 692989 56291 240522 54440 677136 519572 933086 340068 739770 712672 37941 996263 605018 337098 897654 695192 28301 214242 505374 534197 431574 98182 126162 954846 106030 219580 38563 904275 961220 648714 416368 302253 292051 979344 990643 846044 711479 116803 892174 776440 559808 394261 853871 669723 673162 518410 834245 376909 702146 602708 951866 557451 990319 985149 726929 535936 312650 984313 620935 446481 79795 57997 20550 196276 370032 382236 494817 636440 145416 84211 744802 581732 606568 642487 783695 925414 198347 74429 934812 181009 686414 726204 58208 721707 257226 366889 171575 836375 391708 519541 278074 711290 893280 50147 49202 890098 211474 557291 806378 824077 917234 606764 35615 220449 863767 300012 123253 93543 233185 299351 13834 90080 207107 649852 897674 90703 808960 796289 989157 500610 831756 605945 842144 725515 62834 587512 558846 949866 314353 676909 162118 494555 578578 658689 599020 550815 689209 346183 690203 478051 34711 390988 709107 755958 200792 117710 966278 23134 788186 190628 86173 558681 742247 781911 42623 152118 507400 946101 845195 719054 224418 40177 581066 909916 764492 423633 409923 689114 281734 677073 812174 284483 188783 674907 832277 504090 820857 510297 576298 88264 613257 697368 236965 247565 625764 74174 408023 668465 412041 91893 467312 223149 434976 319586 155164 334905 49040 830390 220658 638766 245775 110560 18370 145312 660569 467158 649261 195087 818797 591903 46440 359785 978327 790068 768899 936454 942813 57620 906881 367209 117229 632855 683041 903182 767317 213301 344777 39055 915076 520709 16 80528 13244 351343 376317 791804 195535 250437 580916 867359 92909 515329 348465 568616 185960 432089 839023 227721 504092 282195 327916 663379 71107 963019 645927 626917 60014 863391 718075 955084 123843 970698 615843 81876 818816 87752 601408 191212 498844 812480 113297 943216 273735 960321 173101 984543 335693 85106 640599 424697 468081 524963 45059 439752 965136 555276 211357 829324 503616 854851 791404 9594 910342 887421 437008 244327 436752 438003 893380 535209 719785 802944 428839 477963 995405 852 937209 437097 273583 187205 123210 635910 689046 131248 874575 639674 748831 961178 785019 305637 934499 7475 578365 732666 571938 58772 345325 106430 427176 907011 625463 846239 40516 453160 15257 737636 738187 238839 607464 842851 985171 545876 17689 331392 226481 726513 531815 831433 638474 752777 57127 875899 363772 868673 790664 531996 773797 76957 855430 31958 306616 396592 494640 184821 250530 562458 818148 913215 453317 526376 426622 670128 106829 660163 821882 683693 536938 320831 221030 528163 73251 933870 834958 624426 7204 751603 334025 843423 143565 962816 189059 506895 792493 988079 135792 12872 30781 82507 650754 466767 826038 943619 502627 227690 29008 208658 151861 446414 623536 873147 584882 62825 222399 96979 580547 635385 815224 870663 345529 674646 731799 897661 456056 829597 65636 208207 815637 794004 927005 105037 200488 749747 480224 115319 427365 512611 668731 217215 125559 385323 443616 72494 398375 169805 659134 365432 198869 916807 339797 434778 755318 586156 887654 756200 2216 457688 701698 68523 807014 8448 964793 85601 85835 738555 692889 439718 894294 226780 903829 933064 256750 894214 997637 163778 76864 81609 318869 404620 43222 358346 600084 819415 809153 8507 110583 428108 555315 391727 864025 277561 412562 595567 785507 456772 25024 628201 514336 65799 783135 681041 424948 970380 301349 377341 631360 947413 309956 699550 285236 950522 931720 60244 404317 660663 621563 277175 682908 412439 541414 853391 543363 10316 180750 396545 897696 767020 776818 692360 659609 939716 684428 449955 886266 802502 233449 883397 984915 154330 686353 765022 718093 859133 386862 828760 847380 97013 688432 455077 801655 530223 917577 812696 664902 665859 451873 452457 101722 540465 916158 321882 764427 608381 398612 542282 366912 969430 823 416710 653579 225448 892089 445823 855265 812124 994559 842507 503889 616875 102836 341414 101482 412472 754107 564753 73813 48780 755486 789286 192312 946937 82241 703621 570261 799241 370404 610375 812050 872412 903589 518975 204432 119332 403421 216804 232148 599046 393248 646454 71145 783202 625517 851220 907555 794135 706976 681969 336310 919860 861017 949170 359199 705476 525457 55514 300137 464504 893616 553802 487371 172712 544309 270228 75819 180798 795314 221775 958313 174728 376878 640808 644426 953692 82269 200492 616952 77123 259637 110782 927473 763752 852116 676691 406012 352036 38761 625502 572939 910830 909974 996450 334089 594584 152336 330135 1000000 839306 691586 264662 536876 756861 557147 566191 763967 798090 654073 654327 427597 439126 702843 166462 532737 317523 781718 627571 548568 767694 735952 759069 42772 524826 513233 972481 855732 306810 888380 566792 291670 295201 129043 235897 342766 370345 332229 326386 122760 316247 982630 835474 754638 856472 839557 460857 15457 980116 552987 54284 358959 102305 988710 911721 736055 271572 944858 782051 240913 571957 787964 268928 47055 777208 208083 224831 651908 322939 247130 997845 397864 913993 126617 233897 425001 277998 318079 521190 573810 541504 240368 918166 302893 306354 454755 409232 807379 785416 842375 390496 564333 445188 850116 405465 185270 582766 932449 247320 870024 608974 428797 683041 794186 127675 595373 430968 184382 999760 327475 136753 30331 206414 876896 173972 731670 407603 146290 596733 720409 776200 12678 809535 945708 96385 718033 925034 539908 149698 980809 724747 282423 322883 164154 188819 633379 397897 136529 710358 655409 911020 657027 321600 808248 92867 452607 142331 151709 383865 764072 326870 457348 556771 777459 217898 312388 961775 667404 200741 855160 642060 19704 322400 227720 821459 508166 133717 57967 906905 505584 892046 123170 725975 553021 361439 434145 656166 781677 972953 411037 238181 8692 141299 568133 985156 908108 702023 520112 204789 668936 895900 842207 420498 35984 361002 419953 646260 646933 662795 229022 76393 536904 486099 90888 341191 750201 225211 472980 652401 475552 688180 311742 494841 502574 829676 990589 350408 412948 264138 723421 609751 777910 659787 543270 767737 922905 202122 133502 759128 59382 523309 832618 628610 746430 230283 299624 778845 80473 380095 273698 813780 605824 346675 800358 909743 707723 130038 7633 446928 727769 946756 668560 134818 354358 143928 690468 132625 591717 476348 975637 65185 306039 189374 400449 93559 846945 707151 201157 234965 876599 180092 478758 791497 523934 848991 257236 955255 947190 802271 86448 670756 102637 913677 882650 674638 624366 305622 981213 164239 160318 257710 992802 865594 520628 777549 881299 562686 931491 581368 900092 908085 5559 868141 843976 123349 816978 899623 74083 983016 739530 146837 912763 448583 81881 212700 865384 783464 985995 745331 590901 727970 635849 132066 593084 586762 825281 348143 354516 334653
121198 380949 181535 90150 184034 28462 312822 325854 24578 437364 163226 166347 454034 192641 234057 249687 448670 381088 211316 356591 240477 17956 395005 41506 178324 291431 197723 152519 85588 199722 4140 344281 273239 449989 428123 262689 418285 394054 450087 463327 30115 217883 199789 469093 94476 265722 484598 435744 342116 16043 85123 159336 378558 362040 332072 499954 180093 483579 367694 345218 394431 291314 87177 101168 77591 437736 19405 244616 162561 49175 251036 342649 443808 481637 247990 360148 52749 414593 106091 315994 484708 112154 402913 316309 444223 404181 47024 437442 238875 357885 340144 78730 80981 154019 340315 43137 375864 308267 180406 11075

1000 100
180480 628221 674083 99530 190648 765353 999328 309586 249286 777340 48358 854108 477102 864859 717527 786709 178443 471489 8367 57190 367315 455035 55750 797620 592957 366615 575775 387606 874816 287394 544924 223458 224302 362193 444574 428536 396048 81111 824763 273730 342289 245924 965853 186582 746870 663704 773990 951354 285213 639648 160052 189969 652376 802828 239470 337814 581550 25527 923623 892178 976179 40988 310424 177076 294329 824987 169901 587149 103770 481368 269505 315897 151558 366352 438147 249245 168603 961479 668679 655196 795211 545121 521649 219054 911335 691005 542621 369146 387829 139159 511502 599016 200713 468460 529444 421362 428577 598643 120828 529529 765234 930710 895848 639753 602330 435024 627623 19476 316285 37926 907728 798487 426493 584987 331177 187267 566097 506079 648510 79588 907434 903219 138993 378368 973167 647614 662042 240474 779553 850096 19970 177133 256928 746295 948017 877444 935641 878588 303750 785203 787670 503299 893249 289091 119711 636350 356308 382725 333407 404391 482009 857536 404726 806482 345650 739909 261854 498133 6376 547853 639453 463059 639176 533198 432109 691126 265265 347531 88518 571575 378928 754498 782676 54401 189255 860729 575201 646097 735336 435674 214398 919166 262798 624302 211820 93302 301738 309057 638732 724241 804168 952911 999569 995619 777032 756994 92817 879582 835388 701803 296142 678654 980892 417886 584986 743735 180547 917145 661371 356715 249447 976894 244236 447180 560520 321560 154584 694853 568359 536364 698059 575404 672255 115593 194664 645709 135134 309473 404639 124675 729442 519478 161603 751104 304477 839544 774812 16221 325014 7920 453538 670882 997778 381001 343426 930072 801043 733145 341994 940964 897924 119468 531871 895348 769914 254919 116784 292412 664154 581842 733597 378493 77155 411035 397373 803929 861251 77843 414907 714915 72865 385183 958568 822784 232111 519822 677382 435270 893597 448524 144220 293275 974759 609497 62168 996133 736910 971450 926262 841849 230992 140918 334606 121320 33963 404767 637202 328732 773615 516336 50934 914527 949311 227283 444643 542281 79 57541 122695 440361 39224 871033 914509 401033 399518 890009 89741 494359 864926 846623 172799 768238 171025 899052 652731 583091 652193 700625 731169 796388 366199 718599 717838 988801 481603 290670 674509 39994 246890 723438 350511 496859 354367 488719 868328 445540 315858 524242 144151 390016 294195 993619 279756 35549 572308 954602 543293 602156 157981 801967 790581 139453 133509 591972 25699 789803 629597 959048 243373 100870 872559 395377 119460 50530 422337 34578 59730 191759 54099 899869 279587 789658 363005 312006 416852 634124 600609 286464 304733 417622 977871 929835 730294 101694 7384 312341 352198 986561 136203 319765 829312 591017 63349 338509 558969 291173 518649 553100 238519 823142 216541 369113 192989 52430 31818 888656 294181 802150 135603 386782 225148 19869 482175 415221 829577 943281 498526 41632 567603 598782 652805 94101 563431 731494 720215 735603 318685 852604 987823 710443 512653 282546 700083 320124 957798 267379 270422 950937 221570 659498 90354 310305 363613 179453 774463 754216 259480 238017 784505 180641 875215 141532 973727 420057 660075 197796 585015 853757 487665 932109 112715 931821 489123 809922 958196 344134 331472 823143 675153 247474 767077 11221 500611 605202 219618 685353 196999 324266 640079 498434 843134 1003 498619 246787 887644 368635 873582 914518 520345 91985 710974 357046 199561 11482 766701 980545 402550 782301 745548 658156 61085 750924 945239 376631 548121 880395 121762 412324 865118 193617 439216 443196 826573 644458 927726 638575 289906 804692 84377 660945 689461 812270 1797 3000 331716 496674 13604 885602 399722 547172 745074 610599 515484 805811 318055 325407 38675 95700 454473 600858 141255 765022 153216 884106 200053 519731 203666 710971 545892 79111 957325 898952 961884 472878 468227 583067 858413 957202 438571 519479 785663 975830 763714 763642 359135 422576 164726 527575 113668 2655 537104 790916 840620 925102 669275 269837 994655 618259 42537 884899 381535 324643 138513 217639 620662 175798 142683 391828 82458 150227 810137 898652 890749 817977 398046 420623 158374 62962 724616 761106 889960 96141 296097 967429 645694 185540 822069 953557 747890 186467 903817 979031 168201 283954 995283 390935 14147 751810 92498 406937 335175 911712 644023 652795 706528 929296 649903 145795 342062 652849 24685 171291 328945 709736 785731 203888 26320 705311 665741 518459 789923 825785 114442 422123 31686 492388 521075 391706 383353 494626 810061 188078 721860 976002 119028 526832 25634 175755 882226 202034 819977 956637 927864 590322 933858 598500 651362 2997 438030 614671 732621 800462 686627 985631 637197 403315 655246 621070 156376 363652 380928 326929 945343 51057 836565 611389 283649 58661 182188 294625 855295 737003 322252 826543 241993 631810 128197 884281 732761 628578 129071 457339 858046 787285 282544 989168 847798 505171 367546 137460 172173 487181 595822 686295 824782 133849 252213 230998 336674 558453 611383 186548 775359 354665 617555 21013 227697 518375 820332 564635 499809 583159 71980 128721 185234 687473 547731 573538 713969 538828 319360 87172 104496 143420 511791 970169 446809 249730 901963 951946 740274 772183 647185 815477 859537 177221 684486 842469 55590 541011 186902 955766 834945 246210 478829 911019 670498 350758 316884 595273 761256 791150 661259 272824 747676 203190 190974 308424 689806 902655 275791 927140 796755 345086 97730 954087 801720 252517 713745 769498 510521 97481 373281 543760 684576 630834 665523 765294 43632 49004 579204 745841 94453 865522 355483 266196 753082 434657 994000 950403 263998 820376 11252 560727 114775 159141 426282 163637 22290 332610 865300 637901 360672 720101 857196 433043 532895 588352 987339 126628 421178 142280 98307 676743 994605 343519 135380 150135 182284 834983 491439 335196 349642 901121 434162 735379 893644 407292 220210 677621 549265 840531 636351 752502 66079 792130 414509 264368 617574 786783 943326 646576 609748 594410 893959 324486 477488 106754 927596 448131 301023 489017 697320 36008 247481 853232 902569 490819 375122 559729 556918 499866 480978 144429 610060 470923 540236 357758 51342 502671 759146 212258 318655 956443 171634 780052 904239 138719 412793 453199 844226 555495 572990 883270 555647 740403 60116 727146 35991 341165 787611 20053 72963 793811 608981 409079 944568 753781 647156 786007 878241 908909 520564 896546 461868 385652 903720 283790 590802 161089 60670 719264 30733 615272 714392 748767 482831 907074 752111 549786 526744 917834 899613 138378 44234 735534 877350 446380 159470 886053 167744 218978 622254 198499 101438 533769 520924 813711 66565 221147 227730 482825 502347 485848 897560 974069 60546 734700 187212 102189 556012 716961 195593 841212 741293 17917 735599 652143 880581 244076 71367 221257 193494 250586 45433 850654 815566 499206 774112 632333
387582 101128 91365 483212 370437 252610 404240 182333 134326 260916 96297 155260 135048 80849 102181 321692 417653 84441 297967 387764 252700 338212 335268 127809 277835 438363 340297 72083 391252 480839 21036 274777 54617 7264 255043 213098 134989 405243 97081 377073 388202 289655 278391 122761 369813 215905 469541 436813 455074 15663 297049 245931 153802 467140 62410 471214 297718 357008 482101 306866 76576 49952 89040 303904 32835 381171 486273 388259 6137 463747 270903 288849 137705 190976 72154 69918 484310 215558 320721 304958 336892 102415 20641 206391 194705 485335 188345 359617 171231 28400 249857 273062 468580 287537 200767 193885 208418 154403 364948 400065
