35305 9887
6470 9137
793 1980
8781 8974
5993 8381
952 9266
3519 3827
1410 8515
6853 7140
3945 4689
9030 9465
970 2999
3659 8826
9553 9585
9457 9864
814 4437
765 9886
2183 4556
6869 7460
8860 9102
9355 9671
9181 9880
2963 3808
9530 9823
3080 6131
1598 2627
9248 9310
3376 7443
8713 9589
5148 8963
9595 9828
5926 7154
4072 5545
4001 4672
9413 9721
8606 9620
5629 9306
4719 9708
1201 3136
8389 9246
2704 8907
5606 6852
8013 8877
644 1916
9145 9732
5142 7929
5739 9808
9503 9912
7476 7758
1535 5958
7769 8036
996 6069
9471 9928
4664 7825
5687 5872
7566 9022
2755 7760
1920 5965
967 4543
4711 5771
4058 7318
6407 9977
8136 8302
2727 6407
6582 8833
4554 5676
7055 9309
4563 7966
5880 8997
3782 5019
1361 4249
2480 4381
3824 3923
7947 8694
4306 6616
69 2456
6866 9056
6051 8549
9280 9607
2058 7715
8447 9712
886 8368
9165 9567
6523 8158
6459 6884
7891 9532
1021 4144
1105 4526
7221 7886
1803 7375
9844 9858
1679 1683
9288 9443
8793 9001
5959 8473
419 1572
3409 8440
6166 6775
4134 6980
9869 9963
7770 8274
1891 8846
7998 8953
7872 9854
5111 5815
2363 3201
5615 7784
7843 8505
8461 8509
3364 7692
5928 6529
8901 8957
8654 9265
1493 5772
8495 9247
2738 5652
3652 8015
8875 9905
5403 7231
3199 9803
3924 7207
3716 5354
8482 9492
5827 6065
459 5037
7739 8801
3174 8848
9916 9961
7329 8761
5976 6306
3614 4451
3718 7569
3224 5991
3350 7304
33 7889
5638 6333
1966 9419
6367 9572
3267 7184
2926 6481
5449 6160
6487 8385
6578 9623
1393 3996
2787 3828
453 2930
9681 9920
2396 7407
9764 9886
5743 7021
8991 9553
2148 2324
235 1919
8629 8915
7109 7907
3459 3689
4128 5872
4801 8907
3942 8747
5343 7468
8920 9779
2149 2648
5798 9552
9559 9977
8468 9330
8221 8489
8715 9026
8579 9625
308 7520
3002 7988
66 2521
2825 3985
7759 8252
9119 9183
5342 9589
8697 9835
7907 8342
9181 9240
4073 5641
4539 4885
1603 9922
7410 9711
458 1497
7264 8598
8284 9526
8393 8802
4543 8249
8327 9420
7834 9914
4059 9787
8574 9106
9169 9377
7334 7896
6828 7327
6430 8241
5179 5774
3944 7453
1200 4685
4962 5965
2532 8399
6001 6587
4148 5273
7665 8565
1544 8070
7985 8319
3667 4990
7072 9184
6618 8008
6904 7706
5844 8454
1512 7508
321 5859
9079 9549
7218 7293
6299 7657
8479 9757
4842 9039
1055 2904
3746 4605
1379 5731
4457 4782
2976 5192
2124 8840
6920 9689
4239 7565
2449 6845
8436 9605
8105 9540
5360 6093
4574 5046
3005 6490
1188 5595
277 1729
4270 4957
9966 9981
1093 5426
1995 5713
191 5748
9063 9491
4390 9483
2119 2473
8634 9123
1795 4441
4292 4705
2969 4622
5113 7612
8703 9125
4752 8404
8195 9572
2916 5133
5687 5836
4105 4408
253 556
8286 9415
3106 7319
7780 8787
7326 7762
7082 9772
8112 9231
6442 8518
5044 6807
3763 6571
3256 9046
2291 5607
5696 6142
2128 2245
1160 5348
7059 7728
909 2294
6242 9808
8291 9665
4621 9527
3970 9645
4803 5174
7529 8289
2583 4787
7306 7321
4314 7298
5391 9873
5302 7305
566 5638
3571 6493
2999 3008
5496 8623
1376 9153
4571 8690
3294 5328
8271 9861
83 1572
4330 5066
2359 5632
9616 9638
6456 6549
4911 7404
3816 4509
9596 9867
2545 7932
9776 9876
5345 9394
2450 4778
2373 2732
8406 9691
7034 9906
8284 8570
8583 9616
9315 9332
9571 9980
3769 4467
512 1198
2182 7402
5911 9842
1720 7891
7397 9685
833 1142
8709 9210
8018 8559
56 7543
1150 9391
8770 8959
8619 8755
7765 8798
1221 5572
3848 9823
3364 5255
7544 9568
6269 6584
7850 9027
767 4016
1271 3687
5437 7518
4989 9641
2188 2291
7905 8154
7961 8512
1632 5199
8023 8619
8464 9049
7615 9524
7642 8128
8998 9203
5108 5812
7750 7822
4746 8506
1254 9555
7365 8466
6340 7200
3454 4066
9528 9575
2324 8448
8588 9125
5892 6979
9887 9992
8337 8910
1848 7610
5985 6933
8159 9998
7966 8774
408 3015
60 8116
7387 9048
4949 6102
6820 8229
6164 7459
1982 8866
5430 5445
5319 8091
6527 7019
3209 9051
194 4943
4150 7200
1066 7504
6394 9958
9655 9695
5911 9702
7015 8143
792 5390
1668 2514
4681 9883
2441 4484
4355 7929
8373 9020
3112 9446
6118 9334
7010 7129
6556 8826
9000 9209
1322 2133
6733 8580
2272 7552
4691 8669
804 9817
2087 3486
7738 9438
5632 7941
4880 6976
4264 7592
3912 6377
7918 9534
1963 3334
2650 3266
3407 7508
8146 9274
3606 7317
5455 9142
7004 7576
8976 9371
4001 4745
2864 5666
9109 9203
5233 7192
6036 7095
9334 9541
331 7095
6274 7970
8589 9020
6176 7283
5543 6052
8163 8732
9411 9780
2064 7690
8249 9333
3540 4299
4442 6478
6302 7940
7306 9075
5114 5293
2086 2351
6968 9875
7756 9763
4 1203
6416 9798
8650 9609
7357 8375
1788 5455
2531 3777
8560 9957
1786 9279
1394 2042
24 2083
3812 8477
617 5595
2098 7231
4127 8455
7168 7628
1631 2784
4922 9219
9552 9651
6360 7429
3665 8589
20 192
8808 9426
7549 8691
5185 7171
7789 9945
3848 8330
4049 4289
6749 9636
5038 5492
358 3539
8166 9979
6883 7216
4216 6083
6954 8471
3717 7756
560 6099
6892 8377
6495 7307
112 4898
8273 8412
3364 7425
3285 5839
3179 5070
7622 8530
4344 6761
1787 9910
3070 4900
7949 9658
926 3325
6448 6671
3490 3684
9768 9805
6807 7020
987 4004
6446 8288
5149 6077
1302 4016
5396 6959
3041 8387
8600 9558
524 5633
6205 9643
6127 7486
7250 7944
1787 1835
1283 5868
1325 7084
6886 7393
9195 9973
3400 6515
5845 8374
7087 7447
809 8567
3208 6262
8874 9789
3164 5813
5969 8990
7776 7901
6732 7748
6633 6800
6155 6298
7605 7862
1017 5228
3195 9317
1031 6587
5948 7064
5490 5848
4297 9947
5187 7445
4874 4905
9759 9994
1072 1470
3833 4712
7787 9695
6334 9570
4115 7638
8087 8359
8137 8512
144 5114
2481 7456
3870 6556
5237 9012
5930 9141
9762 9783
8388 8793
6419 9503
2622 4648
6682 6948
556 8449
9055 9613
5339 6656
6990 7421
1184 5524
1379 4793
1581 8480
8169 9623
7325 8035
3839 4928
6831 8719
3851 9979
8825 9074
4817 7224
4579 9223
4387 7443
4164 6297
3265 6865
4055 5577
4021 5951
2514 4819
9476 9669
5348 5879
6491 7522
4031 8188
8625 9099
1649 9250
608 2285
75 7854
3788 7461
6127 6293
4813 6721
1955 2368
3107 8027
9557 9657
1232 7331
8401 8766
7360 9831
4260 9706
105 1839
9769 9951
5731 7514
615 6656
5572 6731
725 4067
4178 4492
9822 9989
3335 3429
5363 8714
6093 6852
5117 5756
3334 3592
8122 9245
7923 8183
6689 7105
6478 9198
9015 9174
8751 8938
2683 5942
4444 7801
4643 7163
6847 7058
5119 9760
5854 9247
6825 6900
5962 8602
3232 6433
6637 7472
98 7212
2567 6039
1862 8583
1484 8140
9468 9842
7553 8219
2131 2253
848 9885
2336 7585
6501 6866
9387 9767
8267 8619
2392 5243
4643 5969
8540 8892
1101 2884
6289 8299
3235 5706
2077 8937
714 8624
5155 5593
9957 9998
6357 6711
2627 7873
3640 8728
6629 9147
3215 7090
2999 7631
3575 3917
6551 8673
2565 5708
5887 6896
2450 4474
3157 3494
9215 9991
626 5938
1930 5124
9824 9941
9014 9884
5019 8461
5051 9824
4085 7573
6378 9077
6022 7853
8252 9150
2930 3122
59 8079
7625 8589
7322 9856
7510 8246
7755 9395
1756 2856
2106 5044
7056 8553
1504 8746
8265 9310
669 1336
2136 2810
5142 9333
1312 2202
8258 9032
2233 2445
1089 2885
3175 4254
8060 8650
2707 8328
3624 4161
5751 7818
2603 5256
4507 8246
2354 4437
8230 9214
3415 8264
4308 9354
8292 8779
5229 8279
605 3865
2985 6291
2643 7858
4559 7245
6176 6868
4332 5275
8697 8797
5896 9608
9098 9632
9505 9858
1715 5845
8778 9586
6088 7173
6158 7670
9461 9611
5904 8615
1335 8582
3771 5219
793 5649
8457 8977
5082 9882
5124 5139
555 4187
2449 4833
7083 8794
8401 9147
784 2948
8003 8469
748 1114
893 936
9293 9657
4978 5850
8572 9304
8752 9212
6772 9163
4936 9762
2192 3865
6002 8558
7782 8432
2209 2325
3992 9788
2448 6142
1571 2615
2372 9510
4421 7714
4331 4426
921 6661
9745 9911
9479 9934
9863 9996
8076 8585
2706 2710
722 1731
8710 8762
6653 7414
3895 5200
958 2677
204 9231
3233 4399
6771 7589
8493 9739
8307 9634
6805 9317
2863 7030
5070 5593
4921 5319
7832 7859
6148 9607
7156 9062
1320 8734
2875 4726
1726 6010
3807 9083
637 2657
5499 7656
862 5220
9075 9771
7146 9955
8574 9118
4845 6623
1401 9715
251 3033
4267 6202
3324 4629
5357 6930
6370 7716
9852 9914
6218 9936
8789 9751
7737 9911
106 541
7165 8123
9346 9662
3474 6682
9592 9632
9262 9438
2371 2641
442 2276
1749 4401
5652 6814
472 978
684 2952
700 1812
766 1844
9676 9863
3267 9965
8749 8885
6290 6729
4041 5727
3330 4248
556 1121
1435 6144
7819 8229
2175 2977
3360 5773
5230 7987
6944 8014
344 6094
4207 6523
795 6825
5258 9385
7802 8981
509 7275
513 7664
8499 8701
5683 9525
790 9603
9276 9498
1491 6196
2793 6366
23 8601
3312 5675
886 958
5700 9721
1569 9622
3025 7077
9710 9888
8442 8976
9472 9635
4650 6409
3795 7878
2718 3619
1327 9360
9197 9305
5353 8267
1560 8135
6467 9520
1413 8330
414 6509
3379 5863
4314 7821
8930 9957
2805 5913
3828 7604
2080 6435
9735 9753
5711 8388
8550 8869
7379 9648
5299 6688
7590 9388
4216 8961
3787 4820
5475 9260
3900 8060
3140 5332
4941 9999
2534 8460
2557 4586
5352 9630
5713 7032
3872 6560
3103 5223
1669 4366
1667 4869
6297 6916
2432 8944
4951 7388
7127 8249
3216 4112
1752 6353
3384 6566
7602 7741
208 6746
7154 9995
3646 7746
4855 8651
364 2688
4216 9162
6632 6655
3971 7494
9406 9838
3746 9218
9566 9684
2975 8231
2037 5756
7088 8371
4258 9405
1605 8480
3973 7251
2565 4614
6941 8919
7459 7540
6708 8831
3001 8363
5376 5464
6370 9778
8027 9887
1744 2369
4118 8570
3571 4889
3275 7529
5707 6536
9415 9883
8866 9286
7796 9894
265 6326
8549 9252
6725 9765
7488 8349
3013 6229
8419 9982
2007 7980
5826 6290
4138 6386
6258 7896
1009 1228
1233 8092
6892 9467
5771 7944
1792 5470
4974 8255
8637 9086
6423 8316
3475 4823
2120 9734
1130 4295
7688 9991
3704 4903
5787 9173
7671 8877
8984 9650
2052 8441
7692 9146
3777 5968
6164 8980
4156 7647
3047 6993
46 4654
5867 7874
4947 7572
7858 9845
7022 9576
1401 7340
2504 4988
6311 6545
1399 6719
2302 6650
5656 5779
190 3627
1181 5982
4098 9081
1665 4004
3829 5350
7406 8826
2503 4212
6596 9839
8759 9103
9988 10000
9969 9995
1483 6350
3235 7286
3493 7842
1290 8476
1918 6466
1942 4109
6867 7827
2284 6161
8080 9222
959 8895
7654 8246
8052 8557
8164 8502
8841 8855
2629 9517
5256 9090
9219 9729
4865 8681
6145 7890
6863 9632
1237 4195
5906 8512
469 806
9990 9991
5416 6186
8368 9360
7942 8534
557 4053
6811 9373
2081 4855
1549 7549
5594 9482
8612 9747
3454 5782
7132 8533
6922 7953
9079 9133
4739 7139
5821 9866
6616 7983
8255 8812
8299 9006
3336 8699
8066 9688
1934 4645
3152 5750
4904 5950
9610 9936
1436 2093
6537 9498
9083 9990
6654 8888
9407 9458
6530 7761
1779 1881
762 3874
7785 8032
8207 9321
6163 8689
2411 7546
9771 9996
1361 4843
648 8150
2851 3682
2972 3275
6909 7322
221 6265
2274 8718
5070 9675
4229 6704
3029 6485
563 5781
336 7393
9280 9938
9476 9532
8157 9320
8556 8637
1949 8288
6900 9257
6631 8460
1103 1335
6344 8777
9700 9780
7791 9481
8993 9098
1360 9097
3479 4723
256 7252
80 233
1995 9912
1446 5022
1990 3047
7740 7813
4514 9176
3971 7664
3072 3483
5996 9167
2374 8352
1383 6186
9135 9862
8162 9106
4164 4596
525 712
994 1236
1307 7680
5098 7658
9834 9877
7970 9218
981 6163
6024 9911
9422 9872
7699 8381
2376 8908
1914 4890
2689 7848
6849 8803
6321 9509
7419 8534
9288 9630
4792 7085
995 6436
9927 9929
2477 7402
5058 9848
7023 8032
6173 7760
6165 8630
3841 7538
4643 4657
5269 7424
4393 7855
2578 7384
694 5422
2306 8956
9372 9523
4488 8976
8193 8904
8760 8935
8849 9983
7944 9508
3285 9738
3836 6372
9945 9949
6481 8387
3386 5473
9609 9994
155 6463
7534 9749
1438 7257
1028 4844
6525 8900
8538 9070
8552 9210
7810 9884
9657 9761
3101 4844
3152 3908
2962 9564
4750 7723
9469 9837
6596 9790
8476 8782
4037 4403
8083 8850
1740 7830
7594 7929
2560 5147
9786 9794
5653 7952
8512 9756
339 1881
552 3905
9266 9764
9614 9905
3501 5645
4586 8076
1593 8915
9719 9787
4163 4474
5553 7200
2963 6062
1372 1823
837 1408
9134 9513
7510 9505
1053 7564
1966 7753
1475 5689
5223 9848
3822 9071
1473 9772
6442 7191
7347 8002
6079 7043
3634 5045
634 4827
5769 6255
9059 9986
457 1228
4227 8433
7922 8151
1657 4030
5206 5254
3261 8807
4897 9729
9692 9918
1729 9442
5309 8354
4212 7408
2035 5107
7887 9443
2763 6379
3908 5081
208 7875
3198 9743
592 3164
3615 4253
6114 9755
2291 8667
7329 7727
6311 9761
358 1590
7413 8805
5286 7202
7825 8299
5999 6584
5441 7257
931 3885
7397 9664
2372 5969
2449 4632
6854 8541
4044 5320
418 4860
9357 9661
5482 6857
4272 8295
1791 7003
7476 9453
1872 3129
8414 8531
3461 8049
7824 8997
1954 4066
3305 6290
7080 8152
3912 5863
1600 7993
4743 8148
2659 3130
4811 5994
264 7508
8321 9020
8370 8658
7260 7268
8629 9216
3046 5996
7133 7300
6702 7597
4537 9218
2962 4094
2953 7227
3777 9607
2879 4491
9843 9864
1434 9552
4489 5926
3377 4500
3150 7926
5048 6706
166 1243
8514 9350
909 9404
5697 8444
4618 9855
8079 8264
255 6965
7810 8356
4364 6399
3050 7664
6016 6167
2680 8433
6083 8438
9748 9968
78 5914
8518 9431
8450 8597
1980 4903
4011 6641
6250 8611
1004 5781
1766 9873
7316 9419
422 9114
8805 9081
340 4331
1453 5119
2990 4366
1684 6795
4105 8655
494 813
1582 4779
4285 4430
9822 9986
9447 9923
8569 9058
7279 7701
5747 6517
2934 3305
4475 5484
7618 9640
9601 9858
4583 5485
2001 2997
6648 7209
8875 9341
3721 4928
9387 9861
6500 7174
305 6675
6891 9337
9878 9946
595 7078
853 6805
5548 8831
3940 6685
7138 9450
5255 8537
9194 9249
5324 9563
2404 7976
5792 7835
6918 9635
191 6162
1788 4860
1136 6451
7096 7919
8272 9643
343 4038
2286 5733
6507 9688
7435 7627
661 1225
4356 9914
4481 9628
8886 8960
1648 5754
1995 6258
225 7331
3879 4202
4712 5639
5005 7853
2737 3724
990 9408
4399 5092
7643 9830
2433 6038
2032 6224
2154 9406
4812 8143
9461 9757
4493 6487
1441 6146
7442 9941
9343 9570
6336 7161
8989 9717
6011 7899
8980 9291
7831 9752
5089 5343
3971 6705
3632 5179
8397 9516
6279 8678
6497 6546
5779 7109
3910 6564
9122 9456
8053 8606
4668 6439
4843 5310
358 2956
9031 9100
9929 9974
7210 9905
1018 9489
6357 9775
7209 8660
1791 5481
2533 5948
5523 8411
2301 7834
3319 8368
4536 8778
1559 9346
4404 9571
2087 5471
1695 1766
6726 9863
9012 9612
1926 6005
6514 8857
2453 5877
4578 9669
9952 9960
6220 9709
7412 9288
4721 7610
4801 7693
6402 8557
9100 9710
6301 8957
5277 5333
8186 8966
7277 8506
3020 7419
4983 6171
7139 9496
6178 8561
3802 4523
5410 8064
9964 9980
5340 7014
6988 7032
421 1199
4205 8833
8150 8765
8791 9431
8824 9720
8479 9539
7048 8644
7608 9074
669 6422
7425 7468
1120 9726
3758 4569
6711 8245
8208 9030
9198 9786
2528 9736
3085 6536
7976 8799
7213 9772
9626 9802
8687 8876
2799 5771
5213 8217
1232 6322
8400 8760
1812 7186
4833 7646
8339 9201
2564 6858
4752 8944
3406 7543
3083 6461
2990 3483
9258 9876
1748 7535
9338 9985
695 7436
177 223
5027 9557
66 5055
6515 9965
1615 1868
485 3707
2872 6951
9066 9647
4360 9659
8709 9763
2356 7063
3254 6622
9860 9892
2383 3668
8495 9539
1749 2225
1642 2890
2796 7077
8037 9723
7661 9425
1019 1224
9485 9816
2360 8222
3905 6804
4514 5902
540 4909
1631 2664
5718 7289
7372 9928
6320 6401
897 4503
6489 8876
721 7925
896 4801
4087 5913
722 3334
9619 9708
5159 5210
7463 8707
6856 9325
4130 8190
1108 5089
6388 9153
9583 9697
6776 8043
6532 9448
7938 8030
3989 4706
2844 4237
5873 8978
3058 3121
4764 8009
9202 9574
1884 4629
8746 9536
5505 8808
1074 3094
6920 8359
9076 9327
6348 7132
7653 8815
5645 7588
7138 7282
4575 4783
5595 6873
3963 9746
2129 2888
3218 5428
8929 9191
9094 9548
7654 8638
2610 5624
5784 7558
6640 8184
9516 9623
4872 8772
8273 8692
3725 7434
2147 9865
4274 9157
7216 9623
6031 8221
4036 7347
9966 9999
3484 4513
2013 7566
8407 8595
8891 9445
6306 6424
9302 9451
5093 5216
6390 9302
1411 4312
3795 6425
3087 8517
1787 2903
9209 9580
8199 9753
4867 6447
1081 6181
1442 5152
4729 5763
6538 7695
5833 9138
7611 8153
4532 5978
486 6493
5759 9139
415 7994
4072 7354
5771 6572
2978 5366
1889 4109
9978 9986
664 7294
657 3312
7058 7870
4967 6247
6240 9265
644 9694
5096 6568
9251 9485
9343 9853
8534 9056
7127 9872
9427 9785
17 1850
4693 5045
9588 9899
777 4783
1823 2128
5221 6943
5665 6371
6837 9683
6451 9514
3619 5923
8641 8826
5720 9194
7252 8646
8244 9757
7420 9504
891 4266
7020 9778
8388 9982
2093 6104
3103 3461
9162 9430
2861 7338
2683 9080
3868 8324
4266 6312
974 3728
5864 8709
6746 7126
3301 8516
5090 6214
2239 7861
7971 9344
7911 8886
3962 4011
8446 9863
7293 7839
5760 8213
2187 9435
2326 7140
9230 9477
5467 6434
8984 9419
2774 8321
2538 7443
7557 9221
3382 4320
4742 4844
5908 7902
3384 3740
990 5592
4981 6596
1813 7561
5063 8734
1853 3175
5318 8965
7680 9167
4745 6123
9136 9210
748 926
7678 9667
1377 6812
9236 9507
1784 9794
7116 9117
3111 9533
8899 9559
138 6025
1492 6178
4121 9471
4032 4673
2273 8397
455 870
6478 9917
2379 4807
6029 6790
8610 8956
1676 6761
5354 8462
3025 8328
5838 8461
3774 6793
2235 6750
6052 9484
4156 6117
947 1623
1758 8365
830 4377
8101 8968
8186 9683
2582 5037
9875 9950
1316 3641
3729 5070
2267 5898
6578 6946
656 7857
7856 8638
3578 9501
6104 6116
526 8903
6972 7559
4642 5232
908 9340
6903 8291
1029 8217
146 3035
2696 5800
4847 4882
7262 9570
5705 7306
7683 8032
8893 9556
8468 9412
7020 9211
2531 5819
9981 9984
985 6417
9982 9992
9259 9844
6901 8411
7878 8439
4905 7719
8692 9990
458 3553
3647 9207
7331 7681
2409 7820
9489 9680
9093 9688
6823 8298
8685 9178
9255 9707
6495 7565
1873 3735
2959 4621
8982 9750
1841 3654
4155 9478
1557 4630
8698 9214
8018 8483
3713 8147
9385 9501
8410 9616
9289 9372
6687 9471
1205 8407
2202 9276
8245 9373
8312 9776
1879 7013
8442 8652
7538 9144
8919 9270
3141 7754
7786 8168
2243 5302
944 7569
3883 4270
6102 6273
250 9988
3493 7259
4916 5904
2223 5713
1438 4742
9225 9343
5812 7189
6014 9068
5595 5691
4190 5196
3922 6978
8409 9919
8598 9330
8013 8103
9894 9940
1634 7463
8994 9330
9882 9897
561 4534
4173 7076
3166 8851
7321 7409
9527 9753
1862 8344
345 8342
1811 2416
4235 5753
2463 7004
4753 7873
2365 7185
4102 8513
4404 8042
228 634
5611 6848
7983 9011
7931 8061
582 1805
2988 8071
9831 9932
7796 8445
7351 8963
3757 8762
8472 8628
5915 7264
8657 9101
5101 6174
9655 9975
717 4181
2782 9493
5916 8895
7665 9023
9456 9936
6357 7806
5152 5202
5498 9459
5470 7327
338 4414
7528 7714
2391 8347
2355 4589
6300 7420
1042 9235
4295 7219
9323 9911
8655 9852
2280 8004
560 9746
1562 4827
6985 9579
9369 9471
5947 9191
4615 6566
2314 7896
1182 6163
5597 8568
8339 9640
4019 6890
9025 9758
6653 8023
992 6517
5297 9242
8255 9008
3990 5914
5723 6959
2223 3906
120 7545
6637 8462
6491 8821
4956 6340
9616 9650
2358 4828
5056 7122
9371 9936
5580 6183
3118 7897
1313 4242
4986 9742
5793 9626
5850 9359
1111 9050
5232 6668
4521 6631
8955 9003
2698 7830
4393 6334
330 3907
783 7330
7340 8161
9879 9916
8225 9553
1633 4856
3962 9975
932 3046
9849 9862
1301 2505
9430 9780
2241 2283
3085 5303
8799 8830
5292 5518
3479 6114
5355 5577
7969 8800
9992 9998
2861 3332
6789 6976
1430 6911
8101 9326
6548 7601
7593 7649
423 5615
9244 9914
5137 5596
6803 9318
5395 6679
1533 1838
2561 4286
2339 6677
1474 7337
5928 7662
5639 6896
9858 9943
3770 9841
4226 8139
520 5587
9004 9728
7426 9717
4561 7522
8576 9661
4490 5571
4145 4220
9146 9634
1636 7576
2469 7621
3740 7024
1475 1933
2199 3201
987 9888
8224 8644
9099 9896
2980 5103
9931 9978
2448 9845
2909 8953
2657 6987
477 6225
3976 7594
8176 8613
5641 8828
7540 8409
5307 5524
1768 2021
1074 7658
5747 6239
3739 8361
6162 7842
6155 8847
3673 3925
4129 4300
4299 7853
3964 5860
5806 7471
5343 8830
4567 7012
8171 8615
9333 9494
7823 8918
2238 8979
4918 7233
1450 6882
66 8022
4093 5417
5241 8953
3476 8222
856 4294
5906 6096
7195 7942
7125 7698
4877 5078
1829 3074
156 2342
4961 6197
8237 9745
5763 6563
2766 6572
6509 6879
6788 8179
6501 7876
541 4385
3301 9790
253 874
2211 6347
9753 9813
9420 9861
1720 2047
793 5979
1059 2867
1975 9817
7986 9974
2227 6532
7022 7033
2934 4769
8856 9159
8939 9965
1842 6184
5794 9860
1268 6994
3526 5361
1188 5661
2905 3030
4337 6541
1131 1839
3220 7388
786 7473
9121 9493
4379 4466
5338 5678
7436 9665
4624 9120
5421 8783
4402 7673
6915 8219
8849 9708
6276 6896
6343 9460
6316 9928
6718 7304
88 4006
9960 9993
4174 9857
6178 7165
3252 8687
1905 2617
553 1365
6650 9494
9152 9485
7250 9499
5173 8905
9467 9468
7759 9687
8359 9061
9706 9986
6226 7187
6208 7663
1052 7500
8624 9170
5279 5869
8899 9357
4342 6491
7756 9181
8555 9763
7810 8717
2329 2869
8665 9411
8586 9006
8644 8991
5995 6973
2825 4074
7543 8271
710 5986
6248 7730
7015 7519
6719 7350
4122 7196
1686 7663
5845 8323
7420 7781
4507 7748
4761 8417
1833 5514
7839 8554
8478 8785
98 2237
6013 8016
8533 9886
3895 8997
6076 8220
5574 8697
4144 4290
9114 9320
15 9363
4256 4729
9678 9770
5024 9486
4500 7155
4190 6172
4350 7939
1498 9582
1457 4762
2104 5571
4760 9822
6090 9861
721 7972
6157 7661
686 5524
6685 8451
9954 9971
5774 7729
6315 9796
9483 9616
3141 8973
9508 9699
1040 4369
5399 5979
1311 8611
6218 7829
8616 9466
8138 9984
421 2188
9714 9951
7574 9361
6799 8739
2889 3423
7208 8837
8050 8328
8387 9929
157 3965
3282 6573
8876 8960
4818 9356
5411 8586
7536 8020
1477 5094
1265 1519
1668 9810
1447 4980
9249 9715
903 4178
5500 9456
899 9917
6849 9241
2299 5633
822 3207
5252 7991
3119 7365
100 3150
8831 9394
8521 9059
1421 6550
6288 7333
4897 9450
6470 8563
6886 9676
840 5868
4990 7026
6231 9516
7147 9358
4214 6713
3311 4391
855 4255
8797 9563
7607 9610
9566 9639
5994 9806
5601 7242
7480 9758
840 5989
141 8875
1110 7810
9257 9589
580 5062
3601 7199
4778 6421
3432 8283
7450 9113
7290 8126
3331 3804
2953 6507
2041 2443
2246 9313
1180 9326
2953 3070
9194 9949
2691 6773
3619 9140
4833 6562
8758 9084
2390 8760
3391 7620
1654 9284
1562 4866
1501 2326
6796 7713
4222 7847
6958 7593
930 3116
686 3310
7314 8517
3814 8583
5224 9817
2524 5060
4229 6887
8992 9854
3517 4762
3783 6991
541 5909
6227 6866
4770 6600
8943 9135
3248 7053
2441 8407
3015 6537
5460 8749
1875 2193
5766 6767
3450 8825
8592 9670
1196 5960
8028 8741
293 8429
1525 4811
7944 9091
4965 9862
9568 9845
1450 4749
2290 6144
4444 6306
9484 9792
532 2182
23 5664
3186 4433
4917 5328
2819 5549
5740 9424
7883 8897
5401 8384
2932 3831
4888 5457
9163 9629
1569 3420
2645 7525
6445 8335
590 1143
650 9061
9492 9542
6768 9418
2164 5567
9471 9833
1251 7391
2687 5632
2782 8212
1477 6911
83 7952
4972 6193
4282 5053
1747 5659
1920 3174
8130 8684
8783 9892
1928 4585
7666 8674
2689 7346
8775 8862
8305 8830
6013 9902
3241 5564
6616 8891
3335 4377
3932 9885
8764 9792
3928 4707
249 1982
881 8883
9347 9563
3758 4472
2808 4067
4330 4584
6948 8559
8490 8715
4785 9453
1980 2671
9480 9703
3834 5830
9755 9954
8406 9862
1020 5047
1198 6725
1608 2284
3522 8587
2864 9538
4976 7779
1378 8944
9699 9793
178 5380
6751 9973
6672 6805
1444 5456
2427 8438
8380 9771
2740 3979
5643 6793
3340 4964
3600 9221
5426 5974
48 7908
620 8769
8612 9288
1133 2160
3263 8385
826 6817
6741 7120
5723 7052
8072 9450
8132 8409
4250 9933
4965 5398
7639 8314
7134 8715
8406 9019
9727 10000
1899 2457
4130 6032
3935 5558
9629 9864
9203 9446
8073 9251
824 7247
6470 9721
5615 8720
6657 7014
3743 9089
5565 9060
4995 5032
4924 8931
9895 9898
1814 9009
7790 9505
6732 9210
4908 8656
2391 5139
8937 9375
1363 7159
6455 9915
7635 7769
4788 7540
1443 5884
3070 8815
7244 8913
8819 9315
1979 3752
682 6837
3018 6211
4449 7175
2474 5443
2744 4581
5761 8992
5057 9151
5220 9372
9940 9953
2659 5862
8639 8658
7 2880
1701 5730
7449 9765
4111 6998
1655 7827
2214 9822
4152 9611
6818 7129
8427 9705
5427 9066
4365 6789
5930 7181
6160 8299
979 9141
8084 8829
296 1230
1952 6519
6181 8015
5099 9298
2497 8468
9948 9996
7520 7664
5330 9283
2246 2304
4449 5633
3076 7890
9451 9972
766 7193
2845 8968
9661 9990
4603 9742
3962 6348
8919 8972
6894 9140
6679 9337
1383 7617
8079 9533
5904 8178
5313 6640
9425 9933
793 9516
5691 6837
3291 7519
1012 3669
5048 9313
2798 8381
5113 5552
9623 9776
6276 9459
5902 7436
4464 6999
7780 8589
5259 8850
6606 7051
4265 7229
6456 7766
6318 9568
7744 8838
1844 3515
7378 9432
6690 9300
2620 8999
5158 5519
2493 4778
8778 9742
9156 9843
6747 9830
1254 5766
6418 7904
6482 8651
4726 9889
1986 4114
7369 7418
679 9399
9283 9596
5796 8744
4352 6346
1146 2726
9877 9964
6764 9680
1825 9444
5031 6391
2892 8815
1932 8278
6618 8234
5601 8878
6433 8481
5520 8385
3045 8880
2351 6708
8541 9389
4732 5827
3492 6267
1082 7852
1096 9323
52 9454
3861 8595
7088 8742
3507 8207
4488 5574
2478 4299
3913 8014
2049 9409
4632 4907
6243 9843
4712 5788
6298 8807
4508 5060
9887 9965
8342 8902
9958 9972
3669 6203
1539 7434
9324 9405
5895 6087
8476 8624
1998 8868
5329 7119
58 7558
2275 5936
4508 8632
970 8273
9672 9957
9761 9968
530 1179
8814 9772
1813 5776
3679 6089
5574 8286
8696 9861
3775 5560
9121 9934
3425 5733
9464 9496
3655 5073
466 8735
4393 7866
6136 6395
4486 5220
9585 9643
6557 8156
8392 9598
6703 7630
898 6983
8710 9385
4126 4711
7831 8379
7068 8928
7451 8233
5600 7156
1835 5136
2714 5029
3183 3810
8459 8493
7188 7998
3225 9561
4353 6002
9181 9955
4855 5043
260 1288
5800 7485
6849 6903
8812 9353
9140 9504
2683 7315
5174 8079
5011 5874
726 3597
5822 9271
483 7939
1675 7294
1750 4272
5963 9148
7723 9714
1357 6889
5220 9122
2104 9067
1785 5902
8324 9121
3430 6329
4129 9506
349 3513
4561 8813
7157 8731
2639 9290
7156 7705
2268 2374
1822 3576
9592 9865
6210 6324
151 1561
7599 7777
3343 8036
8754 8900
5300 8073
9170 9643
7940 8783
122 4111
3351 6256
6270 9877
1706 3313
9688 9753
3277 6882
7479 9823
9595 9921
7204 7481
9343 9399
7713 8406
6559 9230
3930 9803
7695 9628
9928 9947
1941 9388
8160 9387
6255 6512
3911 5785
82 6510
9276 9506
629 4605
1538 4817
17 641
7645 7845
6588 7573
3599 9951
726 9839
9472 9896
4310 4649
2515 6349
300 8146
1702 3285
3064 4238
8670 9004
8392 9055
1735 7988
39 1221
488 9596
1404 9637
9203 9838
9743 9783
890 9827
4769 8514
6505 9253
127 9301
3418 3616
3071 9868
8308 9971
7505 8361
2003 7805
3395 8898
7031 7484
1416 9931
5777 6548
1441 5356
1663 3135
6024 7147
4961 7495
4847 6058
8097 9339
9443 9786
3148 3205
1293 2522
715 2578
9812 9867
8523 9313
7466 9135
9414 9630
1309 1663
967 1469
2214 9178
7059 7284
2948 8017
4808 8427
4187 9975
2199 4269
4925 7780
466 5782
6265 6653
2658 6287
2671 8029
7756 9092
4494 6540
217 6975
8813 8856
5584 7475
8914 9645
5387 5402
3914 6721
1301 3944
1719 2299
5141 8623
5522 8530
1054 9857
1998 9909
7506 8166
3467 7817
876 9698
4015 7354
8502 9915
1470 4950
3574 5929
225 4488
7069 7554
2890 7893
7178 9695
2728 8386
4660 7863
4073 6873
4214 4441
1505 4933
4253 9318
9687 9760
1139 2252
6410 7655
1278 2326
1098 9875
240 1444
5924 6230
2332 6898
1851 7770
8090 9418
8362 9771
4482 8169
2916 3736
4178 6662
6470 8146
2840 6485
1555 9102
5610 8254
3377 3629
6358 9753
3708 4582
3424 6298
5499 7774
162 3275
1192 2659
2591 9001
9619 9779
4311 5791
750 3104
7889 8287
939 7215
4162 9506
1459 5117
1018 2080
4849 4971
4398 5464
5824 8803
8885 9247
2268 5294
4124 7159
6002 6683
8571 9930
1828 8975
4070 5429
4676 7796
494 4164
3179 4974
6296 9791
5987 6974
7731 8808
125 954
1633 7817
6053 7015
4619 4860
7744 9540
7988 8226
1802 9338
9100 9829
8065 8257
6632 7115
7947 9912
2849 4740
6978 8782
996 2935
3127 3684
4361 7320
7275 9197
3919 6693
9091 9150
1173 9518
3645 7610
3538 8150
6165 6616
983 8059
8600 8715
3929 8202
2797 6979
5183 6923
1664 3026
7822 8909
7677 9565
2160 2770
7424 8726
1606 4971
4599 7559
1118 3080
7783 9756
4217 5692
8350 8373
8434 8485
7707 7839
8802 9282
8177 9538
9913 9931
5973 6568
6348 9640
5277 5620
6026 8715
2979 8712
3719 3848
9798 9916
1344 8707
3556 3851
4674 8271
2303 9179
3140 5635
5146 9925
3268 3811
6588 6691
2708 2812
5898 9865
3821 4361
7818 9349
8384 9905
8064 9442
3479 8569
3547 5124
7709 8537
5079 8820
4441 6295
5274 5535
6669 7397
5624 9008
378 9694
6128 9283
2657 4611
4 2541
9955 9972
9941 9971
7785 9369
2257 4396
3941 8546
1976 4220
6818 7429
2247 6525
2218 6981
5264 5731
2750 4670
6929 7616
1316 8729
6701 7739
9343 9572
2472 8571
4408 7749
1555 2401
7138 7565
288 5034
1157 5892
2872 4006
6884 7185
8675 9447
4921 9122
9555 9615
7313 8312
8187 9535
8692 9893
6056 9738
8552 9696
3158 6730
1247 5398
9346 9738
2976 8646
4190 9462
3877 7253
6002 9920
8584 9112
1204 2140
7730 8600
5377 5456
7291 9239
5573 7050
7628 8957
3817 7345
1459 4853
8891 9729
6572 7121
3811 6849
5894 9008
8101 9672
5980 6503
3648 8890
3523 5703
1854 2147
8355 8634
6656 9180
6896 9544
1276 8970
9543 9776
5442 9890
5829 8657
7165 8454
2876 9523
7894 7967
2638 5866
6059 6539
4789 9297
3344 8543
4074 9849
9704 9805
6051 9190
4931 7027
2679 9410
1062 8516
9648 9672
3251 3374
9758 9895
6756 9729
9187 9466
478 1626
79 2917
1407 5486
66 2911
3769 5199
4345 6282
318 711
1873 2549
1451 4701
2436 6286
5496 6097
8559 9274
5247 7638
6840 9902
7847 8906
5458 5909
1377 5703
2663 4839
1499 2538
859 5168
2160 8646
5386 8186
8222 9230
2313 3857
9917 9989
841 3363
6929 8507
4837 4974
3760 6311
1184 8925
1545 2621
9606 9684
3136 9640
7410 9329
3790 8890
1530 9262
9259 9705
2266 2374
3159 7931
3537 4421
7494 8481
4237 8344
6940 9078
8737 9417
937 1444
3750 9684
387 4008
8403 8999
3466 8708
7444 9962
3153 4660
3354 5903
4274 5350
2579 3088
3709 7502
5554 8091
6498 7791
8569 9197
913 6083
1462 6271
806 6132
8419 8904
2480 3916
4018 7801
497 3737
5254 6234
8305 9777
8542 9286
7808 9976
5093 5707
1742 2890
6343 8135
7924 8198
4140 9617
8416 8871
7368 8672
7815 9529
6091 8283
7323 8612
838 2558
7468 7828
4566 5656
614 9749
2114 2632
7634 7778
4916 5478
5585 9168
8518 8694
2374 5601
1542 2382
524 5244
2214 6556
1747 2905
5179 6523
8715 9952
6659 7352
3928 5351
6340 9474
6978 9878
5540 8510
2021 9322
3980 7733
9044 9164
1504 5757
6337 8274
3712 5228
9898 9935
7624 9235
3309 9322
2125 8261
3174 7197
1755 7307
4063 4290
4182 8384
7689 8298
5265 7833
2833 8809
5598 7135
6857 7088
3 3800
9421 9774
172 4339
9939 9942
616 5975
3736 6340
4359 7356
4942 8012
5783 9015
6199 7363
1808 5530
208 6935
9291 9542
857 3666
2468 9129
5028 7103
8268 9612
5341 8460
7161 8419
2190 4155
8834 9523
900 6558
2830 9776
5240 6380
8891 8990
8976 9910
5561 9414
7567 8445
5579 8536
4087 4612
1646 3586
5361 5574
420 4141
6064 6354
1110 9268
862 4114
7572 9218
5099 9004
6196 7466
9450 9932
5220 8046
5106 7992
9394 9503
9830 9981
8497 8638
7932 9760
6824 6873
3722 5426
3416 6385
8894 9638
2047 7412
9314 9350
7563 9984
9328 9771
389 2536
7035 7414
3013 7303
4769 8990
5844 6676
3644 9746
9894 9997
948 4537
6010 9628
7103 7750
6237 8846
1263 8093
3307 5988
4946 7642
8448 9948
3062 7087
8961 9986
179 2527
9912 9961
9195 9364
3005 3149
9035 9936
1850 8965
9326 9697
877 1786
3399 7536
385 8617
3526 7711
7578 8211
9176 9395
2356 3612
7182 7307
6946 7505
9867 9934
9900 9936
3832 7275
3548 7753
7674 7896
1515 1608
5575 6931
3885 8297
4190 6092
8467 8827
3805 8745
2867 4522
9595 9965
1801 9377
9736 9847
4467 7944
8372 8480
8003 9937
30 7282
1416 2557
9165 9859
6802 7385
5243 9012
2813 8046
3548 7997
5507 8852
4018 5648
3732 5053
6721 8182
7145 8387
5081 6408
3582 7232
1394 3730
3166 7998
5175 6195
8268 8875
3010 6432
7861 9663
9702 9951
7752 8887
7725 9849
3245 7111
9700 9961
2371 6469
2774 4683
1202 6966
6284 6570
6611 7023
5803 9286
5500 8384
6423 9067
2497 6309
9383 9945
107 790
7813 9265
8339 9630
6582 8354
4888 6170
9082 9751
66 2447
5996 8773
6535 9776
5353 7153
5573 6855
9003 9569
6596 9263
2990 5331
1893 3007
440 5736
7860 9666
8123 8686
5956 8092
326 6058
8996 9541
5328 9235
1906 4631
4172 7344
9991 9996
276 6347
6354 6630
5947 9267
8832 8857
4521 7244
4719 8775
2627 8280
6183 6273
1242 4407
3437 3925
2305 3509
5099 6967
3594 4066
7155 8236
2000 8009
1756 4114
9027 9592
1469 3904
7113 7904
655 8796
6322 8052
1528 4469
9783 9816
4944 5257
1379 2296
2630 3648
641 999
5372 6753
1842 5638
2656 3534
2966 4584
9984 9996
3246 6201
1982 9003
7120 8453
6406 8082
4152 7807
3813 7771
402 3271
2714 4188
2496 8998
5753 6236
7301 9473
551 7754
8969 8998
7400 9199
379 5901
6488 8583
2418 9459
790 9979
8464 8756
8140 8499
6282 6924
77 8275
8437 8449
5932 7629
3099 7768
6236 9220
6699 8067
7859 8520
5185 8271
3129 5333
3458 9948
72 9573
5348 7956
9174 9443
5520 6819
9400 9960
8009 9959
4509 5189
8063 9969
762 3205
7015 7354
9395 9820
4820 9625
8318 9194
73 1503
9651 9720
1687 7855
4534 5466
9933 9989
7240 8292
1334 8689
6037 6437
586 8678
4905 6663
1067 5297
4555 7591
3372 7533
8207 9287
6993 9335
4550 8288
5207 8495
7747 8233
761 3135
4838 5277
9863 9897
5762 8847
4083 6211
8298 8367
7289 9247
420 1844
1342 1906
3531 7337
9844 9965
1320 6088
5625 7144
2240 7526
1969 7254
3048 9916
8196 8730
5512 6858
2685 4513
7766 8683
4101 6228
1000 4624
2641 7662
4948 5465
6279 8462
7269 8139
1613 8435
7696 8978
992 7276
3803 9149
7593 9563
8685 9087
4242 5557
8532 9933
1963 6503
5216 8535
2750 3874
7707 9631
8081 9993
4390 9004
6025 6431
9079 9589
9658 9827
2658 5467
1564 7589
6223 6683
2301 6387
9542 9687
5412 8567
9467 9650
5144 5379
5209 6885
7510 8018
4658 8388
6055 8362
5938 7907
3242 7693
2867 5819
3087 8042
3121 5581
4803 6804
9612 9645
6891 6932
3436 7968
1163 4535
8438 9478
1937 8108
3889 9370
1810 7416
4699 5525
3166 8722
9514 9880
31 4399
808 7797
1436 6032
5130 9787
146 8587
6813 8247
9660 9933
2963 3071
9391 9599
2938 9757
3674 4507
3451 4448
4383 9180
8448 9111
6295 7955
442 1545
9776 9989
6956 7409
4432 8646
2425 5930
5969 9536
363 810
894 7899
8707 9496
2641 5687
5989 8247
2187 5128
6065 7110
8907 9198
2665 3961
2486 3710
1810 6632
2046 3358
5069 9188
9293 9882
1575 9711
6763 8661
8908 8939
953 4823
6926 7502
3880 3928
3965 6893
3958 4717
7824 9412
7036 8411
7806 7977
3644 9133
803 8219
8244 8734
618 3583
3249 3819
4258 4932
5435 6163
5553 6199
6942 8206
1217 9609
7324 8325
2536 3946
5004 8543
5315 6185
8415 9294
2721 7531
746 8902
2007 8950
2567 9275
958 5626
8306 8388
5496 5888
1680 4814
8368 9197
2756 4632
3434 6984
4244 9661
7438 7813
3936 7763
60 3710
6528 6942
3252 6594
1440 6154
5971 7344
4067 6248
5411 7235
622 7188
6827 9647
7058 7342
2553 3248
1156 2088
8898 9292
4313 9462
1638 7904
8231 9625
8004 8523
3180 3993
8122 9275
7340 8536
1041 8800
2081 3239
1101 9026
7167 7688
414 3443
9474 9521
1229 3079
5278 7245
882 4503
9553 9924
4397 7248
2796 8494
6010 7676
4539 5865
7174 8968
2945 2975
2165 2915
8913 9796
3855 9072
2547 7946
4272 5231
1889 8507
6237 6614
3622 3652
2508 2855
5795 6485
5016 9851
5217 9797
9639 9866
9272 9818
3222 5772
8501 8920
7914 9296
2072 5134
5813 9995
9162 9765
3648 8724
4547 9950
8241 8505
8257 8303
6863 8624
9796 9844
716 9430
4805 7065
1950 8259
7307 8843
8478 9454
4081 9852
8371 9483
6148 8377
4759 7160
6588 9988
523 4731
7908 9222
3490 9465
7408 8875
5021 8749
5891 6598
5906 8910
3399 5315
7082 9764
4193 9397
6005 8846
276 4746
8987 9050
5601 8556
6713 6846
7169 9661
8599 9972
5007 6886
5579 8340
7739 8184
3049 7044
1674 7725
3230 5441
7984 8073
2150 9485
5554 8996
7198 8380
6903 7540
5147 6408
3006 8846
2587 5473
4604 5101
4022 6738
603 3439
885 7885
6949 7737
2497 8828
6140 8226
1957 2870
4452 8053
8366 9181
9754 9820
333 6755
6392 7154
6216 9420
183 6275
1870 8107
5262 7990
2078 7646
576 3664
3391 3558
9495 9841
9385 9623
4815 5621
3281 9083
3945 5857
7723 9042
1989 2288
9367 9701
8456 9776
9864 9888
8358 9301
2006 3951
3488 7097
5102 8514
5952 6016
3741 4692
5440 8713
3940 9297
6922 7920
5466 7437
6182 8778
623 9138
9015 9845
4978 7184
7692 9655
7666 7722
892 7124
7570 8504
9816 9976
2872 9245
9819 9940
8986 9966
6346 7001
1715 5975
7217 7590
5091 8875
3483 9162
37 1143
1533 3024
3013 6036
80 7168
6725 8805
7465 8650
5701 9929
6038 8959
2774 3595
8367 9449
8091 8325
6093 7282
8866 9296
3614 6789
5863 8612
9864 9935
4654 5346
6053 9508
1876 4875
8718 9389
2255 4946
1868 4642
2646 6066
373 6286
3643 6937
62 2716
3241 8687
8710 9625
5911 7574
4235 6142
2825 9297
7493 8168
6145 9484
956 1428
6172 7072
5257 8546
693 8837
8944 9912
3238 7675
2836 3389
2860 8544
3053 5173
8222 8501
2814 8210
8350 8994
4760 9271
8754 9029
7921 8377
2209 4452
5059 7525
3297 7772
9365 9593
7252 8562
9286 9416
5966 7988
7349 9602
2691 9427
975 2720
1325 1869
9700 9963
2420 4612
1152 4056
8533 8581
260 4025
7211 7568
7439 9622
3912 5407
3328 5901
5553 5767
2159 4917
6108 6379
1184 1553
1981 2396
2618 8363
4795 7079
4928 5644
3359 6966
9880 9982
4604 9135
92 1058
4692 6557
5046 5796
9048 9544
9843 9880
6258 9123
8895 9846
6173 9393
7472 8278
3613 5917
4437 8619
4061 5153
5009 8254
749 4421
1558 5118
7207 8716
7563 9652
5702 9809
7943 8052
5850 9137
3438 4749
5694 9760
6654 7295
8597 8913
6966 7722
7732 9808
3436 9883
3243 8598
4077 6972
9358 9455
4322 6583
5713 6706
7905 9060
6176 8607
9482 9705
5174 8757
33 4992
4162 5292
9048 9614
9857 9890
2786 5179
1568 8701
7654 9443
7158 7933
1652 4211
6751 7457
8350 8656
5208 7020
7112 8702
4549 5769
1636 4634
9463 9658
2643 6535
9609 9885
3166 6768
8254 9250
1626 1900
3266 6906
629 9968
1671 8804
3567 9966
5022 9893
3741 8434
2819 8130
5683 8728
1710 9574
1070 3653
5032 6289
4138 8650
1658 2640
9382 9434
3236 5271
3374 4063
4190 6260
1415 5723
8019 8393
4104 4106
4919 8700
3658 6702
3977 9898
6777 7245
3663 3731
1877 4575
1773 9183
8035 9634
380 4075
3426 6300
602 5737
6362 8049
8742 9546
3668 6228
6849 7147
8392 9925
7222 9995
7163 9559
8699 9674
4499 5959
6659 8329
3460 8875
806 9977
3536 7316
9419 9670
9134 9655
1941 2596
6046 9730
7061 7098
219 4461
8001 9296
2587 9494
3158 7009
2147 9313
4920 8476
3353 4523
6442 9133
44 4899
360 6618
7237 8569
8519 9743
3794 6553
1114 3214
797 2092
4703 5056
4840 7345
8945 9278
1895 2647
1118 6017
414 6455
2945 7993
6472 9080
8215 9731
6800 7302
1931 6214
7603 8833
7982 9963
7275 8845
1750 8883
3738 6852
3276 5912
7870 9422
6443 8570
9114 9400
1796 2488
7357 8433
3328 4585
7218 8815
9988 9993
5923 6549
9886 9953
2808 6293
2437 4672
3902 4908
9190 9208
6821 7156
556 7837
4962 9764
7208 7467
1678 3467
6638 7874
8294 9761
318 6470
5967 6486
7757 8121
260 704
2477 6604
3646 8876
1337 2821
9058 9258
9903 9970
1156 3400
4747 8162
7228 8260
9602 9726
5126 5511
9230 9991
1600 8289
5004 9900
958 2791
1647 8658
1050 4571
9629 9999
4553 8624
4743 6273
9413 9861
352 4967
7479 9878
5332 7783
9020 9302
8343 8519
1544 9667
5579 7454
6043 6514
5189 9357
8257 8854
5049 8112
4055 7433
8408 8969
9751 9905
3951 7509
7622 8676
3344 4450
8974 9237
9144 9160
1304 5521
2876 5829
4247 9899
3180 6451
7580 8293
1574 6496
1713 4735
7794 9960
6876 7053
3133 6345
6408 9215
6962 7764
6139 8870
9205 9964
4684 7981
9333 9743
8446 9257
3080 6280
2309 6506
5533 9348
602 1939
3944 9540
1248 4074
5890 8083
7525 9472
5448 8008
9854 9949
3015 9935
8945 9308
2792 3518
2552 9861
9307 9850
3475 7395
5516 6356
8597 8914
2353 8228
9027 9257
5393 7758
4960 5633
4384 6072
6470 6520
7137 8038
6226 8137
209 7428
6148 9369
8 1547
3744 7047
4146 6117
399 2030
7571 9290
9537 9879
8260 8445
4035 7709
4699 6444
960 7059
9404 9437
2043 8307
9682 9693
9613 9970
7950 8550
6532 7165
8845 9793
4357 7190
6541 7200
3136 3874
9391 9735
9819 9931
3176 9832
4747 9390
5345 5734
8209 8970
8306 8516
626 6087
4166 9953
4265 9693
4492 8016
8584 9497
7366 9258
7654 9975
5207 6107
2873 9501
1859 3893
2093 3810
2225 3938
8079 9446
5479 7020
5462 9113
7899 8090
2843 9508
950 3809
7309 7621
1104 8519
507 800
7878 9566
8262 8439
6779 7730
2267 8655
822 7554
3898 6679
4996 9023
6813 8432
940 9220
154 5447
613 7678
3320 5135
5501 5600
441 1978
910 7839
8028 9457
8080 8846
1618 7820
9511 9673
207 6491
4288 7642
1074 9261
8887 9967
6155 6580
8062 8263
6627 9325
1676 9836
7083 9150
9802 9809
1899 7894
9818 9939
4985 5360
9924 9978
9770 9841
47 7823
4057 6936
9455 9935
6209 6633
4851 9794
862 6299
5030 9479
3849 8492
6547 8866
479 7532
7538 9801
9509 9584
7833 9078
8741 8834
4745 4860
2423 5048
979 4983
508 3207
4303 6254
6247 9677
3711 9820
8665 9906
5334 6496
1656 5707
7200 9314
6321 7739
2517 9099
7347 8064
9152 9945
4735 7772
306 8955
4437 8477
860 2862
2675 9543
17 6525
8977 9675
1054 6402
5400 5983
2554 5665
2194 9818
4976 9415
664 2660
7531 9609
2347 6339
1980 3756
2522 9161
5035 6912
18 907
4233 5033
2982 9316
7178 9774
8548 9220
2121 9666
3035 5604
6434 9238
2382 9336
9289 9748
4518 6580
9911 9981
3007 4116
6096 9739
2492 4477
335 2332
3306 9683
5019 5071
5021 7668
1610 6228
7648 9862
2616 6243
1747 3269
5720 9013
2948 4274
3399 4001
111 1608
6575 6917
2061 4084
7435 7651
6706 9270
7368 7847
511 7014
5583 7231
3967 8782
7139 8560
7437 9615
5935 8800
2086 9268
6310 6585
4801 8231
4625 7017
1923 3678
7157 8490
7282 8439
3075 8306
7876 9120
6225 8775
1469 3414
7369 7626
9288 9743
7007 8058
8103 8633
6474 6897
3797 7910
2566 6754
7087 7869
102 7986
6266 9690
5621 8703
2025 6589
1382 7811
2558 5079
6722 8832
2103 4461
5318 8972
7671 8850
9660 9905
2278 3698
4162 9408
8198 9985
261 7034
411 4911
8787 9805
6133 9723
3502 7001
332 8008
6737 9721
3222 8940
1521 2980
3627 6168
6149 6980
6796 8319
9447 9913
7101 8599
6377 6818
3701 4265
5056 9307
1883 6661
7329 9024
5752 9178
2816 4781
9684 9944
8894 9767
5400 7449
6318 7610
8088 9586
7313 7466
8187 9341
8375 8799
881 3489
924 6590
4884 5529
3532 5469
8167 9766
4895 8513
8808 9647
8733 8891
699 1784
2833 8302
3395 9041
1515 7747
2505 6828
4948 7910
1098 3419
9067 9400
7014 7934
2038 2398
1293 9274
5325 5606
6605 9168
4576 7619
7304 8259
4376 5900
7665 8409
2612 9294
7428 8852
2200 7082
6436 9560
9206 9273
3125 5613
5942 8696
4482 8845
3871 9104
1643 7123
6291 7236
5227 5333
157 7442
7063 9654
6093 7329
8180 8656
9385 9611
4895 6603
5736 9650
9390 9755
6204 6544
165 9591
489 9423
6363 8946
5163 9242
3413 6979
9018 9631
3432 7441
601 8295
3575 6248
7732 7735
4245 6639
2245 7459
7263 9820
3377 5713
8769 9777
9797 9845
3241 5787
6525 7930
369 1941
4864 7719
3166 7898
2406 3823
6783 9780
4678 5635
6120 9197
9651 9727
1581 6552
4126 8345
6776 7883
7456 8617
9195 9547
4178 9572
217 3859
5410 7290
5261 6887
7051 8129
5608 5804
5063 7373
224 8628
4463 5589
3477 6470
1913 7139
6018 7420
1960 6123
2946 6446
4099 4810
9477 9934
8174 8799
6000 8155
8477 9960
698 6327
6895 9447
4297 8899
2977 6873
8174 8849
2199 4200
4229 9213
1617 5476
4060 6083
552 3781
8578 9066
2144 6532
8098 8816
8166 8931
949 4101
3780 7264
8483 9459
3076 3446
5632 5970
1403 5895
5724 6689
7954 8259
8409 9491
2860 9371
1580 4015
6162 6681
4973 6755
9548 9940
5480 9333
1296 9139
5538 8799
3396 9732
5635 5799
8053 9878
8002 8413
3262 7734
8236 8477
7545 8464
9845 9871
5523 6749
1679 4800
9155 9896
5202 8166
1282 8010
1710 2421
4869 9992
6300 9600
7585 9517
4428 7236
4936 9402
415 3488
8018 8382
1299 4646
5642 9125
3085 9042
1042 2393
8661 8751
9929 9946
260 8891
8001 8900
9750 9920
4149 6404
480 7206
9268 9546
8656 8741
4439 5559
7560 8409
3440 5432
2402 2631
9554 9693
2151 6139
6773 8256
55 7178
6869 9726
936 9227
1712 9878
9578 9953
694 7333
2230 6269
8050 8409
2380 8750
8394 9222
2155 6281
6882 8021
4362 5059
3921 4866
7534 9025
9338 9439
8381 9477
8400 8776
8485 8926
2254 2390
1513 6896
3792 6358
3745 4761
773 7625
2972 3256
1518 9343
7937 8802
6686 7922
3378 4552
9092 9790
9755 9874
7706 8394
697 6335
9104 9949
3425 6163
1940 7935
3445 7057
1748 3670
5478 9739
8455 9641
9214 9366
781 5188
9648 9652
8094 9277
6900 9246
880 2994
5403 8892
6905 7180
7084 8068
9193 9725
5928 8047
6410 7014
6995 8066
6087 7306
7220 7290
5299 6234
6477 8508
7356 8073
9698 9760
6014 6166
3920 8551
253 2733
843 5528
7624 8951
957 4811
3951 7624
4177 9897
7696 9516
6350 6829
3828 5354
5989 6458
5728 9491
2379 2875
6959 9957
3536 4098
7294 9670
7759 8293
1635 1764
6898 8573
4091 8215
1996 6810
3752 7353
5615 7396
9388 9721
1481 8684
2980 8945
8487 9165
1071 6437
9931 9934
1817 3869
6726 9279
2872 8100
8197 8899
557 7896
2037 4676
9184 9395
2805 9881
5017 9407
2440 9819
8444 8992
4174 8974
4518 8178
2558 4960
4294 7888
3486 8468
2712 7525
3153 6791
2159 9339
3503 9444
5445 6866
6475 9829
4998 8306
7785 9409
2537 8880
5983 9683
795 7767
4108 5553
8609 9293
3391 6515
4451 5559
2107 9360
5893 9668
8404 9483
9787 9840
2252 3703
5511 9963
4346 4366
7098 7862
1131 5390
1499 4967
1789 6653
9013 9525
5356 7393
4772 7067
5676 6122
9272 9942
1861 6553
731 1106
2693 7333
4230 8558
1282 8323
3159 5143
8010 9125
5592 9315
755 5757
4197 5158
6516 9191
5841 8275
1653 4912
9920 9962
4623 6869
4466 9464
1423 5259
712 2103
6258 7692
9412 9604
7145 8537
4411 6441
2698 9789
8458 9504
4839 6311
9460 9574
9059 9238
504 4466
6027 8132
8425 9401
2227 6763
6873 9250
7674 8352
689 6791
1413 1716
5211 6384
422 1406
3010 4066
4988 7400
1778 4366
6695 9353
2546 6991
4839 7454
2880 3977
7359 8034
7298 8947
2957 3997
4966 8121
2222 6740
5311 9834
3936 7244
6061 9339
1441 6845
9931 9990
1553 3480
9298 9560
9987 9989
2491 9661
5381 8020
6678 6756
8820 9021
1655 4606
6907 7972
5200 5654
2385 8515
4482 5506
6089 7513
5626 6885
7487 9374
718 6285
4984 7616
8411 8619
5155 5611
5789 9097
5836 8806
7365 8487
2262 9512
1154 6154
1389 4586
7056 7217
661 9327
4637 9176
8841 9211
6723 9006
8824 9009
2186 9722
4084 4928
2275 7785
7245 9870
21 3924
849 4542
176 4058
2503 5595
8706 9012
2562 9542
8644 9824
6522 8484
4554 4593
3804 9378
5178 7670
9160 9910
7977 9870
572 6534
7148 7666
7385 7915
9221 9835
8671 9350
120 8139
9044 9915
9017 9170
148 5681
7834 9464
6111 8433
452 8537
744 2762
7686 7999
1451 8009
5275 7182
4279 9644
7335 9988
1282 8569
8833 9978
7283 9659
5054 9399
9877 9947
5683 9668
3562 7092
1235 8008
2028 6204
5663 6697
8886 9752
3419 5374
3633 5602
3636 6432
385 6961
4485 6832
927 1176
8655 9513
4926 9523
6385 8832
4914 9616
2785 6645
7445 9346
4687 7975
658 2256
7637 8959
3051 8264
8307 8364
8003 9781
2881 4774
4444 7469
9869 9898
5388 5440
9537 9718
5724 8898
9794 9987
1842 9591
5540 8246
5396 7898
2331 3772
381 1414
7566 9790
5143 6944
8224 8437
37 6153
3535 6887
8765 9294
5429 7506
8766 8819
1231 9970
4323 8916
5910 6209
9464 9856
9433 9696
303 5977
6824 6925
4840 6926
268 6285
810 1773
3878 8399
8670 9610
1559 7102
1173 9896
4176 7030
1608 3961
1279 8797
7364 8332
2928 8789
8726 9290
8497 9194
7772 8800
6701 9238
9159 9747
3264 3960
405 9295
8801 9979
942 3340
7200 8608
3034 6379
6745 9168
4850 8365
3156 3180
1515 3676
2099 4192
7258 9685
2860 8714
87 535
9814 9908
5244 5396
989 8059
4318 6261
3961 8778
1736 9128
3431 4046
3762 4644
3773 5600
1620 8816
9581 9639
5315 8878
5177 9070
2661 9176
6593 8523
2582 5237
6234 9496
7341 8097
8772 8980
1586 9007
9195 9701
1724 2925
3941 9429
6070 9564
2104 2792
6756 8692
7743 9290
2243 7236
6937 8970
3050 6849
4717 9222
1562 4180
5385 8437
3651 8535
3881 5911
7305 8909
8252 9265
7155 9363
2345 4011
3733 6564
5426 5961
1166 6183
1932 5836
2955 9057
7576 9496
26 6632
1170 1770
8543 9428
3080 3302
8619 9915
2072 3730
5639 9028
5332 7048
5864 7443
8880 9419
3309 9698
67 4157
5256 9357
950 1549
4901 5014
9989 9991
404 6803
8589 9452
7184 8644
273 7670
2321 7137
579 3163
7610 8891
9359 9633
8719 9678
326 5036
5580 8439
297 1405
1191 8430
71 8661
6842 7300
7859 8233
1981 4184
221 6602
1523 9980
3845 7087
3632 4619
5325 5341
8505 9355
9307 9902
2711 7049
132 1477
2888 9037
3816 5670
2856 5516
5597 8804
990 6656
7127 9852
2100 6200
8130 8538
4983 9244
118 3436
5516 8903
3377 9476
7382 8334
5069 5406
5553 8730
9394 9630
6688 9011
6308 6623
1497 3088
1734 6835
8872 9125
7969 8069
1436 1962
3375 3677
2052 8818
8673 9139
9252 9683
6469 7449
4408 7238
2436 7696
5564 9310
2821 6497
4330 8503
7643 7886
4954 6740
8850 9316
7895 9131
9462 9838
12 8896
2077 2680
1834 9966
3643 9661
2148 9073
329 2967
8098 8427
102 8986
4244 7240
6263 9619
3364 7327
42 4302
3995 6652
2211 5607
4314 7263
5355 8010
2409 2566
8279 9994
5058 9929
8077 9435
48 3871
1316 9046
7493 8335
7934 8491
2003 9728
8211 9140
9197 9318
87 5320
3020 8085
8869 9258
9870 9967
8693 8834
266 3473
9405 9710
1247 3140
2817 6457
5675 6626
3283 7900
6251 7391
3234 5365
6639 8991
1902 7419
6824 7782
4148 7276
6734 7145
6960 9132
3021 4355
2230 9307
4555 5785
2329 6628
3438 7482
8762 9109
3390 5371
3030 4234
6403 6719
7685 9120
5233 5952
3590 4113
9694 9966
294 731
1541 2858
1722 7783
3939 8767
6900 9070
5573 8639
6483 8799
6935 9231
8853 9186
8827 8919
4903 6580
3547 4895
9316 9724
7203 8151
7058 8981
3625 9652
1182 9199
6996 8688
4398 6869
7163 8244
8120 9546
707 8032
8153 8886
8202 8256
7704 8375
8725 9357
4896 5759
8020 9012
1230 2387
2814 6414
7276 8702
7834 9883
4541 8884
5545 8728
2190 5948
303 9469
1411 7419
4610 5842
5765 8382
5256 8633
8082 9321
87 2531
2175 3864
6045 6967
6546 7902
6315 6851
9246 9696
9570 9865
8511 8595
9713 9834
5480 5775
2342 6720
9539 9829
1093 6145
6125 7831
8030 8611
6160 9921
8271 9027
3310 5568
8464 8941
3649 7618
4440 5900
7979 9501
8974 9211
3448 7292
1233 8022
8284 9888
4191 4772
1923 8199
1648 7498
8066 9734
3678 7542
1287 9118
6039 7095
2470 9943
8136 8395
818 3506
3302 8003
8150 9918
9867 9906
3680 7615
4362 8201
101 1868
6516 7596
3843 8013
9987 9992
1743 6518
9744 9770
4100 9315
2700 4668
2247 7295
8393 9587
7542 8090
7702 7741
2310 4027
8808 9514
5063 7401
846 6047
7601 7884
3776 6960
4169 7855
2560 4663
1860 2996
4043 8190
3550 7244
2738 3596
5146 8885
5307 9548
6208 9427
2976 4501
2512 4802
6605 6654
7917 8307
1070 2431
6941 7598
3661 9726
1714 5443
3857 4248
5302 6009
1249 7617
8536 9263
1605 2167
8453 8710
8839 9881
1607 9370
9502 9885
7310 8652
1537 6905
1410 3382
6561 6996
5530 5960
3858 6016
9748 9911
9112 9161
5450 8345
2040 7170
7746 8743
9816 9942
1940 3697
3539 9211
2126 2165
2199 7312
170 331
1268 4144
4297 8998
4330 6046
1826 2595
5512 7471
9214 9838
98 3071
6905 8982
8476 8552
1868 2695
3649 5111
814 2117
1752 6483
4112 7215
8955 9773
5849 9752
534 4444
1147 8542
949 6987
7121 9020
9462 9853
9873 9955
6930 7673
860 6125
9548 9791
207 2671
333 8650
4279 6853
8746 9973
8168 9849
7657 8037
4732 5670
4196 5268
8358 8418
8727 9185
6311 9445
8186 8677
5827 8527
4157 5276
4934 7976
4065 6600
1168 1574
429 5343
5522 9139
4313 9908
4885 6198
6195 7691
3763 4494
7540 9938
1693 3611
3559 7788
4205 4463
4959 9652
8013 9906
7945 9670
7684 7757
8481 9202
4610 4870
7608 7828
7992 8798
37 5308
5796 7417
1417 1736
8345 9466
7795 9260
4094 5407
1432 7845
504 6623
6243 8688
1671 9870
711 1298
6277 8128
8529 8566
9863 9901
725 6375
2040 7600
1462 4158
3156 8945
1436 5838
7595 9283
5595 6774
2990 7744
5885 5947
1945 2467
9131 9998
7218 7649
9968 9989
2978 9148
5440 6663
7601 7791
3542 4709
1728 2966
9533 9811
6205 7681
8063 8230
5264 6684
8836 9130
8072 9179
5350 7444
4903 6722
7540 9850
4516 7960
5034 9451
3744 5058
2588 5017
7931 9420
6210 6484
4449 8369
974 5351
5009 5880
1407 2963
7968 8274
5256 5650
7021 8997
3409 7684
9568 9662
1204 8920
2113 7545
5079 7477
1882 6537
8376 9831
7623 9641
2108 5254
9049 9721
367 6127
6271 6433
4205 8374
1182 7238
2594 6600
3969 6288
7189 7656
2595 7551
4383 6799
8890 9347
4172 4266
6730 8243
5926 8200
1263 5630
8027 8919
8936 9982
7363 7649
869 6733
1188 3585
8762 8889
8150 9524
4240 6067
1001 6588
372 5939
4533 9480
8430 8846
1711 3331
5888 8269
1223 9442
2003 9843
7598 8592
5962 9871
4527 4959
9849 9912
1129 4626
6374 8116
5087 8116
8634 9382
8935 9604
3464 3536
9124 9788
9524 9563
8066 8222
3089 8989
5963 8013
7747 7805
3197 7922
3403 3908
5219 9817
8420 9934
8495 8818
2141 8366
6060 9444
2217 9978
5797 7337
8972 9929
9139 9322
5545 6111
5333 9277
3278 5660
7889 8132
863 1874
7587 8930
1267 4139
5878 9059
5988 9490
1135 9867
3452 8617
7209 9450
7541 9806
4545 9902
8610 9591
2313 4000
2399 6738
8303 8478
6656 8426
708 1676
6685 7249
742 9752
2395 9397
4267 8384
6908 7353
7588 9371
6855 8194
6594 9878
8533 9108
1005 9420
3121 8887
2173 8572
8989 9935
5757 7342
5691 6015
5686 8671
2975 5434
7095 7975
5203 9599
8741 8988
4604 8634
6746 9350
5412 7801
3667 7408
9567 9853
5802 9318
6913 7265
4848 5768
7894 8495
5725 7231
3006 8429
5586 7502
3835 5849
2999 6794
2367 8107
9478 9736
1375 2575
8083 8961
9960 9995
7226 7602
5974 7923
6120 6600
1217 2665
6549 9720
1026 7140
5097 8145
8405 8922
343 3782
2108 2637
8347 8834
6140 9721
7470 8152
7096 7197
2125 3698
6142 9722
4698 9743
4409 9485
5138 8713
2260 5741
9522 9597
8981 9487
4503 6161
1998 4301
7024 9378
9539 9988
4818 9543
4537 4879
1219 4644
2556 7102
5337 5802
1312 3869
7976 9889
8570 9906
3330 6415
3039 7238
5007 6596
797 4601
3556 8750
2268 2531
8372 8541
8893 9911
5877 6801
8428 9397
5245 8450
9129 9168
6888 9723
8282 9411
711 7041
9498 9947
5689 6057
4661 6194
6202 8673
886 9939
3282 7708
546 2745
2667 7296
8279 8315
6371 6461
2691 4515
1847 9967
9186 9862
7144 9283
2894 3002
6713 9949
8010 9792
690 4196
7799 8139
3553 4553
6655 9905
1232 8832
3591 3940
7463 8175
6397 9223
7892 8231
6994 9350
4841 8681
718 7227
6049 9711
8201 9892
9612 9897
9832 9894
4286 8329
1023 2945
2399 5170
8700 8732
7960 9680
9568 9801
6476 7671
7083 9765
8842 9286
523 743
3946 7753
9918 9931
8688 8950
1446 2051
9667 9783
1515 3711
6130 9218
6725 9960
9770 9777
9063 9432
8317 8544
8843 9697
7571 8337
6749 7503
1829 8216
7257 9826
1536 9471
5792 8844
1601 3114
8637 9742
9844 9891
5941 9010
7651 8479
7865 8458
7691 8456
3391 6140
8426 9915
3961 7638
6800 8038
8157 8960
224 7100
6542 7458
7915 9698
7709 9191
8084 9664
196 3701
5711 8071
8943 9535
2721 4415
1049 2554
3367 6284
2508 9482
1482 9957
2354 2698
4452 8639
5310 6739
5021 6562
7285 9574
3823 8719
1813 2737
8521 8542
9814 9837
8989 9446
5072 9578
2971 9340
9950 9984
3000 6375
3041 3739
2470 2983
8681 9535
622 5257
7659 9752
9172 9935
347 9000
4551 5112
6148 7230
7772 8080
8693 9005
2760 6673
2640 2732
5131 8136
9180 9219
2114 3761
1206 1779
929 3574
3173 9335
4324 4382
2032 3774
5859 8430
1385 9665
7721 8253
5672 9307
1828 5866
8376 8525
2806 6858
1065 4914
9258 9941
8634 8956
2786 4564
5260 6271
3608 9514
3214 5951
398 5714
1113 7158
9393 9764
1434 7334
4691 8851
5772 7726
6654 9081
9573 9708
2298 4141
4928 5059
2448 7624
8937 9484
1351 6741
107 7922
8430 9407
9149 9917
1197 9557
2548 4675
9656 9789
7999 8422
2647 4545
7640 9130
62 4468
4370 8909
144 1989
8503 9518
7704 8890
8327 9466
7307 7605
2789 9497
8156 9968
2143 4637
4328 5239
6541 6628
1154 5342
4070 4327
8849 9249
7631 9247
5308 6681
8623 9997
6559 9090
8174 9235
8322 9425
3536 5675
8120 9850
2595 9527
5568 7828
1269 9626
9392 9578
8497 8513
7271 8484
7159 8002
5737 9567
1005 2276
4678 6767
7450 8065
538 5424
9774 9979
6740 7263
4214 8434
7126 8649
8684 9607
8923 9632
177 1986
1434 1513
4337 7724
1734 3014
4093 8676
3144 9318
5212 9529
1245 1927
1402 5405
5570 7438
2094 9173
5329 8922
9227 9409
2208 2963
3946 7838
1313 1550
9125 9171
1912 5598
2195 4376
2111 4928
5170 9611
9434 9488
8782 9575
8385 9619
4256 6654
5080 8533
5173 6157
2984 8612
9652 9912
1759 6484
9801 9896
5840 6353
1738 9576
4405 9096
9962 9988
5345 9080
2154 6561
9641 9992
7282 8438
4632 6884
3023 8238
1845 6264
458 4402
2064 7835
5904 6039
8779 9435
4719 7207
8191 8328
4092 5870
8233 8265
9842 9907
7750 8384
2020 6187
5413 6158
2251 3253
1692 2392
9792 9998
8071 9799
3880 9213
4914 5818
6572 6906
7730 7921
1983 9804
5974 6881
2075 9573
769 2317
6950 9598
2394 8544
4843 8813
3794 7070
7810 8679
6334 9903
2825 3324
5506 9725
3407 8245
9768 9895
9040 9586
4342 6618
3555 7785
3502 7252
82 6495
8535 9895
2465 4179
8659 9700
9560 9924
9494 9526
7539 9626
7493 7522
8450 8468
714 7738
1961 8058
4246 7608
5139 7485
5804 7567
8049 8653
7601 8605
5095 8136
8770 9796
5193 6501
4793 7868
8560 8785
5244 6427
7763 9465
7187 8622
5936 7836
6789 8391
8238 9808
5901 7342
6051 6625
115 1038
3288 5882
5576 7029
7803 9823
2161 8002
6736 7660
4048 6655
121 5496
4532 4728
3433 9611
4816 6978
4095 9800
6639 7239
29 361
8987 9223
847 2177
4643 8112
2375 7441
9697 9737
3737 9858
2585 4058
4091 6068
1215 1859
9036 9778
1331 4809
3087 4514
625 2060
4683 5936
1100 3713
2304 3014
6248 8794
4947 5755
29 8944
4702 7459
692 1312
1623 3689
8308 9817
3259 6346
4577 6310
1874 3143
2061 8006
636 8279
4215 5515
8823 8873
3234 5313
704 8478
5930 8776
7424 7463
2685 9554
9261 9631
8505 8770
6837 9498
8450 9388
8028 8096
3084 7568
8132 8980
3403 6149
6460 6581
3625 6181
3533 9094
7480 8400
8419 8677
1407 9858
3550 9649
1615 7960
7415 8103
9984 10000
1519 7188
1854 2103
9347 9535
6632 7878
2393 8583
9052 9636
9539 9925
9780 9815
2374 7132
9371 9983
2174 3728
1494 5842
9815 9881
7978 9552
4987 8270
1464 6353
911 1129
5195 9571
1216 5836
6865 9827
1360 2624
8352 9565
1916 7124
8930 9632
8634 9062
2384 3835
3599 7031
2342 8135
5747 7233
6253 8002
4 1300
6861 7111
375 2271
2167 9813
3061 3999
4912 9617
8619 9283
8608 9099
501 9021
1811 3381
3172 6488
672 2184
9490 9736
6104 9369
787 3740
1286 2510
9658 9941
9041 9069
6437 6896
3942 8363
8448 9182
4130 9922
406 8078
4205 9994
7156 8383
8630 9762
6205 6434
9245 9649
1477 8370
2150 3015
6541 9893
8291 9470
4586 7841
193 6440
960 4231
3997 9052
3786 3917
9293 9491
2870 5404
5770 6744
343 1846
1633 7376
1104 8442
469 1040
3093 9490
5361 7979
2447 2529
1367 1563
8572 9384
9937 9971
6850 7584
9305 9663
3546 5620
3057 9773
5469 9076
6855 8771
2045 3965
1224 5807
2846 6761
5935 8187
7929 9766
8072 8572
83 9327
5109 6792
702 7276
5557 7703
6885 9898
8888 9191
8640 9372
6874 9040
2399 6709
9236 9604
3237 9703
7955 8641
6774 9329
5566 5865
8994 9212
2148 6966
7524 7780
1489 4449
6231 9159
2216 9208
7130 8613
985 5202
3742 8584
3565 5486
5322 5434
8933 9148
7979 9534
6905 8269
184 5948
6667 8811
8021 8709
3156 5943
2970 9611
3761 6386
8061 8802
8184 9912
1928 5357
3684 3791
8052 8290
7430 9880
6652 8931
8128 8276
1722 7574
8506 9753
2751 7790
699 7843
3156 5394
7820 9324
2894 4030
4368 6959
5510 8205
310 4209
1442 6518
5350 6188
3204 8725
9372 9625
830 8746
6904 7798
2974 3973
7269 8265
6874 9885
9423 9557
1542 6223
2198 2739
7740 7841
2492 6164
3388 9089
4168 5736
4968 8789
9750 9993
8494 8900
8679 8783
5157 5196
819 8785
1740 4027
2908 6443
397 1385
4132 5732
9498 9977
9761 9888
5538 8369
1697 6194
5595 6117
8808 8932
8391 9635
3901 4396
9765 9857
3645 4888
1293 6043
7398 9321
2045 2122
9161 9277
4343 8035
4299 7089
5865 9443
4172 7869
7081 8023
5858 8611
1014 7362
4884 6649
3301 3366
2854 8468
4515 5782
5405 9177
1026 6286
2300 6311
2134 5693
4495 9830
6190 8882
8661 8971
8640 9705
4824 5657
987 2511
6498 8334
285 2593
2119 9855
302 4397
9086 9364
8572 8919
3730 8036
7772 7787
7985 8060
7968 9940
9972 9998
1138 7692
9077 9598
5474 9885
3787 9041
2352 7937
7090 7567
2524 9261
1943 4561
4392 7795
6405 6631
8583 9038
951 6211
8836 10000
542 6147
9373 9994
5203 8330
4917 5041
6053 6723
8622 9930
7930 9494
4424 6768
6463 8071
7721 8354
5623 7511
8243 8436
2484 5863
448 4824
6319 8927
9365 9458
4770 6453
9620 9856
5199 5435
1135 5175
5527 6741
2854 4721
7949 8507
4437 9064
5284 7900
8486 8775
4534 9636
1372 8211
7928 9200
6317 7758
345 4113
8051 9383
92 8220
2697 6352
9629 9862
8155 8918
1815 3700
7582 8457
5429 5876
4810 7026
6407 8948
4636 8525
4810 5388
9473 9520
6108 8522
2583 5821
2117 5112
3687 6787
2803 6925
7288 8451
9579 9925
8654 8801
430 743
1838 5410
5080 9042
2194 3357
7076 8025
5958 7855
1160 8050
2168 6034
2484 9723
344 4953
2297 9805
2722 3964
684 1787
4837 5025
1764 6683
5277 7874
48 4839
1537 6378
5999 8405
5391 7214
6440 7936
3622 5253
7007 9432
7250 9178
5094 6327
7689 8594
1558 8120
4313 7771
5900 8963
2320 9850
8711 9506
2958 3016
5612 9929
5082 7993
7 2556
611 5649
7491 8679
259 6155
145 5705
8000 9643
1498 4046
9301 9791
9210 9375
6954 8980
5141 9037
9336 9833
7842 9214
9577 9975
3449 6526
6185 6209
1757 8003
5757 9308
9908 9982
555 9491
4652 8895
1053 4562
5926 8888
6627 9572
724 8075
6902 9437
1934 3530
8926 9246
3567 8541
8184 9131
8431 9177
8021 9670
7498 9255
7973 9257
3896 9791
2908 4861
681 6926
9789 9985
9227 9893
5355 7819
9812 9986
3197 6225
8088 9288
1721 6313
3768 3808
5082 5257
8601 8757
3660 9943
6325 8322
6392 7992
7323 8326
5945 9250
6880 8063
6006 9782
5606 6866
6751 7590
995 3989
1308 9636
9104 9411
2211 9372
6259 9959
8181 9795
3587 9846
4109 5128
8689 9715
7328 9951
3036 3067
5854 8156
3027 3421
8878 8985
5328 7479
9861 9954
3116 9256
6155 6960
520 1771
9038 9752
9505 9718
8991 9682
6945 6981
8639 9499
9398 9816
5774 7715
6692 9135
2878 2957
2611 5988
9404 9539
7870 8747
5090 6689
4119 4993
613 2360
4968 7162
5195 9529
2819 6525
4737 5259
6113 6422
5188 8087
8766 9074
4773 5132
6954 9329
8162 9645
1721 3915
789 6035
5499 6036
4494 5771
1614 4243
6596 8274
914 2352
5767 6051
7429 9822
5173 9359
8274 9618
8138 8953
4933 8258
9229 9925
8768 9475
5647 8402
7098 8745
3443 4123
5814 7353
7825 8729
4655 5553
9475 9725
1895 6998
7971 9289
3074 5036
3626 7586
3779 8369
4967 7657
4580 7807
7493 8318
7542 9550
1497 7958
8648 9049
4940 9235
7986 9173
854 3946
8423 9239
8175 9700
4307 8371
4112 6441
9795 9984
808 4897
8087 9870
5922 9671
1270 2468
1927 6811
1625 9325
7475 9161
1669 6934
3372 7768
9617 9663
7381 7798
4145 7814
8273 8380
8906 8939
3771 5318
7342 7994
1481 3521
9119 9735
1891 7953
3512 8614
9705 9734
1248 6708
2685 8308
6268 7168
465 2108
2234 9249
2859 7285
5172 8903
5578 9384
8297 8323
8656 9176
5988 6363
930 1007
2474 9410
6569 7252
7596 8267
1891 7913
8433 9096
1178 2557
2300 7625
7915 8519
9833 9975
1902 9251
5420 8996
545 8930
8019 9758
2175 5287
829 5011
1632 2147
4185 5858
8419 8707
2776 5309
3434 6322
3763 9424
1382 8492
8489 8705
5986 7148
4768 5942
6895 8957
4427 9311
779 5631
1231 3417
9756 9770
4652 7633
7033 7517
5276 9848
4626 5497
6165 8440
1911 7876
7343 7439
6511 9632
2877 4464
1561 8088
1106 6119
8917 9135
5157 8281
6806 7673
7019 7105
2993 6488
9948 9984
5674 8333
755 1139
4916 5236
2535 7659
4557 5582
8662 8856
5155 6536
1498 6513
4572 7914
7963 9181
8252 9186
889 5868
7834 9057
3318 9458
8928 9018
3616 3879
6977 7456
2468 7738
5687 6990
6349 6402
6534 9978
1269 8587
8285 9383
1897 9971
9957 9963
9256 9303
1921 7801
5921 6726
7486 7943
2709 3855
4706 8583
8784 9656
1372 9670
6104 7780
2119 5117
1263 3993
7476 8054
9002 9488
8915 9118
5469 5790
3492 7068
1757 4179
8642 9960
3210 4840
8501 9626
6402 8924
3034 8112
7814 9438
3995 6733
6382 9984
871 8704
8607 9659
7048 7059
1744 9200
4781 8081
7400 9420
860 7788
1333 7845
5279 6894
5203 6367
1258 5508
5209 8057
8538 9611
8290 8689
5270 9919
712 2914
7994 8261
6420 9511
891 1799
4520 7852
3071 7619
8320 9541
4975 5946
222 5720
1200 7243
6846 9869
5547 8270
1542 4504
7562 8612
2860 4050
5718 5926
6027 8858
9617 9854
1992 6325
1572 8553
5194 8644
9486 9962
6814 7437
9236 9399
9887 9894
4007 9657
2459 9068
4358 6928
9543 9588
6073 7135
7509 8860
9622 9757
6823 7361
2989 4765
6924 9058
2378 3778
2891 5274
222 1001
9337 9973
7960 8771
8944 9119
7760 9111
349 2969
9079 9950
5877 6988
1770 4201
6187 7599
7938 8273
9270 9475
6532 7976
7985 9547
6202 7341
5380 9670
8815 9449
1625 5766
9778 9950
1780 1945
6670 9431
6253 8780
6651 9583
7287 9101
1620 3045
309 5827
4959 6544
2359 9029
1052 7685
1319 5002
202 3940
7024 7908
9829 9843
2469 2563
9419 9714
3509 9654
4204 8033
6611 7319
6826 9240
2967 5302
5820 9405
8255 9714
3886 7403
4312 8446
2998 3456
2910 5769
9344 9393
3798 6974
7686 9978
590 6561
1958 3456
2555 3092
4355 6274
1558 4742
6710 9274
3307 9417
5229 5722
5165 6803
1215 6940
6382 8283
5307 9936
9307 9552
4981 6298
6542 7948
7647 9726
7428 7877
5395 9288
1159 6031
8066 8449
6892 7995
8603 9422
7861 9613
6781 9569
1073 6694
2885 4986
7180 9184
7263 9083
505 4222
394 7026
7534 8803
8748 9783
9178 9181
5022 8307
9300 9847
7196 7417
653 3170
2455 3310
9509 9964
4443 8688
6257 9315
7627 8813
7215 7917
7229 9962
1324 1534
6936 7372
3657 3741
4612 4644
5973 9015
8035 9880
5643 6472
1685 3209
4221 8655
5822 6373
7291 8831
1630 9491
4376 4942
3430 6362
3594 5913
7117 8718
1683 2347
2093 7710
1849 3576
6837 9575
5337 7486
685 9371
5652 8485
9056 9476
6406 7912
5640 7563
7262 8634
2769 6592
8250 8999
8568 9321
2899 6416
8887 9800
4420 7423
8339 8677
9287 9674
5590 7238
9029 9119
3650 5475
9282 9687
2188 3335
1488 2230
4981 8538
3821 8140
5251 8275
8270 9852
1998 8879
800 7103
5383 5510
6658 9408
7126 9578
8204 8816
750 6790
3380 6220
9744 9983
6942 7489
351 8108
6559 7586
7088 9579
5804 8234
9948 9992
6618 8301
39 1923
2093 2201
7294 9248
7676 9485
4790 5036
1691 1701
7859 8054
8030 8689
7755 7998
9395 9924
3644 9737
4887 6839
7072 7456
4849 5691
7136 8323
3814 5561
498 5098
4513 8361
2749 9272
410 1292
7597 9714
6973 7412
1356 2590
5766 8441
8126 9710
7725 8492
1369 9030
490 661
2888 6206
6756 9895
7580 8117
8283 9229
8754 9632
5416 6637
280 3248
2727 9943
9853 9864
8593 9187
1836 5965
584 6023
3025 8926
8901 9677
2741 8477
1544 5287
6700 9955
7181 7658
7652 8092
2482 8478
5930 7291
3630 4818
4347 5362
9677 9902
3944 5505
7209 7662
3282 9017
1112 3313
3620 4007
2003 6778
1336 3630
4377 8860
7033 7278
6317 9001
8317 8816
4766 9395
1006 8436
8388 8613
7458 8870
6168 6352
2293 8718
4944 9412
7155 9269
2548 7852
8075 8431
8032 9661
6349 9570
4705 6754
7114 7984
3410 5736
6884 9449
3835 6363
4488 8649
6704 8172
7696 8706
5281 8327
4804 6108
7196 7302
7214 9360
8965 9468
4282 8701
6582 7562
1070 7523
6756 9834
5689 8280
3034 7448
7672 8123
9910 9966
4369 6246
2542 9194
8273 9130
8481 9390
2149 4582
7353 7791
5024 9301
8843 8914
5488 6582
5858 9311
5473 8597
9392 9983
6391 7181
2423 5009
5958 7789
5334 5452
7519 9418
8599 9583
3264 9035
339 1429
9084 9213
9289 9837
669 7998
8326 9205
5188 6730
6687 8411
5632 9972
7112 8605
3555 7338
8473 8522
5949 8053
5855 9902
9518 9637
6888 8754
9308 9981
9154 9690
1691 5662
3837 5924
4624 6916
9759 9895
531 900
3983 8273
9817 9880
5084 7602
9086 9274
8300 8665
6737 7025
2882 4777
5716 9018
1448 6281
6027 8848
9661 9756
2390 5887
9985 9989
4926 6864
3922 5059
225 9293
8977 9140
8219 9589
7894 8773
3781 9781
3452 8487
6202 6628
9101 9798
3576 9433
5292 8849
1754 5524
8566 9272
8058 8450
8707 9207
2959 6971
7245 7837
4713 6657
467 773
7063 9570
3493 6835
6617 7677
6560 8520
7910 8783
2338 2468
1671 6973
6007 9140
4838 8342
6065 7701
8866 9320
2305 2884
6747 9583
4505 7920
3783 5362
861 4562
2134 5412
8941 9698
3714 9548
446 4050
8793 9716
6838 7062
2286 7512
2788 4299
2800 9036
8925 9820
7431 7671
3361 8246
2286 4909
7493 9012
483 9704
704 6735
4363 7738
2672 3654
6849 8623
2502 2755
2526 5359
3757 5773
2576 9494
9170 9649
2061 2315
3049 8913
8987 9839
7151 8879
7159 8522
1540 4317
4302 9532
3542 5877
4548 5040
2305 9393
6929 7663
5102 7293
4012 8110
338 8776
8742 9869
1705 5174
6827 7888
4137 5553
914 8612
5477 8919
2135 6143
9352 9655
1722 3088
9165 9571
4448 8226
4052 9362
6811 7127
5764 7573
7623 7787
5001 9957
1544 2256
1946 5058
6788 7394
8952 9968
9720 9870
5286 8644
1893 2854
9496 9973
9889 9965
6457 9847
4301 8807
4994 8554
2629 7568
7875 8325
6873 9265
8490 9206
6097 8928
308 9578
6984 9514
8863 9712
3826 7957
415 7487
3134 8728
3004 7642
5363 6476
5201 9469
8842 9301
6764 6996
6859 7468
4040 8911
6216 8683
2942 9392
3300 9180
756 6405
8806 9526
6493 8911
6483 7948
4675 9422
9642 9933
5891 8220
8041 8565
7707 8939
501 3657
7249 7312
5983 8597
1929 2689
9758 9894
5529 5970
24 1876
750 6255
4539 8675
1434 5089
6986 8932
1129 6192
7677 8050
104 1037
9861 9976
8611 9378
5759 7806
9729 9789
4497 5588
3503 6711
7538 9888
5615 9167
5584 9255
4428 5800
6085 7209
9719 9861
4284 5719
1187 8285
4947 7569
26 8853
1933 6839
7372 8554
329 4920
9528 9978
7215 9349
6028 8797
4787 7221
4688 5566
5551 7050
1670 5984
3146 7823
6584 7873
3533 6552
8894 8901
156 9195
488 3484
9132 9562
421 3572
7691 9027
248 9095
7743 8629
8055 9773
7493 8163
685 8395
6027 6366
8906 9361
6781 9882
1380 4135
3712 6320
7392 9622
3129 5881
5454 5487
6357 9607
1572 5050
9826 9895
5363 9732
9951 9976
2389 7018
6811 8198
5220 8166
6994 9760
3128 6280
1154 8073
5763 8801
3812 8045
1638 2813
9067 9108
2790 5487
4624 6899
4877 5401
6095 8276
6826 9995
8178 9256
8999 9577
6563 6611
8974 9960
8565 9900
8396 9638
5754 6538
3036 8735
3491 4579
1464 2591
4662 4933
666 9604
6811 7167
9389 9507
3956 8074
7403 8593
369 7418
5002 5993
8993 9788
4339 5477
6350 7868
3672 6659
555 7894
1953 8131
4121 9576
6327 6536
6729 7977
7093 8394
4090 8049
5223 5916
3698 5463
5366 5407
8657 9209
2384 9710
2607 3421
4080 6276
5647 9034
6548 8831
1182 3891
923 4484
9659 9689
8238 9450
9979 9980
4675 7031
406 7180
9617 9930
5613 9594
7114 8008
5540 6285
4115 7881
9056 9598
1154 9008
5956 7932
8066 9812
9826 9887
5003 7945
8102 9436
3790 8330
4987 7416
2927 8213
6816 8563
2826 6368
2080 4178
7875 8236
1674 4874
4078 4548
628 3420
7728 7883
8234 9078
352 1523
9915 9921
2257 2697
8310 9468
5784 9436
4256 7029
2162 6472
9783 9884
5487 6186
5441 7711
3672 9466
6912 6933
6560 7541
4304 7497
2735 2929
1293 4647
6375 8553
3753 4463
6601 7774
6469 8441
5627 5835
703 3407
8703 9472
4326 5834
518 4174
9360 9910
8367 9730
937 3875
5098 7020
9534 9895
6818 9355
3559 6460
1110 3719
5480 7929
4157 8008
2362 2450
1998 3908
1852 9619
5121 8258
8317 8726
5269 8448
5757 9341
8362 9507
8020 9058
8208 9828
7060 7568
4547 6874
8367 9104
2690 4463
4195 5782
1137 2887
4817 9019
5235 9364
2810 8922
7232 9258
8528 9578
2094 5072
3966 6783
2176 5101
5092 7072
2682 4630
6998 9387
1164 4115
8506 8906
3565 7562
1824 8430
1028 4767
7906 7952
8334 8833
6621 9659
8947 9863
4528 9206
3030 7353
5667 7480
1398 2018
6874 8108
7127 9245
2067 8846
7790 9099
3742 4069
3311 9961
7411 9754
1615 3076
5402 8178
3955 7040
7093 8211
5861 8307
6962 9998
3038 9562
8729 9967
1902 8177
4905 9954
4618 8342
8531 9482
7234 9653
9289 9582
2245 4754
8475 8654
4702 9046
8272 9090
6472 9684
3772 3788
4598 7742
4564 4933
5440 8945
386 6847
2526 2959
8669 9684
307 4850
1553 6682
6153 8595
2648 4692
2157 7683
9578 9857
8443 9403
5810 7511
1855 6972
1463 7057
1992 7316
6805 7430
1673 4765
7593 8473
7714 8686
6845 9292
6447 9119
6301 8690
3462 7267
3450 5799
2930 5488
3793 4650
9935 9985
7421 8456
6533 8112
9919 9971
7137 8527
7518 9149
3647 5493
2501 6287
7741 8641
8366 8583
7807 8260
2840 7354
9861 9990
5647 7774
1426 8054
5379 8514
1293 8641
3471 8564
5613 6749
9701 9910
7209 8707
6951 9160
8905 9580
6004 9922
7564 9549
7160 8817
9222 9680
1906 2009
7712 9335
4826 9469
2742 3388
8594 9964
8425 9503
8177 9154
6909 7786
3709 3777
9316 9868
6268 7746
6540 8447
5619 7629
3984 4521
5587 5917
4574 7851
9251 9698
7533 7569
2157 6556
8715 9293
5252 8346
4291 7108
1799 7137
1427 3201
9063 9243
6445 9334
4873 5314
8304 8484
1609 6581
8447 8879
7383 9843
3699 4835
1984 5142
1469 9070
8534 9175
3722 6741
4961 7831
4470 6018
4984 7400
6211 8803
9186 9233
2567 6834
7275 8625
2514 7772
513 620
6187 8804
2365 6824
992 2047
5753 8564
5508 5529
2433 3153
2038 6131
7228 9946
1178 8347
7063 7979
827 4845
9450 9992
6657 6733
5026 6940
4524 5658
4740 7142
7391 9873
7374 8952
4976 9361
455 1518
6096 9080
6811 7387
704 8904
3049 5385
898 3675
1405 5421
1297 5982
9327 9920
4450 9828
4762 7104
8445 9108
5449 7148
9502 9720
1790 1795
3430 6582
9084 9352
3091 7329
7284 7306
4335 9586
3777 4789
9359 9485
7461 9712
7081 8521
8399 8990
8326 9173
913 9375
6347 7670
2057 6954
7328 8416
1304 9434
5082 7058
7341 7360
1609 3021
3872 4547
6515 9258
889 1484
9759 9998
3387 6178
7107 9595
9605 9824
9894 9916
1459 9753
5203 6252
2853 6206
3807 7979
667 1588
1411 3085
9247 9347
4377 7234
2671 8181
2042 7123
9938 9984
9247 9528
7653 7913
6203 6631
3588 6906
9774 9917
6463 9246
3822 9256
4411 5743
9394 9834
6120 6334
2437 6276
3705 5563
4165 6981
1212 2629
2301 9361
5949 6049
2414 3724
5589 8087
4784 5843
7108 9484
4028 6052
3765 9400
6798 7762
2327 5826
3995 5758
6998 7710
6144 7665
3513 5623
8671 9750
3818 4597
9752 9817
4830 8788
3039 8963
139 2100
685 2949
3393 8183
2224 6946
8191 9370
3018 3112
6018 7535
1219 2527
4482 5566
8403 9818
8444 8819
4795 8796
8851 9991
7969 9064
4994 8886
2190 3823
7628 8120
5506 9299
7522 8570
6090 8306
3884 7895
257 1282
6800 8807
3896 7132
6326 7227
2253 2382
4039 7603
2642 8384
6926 7966
17 5624
2445 5419
2799 6386
4508 9579
7838 8114
5413 7194
7050 8926
2837 6976
1659 4405
5723 9535
8210 8840
1770 7269
5821 9962
3576 4266
65 8282
6159 9603
6206 8623
2118 7053
8140 8310
1370 3697
158 5218
8692 9535
2911 5815
4568 9768
1976 9746
3152 4342
3565 9090
2683 9288
7364 8369
9547 9581
5461 6327
5684 6322
1440 3746
7882 9199
3007 9137
7937 9270
1490 2386
973 8351
4580 9102
6419 9556
2514 7741
3091 4004
8116 9769
2325 3951
4338 9828
9512 9772
5431 6835
11 8690
1819 6244
8110 9148
4518 7805
2064 7123
2690 3186
504 807
5114 5399
1801 2456
394 1875
9026 9894
6334 6503
3452 7068
3798 6851
4350 5420
1353 4657
3406 7033
7385 8413
1979 5351
5844 7426
9621 9834
7064 7637
6774 9199
381 9494
6829 7304
6205 8050
631 4267
9469 9751
6895 6946
3636 7892
2483 7129
8382 9850
222 3175
3354 9540
7252 8046
4691 8649
6413 8472
9451 9802
3975 5296
6296 8989
8930 9224
4916 6392
5353 6212
977 4128
8496 9170
4252 7145
691 6702
4976 5473
3925 9767
2983 6909
6548 7352
5571 8325
2055 8188
9532 9986
4504 6423
7045 7320
3799 9346
4221 6916
9042 9728
472 4316
9250 9899
4598 9998
989 9430
7272 8832
3290 3518
82 5803
3027 3617
6815 7059
3920 6244
794 3616
2206 8331
9158 9432
2689 4754
4576 7464
2678 7951
8112 9351
5958 6531
8728 9893
8703 9926
3069 5148
1411 5153
4195 4519
5198 9784
4596 8900
569 6155
5040 8845
490 7262
6438 9755
7062 7925
8063 8268
522 1339
9002 9191
5446 5774
458 3956
6699 9945
8094 8123
3176 8542
1142 3257
9549 9986
2259 6709
7402 7634
9087 9251
3143 6129
7880 8509
5449 6038
5510 6970
4196 4371
2244 4566
6917 9395
1720 4017
2838 4575
9442 9537
3832 7901
82 5853
9279 9895
4268 9792
5458 7198
7202 9013
4941 4975
3634 8679
9510 9715
795 2524
2306 7650
1927 8665
1953 7522
1174 5789
9715 9988
2647 5305
3871 8814
1408 3229
9198 9600
9314 9614
9223 9665
5033 7236
4585 6159
9664 9670
3237 7075
1063 5581
3611 5284
126 8269
421 9948
5862 6464
996 1382
630 4020
6140 9251
5658 6304
3510 7858
1482 6878
640 3100
5088 6030
4033 4348
2926 4756
8600 9273
4367 4765
8017 8685
8223 9148
4324 9714
1921 7613
6866 7608
2268 6752
8816 9909
9348 9704
734 5383
8307 8828
4913 8877
8445 9368
8680 9327
9831 9972
8434 8894
8237 8961
7502 8040
7227 7949
3995 9877
1570 7976
9098 9409
6257 8118
8542 8897
3693 9135
2033 5477
8559 9391
2428 8510
478 8363
6948 9306
8632 9503
3319 5788
7832 8081
5014 7124
3271 9601
9750 9840
3712 8835
4964 5971
1872 9706
2779 9127
1521 1528
9994 9996
3979 8087
235 5617
9682 9770
7377 7604
2503 9434
301 4619
4155 5491
6551 9420
4131 6162
373 4823
5339 7379
2004 5327
5407 6187
1685 1912
9420 9560
8047 8421
943 6890
4825 6832
3394 9700
3355 9226
4435 6671
2248 4917
8766 9286
4659 9621
9366 9632
3703 7543
2158 3645
8445 9264
7322 8831
2703 7187
2011 9767
491 9701
8411 8635
3222 4242
8730 9669
7067 8138
2728 5816
9151 9567
7259 7270
2039 7877
9818 9819
4455 4525
3837 7649
4976 5232
6496 9606
6390 8059
1523 4063
40 7194
8700 9509
4216 5320
9433 9969
1444 7978
4005 9423
598 6324
4882 8762
5287 5977
7137 8152
6778 9894
3320 4491
2727 4773
2818 4915
4960 8348
6844 9104
6277 9607
7542 7687
5604 8212
8327 8571
888 8121
7890 9687
7862 9886
9799 9805
977 6943
5436 7747
2158 5864
8833 9349
7669 8193
9940 9976
2668 7368
920 9339
1244 9241
5266 8671
5637 7865
7228 9088
1171 8939
1415 3845
2311 2442
8665 8770
9274 9664
1565 8950
13 2255
8911 9568
8888 8944
5587 8760
823 2735
2421 9736
8689 9298
3343 4681
6471 9093
5918 9727
4071 6114
8752 9186
3411 4906
8693 9110
3902 8364
2345 7539
3417 5380
3697 7118
587 4483
7239 9955
2544 4509
7846 8937
7059 8775
3581 4968
5704 6124
5277 6019
7782 7802
3481 9003
4218 4621
5061 8990
3268 9477
5018 8313
8900 9776
9709 9874
8593 8704
5683 6965
2976 4149
8559 8985
6770 8126
6384 6805
2716 4352
1503 9866
7883 9920
9575 9975
4465 8133
5263 7003
4428 4777
2623 8299
5936 7442
4767 6896
1372 4628
2951 7855
4108 7976
3829 4176
7225 8242
2911 4763
2797 9247
3881 4159
9805 9925
4460 7940
1458 8339
4596 6432
789 7122
355 3749
8799 9911
2284 8804
3890 9411
6649 7771
2937 7842
4460 6469
5775 9724
7213 7974
7926 9411
3807 9899
8404 9521
2904 7927
7526 8330
8313 8760
3672 8348
5861 8922
4950 8577
6259 9093
7994 8895
8271 9337
6196 7225
6021 8925
9026 9952
3940 7118
7651 9194
4199 5879
4500 8942
106 4374
1779 4100
9688 9821
5637 7431
1303 7496
9594 9801
1194 8245
7275 8385
5685 8166
3809 9785
6254 7893
9170 9733
3757 6178
4583 4648
7423 9735
2524 8728
4248 6646
1626 4004
3102 3223
6334 9276
8007 9218
9329 9479
6169 9610
2355 4646
598 8818
2821 8293
4525 9690
9856 9953
5279 7730
1679 7161
248 4459
4818 6638
790 1344
402 3437
6916 9337
4569 6928
6583 9326
7674 9298
9279 9982
8859 9948
2864 9267
4102 6090
1928 3644
1926 6374
5597 7365
5024 7437
386 5447
2913 3725
9961 9984
3248 9993
1075 9638
167 5163
1037 6522
5530 7507
7321 9709
7995 9212
6100 6782
5562 7908
779 2257
7451 7576
9857 10000
1604 8849
3191 4454
2863 3398
3373 4063
9095 9853
4072 9910
8984 9997
830 5764
3300 4763
3237 3885
2412 8888
7839 8122
9036 9228
9898 9983
7805 8506
7146 9256
2458 5220
1502 4233
7938 9501
8890 9496
9527 9529
4883 7790
1182 8708
9056 9192
2710 8302
5426 9098
9925 9996
3304 9544
5426 6158
1597 7233
3298 3591
5747 7116
8549 8953
1767 9973
3354 5967
8305 8335
422 9874
7010 7839
3312 5861
2730 3552
9647 9888
5575 7191
5460 7036
2906 7011
9917 9936
8297 9914
1657 3595
2163 3077
1986 3959
5932 7239
6806 8765
3186 9794
7039 7636
9480 9739
6733 8302
4343 6371
85 6423
4192 6562
1379 8605
33 6767
3099 8901
3976 8527
9629 9976
6622 8186
8769 9150
8072 8907
4817 8241
676 7727
9459 9874
4723 8455
6108 7018
9928 9946
8142 9129
9226 9239
8795 9739
7537 7596
3464 4707
2636 6731
7766 9009
658 1545
5313 6065
5699 6549
2104 7016
2084 3887
3185 7542
4470 5115
236 8392
6035 8645
6573 9401
3910 9339
3677 8750
7640 8682
7978 9642
801 4287
5857 7227
8128 8225
250 845
1505 5102
7385 9134
9829 9860
8305 9911
4619 6849
8186 9135
2020 4044
9663 9863
9396 9995
5082 9314
321 3050
3583 9051
7594 7785
4037 6678
9591 9825
9357 9609
5953 8483
9546 9997
8150 9991
5177 8535
5176 8043
8016 8340
4924 8098
8330 9553
1894 3928
282 6241
7536 9007
1909 2082
1635 8604
2059 6509
2053 8342
4256 8958
6672 9204
47 4362
8213 8528
6615 7950
5246 5531
1465 4763
3672 7736
6400 9515
5465 6627
1285 4665
8573 9952
5153 7232
3388 6096
2052 4795
5958 7512
6489 9754
7531 8515
5581 7907
3394 7271
634 7104
5179 7501
576 8113
9758 9812
9499 9902
7627 9264
3714 5520
3013 7930
2830 5525
8990 9805
6714 9842
4805 5326
4281 8489
1235 1310
7486 8183
9457 9730
2626 4364
8408 9552
6864 8951
4352 5757
2498 6316
1176 8512
6175 8564
3052 3155
6283 6752
8896 9294
2231 4857
8634 9045
3144 7098
9199 9554
565 9053
5639 6570
1898 3829
7770 9209
9376 9989
1029 1837
8612 9527
9918 9961
9127 9567
3758 8059
5643 7052
6504 8146
8668 9515
3744 8025
8112 9094
4198 4222
957 4377
9443 9706
7649 9785
4355 5273
1190 8053
7332 8655
6287 6766
9774 9930
2490 8311
5867 9088
2501 3483
3359 7517
5175 6237
7052 7275
4285 6621
9215 9631
205 5857
7370 7980
9854 9911
8930 9396
9875 9959
5090 5970
9141 9577
3646 8068
3627 7214
5464 7915
3143 8657
9458 9838
5282 7688
9802 9961
1656 2591
5081 5947
1833 6136
8088 8356
8648 9230
5177 6190
7290 7575
4240 6373
486 9228
3856 4178
466 8384
1892 6279
4054 8971
1500 5312
7081 7166
6174 9046
8326 9114
6065 8104
4604 8389
2611 7553
1250 8002
8872 9947
4092 5629
7272 9445
2663 3314
4949 7528
356 2835
8570 9597
2193 2863
519 3983
2109 9740
3310 5623
5789 6362
418 1024
229 2497
6542 6975
5700 9560
7360 8696
138 2806
175 9102
6380 8500
1239 1968
6852 7375
4517 8418
3746 8323
7533 9000
193 3776
4376 5902
8637 8824
889 1143
1206 3039
8378 8808
2271 9231
6239 8534
8830 9318
4900 9215
3665 7959
4238 4340
6849 9531
9791 9881
1517 9203
9599 9903
6962 9213
9293 9313
7830 9658
475 3633
5312 7315
7911 7959
7203 8335
1901 4349
4384 9280
4107 8225
1876 3700
9633 9883
880 6310
4874 9252
2525 6010
9336 9634
1084 8069
3109 6798
9291 9726
1264 9796
6873 9944
7438 7934
6108 6840
9097 9867
9589 9898
6297 9885
5737 6804
839 8146
9735 9961
6208 7353
4764 9892
3567 5164
2005 7328
6032 8209
6132 8742
8497 9317
173 6126
8540 8770
3269 8656
3605 8956
5744 6033
8481 8747
8230 8758
8023 8042
7432 9456
4251 8698
8336 8583
1045 7811
9747 9834
3708 5610
3728 7714
8670 8988
4802 8818
5977 9439
3696 6698
4132 5237
7115 7809
5894 7498
1785 1994
4667 5445
6033 9594
9035 9224
4399 8007
7137 9037
138 9579
3912 8359
3668 5620
5467 6557
9424 9584
5904 8519
4309 9785
3849 9445
1692 2094
4902 5274
5197 5254
3907 8020
8318 9951
2594 5265
3399 7317
926 3703
3294 5851
1548 4231
2465 4138
9234 9370
5146 9634
6140 9021
6453 8617
1931 2537
7704 8063
1921 9048
5361 9118
2863 7058
3010 9102
7356 9944
6535 8523
6938 8830
3341 8170
5160 7703
5558 7609
244 1733
3268 6434
4370 5177
544 3695
3331 5956
2976 4269
246 7711
860 4137
1263 3604
9778 9948
1561 5520
4689 5876
5378 9581
622 9732
5337 6350
6195 6571
2704 7878
1329 5146
8764 9378
2520 9984
5922 9625
5520 9712
8782 9464
8769 9730
1215 8115
7285 8330
5001 8405
1220 7224
3650 9942
8191 9478
1433 7615
4896 9082
907 9020
7902 8376
5406 8897
8819 9971
8518 9169
7244 8524
8641 9811
545 1339
2440 9376
9015 9785
5269 7029
2081 8190
9523 9896
2881 2906
2509 4334
3180 8832
9053 9380
7950 8104
5501 6823
1959 4150
955 5285
8170 9614
8181 9985
1011 8004
8119 9311
5521 9068
1056 1335
768 9043
3310 8995
2534 4220
4026 7810
864 7796
2930 7656
6493 7921
1040 6264
5274 9713
6547 8654
2880 4062
1704 7896
3260 4266
5709 5831
5083 8456
1063 8138
3146 8684
8668 9701
7124 7748
886 7933
2745 6065
7571 9644
318 3204
645 9532
1297 3448
7788 9516
4083 9249
1776 6588
2439 2880
7844 8532
2117 9082
2575 6034
7595 8199
218 8340
862 6885
8753 9975
3717 7794
9337 9612
7577 8604
894 7487
7722 8613
5612 9626
9180 9524
5166 6599
1924 7839
2752 3591
3467 9323
1602 2737
1459 3122
5866 7660
5601 8484
6161 7672
4074 5316
7936 8869
2910 6523
4272 9260
2397 9234
8391 9914
9037 9369
9507 9689
5163 8558
8995 9828
8702 9047
2502 9426
5356 6106
3832 9971
6438 9746
8427 8459
6984 9931
3717 6760
7772 8391
4941 8957
6241 9613
3432 6082
2398 8238
6122 8552
6034 6123
8365 8882
4947 9333
7565 8037
637 9737
6969 9208
3239 7069
4820 8823
4426 9796
6527 6598
3758 6455
8258 8776
7113 9758
318 3820
1801 3032
5571 6023
3439 7960
9322 9505
8678 8986
8769 9412
7687 9132
7143 8235
3305 3964
8812 9679
4067 4459
1344 4404
8757 9354
2109 6507
4205 9719
4437 8269
3185 4480
6575 9040
9600 9851
4390 4819
5712 9703
6571 6706
6512 8889
6200 8740
4507 5658
583 5615
8494 9026
7062 7150
8238 8858
2653 4848
2045 6622
7432 8681
5860 9725
6175 8563
4169 9029
2055 6529
3439 7405
1257 3023
9667 9896
4023 4894
4857 7096
7021 9005
9624 9906
593 885
1825 2465
3278 5183
1434 7375
2661 6304
2718 4742
9609 9860
1369 2964
8520 9985
685 5475
7610 9760
5275 9825
5217 9888
935 2012
3820 8107
8987 9088
8236 9051
3103 9265
7075 8497
8295 9839
6017 6679
4714 4988
3597 5118
9991 9995
4065 4673
4023 9416
1838 2273
2301 6603
1128 2895
2340 7627
962 1236
9780 9786
9546 9921
41 254
8176 8484
1292 2067
6671 6885
5279 6853
2860 9541
9954 9961
669 6617
2354 8172
911 3031
3229 9082
8872 9418
7391 7976
329 9327
1907 8311
7074 9468
6308 7942
1037 5908
8953 9640
3925 4102
6277 8658
9767 9894
6229 6916
1030 8531
7446 9389
2297 3548
249 1220
2292 3708
9234 9306
4635 9479
4665 5534
1004 4394
8402 8871
3062 6432
8230 9456
3231 7912
9686 9823
3931 5163
9562 9617
6975 7014
1704 8335
9477 9953
9074 9267
3448 3655
9586 9946
6613 8658
9398 9916
7658 9179
996 4528
8039 9935
884 4181
3253 7323
3091 8315
6295 8106
2607 4130
4925 9970
4987 5570
6049 8657
5193 9668
1732 9453
3373 8649
6998 7177
7371 7942
9577 9692
6843 9481
949 5892
2957 4733
7631 9006
6881 7137
9664 9748
636 7388
5443 8571
9425 9868
5585 9416
4094 7909
7842 9547
4342 5774
3706 9182
2725 5173
5792 8764
8597 9415
7969 8707
2116 3195
6627 7593
555 8185
7349 9340
4236 8044
6336 7166
5015 5574
2254 9092
9425 9865
8637 9385
841 1187
1776 8806
803 8593
7691 9441
4406 9685
8776 9167
9780 9838
8421 9300
1864 8327
3894 8018
618 4983
2645 6657
5000 8855
2176 3926
6120 7333
3191 9374
1507 5950
8088 8480
9164 9462
9931 9952
9787 9874
6275 7532
3901 9367
658 4815
4409 9119
21 8392
8467 8882
6453 6556
4171 7892
8904 8920
7467 8961
3085 8861
6577 7403
7442 8673
850 3408
7952 8373
752 8567
4900 6270
8332 8622
3245 4605
9506 9687
7383 9839
2324 3293
6863 7508
568 9405
26 4485
2594 7892
3738 4690
8096 9145
3003 3141
3169 3960
1185 6449
441 4409
4936 6353
8006 9848
3106 8030
5975 6245
775 3793
5126 8404
3649 6111
787 4991
3250 3951
6916 9838
6223 9170
9097 9111
4443 5565
7290 9753
7421 7526
9591 9979
133 3817
4220 8178
6463 9038
820 3211
222 4405
943 4063
9088 9518
4742 7812
5477 8057
2769 6085
6783 9158
8878 9103
3186 9642
139 7383
5684 7162
4697 5146
421 7433
5471 8571
6917 9648
9948 9977
7195 9986
7924 9271
3194 7571
9325 9797
781 3434
3592 7121
1475 7952
5987 7198
1250 2348
9781 9837
9937 9948
3812 9290
3621 6301
9374 9615
3816 5124
6382 7426
3856 7961
6462 9627
653 5926
5251 7431
114 2320
4162 8059
4984 8045
3118 6600
1250 8987
920 7479
3850 5002
839 2738
7426 7978
2809 5423
825 5663
6264 7255
8338 8374
257 9992
8899 9650
497 8473
2336 8852
1902 2733
3011 8311
9456 9935
3481 5872
503 5710
2972 9521
559 8181
9415 9731
962 6609
3834 7119
9267 9972
1934 7019
8734 9898
1070 3784
7797 8460
916 6177
4933 5421
4918 8439
8377 9597
1881 9935
511 1404
6575 7609
3894 8688
950 1347
6889 8236
8428 9927
6155 9022
2738 8884
1520 2853
535 7390
5312 9799
8750 9192
3323 3455
1928 6917
7984 9926
7731 8450
4876 8228
4477 7117
6124 9161
1507 6069
8469 9807
9875 9970
5651 7191
1864 5793
9875 9927
8570 8932
6037 9417
6774 8936
8199 8524
3242 8870
7759 7951
2071 2231
7520 9333
9742 9905
5783 6520
6506 9991
84 1415
7477 8413
2996 9063
3147 7473
4678 9249
8046 9474
1677 2992
5067 7863
7527 7580
7010 8114
6181 7440
4781 6479
9836 9963
9798 9837
4531 7200
5193 6055
7548 8328
8643 9298
5375 5498
1759 2734
3137 6519
4802 6696
949 5796
7228 9216
2765 4889
3885 6993
5245 5755
1715 9013
5254 6993
5875 7840
7937 9918
6128 8602
7846 7952
1313 5290
8770 9263
3323 8352
5224 6226
4938 6780
9521 9881
3188 6876
8446 8986
9674 9834
8582 9500
8028 8863
1000 8771
2279 7002
5050 7500
2501 3771
3660 4966
9676 9686
3073 3646
9557 9897
8378 9439
5633 9064
1169 4114
2858 5911
6242 6882
9479 9752
3928 6692
9781 9998
5309 8781
7269 7867
7198 7835
5212 5480
5912 6404
3000 4585
9754 9826
8988 9070
3746 7006
1404 3037
3029 7862
9444 9949
2133 5062
5934 6833
7376 7488
4679 5878
7950 9060
3102 7271
7017 8121
6315 7831
2057 9807
680 5716
5949 8544
91 637
5565 8105
7789 8154
88 2648
7630 8006
5058 9616
7036 9562
4400 6739
4261 4973
4211 5887
7593 9626
6331 9979
9592 9815
434 7657
6420 8877
2126 9689
4887 7849
9894 9914
7890 8750
543 9945
7954 8411
2726 5744
551 6570
3368 5155
4748 7033
9251 9304
3979 4275
97 9836
6986 7040
8507 9191
2301 5078
7159 9064
8867 9176
3305 6858
6487 7198
2496 6596
3620 8494
179 2004
1055 4034
6738 8245
507 4625
2942 8271
321 1391
7531 8701
5036 7886
2286 7375
2142 8622
7741 9257
5134 7747
2292 7066
8312 9077
6800 6980
2207 5263
5311 9709
7089 7537
999 5090
906 4622
2099 4972
8644 9296
2576 8072
4962 5338
734 1977
2387 4654
3733 5186
1235 6964
3629 6255
7656 7851
3789 7018
3237 6161
5598 8444
2307 7192
7505 9712
1396 2756
1509 8492
7005 7856
5568 7949
8087 9192
8034 9119
3026 9894
8999 9776
6134 7361
6424 7189
4641 9346
2916 5339
2553 3752
1367 6597
1475 2306
4167 7974
5819 8845
1097 1859
2111 8015
7625 9111
4863 6317
6613 7401
8895 9521
3860 9109
3648 7501
7101 7700
1111 7557
7370 8937
1342 3196
5704 6210
172 3011
8107 9124
6636 8914
4021 8885
4277 4517
6437 8281
4953 8236
8440 8663
9650 9746
2312 4193
739 1443
848 5733
6035 9313
3287 3802
5375 7221
6398 8676
9916 9924
5358 6714
7097 9363
9117 9801
3765 6927
4146 4737
1597 2771
9133 9450
3819 9603
7115 9545
6343 7311
5382 8717
3954 4115
8735 9325
4554 9210
8911 9489
5487 6474
4140 6284
6904 7157
6640 9633
4298 7506
6843 8360
9068 9819
7035 8394
1508 6427
1627 2228
8530 8538
8893 9007
4018 6364
6785 7112
6697 8186
535 3639
8923 9827
446 4697
9856 9978
3459 5243
6543 9301
5101 8428
6865 9246
9455 9873
3400 7563
5095 5804
3280 5614
6975 8331
2845 9782
1083 5907
5375 8850
6631 7109
6138 8491
4594 6713
3301 4034
525 8237
7728 9503
4196 6677
2123 5946
9525 9949
3128 3755
9748 9953
3606 8442
8641 9625
5562 5960
7370 8677
288 477
7575 8211
5777 9073
8562 9634
6605 7271
6280 8760
235 572
843 2150
5288 5558
5649 7470
6454 8234
2566 4500
74 2359
6021 8874
1761 4033
4628 7765
8958 9579
2033 4912
9218 9582
5503 8068
5088 5752
8614 9669
3253 3330
8405 8654
378 2675
8933 9505
2738 3031
3704 6316
3408 7697
8099 8637
138 5100
3700 9815
4184 7230
836 6204
2064 3614
7457 7811
2497 3675
8569 9746
1986 3737
1889 3362
4804 9077
7297 9270
6730 9478
2311 5526
194 9571
1063 3857
2515 8252
5416 8531
5047 6188
6758 8648
1409 2088
3689 8062
7323 9996
1996 7439
2532 7925
3721 4454
1362 7911
6913 7509
8277 8855
1514 8766
1303 3490
7619 9824
6077 7741
7731 9361
9003 9718
3398 6799
9202 9378
7811 7978
7357 8200
7000 7781
1325 9256
1637 4675
5676 6282
2389 8346
4428 6956
6306 8686
2040 3698
627 9062
9846 9875
3323 6611
1290 2908
9567 9980
2 980
6378 8056
685 7554
538 4775
5961 7812
6157 7185
5081 6053
6331 9340
8780 9507
39 457
6128 7264
8617 9522
6733 9118
6240 6387
9948 9950
1166 4773
513 613
3742 6314
2393 2999
816 9742
8946 9770
3738 9904
3213 8835
6287 8208
7396 8208
7321 7370
6588 7769
9378 9610
5689 8012
6449 8069
1934 7296
1081 3165
1330 7178
3205 6318
9745 9989
3509 7255
6384 9330
4696 8472
9013 9400
1297 7917
9397 9675
2093 6079
995 6958
2891 3551
4599 7961
7991 8014
3050 7883
7359 7721
5738 9512
7599 9741
5390 7206
6289 9685
8537 9915
6375 6768
4979 6460
8140 8641
3426 5478
4692 6702
1077 7959
8539 8996
2070 9802
2605 3083
1033 6136
5257 8186
4084 4341
9847 9981
9376 9800
2552 7321
3884 9564
9194 9877
3626 5530
5635 8120
6311 7185
3145 4056
2701 7886
5341 8665
7706 7740
3815 9925
966 1236
4488 4494
4834 6682
13 1983
8836 9016
4259 5666
212 3870
9328 9777
8269 9782
6528 8831
5228 9620
593 6521
9796 9979
4299 5123
8205 8590
1675 7308
6864 8579
3272 3996
5109 8887
5763 9579
5359 9511
3986 6812
3504 5927
2208 5915
1441 8476
6575 6949
2807 7521
1493 8038
3442 9735
1372 2768
7174 8688
1334 3905
3512 7493
9070 9620
2512 5137
3598 5502
6766 7019
3078 5771
574 6675
23 783
1890 2040
8793 9457
7484 9528
7959 8079
1425 6190
2392 8131
5075 6997
7938 9354
7168 8944
5260 7575
7468 8102
434 7371
3017 6131
1561 4949
8926 9157
8701 8707
1590 7048
2996 9532
8646 9018
3832 9203
7890 8691
1980 5648
9571 9844
7337 9958
4980 6095
2108 8508
7261 9551
3095 8490
3119 5386
7561 8181
6904 8599
6208 8766
9799 9863
8401 8608
5673 6472
4673 7964
3483 8451
3914 6689
3400 7401
286 5121
4511 9324
4539 4922
7801 9836
4744 6831
1493 4775
6263 8229
7337 9831
5096 5976
3748 4803
7942 8060
1245 7478
2767 6212
4118 5587
4074 4657
8141 9186
8819 9223
7562 9208
117 6104
9848 9854
1244 7118
4478 8255
3288 7653
2090 4144
4981 6753
5252 6311
977 1793
7885 8092
2427 5341
4725 7586
470 7850
8155 9715
8242 9465
4989 7964
5209 7387
9877 9944
7641 8152
5500 9533
8681 9678
6350 8385
1518 4825
1155 9375
6702 7923
119 8268
3841 5299
4061 5000
7321 9538
913 5810
8849 9602
1590 9079
5648 5797
4899 6733
5387 8394
2370 5148
5490 7485
5003 8917
738 5120
1483 5138
4341 5014
3896 5689
583 3189
6818 8352
7363 9595
9743 9780
9032 9282
2398 7426
7713 8759
2319 7152
4505 4605
6215 9942
7112 8840
6681 7903
5967 8269
2054 9438
5430 7715
6813 8731
1490 7420
9661 9674
4279 7431
6782 8705
6868 9522
5663 9734
4914 5676
917 1772
4640 5745
5352 8342
7450 9540
4155 6356
1758 8486
2493 5521
7494 7908
219 7529
6834 8668
4568 7025
4119 6710
9812 9841
8833 9714
2222 8080
6486 8833
6262 9586
6325 9459
6599 6699
6638 8077
1896 6288
27 2714
9246 9598
314 2810
3037 6990
5958 9067
7192 9788
8483 9539
658 7796
6989 7492
8132 9257
5695 5953
3512 9216
9115 9617
7438 9194
7686 9684
5116 9451
4577 4902
2610 9594
9039 9724
9807 9944
4227 7738
1994 4381
8718 9236
2710 8625
8654 8687
8356 9532
783 3024
8730 9902
5326 8620
2842 6895
1492 7210
5034 8529
2638 8242
8595 8790
453 8961
684 4655
4960 6435
8189 8404
1571 8591
9041 9185
5496 8318
1859 2037
502 3796
8934 9899
6641 7804
5452 7971
9435 9967
4542 8861
6635 8904
5819 9113
9409 9908
8309 8663
5723 6168
254 3578
9813 9916
8311 9950
6620 6778
9631 9712
6226 8172
3280 4024
4075 6165
6499 8235
8889 9271
4469 6429
952 3149
5593 9872
4299 9834
6593 7578
4241 8542
3239 4600
4379 6640
4760 5161
4476 8050
5770 6410
3809 9037
5363 8508
3388 8980
9353 9767
3215 5996
88 8624
5444 7027
3503 9272
7667 7814
263 4253
6414 7863
8877 9986
7359 7386
8269 9285
1870 9304
4626 9550
1373 8945
229 2344
4777 8536
1446 4209
3204 6846
3460 4581
4364 5198
3432 8630
7270 7547
9898 9967
2121 5196
6093 7070
1358 8405
589 6506
9952 9972
6557 9899
1024 7902
6638 8819
6274 7035
1580 7924
1954 3878
2744 3809
6851 8058
69 6352
963 3346
9551 9930
2424 6292
8601 8974
19 639
2022 2287
4083 9327
6300 6599
5520 7980
7091 8409
2239 7348
7618 8632
3650 6795
9153 9669
7297 7335
5809 7694
5532 8295
5805 6710
4283 6561
9309 9924
2383 7652
2522 3854
3843 9101
6010 6362
9899 9997
2414 7408
3544 6175
8748 9510
2281 9522
192 1672
7599 8563
9063 9292
3497 4075
2793 3375
8985 9083
2417 5395
9500 9900
8385 8475
9686 9830
2967 4810
2633 5268
4042 6465
4997 6833
5636 9265
9683 9972
9114 9861
5728 8020
5847 6070
9371 9692
8620 9051
5535 8886
9816 9973
721 9136
8909 9601
5056 8613
831 1099
1384 3242
7717 9346
9831 9929
1361 2350
1933 1981
6959 7601
2128 6189
4940 5370
8842 9676
1508 6792
3994 8867
970 5773
1489 6531
5700 7710
3052 6984
4289 6927
3497 5929
1416 5137
7403 7831
162 3817
6300 9454
4576 5620
8208 8854
9415 9584
9151 9944
575 2951
8915 9954
8550 9921
3863 8036
8971 9852
4885 7027
3103 9437
3496 5078
8093 9575
248 4361
389 9434
8187 8262
2184 8542
7220 7302
3689 9343
7432 8345
3488 4652
7776 9894
5600 5771
4646 7629
4834 9847
606 5190
6845 8350
9785 9838
1092 5156
3338 4809
860 8214
5199 7450
2923 5573
6750 7569
2612 5734
7722 8755
2014 6944
6342 9399
3748 6549
4390 9334
1391 8112
5365 7005
5250 9955
5230 6253
1992 6850
2537 6498
3544 9270
5917 6889
3482 6728
6080 7433
3259 8417
9658 9942
5810 9466
1243 7324
7469 9389
1715 3525
124 1880
7699 7843
4177 9172
3269 4428
9396 9418
1653 4638
1215 6088
7233 8036
5249 9357
6117 8356
7760 9959
9362 9688
3202 7915
2252 4272
1059 6935
179 3779
9852 9882
7297 8065
2295 3244
4535 7715
5394 8601
9629 9876
7935 9823
2759 9401
663 3779
6805 9019
5135 7344
4677 6211
3578 3814
350 7438
6771 7487
4274 5723
6696 7953
9948 9972
8481 9946
8613 9131
8046 8875
2903 8518
6073 6810
7214 9828
1074 1883
5014 9698
9880 9936
4361 9502
1188 6787
9356 9493
2537 6058
67 5378
6064 9060
1216 6434
1877 8188
409 4003
555 5051
6135 6440
7182 7280
9381 9938
3043 4860
8298 8344
6587 9822
1927 5884
3827 5036
307 4036
6829 8909
3692 8429
991 1666
2524 6998
3911 5508
3524 9460
8702 9851
5739 8668
8174 9222
52 7217
5417 9444
7224 9002
3793 4991
8016 8372
4858 8101
9211 9272
5090 7116
2417 6803
3294 6742
1035 9411
5848 7531
1231 7648
7152 9771
9644 9933
9724 9894
4648 6228
786 1768
259 4017
6920 7687
646 4486
6400 9304
929 6719
2432 8903
1544 7912
51 4334
5609 7609
2176 8203
8342 9007
1869 7266
2054 5670
3639 6796
3722 6364
516 3457
1812 6290
2891 6074
7774 9810
4565 6338
2120 8261
2312 2668
703 7716
2204 2439
2119 2898
2440 5264
8396 8488
5971 7684
927 1797
2444 8272
7862 9402
5749 9475
1116 6923
9609 9903
6825 9422
9121 9199
8194 8749
9324 9588
5252 7707
8515 8706
3871 6021
9585 9984
6800 8842
4053 6711
8915 9280
2991 7090
8242 9081
6682 8398
5587 9841
7697 8227
2802 3778
3010 9852
8000 8332
260 4318
7123 7648
8212 8620
6296 7793
5869 8007
4591 9817
8357 8894
34 5897
7205 8479
4724 7283
251 530
9855 9987
6234 6403
7294 7657
7161 9386
3643 8425
8954 9242
1659 9099
6166 7988
3124 3338
378 2606
9493 9802
8657 9440
6168 8888
6005 9370
8696 8739
6850 9818
115 3472
502 2232
7522 9002
4282 9205
4332 7599
1130 4558
4263 5762
1378 2926
6437 7063
7441 9250
6620 7192
4727 5568
3570 9530
1197 5486
5889 7234
3793 9893
6283 7900
8181 8191
5306 6839
3158 7101
2627 5476
2053 9833
9970 9992
693 6778
2481 6660
7412 8347
5409 7383
8596 9351
3069 6508
7248 8000
5522 8483
5500 8011
3801 8767
17 5451
9690 9876
8352 9982
4117 6753
1503 4521
3032 8193
8963 9943
5427 5970
2456 6336
7021 8255
595 4241
5076 7397
5038 6671
6484 8477
7839 9837
5581 7091
2346 8863
2238 4904
844 7385
6449 9477
5998 8982
4434 4498
6933 8539
5681 8383
8563 9867
2854 8256
3621 7511
9065 9792
9212 9636
8757 9703
4088 7086
3403 5967
8403 8841
3831 8490
1326 9486
8646 9907
8672 9779
7824 9220
5078 7800
8335 9246
8966 9615
8339 9586
9537 9573
7389 9271
3873 8549
8223 8377
7854 9833
5675 8823
5034 5409
8786 9473
7818 9935
6815 8131
9136 9735
8715 9234
1733 2165
35 1843
8500 9748
4577 6165
1660 6984
8520 8620
2606 4749
5428 8266
5918 8806
7541 7925
9122 9387
761 6568
2510 7476
2865 7421
6510 7629
3998 7486
1990 9750
6027 6646
8254 8898
4957 7891
5944 7043
5087 9212
8147 9852
9109 9656
5308 8164
3518 8787
6661 7777
984 3825
3011 4944
6038 8872
2549 3905
2202 8676
2853 9531
5705 7839
8138 8427
6449 8272
4989 8528
8711 9494
8808 9282
4790 7015
9621 9860
774 5626
3479 7221
8051 9001
9837 9987
143 6360
4607 6361
7439 9436
1955 8070
5029 6029
4345 9995
2061 3016
317 2397
3194 9872
4889 9037
4377 5894
7263 9892
4252 4987
4705 5659
5745 6531
7343 8911
6790 8279
5956 9483
1233 8059
157 5573
6770 8378
1191 4598
8587 9697
5293 9703
2089 2817
1553 2452
9262 9899
445 4086
581 4663
6831 8534
3636 5541
4249 7310
8088 8523
6406 6547
4997 6162
9406 9563
8470 9245
7905 8338
3310 8512
8487 9048
6842 9295
5848 9320
7308 9368
6541 9041
1118 1131
1984 7255
4479 5172
1401 9612
7917 9398
1460 9635
1829 4594
8524 9030
30 800
9638 9971
364 8614
67 8339
7276 7348
4278 4786
5634 8299
711 3275
4489 6358
9121 9512
4478 7286
255 8171
3769 8313
2269 5937
7652 7992
1127 7468
3081 5382
994 4921
9034 9689
6857 9622
6832 9123
743 4788
8765 9082
1775 5716
2520 6015
2874 3337
2611 6604
520 5359
511 8087
2768 4998
5166 7994
5588 6715
4980 9322
7672 9906
4508 5609
5954 8631
6207 8876
65 5075
7093 7522
9728 9888
4218 5881
3686 6924
2426 5182
9607 9869
2458 7843
5568 7786
2123 6254
1494 7931
4024 5436
3928 8379
1565 1685
1517 5395
6287 8272
7104 8101
9158 9297
7987 9713
5721 9325
904 3849
7350 8267
9679 9855
3823 4862
979 8879
5050 7838
5602 7087
4220 5718
7465 7809
9015 9864
1929 9968
9113 9829
3675 4692
5551 8476
4368 5836
9054 9256
1306 1741
8625 9422
565 3193
7318 9120
9856 9952
7286 9836
5052 7556
4036 6172
2095 7367
8168 9618
7533 9239
7060 7471
4611 7171
6720 6857
911 2278
6873 7326
1886 7490
2164 4890
2950 5621
6981 7875
4106 5986
6835 8699
6230 8468
6963 8270
7705 9773
2788 7281
5302 5311
512 5786
3501 7017
5118 6572
6006 9224
8739 9927
3048 4663
3002 7741
2471 3094
931 9546
18 8255
5376 6230
2471 9741
7851 9083
9340 9853
3935 7470
2567 9781
5815 6198
4719 9264
1918 5440
537 5640
3756 9159
5772 9962
8332 9495
3607 7019
8878 9969
9178 9881
5232 8046
6012 7673
2675 9809
8750 9218
9647 9883
6393 8528
2971 3187
1028 1635
3960 5057
4619 5000
8359 8605
3238 6392
9516 9574
7768 8683
9766 9930
7238 8614
1022 7872
8270 9441
6756 6906
2137 4659
7575 9333
752 6755
1625 8850
1822 8489
9182 9778
3909 8222
4999 8209
8100 8645
7488 8940
4556 8130
7541 9656
2082 2407
8797 9134
8519 9639
3008 7257
5705 8874
8417 9657
6264 8390
6045 7295
204 2833
6184 9909
797 2117
5548 7217
4511 7730
4752 6416
7586 8713
3652 6854
2400 8443
8138 8529
1196 3998
8706 8818
346 6976
1038 4368
5847 9892
7676 7752
736 2611
3003 3070
9257 9655
9562 9934
2406 7550
7090 9729
9962 9979
343 7423
7056 7503
7725 8725
6594 8477
5055 7637
3475 6998
667 5392
8013 9336
9362 9899
6644 7728
9726 9938
6690 8730
91 8052
3108 7241
9583 9798
3730 6205
2670 3649
5155 6295
8758 9995
7403 8299
2145 7968
1137 3522
2832 2858
9225 9455
3151 8254
2616 6846
5682 9096
8802 9017
2482 5124
4453 5937
7791 7872
6509 9453
3100 4004
6299 8703
4482 5467
4012 4221
5053 7599
4122 4549
8374 9125
2068 2531
1465 8150
5307 6281
2083 2754
1807 10000
8234 9965
7226 7335
2963 4975
2277 5833
9628 9968
1111 4995
6355 9522
5139 9695
8731 8953
9046 9416
6276 6376
7468 8417
848 5784
8155 8850
9472 9869
1365 2831
8151 8421
7015 8247
7131 9953
4404 5481
173 9151
2969 9789
2920 4761
4230 7342
5966 6845
380 2773
2857 5574
4885 9725
6349 8751
8488 8924
5176 9120
9248 9406
8106 9247
406 5026
1716 1834
9302 9751
4184 4914
412 3075
2719 6689
1910 2937
3764 7734
8900 9712
8362 8787
5922 8070
7931 9224
8214 8376
1332 8795
971 2083
1710 8236
5536 6498
7099 9340
7323 9805
2655 3072
8438 9340
4373 7553
6753 9638
2720 4655
2210 7129
5394 9603
7714 8743
5626 7251
940 2060
643 9521
7732 8305
2188 8262
3175 4512
5241 7169
559 6162
2698 5010
6901 8238
9153 9803
1245 6275
8601 8745
6095 9986
6292 6700
9813 9991
6272 8591
7602 9362
7788 9474
9961 10000
6090 7467
9128 9227
6388 9253
2809 7622
3100 3153
4551 8891
810 3581
9668 9891
4904 9986
8001 9777
5289 9520
5914 5935
5822 7823
1552 8055
439 3885
8702 9251
582 3437
8657 9788
2498 8317
9123 9494
1482 7989
7341 8607
9975 9980
8332 9179
6025 9784
8279 9816
4331 5195
4118 7872
194 8901
7094 8785
3186 9764
6708 7980
9698 9855
8934 9618
8377 9236
8651 9171
1819 8729
5175 5735
4807 8940
4550 8611
8809 8998
91 9782
2372 7213
3413 9914
4174 6138
2559 4300
8356 9397
2047 4665
8949 9695
3794 5939
524 4432
9855 9894
2108 6170
571 8568
3233 9490
3469 4473
8939 9891
6923 8964
3411 4580
6841 9250
9724 9825
6349 9242
877 2560
3438 8060
7914 9926
4526 4670
3759 6244
2740 9706
2474 4082
2872 9761
9024 9650
422 8125
8866 9122
9349 9731
5727 9704
9912 9973
3882 7249
6337 7805
4796 8873
2545 7328
8805 9727
850 6307
2529 5279
4992 9584
2697 6377
8812 9054
3620 5972
3086 9560
3001 8931
7015 8926
3793 6881
4121 4302
1025 8603
7800 8992
548 9297
212 258
6474 7732
9902 9939
1457 8365
4672 7848
3150 4963
3651 3953
8046 8935
3551 3983
567 2000
3176 3373
5909 6624
2742 3864
4505 6765
7339 7886
4835 5687
510 3783
55 9635
8727 9422
2495 8444
9460 9912
8845 9297
1741 9338
9395 9507
6993 7036
7982 9646
4858 7975
3184 4650
903 9296
673 6032
7944 9173
6216 9583
7152 8429
5652 8678
1586 4144
4118 4235
8474 9863
5744 5793
3532 6947
2281 8954
5268 7787
1835 2305
7160 8478
2476 2821
2846 3040
7528 8719
7260 7747
8667 9603
1214 7926
3918 8614
7993 8803
4852 9358
6818 8990
2535 6409
6524 7476
5300 5368
5705 7987
7968 9425
6257 7223
7421 9476
8601 8794
1707 2430
4124 6461
3872 7230
1536 8110
6072 8730
3561 5060
3725 8566
4372 7681
4860 9761
659 5836
9891 9969
9916 9989
9931 9987
9145 9172
1133 4715
1744 8647
6782 7578
4895 6773
5487 6785
9348 9559
404 2596
9188 9313
7180 8653
8394 8489
5203 9430
2485 7194
515 3714
4797 7833
1355 7071
3407 9459
9024 9455
1914 8350
3122 9927
3990 6798
9800 9966
4114 5044
772 1906
4223 8557
884 1494
7317 9531
3214 7973
2587 8799
5816 6818
5760 6621
5465 9056
5305 5589
1164 4018
3006 7033
1754 2435
5332 8898
232 9329
6282 6536
4085 7657
6837 7989
9303 9362
8129 9546
1365 9796
9160 9285
207 3672
2360 6812
2608 5931
2492 5831
3696 7053
7999 8104
8708 8845
3864 9865
437 4346
3257 7047
5814 7592
6378 9264
6714 9005
2016 8255
139 9769
6006 6696
2144 3419
3672 6653
5589 9144
2542 4447
4550 7166
2291 4077
6091 9656
5202 5609
3096 9389
7058 8586
190 2181
5918 9472
8911 9634
8956 9485
2846 2892
3848 5495
7605 8591
5627 6608
3005 5194
3900 4523
9172 9531
9273 9763
8196 9416
4287 8677
2471 2535
9582 9998
2695 3837
7140 9861
9723 9876
5393 8339
1281 9597
9397 9453
7766 8492
610 8776
8892 9602
1006 8531
3222 4578
2713 4132
2225 8604
6712 9598
5312 8002
8005 8250
5846 9886
3024 3339
8523 9112
9717 9881
7624 7763
2772 8472
6100 8458
4845 6310
4922 6803
7677 9562
6760 8799
91 7561
7601 9510
2740 5061
9379 9647
4671 9211
8882 9556
6993 7700
3329 7000
1058 1494
4942 7431
7727 8621
4697 8570
9201 9345
9630 9745
1309 1827
4570 7293
319 4476
8281 9436
7165 9667
5586 7043
8781 9960
300 5241
3536 6997
1510 9246
160 7863
7071 7907
1680 8410
7772 9511
4979 6886
7196 9154
3473 3831
1220 1306
191 1277
8373 8905
7242 9590
147 8746
4975 8974
3055 8618
1406 8975
7880 8555
2139 9206
5103 7783
6545 7476
2413 5094
5640 5809
520 8178
7759 8375
447 1431
4762 6939
9945 9970
4717 9501
9513 9956
7827 8196
1881 9070
3587 4619
8336 9698
8088 9148
3492 4330
389 3235
1405 8905
8528 9787
8551 9907
9351 9381
6094 7952
2566 3146
8096 9293
4290 6799
7900 8783
9614 9756
3778 7200
4380 4995
6296 9335
1863 4317
8292 8569
4867 9259
4348 8728
7696 9156
6896 8498
734 7075
6728 7824
1713 6423
5484 8646
1135 3407
542 7395
1089 6282
5867 8488
5193 6683
8238 9883
2219 6583
4248 8614
3200 9712
8655 9312
2890 3121
4530 7391
6496 8197
2231 2336
5059 7736
370 7083
9125 9298
5276 8519
6501 8313
5990 8794
1173 8404
5634 7748
9108 9187
3907 6802
4228 9775
7113 9461
3528 8754
6021 9270
9959 10000
7712 8787
1545 4655
440 5366
1985 8979
2284 8610
777 5277
7768 8840
1416 6579
3167 6330
8105 8573
984 2364
8302 9197
6032 9281
2471 9082
9824 9843
549 4292
4886 7473
6932 7516
8068 9370
7468 8554
9548 9592
4665 9156
3294 5192
9071 9136
5266 9644
4837 7598
8489 9540
2583 4602
7388 9999
5743 8913
3837 6835
1575 2312
6154 7396
4322 6043
6148 7707
1509 7224
9322 9868
4186 5073
5121 6851
7444 8615
5036 8162
8741 9879
4065 8380
5700 6527
9506 9671
5926 8294
2577 9364
3159 9716
1082 9549
7851 8444
8695 9315
3779 6172
3484 3762
6398 9483
3549 6064
5554 6759
4553 7447
4884 9709
5238 7818
2679 3163
5945 8884
5792 9071
9685 9907
8086 9522
3556 4824
7815 9442
3007 4746
1324 6804
6134 8798
7988 8931
8029 9915
8993 9805
2370 5646
3527 9827
608 2051
566 5719
8298 9030
9536 9709
901 9360
421 3744
7650 8554
1914 2448
4890 8944
1947 6245
3029 9712
9163 9428
5503 8702
7359 9734
9470 9791
3580 5517
4373 9222
6326 9236
8226 9565
8537 9919
1680 5907
2597 7976
4501 5017
9508 9680
8351 9357
6713 9664
4323 9123
2816 6210
5094 5563
7244 8397
2072 2592
3099 5863
8133 9666
5281 8084
1591 3735
3841 6496
8473 9879
5955 8581
4423 6353
972 1606
3662 9755
700 4837
8022 8052
7028 9444
8607 9719
3974 9205
2649 3000
3337 8769
5518 6051
7742 9624
3984 5091
8932 9187
4964 5804
5630 8951
4171 9227
4622 6469
8519 9293
2076 9759
5065 5672
9918 9942
336 8679
5591 9357
7509 8770
713 8721
9023 9393
6041 6690
586 3833
8445 8895
8327 8638
6368 9724
1985 9193
8950 9643
7271 9316
6578 7587
6946 7123
9085 9397
6270 7083
6707 7192
3517 6086
3114 4560
7967 9582
2940 4302
8158 9311
8278 8480
959 9573
7415 8596
3000 6962
7530 8202
5490 9951
8423 8585
1566 2232
4694 8762
8741 9488
5900 8456
4752 6874
2882 7255
6693 9401
6193 7260
157 1420
6175 7667
5690 9214
7286 9459
9946 9950
799 9348
6573 8211
2075 6505
1279 9412
9030 9656
6197 9135
6827 6999
2818 8904
5242 7410
9119 9778
1428 7594
3751 5553
4770 8928
192 4098
3866 3906
2779 3338
4418 9947
8368 9278
273 4245
38 5652
3111 8356
5745 8923
6815 7211
4232 8029
3719 5145
582 7476
7391 9320
1300 2166
5688 8167
1457 1655
5119 8264
4102 9173
4304 5868
7029 8986
1118 8396
8876 9539
410 8157
3961 4266
6859 9252
165 7767
662 9117
4163 4606
4226 7109
331 4289
9132 9402
9409 9505
785 3773
2099 4814
1614 5035
2713 5580
464 7920
1302 9751
7707 8057
9495 9993
5557 5807
1768 3634
341 7098
5391 9970
7875 9996
7841 9501
6465 8877
105 1840
4855 8473
389 9449
476 2510
8900 9834
5257 6756
1538 4083
3283 7776
9194 9336
6831 7678
9317 9761
7546 9562
1996 2597
4853 9956
9585 9956
821 2462
2177 2670
3025 4858
2794 4455
3197 4987
6441 7437
9707 9870
3883 7969
6264 9308
2126 3695
3866 9982
2988 7506
6497 7196
1466 3550
4455 6278
1489 4053
1145 9404
8949 9701
3001 5612
6346 9351
3789 5415
3616 9728
4781 6434
554 6350
7519 9588
3720 8601
3673 5641
8621 9669
7534 9261
6814 8932
2988 4710
181 3654
5776 9104
1230 8578
4955 9765
1985 7429
7881 8937
6509 9773
5821 8888
8790 9507
1391 5733
1007 5094
1436 7465
9525 9647
5655 7378
4860 6637
5142 6947
9147 9291
3938 9266
5073 7036
6862 9149
9361 9884
1978 9721
1874 7817
8566 9589
1295 2537
1244 4018
6857 9410
8991 9920
5157 8578
738 4530
9443 9497
8936 9617
8786 9337
8558 9976
5790 7276
6565 8447
5150 6276
4582 9669
4867 7168
7530 8743
4922 6652
3493 9828
799 4381
4576 4615
6438 8328
2022 4408
1409 9291
275 6935
6715 6827
5857 8199
3946 4856
4912 9846
3696 7139
2171 3994
2760 5616
2340 6372
2885 8237
331 9436
8658 9913
6984 7196
3585 3942
6642 8870
6302 8065
8778 9442
3809 6658
4128 5138
8386 8428
1640 7959
9202 9959
3119 9423
2698 5880
7389 9378
1870 3475
1756 8733
9962 9990
2780 7216
5685 8704
2825 4088
6786 8298
8710 9771
8732 8795
519 4340
6616 6953
8073 9396
9316 9347
4309 5639
4050 4182
3427 5021
3157 8321
8600 9400
5586 9286
5132 8926
5139 6714
7029 9513
1777 6138
2765 3963
9499 9708
4380 5741
3040 5340
9582 9589
3704 5958
1939 7495
3277 5022
8063 9085
8621 9209
8941 8963
9673 9827
2920 6539
1918 7888
4562 9802
7436 9197
5793 6904
8100 8600
7631 9425
1574 7241
342 1470
9052 9450
7321 9043
756 8783
4724 8894
116 3614
6959 7688
8940 9070
4403 4798
1263 4809
9908 9958
4941 5015
8123 8387
572 9511
7081 8375
6591 9418
2013 9697
7567 8649
8895 9402
9431 9622
218 6635
8254 9632
7512 9810
5607 8442
6539 6861
2899 8884
5714 8981
7653 8208
6566 9955
3792 7183
1244 5575
9730 9949
9891 9923
2706 4451
7130 9748
4356 9140
7039 8015
1641 7601
168 6238
7994 8999
8175 9096
1549 1909
7063 8501
4303 9429
7531 9383
9188 9515
2730 6694
8908 9216
669 5912
4138 6653
4545 7470
3535 5795
3183 6189
4592 5467
3830 6923
6046 6366
9491 9642
5239 8504
5009 9124
4650 5486
6166 9302
3714 4956
3070 4980
9267 9918
1788 3050
5567 8207
4665 4805
8878 9787
5898 6261
4148 8059
3410 9669
9972 10000
1845 6083
3770 4527
1480 4065
5665 7908
1223 4173
8545 9593
7650 8539
5377 9987
8467 9778
5737 8691
2095 3225
3012 4851
7837 9152
3616 9464
3635 6828
4623 6697
5248 7060
8639 9559
6972 9514
1384 7918
7245 8731
863 2948
4972 6180
3009 5855
1170 7413
8987 9037
9907 9951
4288 5342
8555 8674
2376 3993
3306 4584
1035 5005
1959 3287
2799 6315
4386 6725
3199 5431
7761 9816
5143 8467
4268 5845
2141 9243
6189 8601
7155 8768
3244 7194
5711 9482
7257 7920
4335 6776
7424 9117
5462 6443
5004 9993
1904 6544
6448 8797
6690 7948
173 3142
9412 9753
6379 9091
2727 9338
1157 3428
737 9648
3077 3384
7888 8724
3882 7969
6162 6850
9030 9168
1204 9663
3298 6758
3207 7953
3815 5215
4116 9460
401 7946
5710 8044
4870 5328
9061 9091
9698 9848
8541 9790
9120 9142
6419 6464
3278 7225
8800 9798
5545 6732
8703 8860
3433 5745
2971 4336
1352 4489
4687 6707
1224 6323
4188 9357
4141 7843
6448 8485
5035 8026
9842 9959
546 5122
645 7175
926 5657
5749 9605
5081 7194
1519 7446
6547 8233
5911 7133
9780 9813
3533 5328
4179 5908
8843 9713
4566 7749
9378 9579
3171 7521
3016 7474
7164 8320
8508 8967
1777 3888
2236 8860
3595 8868
377 9941
723 5034
625 9245
9781 9808
5906 6950
4385 8093
4127 5040
9435 9864
8456 9863
6140 9448
736 4739
7900 8075
5462 5763
9822 9992
4612 6568
9603 9884
1281 7573
4040 7792
1183 9779
1438 5560
3235 4964
5800 8125
221 7344
3435 9451
5602 8123
1029 9721
7865 9513
4578 7038
7816 7864
2606 6247
5729 6630
2925 9435
6133 6531
3226 9888
1715 6037
4983 9013
198 2694
2517 6742
3451 9024
5367 8933
3472 3782
9666 9965
8644 9846
4058 9140
882 9563
3845 6765
4514 5743
3090 5006
9418 9794
4500 4883
5890 7979
379 9064
7593 8885
5637 9293
6877 7959
9364 9558
4985 9389
5197 7506
5049 6232
2865 4257
5653 5837
7481 8135
8676 9138
6387 7349
6422 8274
1976 3765
1603 8815
797 6302
4925 9015
5053 7535
4508 6427
6725 8383
5661 5735
3026 4885
8508 9159
5211 6807
5483 6158
6740 8704
5895 6648
300 7046
7990 9085
3957 7156
9175 9440
2873 8663
8165 8829
8196 9921
1249 2148
2835 8604
749 9884
376 1153
6632 6722
3954 5421
8013 9583
2280 3846
5536 7276
819 5756
2817 5677
1146 9336
5971 7554
2399 4021
6924 8136
587 4342
8584 9283
5407 9901
7985 8896
5791 9746
6034 7362
8176 9058
2299 7526
7383 8103
6319 9959
9743 9764
5404 6899
8445 9377
5792 8807
8520 8877
8887 9664
5640 6494
3933 9310
7037 8107
7391 7839
7489 7968
9891 9921
6066 8662
4332 9826
490 9299
6251 7586
435 7412
1691 1785
4973 9014
2942 9965
9450 9917
7555 9478
6137 7832
3061 4529
8824 9779
2206 4724
4006 9075
3939 7626
6693 7420
28 8108
9156 9788
7837 7874
689 9090
6992 9645
2587 7973
6536 7484
8096 8452
9313 9853
5319 6855
9554 9582
7576 7581
6679 9060
9005 9953
47 8544
480 5066
468 9267
5519 8710
984 5244
2465 9754
8829 9906
7930 8428
7289 9702
1517 4768
9577 9698
3333 6008
9779 9792
1827 9803
9934 9973
1951 2814
4606 7890
2598 8418
4153 5497
8754 8764
5367 5691
7817 9414
9535 9555
4351 4981
8781 9224
8764 8856
1314 8449
1952 3412
7934 9481
4784 4949
4114 5023
8105 8111
9060 9616
8810 9398
3013 4831
4159 6634
4042 6258
6578 7270
3385 5469
736 2846
544 9008
6430 7938
9121 9348
8804 8834
3695 4675
3598 7447
9990 9998
7677 8175
8885 9736
8294 9132
1067 2297
5973 8727
1775 3982
367 1728
8372 9359
3877 8413
8869 9161
6179 8376
3070 6674
1521 6225
7731 9949
4741 6332
439 6914
1812 7029
5983 6113
5893 7988
8327 9569
8198 8473
4664 9663
3378 6116
2927 6303
9908 9977
3482 4729
6875 7438
9705 9743
5607 7837
6198 8919
1494 5414
4443 7567
7222 9095
9704 9914
2653 5557
5544 6301
8853 9153
6567 8631
5369 5831
516 5758
9091 9164
5266 5624
8400 9431
1363 3652
5932 6194
9147 9482
7116 7770
758 9649
4124 8285
9508 9867
1784 1882
7237 9792
36 8378
1633 8016
8670 8972
3269 4460
3984 6562
3777 8656
7048 8486
682 5683
2430 5435
6758 9296
756 6662
5496 5535
5883 9371
6237 8569
5489 8762
3948 3965
9490 9753
5201 7724
3245 8507
4129 9405
6329 8571
6887 7474
8194 8472
8139 9729
8759 9092
940 9022
6694 7548
1703 5081
7189 7796
8164 8309
2974 6507
23 7167
5457 6380
8727 9640
5430 9416
4597 7915
9150 9691
6374 8368
6967 9412
1137 6916
6114 8990
1221 6858
7955 8311
3297 6949
9875 9973
347 2032
3155 4525
2573 6959
4497 6975
6991 7599
4473 9686
8706 9699
9803 9896
8761 9193
5668 6598
9360 9386
4289 8380
1401 6087
8470 9503
8682 9963
8966 9766
8434 8682
1400 6442
4256 9797
444 9664
1852 7822
3555 6656
7292 9416
3509 8802
5111 9556
5334 6265
876 4990
1637 8051
7551 9448
6605 8479
1292 9814
2432 7658
5643 5659
9344 9887
1111 6946
6884 7244
9637 9773
4202 9853
9095 9897
4021 5139
6100 7776
9050 9533
6309 6403
895 1853
2704 8215
8185 9756
1501 8383
2570 8694
1592 7544
1549 9091
9679 9900
8326 9670
7704 9091
1906 3117
1122 7833
8228 8678
8287 9429
4085 6125
8477 9865
7439 8605
881 6439
6559 7055
1094 3071
9097 9728
2388 9413
7535 8804
2575 5797
9450 9716
263 986
2718 6000
5835 5872
9378 9879
643 5642
3825 7601
6731 9156
5438 6704
2904 3143
326 3137
2388 3988
3358 4370
9193 9788
1195 1711
5155 9582
6078 7554
2144 4196
6072 8704
7287 9471
6687 9093
1379 2253
8847 9323
4630 8875
5094 8168
8135 9836
9233 9600
1691 7361
7633 9978
1056 7967
1980 2718
5815 6486
3989 9827
9806 9963
4408 7234
9418 9793
6997 8363
3628 7402
5017 9232
656 1769
4389 7267
3833 4178
8411 9825
9762 9889
5029 8957
6402 9280
6494 8357
9885 9991
3013 3256
4978 9603
1786 3642
5783 6032
8458 8944
948 8662
5344 9450
9255 9865
9397 9873
7779 8620
558 8035
7069 9587
3318 8326
3552 4391
9867 9880
8858 9241
2965 3243
5045 9938
1667 8540
8090 8261
4669 8871
9377 9573
2694 6437
8050 9013
7922 9059
3090 6792
7627 8289
2980 7567
7646 9258
3493 5008
8675 9454
4564 5562
2261 9800
2221 8400
9165 9349
8509 9776
1242 8565
4259 6312
2774 4147
8996 9083
7810 9488
5068 7545
4724 5825
3475 7498
2070 3032
2107 9846
2546 7618
2458 5726
4847 7261
4075 9380
4166 9058
194 2836
298 2470
4729 5799
241 6227
6627 8373
3004 6591
5990 8428
7751 9801
104 4204
5163 8883
1249 8605
6201 6560
9002 9437
3915 7879
3031 8545
8498 9468
3418 4099
1852 2978
6731 7491
7094 8425
9423 9863
2912 3125
4618 9413
6495 7740
2354 4294
4735 8005
6675 7903
9452 9640
7669 9507
8310 8893
3749 9992
185 4446
3619 7864
1183 7288
2605 3944
1478 6079
7295 8990
4536 9444
5654 7366
4105 8835
1030 7124
798 7112
8569 8818
9796 9861
3064 6432
6150 9576
9178 9503
4194 7737
5144 9067
6254 6938
7651 8226
4200 7479
6665 8454
4669 6023
2370 8685
4803 6358
4450 4451
7527 9421
6159 6886
1152 1599
1067 6086
2172 2977
7037 7295
1480 4328
1891 3556
1810 3811
3358 4681
9351 9728
4408 5429
9979 9993
4765 6431
2418 3994
6158 6495
1477 7361
4626 9155
1158 8148
8176 8801
4845 5490
9457 9870
2596 9569
6360 9387
3467 9284
4949 8971
2803 9000
1404 3687
7572 9046
7070 7855
561 1391
4957 9646
5420 9521
9513 9918
3697 6185
5764 8060
2358 3273
4599 9425
8201 9380
6364 9788
4780 8705
7810 8413
9539 9845
1925 9496
5393 9546
2409 8833
4762 9624
7415 7983
2693 7235
6275 9341
5533 6641
2144 8484
7745 8016
3188 4233
8585 9743
7348 8853
9380 9781
7777 9217
9061 9442
1877 6372
871 7525
5733 6710
5101 5378
3714 9848
3422 9209
96 3152
3468 8960
6231 7105
664 1949
392 6761
8647 9060
8739 9431
4256 9845
740 3715
5664 8406
455 2692
7862 7930
2634 8091
770 4137
9885 9993
6697 6891
1958 5633
1738 3569
6290 7498
9603 9867
1014 9396
3065 4807
2503 4172
6173 8427
3854 4847
8185 8925
9136 9868
1214 8711
4426 4967
6563 7470
7971 9448
9148 9650
7453 8463
6439 7630
6029 6198
5809 9667
7554 9975
2524 6229
2776 7507
9405 9468
8029 9443
8528 9254
9616 9863
4884 7194
8718 9708
4900 9831
2918 5418
6934 7133
5573 7952
7431 9955
5628 6043
4693 7334
1792 5766
7554 9026
17 8221
2209 4969
4352 8892
1791 5593
8394 9747
6486 7353
6728 8870
2703 8983
4219 9659
8266 9152
8652 8917
5093 8483
340 2806
2446 5160
4711 9474
2397 8239
1491 4984
3571 5457
2239 5974
2846 6299
9109 9360
7551 9139
3662 8443
6293 8136
5378 9016
1824 7701
7909 9372
6828 9576
1569 7074
8387 8741
5265 5428
2359 8288
261 5419
3140 8801
3626 4110
8676 9566
1150 3652
619 9643
5675 5780
41 6245
7486 8054
9868 9897
9721 9846
5864 7987
2783 8164
1315 9059
4745 5266
5774 7051
8501 9597
3489 7902
473 809
9006 9056
1752 2840
2608 6682
2001 9789
5540 7467
700 8504
805 2290
2059 3830
3971 7037
446 9477
6541 9853
7050 8133
2012 8737
2732 3343
1939 8924
5690 5914
6797 8231
5413 9959
1967 8666
1375 7094
3215 6752
8972 9435
2076 8682
4628 5584
1082 4118
1642 3359
6981 8933
9736 9753
6477 9387
5645 6242
7749 9939
2905 5949
1228 2270
6998 8096
2383 8724
7231 7696
5020 8012
8518 8968
6499 9567
2295 2625
7532 9724
9035 9975
865 8282
9061 9428
879 6288
1190 9960
5349 6577
6246 6254
9035 9972
884 4633
4091 4697
146 7185
6081 9208
9749 9797
6234 6410
1452 1665
5632 8849
7088 7437
3675 8527
883 6767
1737 9326
1813 8068
2069 7672
7708 8816
9142 9289
37 2580
5271 7724
3035 8153
1810 1930
7253 9778
5197 9435
2027 7551
3040 8218
7369 8336
1163 3590
9174 9207
5613 7891
1173 1802
9925 9957
4692 9821
3367 6536
381 6423
4321 8112
5425 9166
7947 9091
8883 8889
578 4108
8597 9054
2200 10000
3111 3868
5217 8524
4735 9462
2564 7559
8406 9438
903 5250
3477 4530
4621 9968
4841 7515
5697 8769
9971 9977
6494 8532
469 2801
7535 8358
7243 9263
4781 6216
8092 9574
3858 4640
6511 7727
6302 9703
8266 8800
1920 7316
6236 6308
1131 8992
9706 9743
9921 9957
7171 7523
6957 9536
8575 8700
1336 4147
3520 6105
2865 4962
1600 2092
9606 9825
5495 7114
9404 9958
4150 4679
454 517
1308 5576
2432 6675
9957 9988
2061 6132
638 8717
9320 9652
93 5222
7760 9813
2412 7400
9754 9776
8066 9228
7981 8037
5133 9240
5178 5983
9126 9587
7403 8579
3709 8094
9477 9905
8868 8935
278 8501
590 4271
6754 7706
8687 9692
5086 5878
4472 6034
1332 2806
331 829
3045 3133
7223 8570
4371 5388
5753 6646
9806 9841
5073 6680
8788 9266
3301 7568
8706 9250
4067 8040
285 2433
6175 6701
4812 9377
5492 8121
9691 9734
8916 9498
1921 9301
5164 5496
4749 9729
5108 7557
5381 7687
2885 8979
1027 6246
8794 8961
6537 7733
8057 8808
285 5622
1904 5251
2905 7620
553 5038
7288 9299
5625 8071
2372 5345
7837 9521
9877 9977
2369 6808
6999 8580
274 6514
7207 7790
2137 7250
1531 1756
69 900
5602 8416
5219 9961
2327 5428
3395 6130
1113 7049
3851 7551
894 7258
6676 9745
2523 2851
8200 9595
9700 9720
5913 6759
7245 8034
7417 7516
2109 3390
5025 8907
1256 4853
7661 9944
467 1691
5150 7564
2582 9545
5581 8917
8431 9138
9638 9961
850 7474
5552 9232
8268 9487
3736 9248
6340 8919
4133 4339
7776 8183
6568 6902
1918 5124
326 2956
2772 3081
494 5011
5663 6375
7524 8221
6264 8136
1179 6495
3091 8168
6102 8408
3136 5462
9834 9925
7772 9747
3161 5524
7243 9172
2885 3832
5822 9446
7516 7533
7022 7831
6570 6718
4559 8922
47 2530
2792 6126
4115 4192
27 410
7467 8120
1908 4893
6245 8200
506 2044
4647 7461
4701 8624
9887 9990
6424 7409
2963 3959
9283 9337
9804 9810
3363 7085
7992 9650
3245 6185
9862 9918
6304 7567
1383 2422
8352 9158
910 8721
7932 9774
2169 2741
5848 6673
5567 6173
8613 8792
7681 9742
8885 9694
4018 6046
1102 7978
3646 8008
7280 7805
5587 6661
2426 6345
2868 9429
603 9151
3615 3691
6355 7541
9613 9917
7575 9561
4520 5233
4741 6315
718 4619
6018 6533
6398 6500
6790 7947
7755 8495
7858 8365
9075 9098
9698 9989
9801 9939
1604 5290
9188 9881
4861 6772
2163 9786
4232 5855
8770 9324
2850 7871
6860 8866
379 2368
5574 8488
2555 3460
3300 7829
1200 2704
9742 9874
1707 6944
7713 9292
7829 8658
1276 7059
977 9852
8450 8661
8857 9621
7252 9133
3447 7017
1862 6920
8103 9487
5116 6076
5324 8683
6777 9093
6437 7654
8132 9531
2724 5449
1986 6210
9972 9995
5946 6714
9060 9077
3010 9100
4652 7222
2778 3577
3296 7170
2325 4941
9635 9727
1735 2324
4784 5561
6024 6477
5585 6005
3054 7825
6493 7165
5575 6693
2156 7871
4326 5023
2959 5497
5323 7147
5136 8818
5215 5680
6494 9235
1003 7737
1506 2877
8869 9563
1372 5877
2559 7979
1821 7938
3740 8427
387 6187
5278 9611
5386 6516
3046 3991
4382 6621
3927 9815
4825 7701
1632 3069
5253 9847
9988 9991
8674 9575
4251 7077
6450 9570
1778 3970
9598 9932
6148 7986
5189 6124
7602 7758
1277 4293
9274 9458
1837 8389
6327 7501
1730 6204
8544 9205
4450 6167
1992 7861
9931 9964
4839 8070
626 2976
5782 8307
4991 5218
7724 8614
8906 9653
2255 8063
9376 9847
3796 4175
2891 3747
9491 9860
3993 7044
1838 6508
8247 9729
3049 7070
8277 8283
3648 6102
8931 9940
4202 9967
3645 9246
4742 8155
8386 9897
4714 5715
4308 5366
267 9970
2645 7445
7051 7105
5354 7876
6143 7879
13 7211
3819 4409
7830 9141
5547 9620
2480 5557
6310 7146
1252 4851
4809 5218
39 8485
3223 5509
8222 9842
9097 9282
9124 9963
4880 6272
7718 7939
7307 9597
6312 7651
3846 8195
6580 9500
9635 9916
8573 8849
1717 1964
8013 8998
8907 9772
145 2468
4602 6921
9869 9976
6435 9718
700 4742
1086 1245
2199 2213
2431 2897
7590 8389
9429 9812
4775 8357
1875 7691
5047 7397
5114 6886
5784 9596
5608 9030
6997 9408
8793 8817
3814 8604
7311 7767
7098 7164
2219 5646
7860 8879
3065 3130
7065 7734
4716 5200
8028 8802
8141 8362
6249 7668
1053 8376
6620 7788
5116 8552
1920 5744
2590 2900
9509 9724
5319 7611
6306 6380
904 1549
6398 8688
458 1544
9632 9714
4483 9932
3870 8495
9109 9335
9351 9945
382 5536
8455 9412
6221 8434
4077 6329
7148 8531
3401 7872
9984 9987
4353 8619
4831 9651
6553 9056
2623 9548
9368 9714
1830 6605
9599 9957
1751 7179
265 1422
5703 8355
3697 6121
9620 9994
3896 8232
3074 6079
8884 9935
8947 9297
8950 9367
8733 8984
2382 8059
846 5042
2000 6067
2839 4356
636 2884
1180 4374
4597 7240
433 7417
8120 9685
3026 7395
969 6470
2600 8741
4904 4956
3892 9419
4480 5499
1621 7959
7066 8596
8165 9959
4860 8334
5680 9941
5447 7135
9264 9714
8611 9123
5529 9302
2716 8790
37 6092
1568 8404
5158 6277
267 6891
6101 6602
8347 9627
1084 9662
4503 10000
886 5290
8232 9808
35 8996
2004 9099
2248 7061
2068 2788
6402 8830
9867 9877
1062 2706
3976 8260
6561 7170
5257 8894
827 4583
9083 9602
8621 8820
1367 7643
5230 5299
7107 9959
8643 9666
539 7911
4365 8230
2677 4145
7683 9342
3581 5473
5684 9210
8701 9587
7864 8795
829 3052
1468 4013
3319 7318
2944 7610
9154 9361
617 8995
8877 9882
185 3274
2546 8686
1071 2345
8494 9357
6106 9868
7909 9061
5506 7432
9821 9993
219 270
5607 9089
3645 6098
505 4137
8981 9667
320 4089
7645 9409
1997 2298
8101 9970
2532 4608
4847 6328
3619 5282
9641 9863
9662 9879
6182 8161
4876 5014
3143 9828
6511 7828
2739 6079
9724 9820
649 4964
1582 7804
8183 8369
4022 4851
9304 9768
7557 9266
8782 8904
2493 4254
1287 8253
6344 6574
1628 3740
6590 8221
1177 3616
8592 9386
6405 8949
7445 8192
675 1684
9284 9703
9409 9629
5081 8471
4635 8489
1629 9011
3087 9394
417 5116
8350 9333
1201 1614
3897 7473
4943 5645
701 7214
2649 5687
2159 6085
8680 9838
992 1390
7819 9866
1215 7317
8813 8814
7427 7981
7151 9131
4682 7126
7807 9066
2476 2842
1922 7057
1927 6436
4636 4944
5042 6604
6211 8089
3981 7072
7869 8711
1666 6419
7595 9368
5846 7015
1158 5464
7446 9654
4813 5999
515 3354
5804 5898
2905 3855
605 3683
9215 9642
1494 1496
5460 5994
3629 8980
3651 5574
6658 8891
1696 4846
5883 7338
871 7485
3789 6624
4052 6876
8453 9416
6727 8562
2745 4078
9751 9754
7954 8370
1226 6651
7688 8884
9017 9279
7729 8664
8028 9832
6907 8231
8352 8569
5014 8313
5172 8695
2264 9371
8585 9089
3489 3731
7623 8994
4026 8682
9900 9919
4948 7632
4358 7014
3783 6080
9311 9330
9165 9509
3403 9904
3156 3732
4987 8526
2829 5339
1527 6969
6716 7941
505 5071
7950 7966
7570 7944
8440 8849
6503 9356
8390 8628
2155 5827
3173 3614
7258 7482
3915 5178
7649 8636
7776 8669
3801 8664
2871 7478
8191 9823
7411 7412
6290 6828
5333 8663
8317 8707
1488 4862
7928 8127
4555 9335
1717 8548
9140 9917
1412 6597
390 4835
8451 9932
5980 8693
2114 2242
4127 8557
8346 9255
6931 7532
3154 5355
7167 7826
3041 7768
3329 7248
1801 7066
9243 9962
5634 5982
2609 4345
5734 8964
9739 9862
8091 8330
78 905
988 6379
2471 5044
7464 9427
3897 6639
4739 4962
8356 8583
8826 9028
3300 3532
1223 6740
1039 8677
9433 9911
1763 7372
8885 9932
9627 9997
987 4788
9684 9920
9229 9541
5644 5948
7867 8558
2704 4486
4507 5215
8060 9648
3509 7860
3375 7332
5052 8025
5132 8138
2511 7033
7037 8440
3174 6935
1948 2179
7804 8799
1137 2750
7264 9160
2314 7405
7798 9246
2151 3597
3989 9826
771 9085
9596 9677
2344 2900
5023 8291
9251 9390
4684 9099
2269 5302
570 9937
4967 7054
2552 8706
44 1114
3172 6798
8032 8315
3720 8310
1736 4172
7991 9255
1868 2141
4052 8428
1653 7760
7794 8241
2642 8857
1989 4573
9066 9398
8794 9907
2354 6783
1267 4768
4157 4855
8355 9491
7536 8107
8331 9212
2973 6549
1654 9739
7262 7859
241 9413
6153 7879
3427 7733
1131 3597
3308 9068
9281 10000
1562 2897
3407 4132
8245 8868
9957 9970
1126 6688
7337 9987
3910 5327
3549 5731
548 704
6092 9374
3860 8716
2390 8668
2618 7634
1458 3005
785 4710
6379 9540
2141 2483
511 8086
541 7881
7186 9325
9917 9944
4856 7108
7860 9496
6821 8693
8283 9371
6016 7400
9735 9959
4927 7246
3412 7225
5592 9334
543 7450
8004 8950
8227 9269
6562 9969
4960 6510
2199 8736
1051 8236
7581 8151
9371 9474
5867 8394
6216 9334
3621 8502
5541 6231
3462 3546
4757 4976
8955 9091
6521 8052
607 3681
497 1277
73 1449
7840 8467
972 1117
7348 9394
3519 4326
9621 9761
1717 9190
631 2348
4887 7051
9369 9724
8370 9376
4833 7977
7352 7421
8497 9895
586 9225
8886 9794
7012 7706
7376 9115
4775 7882
1395 9151
4618 7359
1146 6849
3728 7839
8295 8575
4816 9258
1537 9771
8447 9479
4526 6820
8486 8845
3351 3909
8603 8834
6980 8290
9321 9727
5402 6892
7784 8982
3947 5483
8108 8153
294 6133
3104 4013
6435 8823
3582 5024
2423 3524
290 8094
5183 9781
238 3723
8537 9181
5303 6945
5184 9088
590 4360
8614 9363
2032 7609
4774 7813
7165 8717
1967 8584
3791 5871
5719 7711
639 8842
9070 9433
7211 9772
1974 5691
2552 5158
3807 6956
7258 8634
5017 8032
7637 8949
7677 9410
959 2722
7993 9368
1304 1740
1612 6989
9959 9986
910 1544
3975 9376
703 6490
7756 9124
5187 6421
713 751
4887 9199
5177 7864
5787 9334
6346 9716
2387 2851
3006 6545
1711 3301
3676 5766
8043 9524
3040 4663
3370 6706
4617 6683
4531 6603
7598 9339
5538 9040
2883 7197
2012 3446
5201 6686
4621 8624
2500 6489
7446 7849
347 8665
8639 9558
1648 7638
594 2517
6737 7329
1852 8128
2008 7796
7835 7961
9411 9843
4408 7298
6311 8000
102 3425
922 8034
9239 9277
6891 9081
7201 8078
3704 9273
7652 9715
9864 9964
5219 5866
3438 7241
5671 6141
8782 9238
9247 9863
1633 3865
6360 7106
427 5744
7144 9132
3835 6469
279 1841
8329 8845
1182 7170
9204 9695
3795 9935
6492 7098
5110 9366
1413 2764
6288 6645
7120 8424
964 9639
1396 7718
4820 9516
601 4938
9729 9845
1296 3481
2397 3661
8378 9328
8524 8842
1884 1984
2428 5485
4376 4722
9177 9204
4985 9887
68 4344
1286 5992
5324 8707
6956 8795
5807 7216
9929 9951
8168 9367
9616 9643
1263 7184
3396 4113
1835 3269
7594 9220
7951 9292
800 7369
4859 8921
5299 9240
670 5513
27 5792
972 2996
960 5685
4795 5094
9970 9980
1256 9625
4222 8885
4488 9543
9495 9607
9585 9893
7327 7450
4185 8297
1495 9243
2463 7508
1188 4014
6538 6736
9831 9914
8473 8759
6431 8649
7328 8170
761 6867
7175 9669
2291 6705
5583 8016
3576 8370
3668 6423
675 1576
1144 1845
2115 8921
7628 9434
767 3491
2388 6910
6179 6557
9752 9922
6409 7669
1444 9864
912 1780
6170 9220
1036 4846
1266 7984
7246 9418
6838 7704
385 3702
9025 9448
355 4476
539 4106
2480 3233
3779 8759
6895 8474
9547 9744
2662 7084
3735 4890
8322 9453
3740 4458
3497 4638
637 9851
4163 6197
9666 9829
8727 9922
2384 9792
2649 4674
23 8447
4428 7844
6343 7883
8010 8129
3912 6407
2440 3933
9364 9476
4489 8786
3496 7672
5767 8304
4256 6497
2695 8019
3650 4251
2395 4811
2760 6512
813 8885
1865 4587
3143 5461
4782 9120
1396 8645
4009 4410
9884 9984
3638 5124
7350 7371
6135 6614
7895 8021
6303 9913
3783 6916
7856 9783
1790 9386
2767 6194
207 4374
7462 8318
8154 9282
2476 3796
7063 8810
6832 8044
6851 7090
5831 5949
9159 9196
2222 3378
5733 7548
1285 1944
1924 6126
9005 9630
479 861
8979 9652
3921 9097
423 4868
6084 9594
351 6273
4562 7938
8372 9635
7111 9585
3570 9707
1439 9127
8559 8588
5591 5807
8925 9751
2279 6807
7830 9343
4949 5748
7503 7628
7387 8521
4389 6541
2840 6566
898 2451
4279 8146
8744 9603
4805 6516
7778 9835
4574 5112
9486 9694
9201 9430
308 3337
5240 6765
4863 9167
6546 9490
8909 9945
8133 9661
5313 7749
4145 4991
575 7986
9169 9248
876 6462
5496 8729
3589 5112
5127 7627
6441 9309
8241 8506
3984 5364
4752 6855
8110 8209
5901 7537
4575 6277
6325 8356
1209 9156
1984 9727
7914 8840
1744 3700
9794 9983
1510 9207
6330 9222
4145 8161
5866 7896
2384 5610
7642 9812
4752 7574
2133 5069
8050 9536
6687 9452
6573 8738
1945 3398
284 7295
2729 5830
1108 7772
9315 9671
582 9254
1777 3771
143 6988
9034 9366
1227 3883
1830 2466
3979 5699
2360 3312
2284 3687
7146 8449
6050 9673
7296 8145
1566 5361
1245 2016
137 3783
5277 9620
8059 8827
4556 9208
3872 8612
2590 2654
9749 9785
4875 6704
7417 8712
2081 2495
7951 9404
7016 9326
3923 7355
7314 9367
114 8911
7081 7328
4640 7259
171 1131
8660 8885
3152 7086
1004 4026
4910 8611
2954 7797
4762 5758
6770 8630
148 3153
8372 8583
5439 7011
7298 9980
668 1963
2219 8792
1293 4003
1643 2685
6049 9977
7582 9970
296 2020
3314 4404
6567 7061
5677 7808
3123 5952
7752 9287
1428 2780
4548 5076
3056 3179
257 8790
5354 7722
7868 8866
7850 9870
2260 3712
8260 9651
4686 4861
2209 3997
5879 9259
51 3564
7275 9686
5642 6434
1528 2837
9271 9901
8510 9678
2054 9544
8308 9557
1915 5846
7582 9404
5472 8046
7736 9257
5666 8973
1572 9050
2610 5150
1075 2377
6012 7247
3544 5583
368 1330
9633 9686
5115 8438
1159 9288
4841 9287
2473 2709
5480 9129
9655 9816
8247 8768
6238 6909
757 840
8265 8565
7914 8600
6880 8135
5589 9066
6971 8669
2162 3453
1505 4726
609 8733
3006 6916
710 6936
245 6849
2923 4558
622 8150
4498 4786
3572 5557
8894 9086
4018 9463
6887 8050
6202 9562
3363 4032
8745 9143
9776 9844
8720 9810
5100 5426
6221 7069
8071 8298
2457 5604
8770 9021
321 7428
4362 9278
382 8980
294 8854
5466 8524
4405 8898
3907 7723
9146 9369
2173 3130
364 4878
2480 4624
5124 6264
4182 7830
4153 9458
83 2690
5107 7161
9643 9701
2416 8660
7387 8251
662 2026
3897 5535
8111 8169
1617 4271
9297 9345
1542 5196
7526 8765
6383 7173
5151 9505
1260 5836
5275 8511
1334 9397
4627 8235
7703 8104
5338 9166
8418 9309
1017 1943
9642 9644
2555 7003
8984 9911
8284 9025
7019 8031
7879 9882
4555 5499
3230 6456
9245 9265
5946 9574
6282 6368
8458 9378
2680 5461
1224 5465
8716 8727
4960 8088
6272 7986
8961 9651
2232 8620
8377 9350
371 7254
5928 9402
4908 7193
7641 9940
3936 9007
3134 9978
2742 5592
6009 6551
5481 9124
208 3318
7016 8873
6425 6659
3357 4543
5753 8741
9621 9624
4255 9930
3654 6613
1837 8171
4754 5332
1072 1075
6177 8611
9574 9996
11 1007
8927 9259
5024 8157
4601 5557
1570 7199
514 3321
874 1301
8912 9541
8368 9825
9495 9570
3023 6763
4463 5308
9202 9220
2081 5958
9993 9997
5741 7341
2830 9777
5877 9954
1876 5191
6702 9352
5747 6594
4197 5675
6368 6777
7124 7871
5231 6462
3327 9570
5422 9470
9942 9947
1066 9694
8066 9796
8395 9527
7987 9684
5683 7511
896 8598
6372 8429
6830 7374
4892 4913
4695 6635
1081 1603
1365 7141
6862 9475
9144 9367
676 9388
2982 9841
2841 5646
7362 8244
1712 3219
3793 7490
3776 5425
8901 8965
5840 6047
442 2066
5988 9871
1515 5081
4759 8696
7508 8735
5655 9049
8125 9847
6528 9376
314 1762
8572 9637
7338 7571
2628 3416
4091 8105
3827 4873
2740 8836
1923 9010
271 4171
962 4903
2003 9974
9438 9916
9390 9527
9753 9959
7724 9641
7589 8223
7200 9132
2932 6589
949 1127
6894 9113
3717 7079
739 6608
6711 9334
6125 9494
5261 9718
1812 9024
4706 5818
495 5098
625 8521
888 1806
4795 8395
6567 6640
6602 7521
4475 6084
376 8752
1891 5860
3170 4631
2642 6204
320 7988
8508 9578
7306 7691
7423 8216
1201 3469
5169 9019
6631 7122
4271 7185
2014 2075
8925 8997
7892 9389
2366 8357
5298 7344
1667 8631
5701 9904
3310 8742
8635 9651
2572 4130
9173 9214
6019 7710
9321 9843
3064 8179
2588 8126
6694 9454
67 5554
8447 8770
4436 5905
8534 9490
338 6641
4719 7184
1439 3420
9823 9851
3102 9914
8451 9136
5752 7489
4687 8933
4730 5940
722 5689
9501 9550
9972 9980
5059 6937
6300 8822
68 9934
4641 9854
9359 9885
5215 8479
5868 9498
3118 5341
6753 8834
3744 4326
3474 7040
7604 9966
6806 8343
9534 9776
9727 9835
5255 6434
5238 9253
1004 5419
2743 3679
8659 9909
5643 6886
2880 9666
3193 6466
8798 9820
9548 9842
4610 9326
603 8741
5082 8812
2564 6386
7497 9645
4149 4921
33 8748
3452 8926
8214 8814
4242 7508
7160 7541
592 9657
8774 9413
44 8640
3609 4391
6851 6904
3610 7207
9872 9961
6407 6933
8403 9368
5257 7025
6352 8070
9538 9665
2432 7845
8499 9707
9424 9618
4994 5611
4405 4462
4129 4347
6161 9607
8970 9741
6394 8515
7762 8482
8128 8608
8238 8742
321 9159
9271 9276
1063 2528
5215 7876
1294 9725
7621 8452
2945 3984
9368 9788
9466 9472
9187 9510
6901 8680
6511 9399
324 9266
5586 5709
8515 9169
1988 5993
7723 8983
7488 7663
5777 6253
6961 7178
9669 9853
8624 9305
4689 7205
8250 9435
8773 9941
9122 9995
4207 5405
1335 8814
7094 8175
9743 9763
3357 9728
5843 7300
9412 9937
6990 8838
2209 2749
1402 7698
5482 8217
4980 6972
4735 8131
5797 6917
3290 4227
6662 7539
6040 6411
6374 6779
6858 8123
9820 9973
9949 9967
628 3201
5575 8311
3736 9661
5631 8525
6957 7018
7046 8291
4883 9700
9772 9825
3963 4469
744 1873
9170 9389
3321 8115
6660 8340
8490 9276
5289 5759
2841 8836
4857 8005
6018 7342
3654 8127
8341 9039
7661 9725
4947 6541
1066 9763
8013 9613
3189 5969
9135 9212
5968 8045
3569 9098
115 5868
5386 5504
4566 9498
6874 8054
2639 8595
8760 8966
6876 8590
4638 8392
8602 9929
4607 9814
5162 7455
9611 9793
7043 7933
6156 8933
8738 8958
7491 8606
5966 8314
7079 9427
423 7360
3709 6402
6360 6542
4096 5195
8460 9761
1550 1920
7401 8235
8817 9383
776 3957
3394 4051
7190 7952
6127 8642
7121 8445
1274 6327
6841 9115
6553 9412
1092 6929
1073 3615
7402 8627
9273 9367
308 4409
556 1190
279 9915
3274 4027
2814 3234
5716 5854
7803 9109
6960 9144
1492 1509
1139 1835
7862 9547
4048 9362
6448 7337
2755 4984
5694 5930
1420 9195
7583 8119
6419 9490
5971 6599
7615 9984
1227 2534
5024 8738
4289 6864
9635 9949
6274 6455
1921 7162
8678 9363
8375 9007
781 5515
7319 7578
5999 8324
4232 4978
9608 9979
7493 8580
1319 4176
6180 8046
4957 7407
8732 8983
7189 7409
3396 4657
660 3411
579 639
1441 9905
4388 5524
143 1004
4250 7306
5814 8945
723 4844
2648 7872
5060 7544
7948 9707
2110 4613
4557 8040
9819 9902
8388 9733
6188 9558
2805 7991
7245 9442
3372 8797
4701 8567
9493 9584
6548 6809
6357 8281
1853 6743
7444 7774
6046 8122
6727 9544
5712 6402
8683 9829
8587 9158
3546 6011
1337 3874
3725 4311
4913 6960
7980 9586
9573 9605
1414 8281
3677 7912
2017 8721
438 3765
2377 3558
2282 2475
6687 6832
8996 9379
9638 9977
7804 8200
4300 8257
8714 9497
6438 6873
9056 9224
7773 8588
7613 8132
1698 8955
8548 9013
5669 7600
925 8696
2256 6331
7375 7678
7323 9059
235 5747
8984 9662
3472 5274
608 1722
5071 9850
3449 4447
8832 8990
6012 7532
1765 7979
594 8498
1334 6951
2457 8439
2507 3625
8333 9355
2627 6990
6349 9098
1289 9683
2819 8534
8417 8609
355 4905
6914 8670
8748 9576
5512 9400
7692 9511
177 542
4009 8996
4472 7262
4117 8336
7807 8537
8937 9482
1580 9275
697 4977
4599 7905
4941 5330
2516 3054
7140 7757
7338 8660
1566 1712
4109 7506
1436 7859
437 4745
3623 9568
4115 4801
3506 3723
5944 6831
4 4939
1951 2881
2471 4958
7568 9755
9589 9644
2059 3046
6336 8349
8477 9116
6776 7173
6548 9529
8333 9815
5735 8497
9810 9962
2641 4466
3935 4179
6327 7463
7046 10000
2200 7740
716 5392
9591 9862
2027 4605
96 4522
739 2868
5160 6745
4327 8156
2270 3159
3373 4229
9918 9957
9202 9494
7092 9210
3457 7460
5376 8719
7258 7746
1291 8630
4366 9678
4473 5644
7302 7656
6205 7240
5704 7986
4728 8933
7890 8969
9577 9826
3662 6884
7631 9608
4020 7752
5645 9113
3584 4177
9087 9616
8839 9154
8296 8416
2672 3543
3844 5096
3247 4679
8371 9759
5032 9562
9308 9529
9419 9514
5377 6370
1211 5375
7700 8394
1046 6995
3806 5317
7366 8082
1505 5818
9097 9123
6806 9793
4649 4773
8013 9339
4538 5761
1394 8076
6848 6884
5313 7379
7146 9444
663 990
6504 9853
7513 8920
3547 9275
1428 5442
6548 6663
7338 8701
4270 6578
2314 8117
6553 7675
7665 7749
686 5692
7683 8114
2592 4595
4151 5872
7194 9430
6966 7248
5203 9545
2009 4280
5498 7652
1166 5005
6381 7718
8064 9846
3190 4856
1573 2274
5246 7189
7988 8737
4524 8660
7829 8596
6311 8387
8077 9055
8444 8447
8281 9864
7470 7938
9857 9918
333 5155
5644 9905
9277 9875
1533 6550
2280 4833
3527 6645
7379 9734
9187 9396
5048 7713
3897 6036
2478 7180
7084 7098
2125 7882
5491 7152
805 9089
2042 9464
811 2248
8795 9320
8879 9862
6808 7208
3921 6433
2741 9103
8193 9476
8662 8841
7671 9180
8091 8257
8647 8946
4421 4899
2635 8145
1750 9690
6732 9276
4563 8092
8752 9876
3802 7317
3109 6087
8329 9966
5437 8480
9653 9959
2399 2811
7627 7893
5657 8624
8695 8875
6253 6261
8742 9380
8158 9945
4124 9059
8303 9889
9425 9551
8113 9595
3280 5580
3509 5621
9639 9694
46 3999
6328 7210
5447 6505
3245 8170
3805 7806
4498 4804
6986 9783
6813 8690
6885 7551
6437 6590
9708 9968
8588 9374
7060 7750
9629 9953
4883 6693
9629 9799
744 8638
1335 3314
6754 8778
5849 9988
5771 8499
1152 7157
6777 9461
5810 8543
9495 9846
9510 9949
9029 9950
7491 9931
9729 9853
1303 5063
5313 5325
5336 6982
7714 7759
7964 8521
1012 5569
1965 6931
9163 9770
9035 9053
362 2233
4605 8106
6840 8368
481 7234
2607 9561
8894 9787
6465 6848
6935 8907
210 2198
7750 8408
6685 7696
248 6764
9187 9749
6132 8213
9777 9905
406 6499
9391 9633
3393 9024
4468 6707
2670 6917
8553 9026
3939 6277
3294 8041
1053 7146
1643 1693
4214 6151
749 5759
3352 7835
2137 6329
4371 7342
6350 8459
6259 8209
9412 9886
7154 8669
7339 9086
499 6309
1755 5386
5848 8143
5904 6880
2662 3921
3749 6522
3948 9412
8261 8808
9622 9900
7009 9472
7963 8685
2699 5112
8097 8760
1336 2387
7507 7854
6992 9975
9386 9557
9054 9719
5075 7935
5764 7489
7116 9739
8672 9946
8986 9141
3189 7745
3714 7438
3925 7026
3736 8699
809 3636
6671 8374
2464 9774
1240 9754
5064 5307
4505 5578
262 2307
408 1505
6439 8900
3164 5129
4845 6973
6228 6350
9127 9290
8609 9048
7901 8503
8900 9537
7634 7640
885 7141
1032 8982
7994 8777
7810 9018
2171 8093
9667 9899
2150 4846
930 4910
1699 4107
7174 9357
9037 9230
2426 3080
2097 3686
2511 3099
9128 9777
1183 8533
5338 7921
8253 9472
2731 3310
7280 9185
3696 6311
6704 7462
7419 7849
8821 9178
5439 5566
8852 9635
8582 9997
4463 5970
6537 7379
7721 9524
4119 6165
7827 8521
4275 8964
4000 8503
2177 3135
8952 9527
7388 7541
4126 7165
8374 9226
8161 9602
5635 7271
7698 9006
2113 7596
9524 9532
8403 9194
6249 6926
2970 8147
3293 3498
3807 8022
1446 7457
6259 8377
8891 9583
1945 9698
5211 5999
6198 7438
5489 6643
663 7352
2510 8540
7325 9617
9483 9871
2957 5747
4618 4796
7348 7880
7434 9275
9951 9968
2235 9334
2178 4785
9600 9905
1237 1609
958 5718
25 319
2870 4785
9004 9919
8825 9269
6385 8571
2934 8400
854 4930
308 4943
4587 6696
9479 9699
7427 9714
3834 4189
3602 8812
3336 5573
8182 8680
6344 7226
3686 6235
440 3796
4678 6038
1806 4816
6723 8612
3750 6334
2620 7762
7742 8110
7884 9395
2728 9398
3410 8467
6597 9908
5920 7325
1823 7055
1414 3525
212 9874
4082 4520
8695 8711
3544 4693
1413 9586
7019 7656
9313 9598
1403 9276
2806 5377
302 2351
8624 9291
1976 8355
6674 9559
9680 9768
6635 8966
4167 5924
4016 8894
5151 8328
4645 6928
8646 9918
2798 5404
8042 9508
2640 3656
821 6060
9400 9934
3733 5895
1897 6259
5998 6844
7879 8658
4322 8508
197 7374
4496 7378
8971 9225
7471 7521
9711 9872
7175 9024
6502 7642
8031 8593
8365 8608
3870 7654
222 6723
754 3489
1701 7504
2091 7610
5976 7760
4226 7598
5758 7838
7598 9514
6464 7242
7441 9679
8598 8620
4624 8072
7133 9858
4609 6609
7487 9341
8654 9339
3501 9364
2748 8358
2610 3117
5769 8454
4541 7970
4877 5645
9980 9989
7003 9121
3816 6029
4353 6302
9091 9477
959 2575
573 5886
1166 3423
7437 8101
876 6788
8999 9360
1674 4632
9177 9738
8715 9479
6063 7624
6764 9392
2509 5025
5604 7367
7472 9791
4048 9206
647 4900
3899 8791
4557 8239
2477 7472
5725 9645
6412 6686
8733 8948
7902 7951
4244 4416
6571 8349
7705 9306
6202 6337
1769 6641
142 8507
6152 7597
8985 9133
9608 9916
2584 6687
8835 9442
267 3533
553 7599
9810 9886
1106 6422
2022 7949
7378 8697
1095 5239
2619 9898
8186 9639
4823 7391
8158 8881
1750 9492
6769 8281
3689 4796
8126 8199
1928 3067
2486 7142
7454 8184
6463 8693
4816 8806
278 1547
831 6995
1191 4497
230 5745
5996 7048
5557 8501
1846 2358
8179 9412
1913 6173
5544 6877
8527 8666
1461 8866
4249 7448
4876 9050
6705 6913
1238 7603
8272 9569
7159 7796
439 3918
3962 6156
4202 6795
2149 6699
9892 9959
5164 8658
6847 7936
109 2930
6201 7426
5573 7828
90 3734
4644 9417
2669 4963
4858 6726
6913 9318
7304 8310
7510 8241
1026 1209
1178 1672
7885 9689
8524 9027
9524 9676
6565 9213
1844 3465
8898 9458
4948 9044
4342 9376
6937 7719
258 4621
2836 7955
993 4834
4475 6276
633 1382
1180 3124
7802 7831
8593 9835
155 7100
1748 4174
6838 8521
3961 5219
6785 7354
9037 9501
2286 8488
8935 9405
9517 9827
5354 9357
8543 9253
6368 9565
624 5643
2895 6849
4235 5523
4327 8482
4793 6763
2373 9769
3094 8867
3455 5545
216 1590
7931 8576
5353 6739
7228 8532
6946 7574
2009 5104
6153 7168
9996 10000
2150 4333
1486 7718
2699 5604
2948 3700
5846 8585
8888 9621
9932 9980
5018 7560
7572 7715
5972 7284
3571 5828
8102 8545
6683 8676
3666 4432
3244 5102
435 9648
1534 2694
3111 3551
5080 9780
3081 3475
9397 9531
5916 6267
828 9349
1019 6434
6549 9242
5679 6930
5405 9793
1352 1785
5812 6281
1293 6747
7468 9963
3784 6156
8654 8708
6153 6379
3637 5739
5164 9078
1564 2760
5955 9885
7753 9982
883 6052
4472 6550
4472 7573
2702 3592
8430 9323
1648 7231
3469 9007
5258 9545
5460 6805
7596 8970
662 6667
311 3014
7345 7370
4224 9043
8852 9552
9249 9393
897 5518
360 9373
9761 9940
7785 9075
9645 9758
5363 6859
2180 3215
3226 7838
6629 8688
9771 9814
4148 4989
3599 8451
6955 7539
3909 9957
6843 8210
2575 6478
3509 6871
6749 7894
7252 9662
1479 2663
7069 9155
8166 9345
3820 9619
3469 3517
419 8667
7434 9727
8593 9959
1173 4587
6356 7850
5197 9236
2762 9276
4693 8263
6097 9061
4758 5581
1302 1487
8938 9750
6757 8001
3940 9105
6480 6781
1360 1641
2627 7108
9870 9942
8336 9749
1477 9608
3862 7685
5045 5850
5629 9179
9213 9239
2593 4226
4213 4419
5494 6740
3057 8811
385 3102
6218 6896
7177 8734
1015 9650
8 8972
5069 6328
2191 6153
1300 5596
3056 3087
8618 9350
3370 5087
9721 9760
9559 9708
6449 8469
6002 7416
9395 9871
5016 5041
6484 6491
5128 7746
8748 9432
9758 9906
8670 9979
5601 5806
6640 7270
4932 6227
9413 9773
5028 8013
6082 7024
6877 7881
4077 9582
3470 3602
3944 7553
9781 9985
352 4587
9039 9896
3 1580
3016 9294
6311 6459
1633 3383
343 8023
1350 5124
573 2419
6293 7249
7210 8534
5086 8671
1046 4663
3932 7445
9818 9837
9160 9936
3538 4885
9564 9807
6129 9479
6787 9178
4492 9569
7961 9700
8826 9520
1830 8714
868 1905
3485 6907
9198 9811
6414 9380
483 4016
9057 9117
144 7039
7829 8985
7459 7789
3708 9782
8796 9797
9433 9526
5275 6008
4127 8603
6987 6995
3024 4763
567 2938
1049 4170
9356 9501
9713 9953
773 1780
1167 5930
5179 9790
7552 8336
5994 7868
8493 8769
2662 9752
3053 4828
9354 9546
174 5555
4019 9994
3247 9151
1562 2000
771 1515
5922 7605
1399 9210
7499 8745
5643 7326
6299 8812
9979 9995
3338 7311
8938 9501
4274 7744
9696 9702
963 7162
9534 9789
3660 4076
9202 9260
38 885
4085 8483
9434 9860
3799 5833
2004 8754
4641 8178
9044 9216
9379 9440
5298 8694
4721 8940
6980 8387
9721 9935
2275 3675
993 2759
4896 8452
2241 3534
2836 7514
1847 6704
2571 9661
8425 9217
4537 8952
5843 8981
2366 8569
7167 7980
4585 7288
3453 5699
8292 9447
405 8861
4929 6179
1627 3865
3672 8626
9266 9911
1769 4504
8072 9142
8410 8504
3599 8431
4524 9374
8118 8624
266 5939
8072 9559
5036 9074
8959 9712
6266 7398
6077 9807
8168 9512
2526 6151
5189 9501
4877 6156
404 977
7269 9743
9843 9884
2213 4090
7943 8081
2771 9203
4398 5896
8122 8784
6843 7606
6094 9178
9935 9949
3659 6315
3913 7743
105 3055
1355 2347
5253 7661
4318 8416
8270 8315
6259 6492
8160 8170
5343 8674
7468 9540
2202 2766
8680 8867
5415 8339
1505 3756
6256 9423
1080 1560
5446 5675
9775 9859
2230 5499
802 4999
3540 6639
2780 9082
7872 9666
863 8991
902 1269
4391 5868
7326 7561
1439 1921
1155 4778
9267 9731
813 9915
6250 8197
7505 7974
6037 7834
6096 8404
5949 5979
6548 9716
9615 9981
4584 7361
6457 6800
6108 7096
2189 3925
8463 8959
7193 9249
5865 7594
7768 8325
6131 7636
5767 6725
6357 7897
3332 9687
1273 2432
5720 8108
9246 9785
767 4898
629 8505
7757 9911
9123 9940
6403 7781
1386 3989
5548 8789
7309 8747
3027 8801
804 2629
9193 9684
1358 9014
9586 9870
4476 9545
5671 9037
4362 8914
5370 7997
6200 8857
1809 5103
3830 7478
347 3878
3296 5827
2957 4805
3026 8148
8989 9325
4674 5870
7791 7866
1301 1395
5084 8221
3062 7648
4473 4814
5356 7158
2084 5329
7403 9578
1264 9569
7932 7972
57 163
573 3209
6549 9742
5749 8027
6879 8482
8402 9278
8034 8529
9499 9923
642 2793
3501 4452
6281 7966
5329 5962
3345 7192
924 8774
7790 8883
8210 9412
8449 9080
1476 6607
9472 9713
414 2335
8851 9151
8325 9522
3761 9217
4976 5245
2567 3528
5411 6231
3012 7125
9581 9786
9436 9844
1312 8583
5250 6909
8223 8355
8945 9702
7988 8429
5115 9596
589 7257
3066 7738
9209 9562
9457 9655
4300 6334
9964 9965
3641 8358
5043 6579
7784 8518
970 5133
3650 6119
3820 6509
3119 8320
4994 5124
8112 9796
9313 9481
3755 5803
6256 7731
5712 7983
2509 3140
1474 3347
6696 7313
6610 8013
396 8453
7802 9906
6089 6684
3286 8331
9541 9972
7405 8287
745 4493
9109 9286
2222 2418
9548 9915
3916 5410
6171 6844
1690 5245
4151 4237
5321 5351
9201 9493
1395 8880
1866 8441
7329 8236
1520 5328
1790 3470
8216 8328
1793 6727
5449 9821
3823 6203
3323 4369
4286 7602
2864 4756
2834 3685
2975 3287
755 5664
4783 6129
7818 8713
1826 4235
7018 8527
5716 5725
5409 9008
4117 5218
7257 7412
2981 9482
403 3432
6850 9588
772 8565
7189 9548
9305 9888
7022 8091
6341 7084
6966 8379
9861 9947
9249 9649
383 6340
2723 3118
6006 8423
3755 5780
2332 6964
6280 8357
3110 5033
4404 8695
4085 6889
8063 8186
915 9697
9790 9808
8948 9451
2049 3438
5456 9604
3491 3985
5658 6468
9892 9906
4346 8889
5406 6710
3006 3220
3148 6740
3703 8997
4727 6668
1722 3916
5373 9902
1397 9521
9248 9334
8729 9451
7761 7824
501 5261
1126 8864
9134 9376
7756 8057
8783 9523
2991 5502
2668 3865
3188 7585
7858 8142
1648 4050
6708 8528
6882 6887
9645 9792
1776 2168
2788 4667
5258 7073
6643 9701
9921 9973
2576 5674
2267 6030
5656 8908
766 3773
9084 9574
7191 9195
9679 9819
4858 8743
996 5660
3767 5336
4657 5258
4913 9612
2746 5186
3582 6872
3080 4172
488 6334
5588 6079
9043 9714
1707 3756
215 9156
1742 7532
7082 7420
5170 7641
6673 8562
7323 8226
5685 6078
9863 9909
7536 8763
6953 9468
7440 9954
4147 5412
9143 9854
2046 9946
9645 9948
9879 9899
9353 9364
9601 9904
2618 7289
8629 9552
3404 6509
3954 7043
9406 9821
3314 6941
9578 9882
8405 9764
5029 6294
1625 8492
7478 9391
4130 7873
5829 7011
6633 9167
9789 9905
4327 7734
2671 3387
439 1700
2756 9437
6147 9640
4728 7253
2806 6520
6606 8265
9209 9553
3917 4252
9123 9698
7701 9762
2310 3289
6837 7519
8099 9349
3350 9200
7735 8466
6699 9788
6121 6162
2301 4289
1859 8612
4557 6125
6411 9670
7543 9637
1847 9015
2173 5929
3201 5130
5578 8601
6805 9280
125 7596
9613 9706
2577 3988
6130 6235
6997 8357
4306 9939
1314 2120
8248 8961
9573 9736
9570 9644
8615 8914
5711 8067
4552 5175
3687 6796
9275 9975
3927 9665
4780 5169
3152 8753
1703 7216
818 2147
1687 9980
1691 3132
6523 7709
9866 9927
9037 9799
5523 6842
5973 8079
7095 7418
5952 6444
7574 8992
8249 9033
492 7910
191 7730
4838 9785
5902 9192
516 8858
7596 9609
2540 7798
639 947
3422 9959
2493 9055
2508 7828
2767 9584
6795 7055
9626 9770
7191 7430
8781 9203
5491 6676
7643 9654
8216 8946
9613 9712
5905 6567
5858 7347
1068 9923
1657 4577
2593 6774
6953 8034
6755 9115
7711 9232
3404 7961
8650 9975
7125 9989
5404 5549
8494 8622
6189 7751
2372 6952
365 9920
4382 6361
3384 8949
7764 9219
552 1716
677 1732
9552 9810
8512 8696
7374 9586
2251 9952
1700 3581
2587 5989
8142 8262
1003 9813
3454 5131
3344 3605
8415 9864
5034 9953
5755 6687
3405 4574
7461 7729
999 7781
6619 7016
8714 9848
7051 7256
846 5335
6019 9458
6286 8643
7643 9453
4386 7069
9601 9635
7724 8664
5595 6637
147 9657
8052 8591
6092 9254
3669 5813
6518 9194
6957 8056
9882 9980
8937 9087
7321 8452
5786 7226
620 6316
1132 8260
8347 9396
9357 9705
7253 9411
9231 9724
1634 6254
456 9430
8521 9834
7279 9071
7972 8694
2888 8729
9829 9952
136 4312
2358 5946
2704 5361
7187 8189
9318 9926
7055 7665
6755 7660
856 3039
7730 9228
8073 9208
4764 9185
6190 7279
2802 9973
8062 9577
5403 7082
999 4201
6934 7450
1499 1891
9466 9731
9850 9875
5171 6323
1300 8374
435 9168
2136 8938
9566 9679
2872 3584
5680 8511
5097 9367
2866 3974
2814 8040
4212 8017
1130 1669
7572 9283
3905 8581
4602 5364
6537 9437
1644 8064
757 9927
5274 9455
5606 7819
9621 9945
227 1367
6623 7764
6655 8848
3539 8407
7112 9402
4613 7250
230 4978
6424 8601
6331 6552
9542 9566
6028 9647
7637 7728
8947 8962
4227 8755
1215 5361
7304 8356
3629 5418
266 6646
2822 7451
7105 8616
9046 9527
1124 1604
3144 6431
4812 6794
3282 9219
7254 7492
2166 2219
6295 8785
7871 8997
4803 4917
2533 6054
4503 5154
8587 9916
3820 4749
5522 6373
3626 7986
175 3829
1452 4116
3126 5684
5672 8776
5145 5336
1474 9569
892 8119
7187 7355
6329 7444
5845 9731
1804 6605
4421 8152
9006 9860
7396 8203
655 6140
7853 9407
7539 9591
5378 6813
929 2652
7405 9090
3780 5540
80 865
3156 5571
7157 9529
9773 9886
6027 9203
1419 2501
2173 3957
9579 9675
7381 7506
4409 8477
2572 4566
4971 8946
3031 7884
5535 6622
6864 7696
7736 9655
9486 9588
2993 8567
6812 8686
3879 7587
3667 7807
7652 9928
9943 9994
3614 8611
7223 9164
8097 8279
759 5545
417 3585
8653 9437
9427 9714
183 3432
3908 7939
7815 8361
7911 9475
4590 5742
2075 3081
7632 9709
4649 5587
814 8228
8668 9994
2101 3289
5373 5445
4629 7163
700 7420
8342 8581
8693 9227
7657 7703
1848 5623
3361 6639
240 4726
4196 6838
9379 9667
6878 9545
1478 9854
6595 8370
7663 7748
70 4910
5862 9274
9344 9750
3029 7356
3015 8411
9441 9918
1492 4540
8436 8537
9604 9859
8120 9784
3344 6104
6776 8023
8388 9875
3214 4537
1945 4838
4113 8047
9766 9980
739 2196
6939 8375
4314 9419
9589 9944
1611 1629
7347 8153
8770 9526
4533 5873
9112 9688
9087 9525
6589 6689
9498 9939
3865 9666
5151 9987
4091 5286
5932 6960
8119 8933
1928 6721
6735 6755
6368 8957
8121 9417
5861 8650
9925 9930
9309 9962
820 5160
1262 6993
2534 4267
6050 6416
8512 9361
749 6560
7851 8244
2542 4385
3572 7166
4041 4862
9167 9662
439 4262
643 5386
4090 8008
5664 7119
1875 9133
1782 7434
4357 9428
4902 5145
4719 6055
7733 9703
4160 6443
365 7263
6133 9696
4424 7583
7834 8237
2024 8567
7070 8693
4854 7498
646 3903
1537 1595
5948 8589
1794 2369
9937 9962
3732 4773
6440 9086
2237 8813
8782 9758
7652 9842
1771 5922
9003 9071
2674 7335
8060 9906
1270 4041
1906 9470
9077 9224
9053 9066
478 6610
751 9011
3547 3728
2655 8521
7601 8556
1124 6700
4813 6889
4462 7456
6978 8789
7110 7120
7 4780
3618 9731
3682 7574
2502 3197
1688 2527
8554 9589
387 6225
9605 9940
7595 8951
506 6262
3588 7395
5566 5932
2580 6233
6134 8666
7774 9310
2064 5022
9560 9747
7664 9658
5949 6199
323 8972
6873 7466
7457 9258
4971 8593
1279 6040
1540 2838
9516 10000
8758 9442
1507 8022
513 4990
320 5322
1869 6308
9897 9946
6939 9804
9845 9917
7135 9761
9405 9745
7885 9793
8383 9229
2757 5825
2873 3091
5709 6453
9518 9919
101 1947
8444 9986
4291 9923
3928 6670
5456 6927
8038 8429
5328 7437
5255 7481
7334 7569
9488 9618
412 8936
5065 7991
8481 9627
7663 7710
8935 9650
7178 9790
4552 9177
2758 3636
4844 5467
4030 9163
5369 7935
1381 5721
4130 5001
6748 9358
1933 4083
5012 7996
7104 7583
4703 8112
9812 9968
3563 9280
4771 5064
6055 9278
4464 6059
979 8144
4369 8507
8924 9175
7386 8255
6625 9089
7861 8292
9240 9465
4851 5632
417 7119
5406 5687
2586 2743
3551 7820
1781 6323
3487 6659
7629 7948
2109 7744
1082 9013
553 4617
3255 9443
4858 7881
8558 9838
2373 5351
4802 8590
3000 6207
5257 6871
4294 6134
8529 8690
1148 3515
4571 9532
5626 5824
5703 6378
717 8201
3682 5551
2403 6958
9850 9972
9910 9999
6796 7170
5950 7500
9355 9908
1768 7276
3660 6757
1811 7965
6538 8543
7164 7617
4202 9251
1362 5445
5544 6540
9912 9958
1905 2247
917 1945
5366 8913
9487 9520
8079 9181
6078 7988
415 8439
2139 6386
6826 7224
4114 5292
6271 8783
7568 9486
4002 6847
4134 6137
352 1486
2183 3040
1499 3424
6548 6709
4074 9040
384 8631
4941 5249
1760 5142
1340 2972
2191 9845
5465 7116
6211 9430
437 790
5759 6673
2026 2443
7565 8179
3435 8158
5026 9685
1087 6897
3188 6092
4025 4753
2872 2965
6521 7615
40 7793
1177 8996
9459 9983
6475 6721
5247 7089
8819 8821
504 771
9878 9965
14 1986
2439 6223
39 9495
818 1395
3183 7957
8434 8890
5798 8340
6735 6954
9252 9474
8478 8793
4744 7676
8602 9015
8586 8700
9639 9947
2608 2671
9374 9532
8883 9390
4766 7502
8610 9070
5821 9206
8445 9188
2561 4598
1539 9792
8311 9618
2330 9133
2073 3528
5058 9837
8831 9306
9525 9753
6707 8239
7854 9251
9805 9909
8642 8753
9610 9835
4844 6266
8788 9067
2154 4641
1254 1359
9879 9951
3160 8902
2176 9447
408 6243
7451 9136
8300 8761
7308 7878
3408 5044
1481 7912
4375 9073
2163 3822
145 397
769 5521
9334 9818
2936 7635
4595 9620
8399 9984
6298 9355
2960 8551
4544 7846
3862 7253
2310 5371
4455 7109
3211 6628
2871 9253
277 9192
6637 8406
3409 7467
7096 7740
3292 5029
5387 7451
8728 9222
3210 7211
1134 5489
5791 5895
8656 8995
9906 9935
966 9719
5680 9658
5931 7009
1923 7488
6828 8098
9933 9959
1529 7877
5671 6331
8200 9927
6293 8624
6571 7210
3418 9510
6283 9102
1572 3828
3120 5637
3070 3127
8524 9362
1183 2252
8517 9723
824 5964
5964 8527
8240 9260
7950 9693
1226 1950
1702 2317
5988 9130
8080 9829
7740 8516
1844 5263
1613 5730
3540 8334
7125 8673
4608 7811
7948 8122
5129 5614
8287 8810
6919 8429
7333 8366
4629 6546
2070 6971
8419 8866
640 5572
9236 9519
3541 6239
9734 9850
86 9544
8105 9912
4759 9598
9178 9415
1536 3038
7377 7615
5113 9560
2791 4744
1277 9938
4873 6916
1490 4328
9441 9816
2884 5709
3051 4866
5883 9732
2860 4584
3982 9719
9588 9846
4207 9945
1209 9251
7222 7445
6463 6894
7616 9402
7987 8485
1529 4499
8428 9388
1610 6894
5182 5574
2177 5403
5232 6021
6165 8788
1601 3529
1025 6754
6482 9847
6714 9068
6041 7744
7191 8026
9239 9598
9599 9777
4388 5270
7867 9653
6853 8645
4195 4450
1998 6326
8942 9157
5536 6560
2865 8059
1820 9210
2096 7303
5550 9344
5347 7476
2774 5518
7210 8136
3412 8673
2890 7711
141 4208
5838 6517
2484 4622
3263 8796
6178 9538
9574 9847
1660 5986
194 409
7172 8900
9657 9728
5547 8475
39 4988
931 9561
7894 8366
5732 7754
7071 9455
7415 7418
9888 9891
8612 9788
3761 4217
9829 9872
9302 9743
546 4534
1291 3605
1545 8607
7453 7918
7757 9124
2304 7694
2038 7302
3793 8305
8128 9711
8365 8435
3453 8834
7091 9730
8540 8657
5446 5656
2263 2604
9371 9759
6668 8448
3808 7075
9218 9677
8580 9979
3656 4673
9926 9997
9410 9894
4745 6021
6259 7079
2434 9427
3657 6587
9005 9441
3541 5043
5563 7183
4160 7355
3519 6702
786 8965
237 9581
9172 9674
8319 8347
1152 4492
9520 9937
2427 8208
7364 9516
7435 8082
7932 9921
4071 7339
6475 8526
107 7616
8775 9456
9615 9673
7049 9145
640 8182
1281 5567
6689 7335
1213 5790
5109 7254
3339 7589
7600 8207
2412 7061
1966 9288
8078 9027
1343 1691
8064 9536
4847 8799
8972 9123
525 5143
3938 4029
6536 7663
8821 8850
7679 7832
1803 2841
6687 8723
179 1732
2133 3122
737 5843
5269 8453
223 9162
6556 7784
3753 9240
8073 8623
8789 9053
6269 6793
8585 9719
8558 9680
4462 5379
9960 9970
6686 9150
6571 9048
2287 3218
5791 8861
6767 8236
3572 5958
3401 4733
216 1253
2335 4735
1584 9384
6583 7785
1112 9068
2044 8890
252 5228
9985 9986
5889 8393
9465 9570
4101 8159
2156 4091
1944 6762
437 971
8352 8542
4943 6985
5997 6598
2150 7648
5203 8953
5195 6287
7992 9644
4410 9448
6701 7695
9939 9978
1596 6357
2287 8814
34 7408
7654 8397
7346 8032
1543 9006
213 3656
7035 7555
9449 9933
4977 6909
9566 9946
8158 8561
1800 9227
7597 8263
7205 8803
7837 9243
1301 3311
4203 9148
5828 5832
7027 9363
6991 9279
9544 9628
8134 8205
1797 7977
5922 8232
7836 8745
8666 9420
4506 5879
459 3915
1037 4318
3932 8242
1231 3518
3380 6762
5366 6130
8347 9256
3409 7221
3480 4476
8854 9573
3384 8186
2642 3045
2016 4261
1963 2552
4614 6393
4588 7920
9629 9811
4325 9452
6088 8173
4870 7529
1207 6992
6389 6544
4697 6875
5247 8953
2245 8548
7472 9931
9220 9439
9119 9967
207 3196
2143 9699
7516 8608
9561 9790
4243 7318
1167 4013
8132 9540
7879 9069
9703 9892
8976 9737
2416 5364
6743 9554
2714 3936
5358 6016
8778 9810
7203 9810
8280 8900
8702 9609
8636 9312
3877 8479
8194 8956
9815 9963
2639 6064
6794 7181
7558 9067
3875 4520
373 3996
6960 7945
9430 9857
4288 9650
2197 6321
157 8533
5993 9178
5861 9273
7187 7377
1251 4874
1864 6884
8329 9034
9738 9907
9600 9897
193 1098
512 9775
1595 4069
2504 4788
8761 9428
8641 8674
9559 9573
8771 9101
3549 8159
7897 8236
2219 8760
4283 5984
7121 7455
4713 7674
9569 9719
5026 8198
8453 8591
1079 9719
6432 8225
3131 8759
7317 8766
9632 9688
2027 4553
7921 9091
5963 7210
5388 8013
2037 3773
7092 9695
4048 7746
6327 6558
7976 8501
1490 2407
1583 3967
3815 8747
2850 8036
9438 9711
6059 9384
8178 8204
2700 4707
2573 9489
4354 9717
1746 7437
118 1683
8458 8856
7985 9047
8150 8499
3949 7027
8324 9725
3196 3241
5562 7280
9062 9159
1527 1728
7411 8936
1785 6562
9197 9785
5148 9476
8691 9496
1781 2550
83 7502
8024 9764
2669 7789
1546 3123
1972 2651
5376 7524
3390 7809
953 4510
5910 8251
82 5244
18 2363
6563 9788
2906 8234
541 4602
8997 9220
9641 9809
9312 9427
9750 9791
6689 8501
9658 9692
3347 7078
660 8149
7442 7779
1183 2092
7738 9801
5731 8344
5432 8996
3856 6936
8272 9744
3150 8127
2754 3152
9641 9654
304 9251
4888 6369
1042 6356
8360 9952
8747 9305
1978 3658
4178 9852
5448 7871
4450 8533
938 8316
5617 9269
2522 3506
6395 7615
7290 9148
4859 5765
6425 7921
7166 7473
54 4813
5495 8198
599 2734
7927 9613
9228 9526
4811 6636
5384 6815
5713 7735
9774 9942
6157 8759
5599 9992
860 9514
5372 8351
68 4743
6267 9198
6451 7342
9486 9636
7312 7740
9649 9947
1061 9690
8190 9829
9177 9600
3782 7765
4864 6416
7874 8783
302 3203
9300 9314
4874 8307
2909 9236
2477 7753
8338 8493
2066 3000
2370 6432
4153 8384
8754 9704
689 1642
2507 6057
6500 9470
938 8712
7908 9821
4729 7828
4586 9499
2118 2569
1488 3089
1577 9105
6553 8206
4055 9866
3735 6518
4580 6814
4597 8967
7974 8007
5541 9112
9284 9582
3990 5289
2070 6849
4349 5853
757 7991
8851 9554
1761 5713
3802 7629
3017 6944
530 1716
4771 8531
1365 6841
4181 4456
5148 9352
2639 8672
5821 7663
1547 7061
1290 9584
8678 8750
9565 9814
5817 9446
1458 5251
7572 7731
1502 7264
415 4759
6738 9579
5233 7965
8347 9161
4038 6342
9316 9421
6180 8879
363 4247
4099 8037
8731 9576
3540 4916
6446 9185
6514 8856
5011 7190
4722 6215
2530 3272
4926 7038
5760 9325
2629 3916
9643 9896
4463 6921
8307 8554
8427 9299
8017 9722
3382 5464
1648 9299
8897 9961
6287 8461
8791 8853
3511 7831
3433 5083
2899 3418
1958 7182
1433 9672
9825 9926
1392 4284
8911 9945
1207 2788
52 1474
5689 7466
6482 8085
5379 9385
1105 6070
7655 9427
6512 6839
5036 6162
6511 8885
8911 9301
6868 7673
8483 9693
3048 7129
2126 3797
2445 4390
3280 8917
2831 5500
9013 9619
5375 6150
6743 8625
4999 6316
8029 9961
1394 9438
3424 4992
9632 9770
8452 9707
8847 9691
9801 9952
6421 7742
4014 8650
9355 9593
9190 9679
9146 9981
539 9596
8080 9471
3359 4599
8425 9519
1154 8001
6495 8425
4113 5904
1011 2050
8487 9088
629 7449
7455 8236
4379 5733
7425 9117
5155 8459
2686 5232
5139 6145
2403 5699
286 3355
3375 9347
877 2914
1783 5147
387 4106
3537 4140
149 5537
6626 9149
4040 7005
9684 9814
5378 6062
1112 7239
5265 7525
457 9125
2065 8476
7687 8521
7405 9420
2472 9732
9428 9467
3699 4723
1260 4833
5762 9418
3217 3624
3088 3587
3089 4755
9668 9820
447 9020
2129 4802
4258 8384
1239 7875
3535 3753
7390 9813
3077 6460
563 6446
2510 5142
8128 8841
7657 7818
6613 8692
1569 5384
6278 7195
1139 6476
8551 9306
3998 8024
6933 9364
4429 9038
2995 4504
2225 6657
348 6818
8042 8379
3445 7445
1382 5303
458 4124
4097 6617
2262 8248
9709 9876
1348 2467
9064 9123
8330 8374
1771 2036
1758 5966
7107 7358
4144 9516
5754 9003
7567 8404
6466 6660
5463 8571
397 9820
9835 9862
7496 9278
8818 9919
1065 8443
1065 7972
9212 9360
6505 6973
2325 4247
2266 3103
9778 9928
9698 9826
7202 7847
551 8259
5754 6611
7462 8255
9096 9166
9313 9750
7931 8116
8064 8608
7310 9812
2849 7989
8527 9655
4030 8332
5883 9981
792 8186
5251 6807
460 2200
938 9097
7433 9775
2278 3710
6250 6988
7939 9327
7897 9954
6748 8562
3680 8601
8411 9357
365 5053
6968 7283
2988 9173
1755 4747
1097 9178
6138 8247
7979 9374
2900 9443
6632 9507
1184 3467
7862 9673
7767 8039
537 3505
7838 8146
7124 8805
3099 8752
8471 9146
8879 9662
4765 9361
8863 9326
4921 6373
2244 8278
81 289
2496 3581
549 5607
4140 4426
4533 6180
4134 4458
7280 7956
5565 6387
395 5745
6994 8790
840 4289
7356 9625
3024 9247
6872 7574
9900 9955
9061 9577
2411 5291
2446 3080
1896 6764
9355 9618
7106 7545
9218 9902
8776 9684
5974 8339
3052 6902
6019 8682
1534 6300
8599 9425
4422 7095
2672 3650
2701 6405
4863 8758
382 1639
8398 9428
4035 8890
9606 9702
8296 8335
748 1025
2072 2813
7414 7618
4743 6191
4246 8769
7693 9887
7246 7523
2894 4085
3435 4085
8955 9343
8582 9234
310 8679
2292 3732
2317 9348
3837 9691
1954 4543
6420 8887
7582 9834
6675 8018
9190 9523
4634 8947
9288 9408
5055 8418
1745 8295
6168 8623
4924 4939
4123 9275
701 1905
2780 5733
3425 3897
7730 8819
8834 9743
6860 7938
3867 4276
4391 5427
8393 9540
6860 8876
8137 9459
6217 7284
9834 9912
2855 5792
8611 9073
5097 6158
544 9918
7325 8908
2740 2862
9564 9661
2293 8356
5108 6652
1928 8690
6813 8785
5683 9831
5962 6477
5964 9275
3470 5929
1931 3276
5292 9319
6360 9138
2813 4637
1374 2240
878 3730
4736 8394
3142 4348
2410 3871
4789 5004
9006 9895
8575 9895
7924 9144
4970 9700
9164 9492
9384 9607
2118 5405
7937 9480
8213 9631
3669 4540
1054 2242
3699 4477
1523 1623
8756 9329
6486 7750
8885 9263
7983 8746
2346 6228
5003 5903
8742 9230
2021 6224
6405 8980
3658 8818
8605 9459
5575 6737
8582 9056
619 2867
4051 9689
308 1496
9721 9920
529 8500
8420 9714
7235 7394
6893 8197
8187 8619
4726 4818
437 2674
9757 9800
7491 9322
1027 6102
8306 9955
5983 8379
4278 8758
4716 9245
4945 6395
8531 9999
6569 9437
1071 7508
4301 6534
5297 7376
8255 8659
7306 7653
940 8051
3017 9402
2835 8315
7357 7370
7305 9175
6275 7775
9247 9780
12 3275
9689 9915
9598 9606
4370 8346
3543 5347
7471 8166
1701 2208
2274 6737
958 7030
7902 9184
2345 3561
796 8042
9076 9291
8716 8800
901 7928
7947 8332
7823 9751
8066 8536
9148 9577
5884 7954
3933 5044
56 7232
6886 7453
9765 9820
4470 7984
4884 5394
6233 6515
1545 8605
5830 7485
6500 9093
8976 9811
3680 7785
9322 9851
9582 9997
2475 4495
1254 6042
4299 8472
950 6484
7449 8368
1706 8788
6065 9421
7988 8975
5180 7033
8681 9710
4828 6727
3199 5047
1398 5087
8494 9616
5877 8045
2925 8644
6701 6798
1233 2500
8926 9597
1531 8489
2260 5462
4005 9014
5323 7535
6811 7451
4959 6111
1606 7172
668 4879
8354 9373
7055 7838
8142 9499
5101 8032
9735 9910
6014 6412
1275 7696
3042 9990
5912 8202
1943 5662
3288 8862
2968 8173
4911 6846
6847 7127
6934 8291
5078 8355
8293 9415
4280 9309
3947 9491
8294 9071
4351 6230
4367 6346
1842 3054
2818 4007
6955 9372
2511 2875
1740 7835
1572 5680
8478 9612
4410 6620
5417 7361
6505 8733
2228 2576
2000 5238
3273 8505
3289 7892
9135 9176
9232 9964
5136 5717
9370 9524
3747 4534
4130 6048
8380 9115
8762 9703
9516 9847
4674 5282
464 8537
9875 9936
1837 6115
4425 7203
6355 6685
6012 9820
3348 7058
3928 6911
8519 8674
9215 9737
7212 9768
3687 4760
5395 9945
3102 9950
7273 8647
1121 2667
7967 9970
8346 8902
3936 5309
4922 8349
3410 9102
141 7531
9021 9484
279 5294
9872 9893
914 2273
4823 9023
1122 1959
2989 8618
4477 8765
1859 7890
492 9675
4595 6117
1307 3563
6849 9076
5684 6648
4433 4451
4987 5547
2849 3584
9256 9512
925 5335
4215 7029
8784 9958
9468 9990
6725 8933
3044 6094
3791 5678
1324 3712
4733 7718
8120 8892
4234 7701
5842 7938
8783 9392
8960 9928
7686 9098
1716 4327
4776 8608
8650 9182
1242 8428
1883 9453
2115 9013
9657 9858
3681 4667
9631 9735
3774 7629
3656 6011
537 3383
365 7009
1803 6383
1936 9315
2407 3724
3098 7234
1687 3051
7196 9716
623 1879
3553 8090
9571 9710
6427 8353
2167 4623
3992 9448
3448 7540
1289 9330
3903 6277
7768 8231
7721 9499
3961 6547
4230 6505
6491 7984
2006 4849
9427 9965
114 5712
5857 8236
6 6235
5015 7176
7283 9951
4508 9941
90 9905
9680 9935
9630 9903
1150 4583
1144 5369
388 6604
3286 7082
6141 7112
3946 8024
2715 6714
9506 9521
3342 3980
6272 8337
3905 8299
3800 4443
7892 8980
7421 7922
7753 9154
8293 9511
868 5335
9532 9895
2800 9689
7611 9574
2387 7321
9237 9755
5392 7747
275 2372
4652 5701
9965 9975
6281 6380
1330 3716
23 3148
8464 9262
7332 9088
1241 9091
3442 4085
1749 3730
212 254
3764 6203
4238 8401
1857 7827
2567 4821
6592 7036
2674 8964
1383 3437
965 3905
1435 1759
9349 9608
4340 5118
5510 9811
5900 8529
1549 5483
4319 5355
5389 5543
78 7748
689 2867
483 6629
7654 9177
9073 9897
6975 9244
2572 4372
3799 5799
6069 9595
9262 9984
1202 7673
5032 9813
4671 4705
4143 5468
4560 8966
6452 8552
5557 6166
961 9539
6797 9401
6047 9976
8549 8675
8005 8884
5100 8826
8353 9559
7956 8126
8538 9718
4680 7568
9815 9867
7456 9421
6131 9552
2884 6228
8609 9079
4396 4970
3265 4426
4076 5838
8338 8830
7236 7706
5191 8284
1525 2389
3945 8171
8328 9022
6076 6112
4045 5458
3287 4173
2795 8748
4817 7575
7201 9187
271 7601
2093 6293
1868 2757
2754 9748
235 8044
2073 3939
4818 8998
2907 5270
9044 9100
8400 9121
4929 6374
1307 8421
9423 9535
785 1119
2267 5051
2964 7823
9175 9788
4920 5773
4054 7770
8727 9784
1712 5165
6109 6447
7135 9667
2027 8226
4252 6800
8664 9465
2166 3557
8355 8848
4071 8258
9900 9970
8214 8363
3188 5339
5220 5521
6711 9974
1894 8630
9008 9181
77 381
6368 7212
8535 9932
9436 9729
6982 8576
2860 4955
5138 9810
7648 8359
9218 9291
8884 9514
8494 9870
5121 5331
4745 6111
5000 9152
128 3127
7003 8153
5595 6094
883 5889
6276 8780
8279 9315
1710 8119
666 5803
7507 8291
6607 9021
9894 9901
9950 9952
2730 4984
3701 9829
1553 6488
3086 4704
1818 8614
2160 6022
5383 5694
2505 6710
6944 9904
2520 5930
7103 9285
3378 5012
4476 6570
6765 8694
9183 9351
1626 1636
9177 9338
3062 8917
6827 9693
8948 9796
3366 6702
4797 8317
6132 9783
9982 9990
4727 5882
9136 9879
5564 9313
5834 7756
7788 8063
656 4222
1291 4247
8158 8452
8345 9716
5194 7416
6267 8165
6578 9766
4376 7690
699 8354
8468 8947
5585 7073
732 2034
8487 9219
2857 4996
1229 5332
9527 9812
870 6052
495 7550
3954 9642
4712 8553
5927 9087
2689 2980
415 9219
8522 9567
4420 7622
6214 7913
8147 9198
8569 9556
9065 9807
2008 3854
1523 2305
6036 7420
5542 6263
6998 9540
4541 9378
5471 8227
4687 5252
4521 5479
2193 6116
3239 8523
8832 9846
5747 6026
3045 5926
9628 9833
6305 7833
2576 5062
9900 9915
5936 8623
5879 9115
457 7579
3641 5387
4157 5893
1303 7767
5280 6038
2086 4434
4142 7960
3856 7205
8928 9605
8393 9847
8540 9935
1253 1951
3403 7763
1099 3137
3855 8334
7658 9223
4609 8941
3895 7208
4848 6930
3341 6096
5149 9645
2449 5726
7765 8072
981 3441
5265 7595
7689 9279
6507 8789
819 3047
2226 7554
7 9781
2104 5145
7365 9232
456 8469
482 8980
8591 9346
1786 1885
3657 6297
3435 6432
4484 7397
725 5364
9796 9824
5158 6969
1550 5386
1397 6652
5390 6067
7411 9249
3957 5164
7115 7236
1431 6803
1296 5119
9009 9124
2265 6521
699 9107
206 7967
5965 6828
4888 8857
2319 8893
759 9096
4732 7017
2788 5544
1234 7295
9748 9906
947 7281
8090 8795
5158 8356
5164 6432
7267 8422
6450 9449
2546 2884
9917 9947
835 3265
4077 6964
5622 9630
7852 9215
8132 9167
4796 6510
7525 9379
7416 8381
940 5886
931 4673
251 6881
5905 7870
7956 8940
8524 9510
6177 7375
965 4321
3290 9961
8688 9627
3381 9666
7808 9306
7647 8099
5461 9345
6021 6527
9354 9911
1017 8422
165 6170
5596 7579
5194 5734
5142 6306
438 6694
4449 5971
5415 9901
8466 8477
6296 6533
8229 8386
3735 6447
5150 6863
2698 4286
9940 9942
9264 9963
909 3924
4510 9229
194 7890
2260 9964
2212 9286
5546 8021
4811 5037
9682 9887
7093 8637
8671 8794
5294 6211
8575 8603
2528 7539
4202 8869
2734 9081
8479 8639
3354 8051
2939 5493
8721 9604
7285 8736
2236 5949
7098 9012
5057 7934
4357 4373
7853 9718
1422 2810
5882 8994
3203 3715
4931 6645
4280 8279
6021 9741
6230 7415
1400 2637
3033 5181
7662 8655
8083 8134
3724 7942
2421 4592
4853 5041
7367 9142
6962 8190
58 3776
495 2808
1087 8893
8134 8233
5779 9474
1734 7710
2688 8268
6002 6252
2971 9871
7186 7924
8239 9240
2386 4662
421 9871
2992 3598
5687 9439
8143 9188
4671 8644
7151 9712
5484 9510
608 5577
804 2014
4063 5852
8456 9566
3961 4694
8891 9253
6603 7741
4298 5392
987 4819
5481 6928
7797 8783
3442 7498
9512 9544
6929 7071
6724 9028
825 6820
3565 4104
8698 8752
7372 9653
455 1414
2932 6609
1675 8512
4816 6104
9576 9877
9591 9728
1561 9246
4329 6377
888 5363
5845 6968
4804 9196
6749 8802
2675 3811
2836 3966
9542 9588
3642 3922
9435 9500
2307 4681
6413 7314
2549 8805
3308 4515
5604 9867
2161 6014
7083 7393
8233 9707
2274 5601
4760 6536
556 847
4981 9163
4191 5157
4286 7147
2307 8835
8877 9591
8505 8850
8643 9158
1148 4989
7934 8004
849 9217
6505 7498
6483 9544
5693 9960
4075 8670
2232 8355
9535 9905
4445 5123
173 469
7477 7528
852 6675
6195 8488
1091 4623
2550 7386
8415 9934
6346 7744
7411 9262
3302 4881
7150 9419
4033 9939
3187 4019
1466 3863
1257 9040
3100 8121
5340 8665
8784 9980
4212 8315
8437 8543
2914 7735
7841 8281
3308 6372
1389 4760
2482 4420
5951 7841
9689 9882
9793 9814
4634 7534
6608 9194
2496 9360
1027 7438
1759 6947
7874 8196
6730 6780
3995 7978
2612 5634
2678 5264
4187 6834
6340 7497
3677 9800
4369 5958
5168 8924
1912 5071
4583 7015
2093 5479
7803 9145
1463 5371
3864 6933
9940 9977
3502 6189
3720 9415
9797 9993
7721 8392
1506 6187
6067 7840
7772 9333
2818 9601
7187 8375
4073 8363
4365 8135
8519 9586
7349 7508
7353 8802
9374 9754
8735 9097
5201 5654
3878 6645
1833 6051
6678 7197
6258 9595
4242 7457
6 9169
1600 8568
4299 9123
7909 8318
8014 10000
6086 9309
5729 9378
563 6268
3349 5345
9587 9777
1767 2000
4795 5167
5790 9841
9444 9973
3186 5648
948 2243
3872 9557
2876 9945
6228 9505
3555 8571
6177 6438
2331 3140
1244 5368
527 5895
2944 9886
6438 7796
7072 9512
8743 9835
6590 8108
5866 8284
2600 8376
913 8113
7612 9428
3012 5344
3703 6855
1958 9933
2589 8641
4288 9775
5246 6181
9859 9992
692 9986
1334 3088
1713 8950
105 7627
6625 9884
5556 8603
6978 9165
2217 4153
6255 9539
9486 9740
5502 7565
2503 8154
7271 8410
4563 8655
244 3535
6166 9959
3332 9706
6803 8697
863 1753
3767 8413
5897 6545
7839 8606
9790 9929
999 8542
4672 6883
640 1203
9730 9834
2783 9466
4533 6328
707 7154
2421 9905
2830 4273
1709 7137
9672 9904
6733 9579
6367 7976
4011 4062
9804 9909
7896 9289
4512 5671
6572 8192
4470 7119
86 1461
3225 8290
1641 8796
2392 9500
8904 9230
9036 9487
3887 5214
4580 8134
1209 2931
3604 9999
7785 7787
7895 9527
9102 9586
1979 4766
3908 6071
8595 8706
7443 7971
7714 9455
3716 9232
160 4551
8944 9359
2029 6795
3882 7530
1081 4284
5632 8931
6234 7368
3540 5997
3973 4880
921 1120
2145 4140
5427 6278
3002 9632
9097 9418
6565 8291
5854 7097
7388 8318
2197 9436
7908 8700
5264 9301
2859 7551
9274 9865
4714 7065
6102 6890
8027 9436
1043 6464
164 5937
5966 9662
9270 9528
3734 4609
8656 8894
2427 2477
242 8444
1241 6396
2568 5059
2950 2990
6267 8957
9743 9882
3833 9358
1033 4970
4951 8575
5815 8093
2908 3436
2538 5659
1215 7716
3577 9207
6554 7818
8167 9359
9857 9995
3232 4242
8236 9189
5023 5209
8248 9333
2641 4948
1442 3100
3387 7181
9839 9919
2688 5411
178 2453
1106 9327
9052 9329
478 6398
8516 8914
3403 6069
9889 9901
9088 9404
2897 7393
3204 8119
7396 8492
917 8535
4334 6089
8593 8932
4785 5265
7074 8972
7786 8625
5723 9563
1207 4317
3993 8148
6926 7687
9460 9698
4353 8139
6143 7456
3808 8308
5733 8106
6664 6916
2990 5484
2911 5862
1141 6719
4225 8632
7015 8561
5744 9485
6654 7103
5131 7891
8873 9454
6552 7264
3644 4988
8376 8914
4235 9272
4704 5542
4250 7590
2998 6968
1860 9258
9263 9332
5762 6118
2009 2216
1882 5270
8203 9441
9796 9832
6420 8516
2246 5715
3749 9274
114 7622
6071 8523
9658 9755
7224 8577
8896 9909
6132 6383
3341 7717
376 5687
8761 9842
7040 8574
9103 9900
5912 7722
1241 7508
4777 9910
6591 7352
3916 9127
3022 5320
7700 9360
8053 8703
2779 6568
5005 7792
7368 8280
823 6861
4847 7790
4860 7256
9584 9905
5559 9697
3608 4259
9538 9656
7105 7460
2868 6993
288 7704
1638 5485
8284 8743
2033 3857
1224 4182
2435 4961
9419 9430
6935 8999
3532 3838
5347 9379
3044 4762
3801 5506
2445 8673
8199 9233
2632 2964
2723 4773
3225 8319
3312 8107
5 4884
9102 9841
818 954
1894 7661
9777 9857
8575 9192
4649 4834
4210 8087
492 2995
7788 9251
9996 9999
4915 8983
7106 9813
5727 6064
1070 4020
1580 7974
3387 8638
5856 8843
8632 9252
5254 8011
5111 7838
73 1976
7629 9309
310 5686
9212 9278
3593 5642
32 206
1731 4671
4315 5780
7391 8159
6967 8307
4145 5509
2848 4377
9537 9592
9852 9960
2726 8911
5360 8392
6561 6607
8850 9550
8415 9241
5849 6540
1931 6765
6284 9425
6276 8074
8345 9214
3327 9084
7714 8996
6353 8663
5685 6120
5933 9080
3851 3860
289 9253
1917 4796
2085 4699
8399 8472
3727 5604
68 9040
2981 9442
3532 8230
9204 9333
9276 9971
5025 8842
8785 9862
6043 7580
7493 9963
5561 6167
5457 8466
7899 8392
1519 9679
8939 9892
8557 8949
5225 7740
8533 9358
8145 9557
7624 9891
5351 9051
2773 9945
7649 8106
8387 8784
8762 9848
367 3206
4019 9614
344 1561
9378 9971
2997 8355
2400 9547
1532 4930
8852 9658
4841 7555
6556 7229
4339 4791
2622 9132
9375 9795
6098 6202
5137 6009
2086 2415
3890 7912
3066 8444
428 1221
2586 7453
3603 6322
543 2391
1129 9378
5963 6080
2235 2539
9571 9851
3820 4251
9869 9872
6710 7400
6939 8899
2366 8992
905 5498
9501 9544
1672 9406
7382 9806
7323 9521
928 4577
451 8798
2821 3963
70 2756
9408 9853
8001 9981
7159 9695
6653 6698
6228 6464
3448 3986
3217 8852
4027 9319
3698 3701
9973 9987
7444 7605
9027 9646
5216 5711
9807 9873
2587 9212
6203 8912
901 8039
8367 8471
9415 9997
9186 9313
8605 9061
3268 7448
2989 3992
1673 7026
5655 7772
6191 6450
7266 8828
9857 9967
1502 1612
1759 7410
2204 5876
7281 8475
3281 6342
873 7268
3898 8798
8546 8800
4059 9520
9806 9943
1303 1697
1684 9042
5034 6989
6314 6711
667 7377
2781 9948
8336 8688
9360 9597
9754 9876
3500 5602
9574 9862
7523 8517
3494 9301
3520 7713
2188 3677
5359 8758
8884 9106
2832 4145
6410 9027
8070 8297
4666 6042
9639 9711
6458 9427
9238 9667
950 4014
5568 8615
4737 8360
2422 5557
8712 9764
3423 4751
2539 3924
192 4729
4247 9493
6377 6445
3818 9986
9857 9905
8684 9514
1550 9542
6414 9812
4721 5620
6157 6518
502 7053
8112 8541
593 1886
7738 8092
6770 7003
2522 4618
6489 9542
9538 9963
5648 6610
5205 5697
4077 7546
1041 9676
9603 9773
4179 5763
5738 7005
9776 9960
5675 8263
1806 3295
1028 4226
7955 9065
1261 5146
1268 7013
8490 9971
7481 9339
4945 5982
2790 5596
9387 9935
1720 4572
2559 5627
9814 9835
4960 7418
7318 9277
833 6696
7132 8504
4659 5238
1933 7383
4328 8841
3914 6840
7606 9012
8604 9004
9350 9835
6245 7929
6534 7424
637 6392
145 7608
7526 8875
7584 8612
3046 9983
9170 9684
1489 7494
1984 5194
1736 2185
6584 7940
3992 9431
7583 8007
9617 9966
6444 7467
6530 7781
8457 9449
6847 9744
5821 8156
5202 8149
2230 4343
3669 4263
6182 9391
1863 4853
855 2593
2346 9709
7330 8356
9835 9870
8400 9682
7540 9939
1809 7791
5726 8314
6890 9390
39 1116
5833 9783
2165 8768
1908 4029
6370 7706
9061 9488
8323 8728
3978 8292
8428 9481
3703 6128
9147 9198
6357 9336
5117 9189
8700 9859
4373 5016
6521 9225
1305 9247
1270 2709
7571 8629
2736 4619
5021 5948
2323 8874
6654 7647
318 5434
4894 7001
7577 7691
1858 7359
1272 5990
5368 8894
4014 6815
2062 4764
6983 8328
7938 8671
7189 7243
1880 8447
2968 5614
8737 9674
697 2457
2325 4780
4209 6544
4465 7880
3422 9292
6424 9925
4564 6160
258 9148
5422 9411
5019 5030
456 851
3820 7148
6663 9661
2508 9937
334 5226
8286 9246
3838 5089
3936 8181
1504 1520
6579 9776
2291 8786
6551 7048
9052 9956
3757 8332
7632 8456
1536 7046
4951 9888
4996 5005
9383 9582
2049 5296
4806 9707
440 6292
7053 8153
3292 3901
4303 6203
9786 9970
1288 2362
2688 4982
8667 8685
3237 3914
5222 9441
3459 5762
909 2279
7170 8374
919 5418
7225 7680
7140 8985
1491 8852
4330 4999
1146 8305
252 539
1876 9013
6174 8573
2497 4430
8641 9071
9941 9942
181 8490
5446 7229
6893 6945
2722 3730
4692 5987
2774 5329
6132 9828
1714 5950
4552 9837
1014 7453
6263 8685
8010 8472
1297 1423
7579 7789
7583 9534
2523 8294
4114 7602
833 6827
3217 3421
7994 8786
3222 8278
9335 9746
826 2426
5923 8552
9611 9917
3051 9303
2934 9207
7575 7936
2278 9165
9660 9834
2109 7300
9356 9707
9394 9579
6014 6775
765 1280
9043 9792
3911 7299
1666 3171
6987 7790
7845 8556
100 1506
7996 9353
5506 9146
572 8396
4594 8478
7125 9615
8955 9097
7498 9893
674 7373
2894 8579
4368 5187
5607 8561
4294 4625
2526 9710
3296 8394
2244 3417
7052 8338
6700 7210
3928 8401
9076 9650
9286 9626
5886 9240
6782 7279
9844 9863
8675 8808
7639 9506
723 804
8143 9274
7455 9782
1931 5998
548 9688
4972 5884
8719 9761
88 3854
5101 7472
7826 9985
9531 9754
5498 8388
3245 7057
2626 5366
9629 9884
9260 9893
3504 7090
5041 8928
9946 9961
4657 7186
5842 6378
6175 9795
8205 8908
7268 9282
8365 9197
1205 7183
4103 5666
5441 9718
7572 9515
8467 8675
4859 8883
2173 3084
7941 8002
7942 8944
6022 7555
2219 6438
5466 7551
8725 9113
8587 9741
6287 7330
1496 9917
8258 9679
1792 6103
9482 9911
2552 8812
1409 7342
2987 5936
9938 9990
3752 6406
4311 4529
278 3555
4516 5103
4708 7101
8453 9911
5585 6699
5236 9309
5393 5540
5854 9378
5232 9043
9682 9773
2575 6601
6675 9619
5133 9428
5503 7007
2516 4465
1719 4444
2245 7871
4645 6577
1407 7493
1899 6917
1978 8876
8144 8725
3127 9747
2882 9808
3058 8825
5931 7957
5781 5871
1737 3255
2037 6156
7295 7641
6922 8832
2472 7626
6942 8331
2750 5340
2861 4900
3250 4823
7111 9566
4493 6055
1543 2902
1989 2649
469 1972
8014 8419
7413 9718
3980 4499
5171 9902
932 6100
7616 8319
6533 9907
767 8797
6587 8609
8008 8455
8077 9242
8181 9388
8998 9793
8910 9588
7904 9476
6550 7393
9418 9942
4107 7320
122 8889
1143 6516
1020 9733
7427 8177
8571 9502
3449 3496
4139 9456
7924 8825
1464 6064
5549 6406
5918 8522
8568 9284
5763 9554
5923 7466
1821 9068
1349 7114
2331 4723
7821 8567
8394 9644
1911 8792
9419 9437
3048 8165
8542 8794
694 6426
9000 9263
2282 8970
3895 6079
1176 2105
5639 9650
6849 8299
8839 9349
9887 9962
3344 5608
4222 5091
8521 9799
8821 8981
916 4511
1009 2305
3127 4134
4880 7718
8813 9734
2099 8384
8317 8613
3249 9481
2382 3767
9899 9992
9989 9995
3636 5416
1208 5811
5945 7618
657 3994
5062 8384
5903 8293
1960 8049
4180 7103
8500 9493
3852 9866
877 5295
3048 5274
4076 5383
1624 4208
3680 5797
5675 7967
502 3099
1186 1736
4676 8724
1384 4334
8785 9765
1524 9978
9885 9943
2825 8090
7161 9424
5514 8237
179 2439
5895 9526
9911 9923
951 5825
5048 6835
2685 6332
9150 9209
4733 4838
7216 7782
5805 8134
3930 5679
178 9941
2840 3246
9984 9991
7139 8292
2089 2792
7862 8486
1226 6483
7534 8595
6735 8666
9306 9493
5888 7162
5506 8723
1668 2910
4716 4860
7494 8650
7597 7838
1972 2198
432 2542
1016 6586
9515 9664
8612 9199
229 1646
9849 9922
469 4831
1884 1971
4057 8297
3158 6761
9881 9931
3930 8980
8123 9358
3096 5348
5576 7589
7186 8397
280 7686
3010 4598
8410 9675
274 492
1645 8932
8226 8751
2113 5744
6072 8276
2293 6683
4422 8560
8281 8512
9981 9999
7375 9483
4366 8183
6390 8427
8795 8968
9225 9253
905 6737
5736 5852
3773 8432
3376 8191
816 8061
4199 6572
4617 5630
8645 9478
7342 9061
3013 4769
9241 9939
1336 1354
6462 8457
561 8825
7507 9617
2708 3029
2848 6898
2860 7195
6139 8580
7070 9816
7414 9659
9732 9748
9400 9729
6133 6894
8711 9041
3263 5824
1846 4603
9393 9922
3947 9190
884 9859
713 4943
3869 6484
2193 5176
767 2189
6245 7397
6977 7749
1512 8395
3781 9159
1335 4507
6147 7679
7210 8514
9064 9357
1837 6450
8321 8556
457 7596
2197 5331
4758 9991
6740 8199
1638 4019
144 3415
9781 9854
7662 9006
8222 8884
7345 9903
7772 8935
9446 9822
2407 6799
3040 8710
1900 4420
119 6165
5905 6153
1236 4569
8749 9432
2673 6046
5392 7797
739 7138
8497 8786
6182 8445
8097 8953
6334 9312
1682 9834
8684 9517
2127 3655
9166 9221
8791 9059
9235 9849
8681 9403
2788 8598
7558 9455
195 9412
7670 9047
53 5008
2696 6048
2291 4089
425 7783
2970 3162
9024 9070
3080 8738
1163 9810
3099 8183
4126 4296
1586 4826
6578 8546
4029 7316
130 3742
1466 4919
3779 6558
8370 8989
1587 6034
1626 6773
6726 7174
3650 7236
5536 6542
8176 9651
3567 4955
4600 7520
6190 7975
4536 6950
7863 8466
9467 9752
9690 9918
8581 8795
9990 10000
6909 8838
8732 9625
5353 8742
7507 9278
5751 9343
2574 7085
6400 9343
9240 9617
3688 4881
8064 8969
5444 7303
2928 3805
3987 9439
94 4667
5432 5960
9726 9897
8823 9276
5998 8853
4537 9326
9302 9494
3306 4615
6198 9507
8162 8400
1615 5488
684 4391
7569 8159
431 9648
7290 9776
6430 7764
9352 9379
6991 9434
8535 9817
3742 9613
3215 5498
7441 9504
5194 6942
2317 6311
8481 9370
6425 9316
7248 9809
622 6482
7672 9447
8263 9820
4391 4487
9844 9861
9868 9941
6802 8692
7268 9176
2518 9164
2380 8391
3243 3915
5216 7109
6804 7187
1567 4878
696 6281
669 7399
4666 6405
3506 4867
4978 5177
2219 3963
3995 7479
2554 8521
3003 7241
1042 9449
1068 8445
9380 9947
9586 9765
6154 9510
1698 5321
8696 9528
8406 8721
2206 2711
5973 7932
5778 9832
9690 9907
3012 4089
7518 8732
3137 6240
8016 8261
9082 9644
6787 7374
6265 9759
4810 9193
8677 8768
200 817
9204 9456
2773 6455
8127 8504
3054 8730
3173 8686
2554 6207
3332 8513
7586 9435
4100 8174
6070 9952
750 6252
3988 4154
464 2656
6910 9893
184 2454
3241 3772
7821 9127
4471 7371
6473 8724
9844 9856
5538 5736
1610 7379
1001 3196
6859 8741
814 5403
1912 4813
9259 9287
738 4410
8435 8634
4727 9185
338 9432
1438 7168
9701 9879
3740 5472
641 9647
8994 9970
8397 9939
2088 2803
7990 9307
451 6548
4971 8630
4307 5777
2654 7577
1344 4663
5664 8969
4292 9157
9818 9921
3622 9544
8336 9895
7948 9786
3365 4442
506 7917
7913 9345
3951 5186
9641 9909
6471 8904
8616 8844
2535 6621
6782 9876
574 4004
951 3049
2222 7263
4929 8879
5244 7742
4452 6215
5989 8903
5775 6973
1831 7176
9539 9966
6340 9286
6019 6663
5466 8512
3128 3167
7680 9565
3722 5829
1541 8902
2733 8021
9898 9956
490 8284
1999 9887
782 3892
4382 8391
2266 3682
1897 5454
1071 6412
2404 9566
1210 1712
2628 3135
7400 9609
6093 6480
220 5390
3246 8347
6348 9471
8576 8716
4095 6846
2400 9489
5721 6590
1534 1990
9988 9995
5793 8282
1707 5561
2596 3564
5248 7615
9126 9470
9653 9818
7866 8379
2566 3901
2453 2874
4196 4523
7099 7260
8574 9425
4075 7514
8106 9517
5790 6347
8260 9765
2824 3883
8315 9046
9683 9727
1797 7834
786 8880
342 5933
8438 8587
3597 8519
7998 8464
7512 8837
254 787
4331 4780
8288 9989
1917 3112
3184 8634
3912 9973
1367 5729
2574 6184
7899 9503
8926 9792
2674 8404
8340 9987
1094 9883
5106 6187
4465 5002
591 2245
5904 7306
7974 8431
4227 7266
1503 3169
668 1399
7953 9047
1710 7788
9902 9965
6418 6939
2693 5511
3001 3793
4273 9512
9395 9767
731 4070
3611 8242
5406 5478
6694 6973
4579 6346
8207 8437
2353 4812
1787 7856
9304 9921
7750 9857
2388 6798
5667 8488
692 6570
4414 9057
1509 5241
7898 9137
9643 9984
8871 9806
5521 6516
1842 5773
6758 9597
5428 7114
9129 9988
5349 5539
7845 9541
67 4370
7280 8464
2443 9451
5336 8631
8708 9664
9495 9666
8600 9100
9855 9878
2480 8059
4336 8767
1882 6193
7 591
8910 9114
9913 9926
1166 2443
6870 9147
1156 5805
3676 9866
1111 5174
2437 9292
45 4725
1735 5147
7826 7916
461 7300
8805 9312
4158 7222
5762 7244
3674 4552
4638 7786
9436 9731
45 1206
8615 9317
5891 7870
188 1667
6638 7890
6593 8996
2698 8773
6012 8622
3608 9444
9266 9467
3095 8575
5462 8875
3765 7756
5939 7466
4538 4952
2641 4480
5525 9540
4060 5312
844 8661
9403 9943
373 8403
7454 9703
1212 5873
8416 9075
2433 7180
8302 9400
3840 9457
5975 7821
3755 5997
4484 9823
150 935
8063 8586
976 5812
1598 8613
5407 8626
7905 9322
965 8236
2591 7705
8085 8596
2383 6426
4304 8884
4992 9602
9417 9759
3619 6541
3160 4525
668 3957
254 5109
692 5557
971 7930
2041 3599
2566 4553
9376 9856
2402 7881
3035 5358
3438 3526
7756 8944
5715 6145
2904 8793
3823 3984
8492 9368
6968 8780
1023 4736
3484 6287
7374 7425
1524 4928
4561 7040
9952 9965
4863 8715
7183 8956
9190 9615
3514 4164
6621 7714
3427 6954
8368 9689
5069 6148
1891 2820
3463 9049
9814 9907
216 5364
1377 9518
1251 2324
8788 9978
2619 4825
5772 9480
4385 7198
9661 9864
6321 8445
1375 8089
7032 8388
629 3080
6295 7877
385 5429
4877 6150
6768 9323
6617 9197
3032 4256
4966 8059
5757 6090
7360 9775
6784 7111
9792 9814
6063 6691
1985 4094
7063 9536
565 5254
6014 6151
4265 5792
6096 9383
6672 8091
4433 7440
5367 7039
2543 3448
6290 6700
5082 5774
457 2706
1282 8941
7742 8119
4615 5057
319 9127
1842 5046
9480 9671
4803 8493
2699 4941
2477 6448
4934 8030
2568 5450
786 6645
4822 9385
2157 6491
2910 6130
6484 6759
7401 9524
3112 3443
125 6018
5345 9908
6667 6838
3162 3181
1168 2538
3546 4747
4528 7273
6968 9734
5359 9517
9927 9987
6379 9445
8902 9447
2637 4501
765 6663
8640 9157
1074 2707
3990 7554
8300 9489
9147 9354
6870 7654
2136 2480
9277 9319
4937 6707
869 8306
6186 6389
87 2981
8864 9691
6272 9413
6371 9841
1682 4898
5078 6150
2258 8977
6226 6818
9228 9703
4204 9240
4318 6765
4888 8241
2087 2173
272 6664
3828 8235
9474 9875
8199 8543
5463 7985
6723 8285
6241 8782
2959 8410
7163 9029
2969 4285
1880 9303
2617 6554
3157 5923
4238 8059
2028 7868
1859 8512
5525 7687
3042 9991
359 9201
6379 7588
1170 6805
6621 6825
8063 8825
8020 9724
1860 2896
314 3035
8441 9205
9447 9527
6360 8717
2838 5633
7868 8483
3901 8759
6082 9344
4188 7221
5089 6088
8827 8953
3435 8876
5385 9198
8832 8992
6846 9035
9847 9959
4878 6727
3228 4623
2699 9404
8062 9424
5167 7654
5582 7693
5938 8973
1991 4371
5741 9931
3219 9785
2716 4455
7825 8895
6219 8351
8688 9178
748 5500
4776 7836
2900 4933
2162 3864
6128 9597
1773 7634
7115 8565
8610 9047
7520 8587
1859 8621
538 8549
9308 9868
9791 9913
5435 6421
3506 7566
9918 9949
9981 9988
2963 3598
8170 8595
9924 9928
8857 8931
21 9393
4033 5443
8954 9215
6023 7433
8551 9137
4737 6948
6751 7278
6062 8303
4318 8314
627 5928
3055 6884
7931 9568
4845 8025
3247 6734
1847 4313
572 5322
7210 8743
7363 7433
4259 5802
6771 8003
2764 5847
5607 7413
8758 9605
6135 7133
5040 9233
1084 7538
4028 7805
4826 7478
7716 8586
5361 6194
3934 6002
9186 9605
4052 7770
4671 5363
1460 9597
5488 6157
8681 9838
5090 5760
2041 8730
2537 5829
5640 9366
1469 8290
8154 9733
619 1104
8872 9211
5410 7628
5634 6832
8075 8271
5681 5889
770 4385
2939 8244
6571 7792
7113 8995
3156 4804
5809 7283
569 9942
6647 9682
5144 5187
3333 4335
82 7175
6271 9880
3864 5110
1901 6947
3012 7889
2008 7941
1570 3158
4200 6234
9103 9983
499 4147
3892 5882
8152 8554
5162 9012
7464 8429
7932 8283
7101 8575
8882 9122
1481 5906
5891 9798
3793 8743
328 1196
1071 5821
7436 8469
8444 9201
5391 6467
3647 9928
4251 7499
9633 9669
2673 6843
7500 8646
6070 6230
9466 9699
3298 8641
4085 6654
1885 4761
9961 9996
4476 8218
1498 6138
6704 8738
1697 2967
8478 8833
8086 9076
3359 4700
9939 9981
9755 9929
9054 9336
409 7972
9504 9955
2867 8625
2814 4906
1065 7659
1680 4370
3739 9275
3047 3907
5252 9130
3678 3717
7255 8599
142 9999
8685 9925
3319 8142
8162 9020
9570 9874
5855 9803
3603 8299
7395 9229
5184 6429
4944 9145
8538 9509
9539 9578
4691 5665
7845 8215
148 9187
1500 2764
1170 8513
4627 9071
3621 7620
2228 6691
9481 9746
6691 9614
6677 9556
3735 6942
2303 8085
3047 3585
628 8691
1804 3716
3857 6495
6730 7706
1060 6556
4172 5823
340 5065
4450 4797
4682 8940
2633 4772
9925 9942
2771 7476
5932 9587
9785 9886
9129 9209
5074 8849
4236 8588
7495 7983
6576 8246
2904 7880
566 9348
7851 7907
233 5065
4385 5956
8214 9526
6394 7604
6833 8683
4347 7524
6143 7436
5980 9256
4218 8308
810 3284
7511 9175
1231 4732
4150 9874
7163 9704
6119 9365
2029 2322
4803 5510
326 2255
9840 9900
6534 9858
6967 9660
283 8023
1068 4062
2135 9070
4067 7114
4165 9547
1254 3129
2038 7588
5620 5854
8384 9397
7445 9887
5767 6436
9876 9999
8671 9986
7736 8574
768 1238
3155 8324
8781 9161
453 7602
5716 9808
5578 6076
3241 8460
4275 7427
2223 9820
3290 3536
8526 9020
9784 9982
8782 8872
7955 9954
3420 6602
5539 7002
7299 8099
5014 5763
1336 3530
2237 5798
8231 8839
9456 9863
3320 8885
9430 9628
1420 5969
2736 7047
5925 6184
4789 7194
9987 9988
9648 9882
6045 8458
1620 7231
8682 9283
572 7951
2219 3394
8132 9025
8512 9862
4735 9449
5424 9680
1026 3592
2066 5157
5817 6297
9630 9654
834 9028
586 7765
9648 9945
298 3281
1412 9090
1363 5674
9906 9912
7742 8565
6596 9823
8402 8729
4157 9522
4487 8687
7411 9684
7201 7968
4417 5066
3726 5064
1438 4499
6086 9904
5468 6880
8930 9567
9668 9695
6097 8128
7058 7226
6609 6795
1635 6985
8577 9404
4244 5548
6354 7577
7876 8233
8196 9866
8957 9959
5661 8289
5204 7374
2386 4905
1132 5529
371 6112
9565 9805
9704 9762
4459 9720
9492 9624
9958 9981
6005 9052
432 9601
1009 7032
433 3658
158 6889
2257 5345
4557 7004
5961 6836
7033 9602
5381 5651
111 3152
6810 8706
6205 7585
2510 6518
2583 5302
9261 9967
5247 8882
4040 7948
8065 8336
8922 9476
9610 9840
1810 4122
2201 6379
6278 7987
3918 5295
9400 9529
2966 4146
4575 7081
3264 5682
1818 5150
1969 2668
4798 5720
8930 9507
3546 9060
7761 9193
8864 9094
3735 4614
9891 9978
3632 4681
8254 8876
5260 6882
379 9895
4995 5714
2272 8085
1413 4448
7042 8845
7195 9950
1147 3595
4836 7495
5553 6268
6867 9232
4337 8461
3337 5153
2464 6092
4642 7220
4273 7804
4639 5201
7660 7737
8808 9147
5139 5310
2891 6844
7244 8757
4470 6238
8492 8725
8078 8235
8755 9871
6985 9928
7081 8004
4513 9163
363 9159
4719 7097
8092 8906
6594 7069
7562 9498
7450 9766
4981 9730
7737 8887
441 5907
3005 3682
4244 5814
527 7905
9059 9961
3714 6619
443 8219
1619 3139
5638 9209
8746 9602
705 8594
4956 7279
6079 6819
9851 9859
55 959
1307 7611
9614 9809
1440 4444
5740 8670
4768 7805
5890 9915
1855 1937
3647 6341
2705 4346
1717 3921
3422 4409
5150 8538
8928 9864
4033 7697
1987 4112
1471 3172
1921 2038
1968 5597
9171 9857
9799 9815
6598 9790
7870 9294
3696 6608
7250 9949
7716 9317
7674 7996
5543 5703
4205 6122
8813 9158
8143 8685
4546 9295
5416 8332
3706 6291
3685 4550
1232 4653
8260 8814
6311 9268
1893 7338
5994 7808
411 1602
171 9987
7224 8175
2087 9409
2988 8985
5212 8331
6344 7836
9260 9568
7003 9477
7187 8883
9482 9793
3960 9625
3334 6993
8164 9154
648 6640
743 3064
3933 6611
9372 9909
9219 9762
7192 8044
7688 8956
3845 9222
6962 8431
6744 7549
3169 3227
9210 9516
3299 4815
1044 9426
9496 9811
4030 5685
9659 9754
7371 8946
7606 9941
382 7048
712 6589
3769 6801
6754 9094
809 3008
3395 5601
4800 8171
2202 4653
2333 2915
8882 9304
1210 3729
6834 7236
6644 6901
277 6755
8192 8449
3252 7152
5612 8384
4108 4853
4072 5725
749 3409
219 8904
6541 8988
5217 9274
4199 9043
4836 5149
4677 8449
8478 9479
6822 8548
5709 6056
2729 7661
7532 7972
9221 9318
1440 1844
4228 8178
7855 8985
9672 9968
7891 8605
6430 9746
611 8342
8465 8590
9213 9701
5821 7361
1985 8575
7163 7256
2639 7542
8394 8844
7371 8528
8271 9335
1340 5994
4439 8480
4395 6557
4600 7575
3575 4832
3807 9576
6018 6663
834 918
5337 8013
5164 8860
9725 9828
7029 9954
7037 7823
5954 7704
7942 9882
4393 8904
9481 9626
7184 9306
2348 9772
8283 9950
3305 7908
7639 8227
1111 2467
6821 8682
9069 9759
349 955
4040 4905
6483 8290
7234 7347
2949 3288
2219 6121
8183 9347
1124 7411
8547 9327
4323 5905
8626 8980
2821 8470
6731 8813
2864 4140
9120 9517
3973 4893
618 795
7470 9495
6423 7729
1367 4887
2237 2454
7108 7909
6863 8732
9022 9614
3595 8283
1804 9699
3300 7815
8311 8948
2652 7911
9104 9366
1338 8474
9004 9624
9721 9734
6605 7108
1075 7405
770 9874
5306 6851
9769 9877
7657 9429
2200 5661
8535 8635
2525 7082
1104 4116
2638 6959
9236 9442
458 6809
8918 9982
1575 7372
7545 7641
1252 7567
7134 7444
8659 9408
962 8532
186 4256
9974 9986
8656 9015
4717 9265
2717 9213
5606 6638
5332 6476
9295 9802
9149 9287
2143 7119
8805 8927
7052 8637
6247 8740
1873 3108
1112 6158
3242 5269
3955 4878
1827 3097
6061 6982
8008 9774
1801 5405
264 831
4162 9144
5219 7532
2232 5271
722 3752
2168 3302
8692 8922
9366 9624
1603 8825
7031 9557
6516 6897
5678 8161
9827 9840
4821 7459
545 9488
7661 7795
778 6744
9456 9885
92 5501
1419 3890
1751 4174
403 3098
47 2836
2841 9646
1701 4762
9459 9667
55 7868
4078 9699
3479 4896
8984 9279
8054 9732
647 7184
1777 4149
8764 9602
3669 5543
3194 4265
6795 9338
6928 9761
860 3711
4485 5850
8151 8795
7152 7366
5709 6633
3246 8013
8195 8231
9242 9290
8859 9940
9866 9993
5612 7723
3265 7565
8605 9600
3511 6033
6181 8261
7497 8003
5558 8349
1808 7733
6645 8891
9945 9983
1596 4481
522 9005
9235 9712
8624 9682
1658 4565
849 1104
7760 8290
8052 8243
6598 8022
7479 9167
8453 9979
880 2058
7271 8510
2715 8821
7322 7411
192 1941
2743 7056
3217 4053
3504 4514
7787 8138
7922 8350
6139 6183
9347 9706
2080 8652
1910 6548
3959 7114
8858 9141
287 1536
1633 1793
5320 5735
1465 7570
4182 8226
3824 8341
1160 7553
6616 6718
784 4619
4105 5035
7921 9887
4664 8098
3700 6573
8650 9238
5863 7194
6372 6887
412 3750
1853 3801
8453 9256
6764 8031
4101 4899
365 2279
291 9324
9309 9788
2869 9506
2577 6735
2910 3162
8693 8926
7710 9178
5659 6359
107 3277
6649 9098
7110 9000
8593 9998
762 2843
1445 9174
1247 3525
3415 4545
7781 8715
6020 8420
8193 8856
814 6224
476 3281
6385 7506
946 3992
6851 8625
271 6659
8420 9346
6523 8138
6734 8258
2298 9330
2071 3286
28 7516
6718 8509
4819 7006
9287 9769
8932 9553
7460 8071
3225 6830
3176 4446
4245 9858
768 4262
1708 2799
7116 9687
2817 5267
860 3655
1664 6015
1885 9568
7937 8110
5940 7478
4776 8759
6178 8470
889 6988
8256 9795
9072 9839
4561 5740
3724 4581
3138 3544
1706 4825
1936 2306
9232 9621
7477 9718
5156 5180
8074 8213
1218 6247
6392 9878
6773 6919
913 6913
8408 8705
1702 8908
6523 9148
8049 9913
2232 4345
486 1480
9984 9992
9688 9840
7404 9517
8318 9069
5630 7592
3903 9436
9770 9999
1010 4465
2626 4996
3225 7787
162 2546
3770 8932
3030 7747
6008 7363
4914 7654
3854 6433
9076 9791
9427 9707
8804 8871
6843 7438
6764 9267
2003 3185
670 9773
1097 8007
5480 5628
6284 7199
4298 4824
8146 9024
8681 9029
2932 7239
345 8937
3894 6488
880 8652
8212 9960
2624 3607
3937 5549
4394 4660
8540 8546
5552 7762
5954 7881
3311 3783
9527 9727
9609 9721
1760 7075
5605 7721
4708 7619
1744 5331
8217 8751
9010 9303
1989 8699
3923 4243
7263 9564
5897 7050
6626 9567
1663 4011
6688 6822
175 8886
3727 6711
5066 5828
8360 9177
5139 8373
136 641
1862 5005
1620 3611
2168 3456
5212 7081
7024 9121
3333 9431
7758 8684
8104 9629
542 1103
5394 8149
560 3783
7224 8458
406 7731
9856 9891
3667 7661
9453 9973
9009 9964
8989 9531
409 5097
5137 8406
5361 6365
4302 9306
8303 9092
2001 6632
157 1939
6553 8177
1747 9959
2582 4012
59 7004
9198 9447
1606 6890
7581 9622
5097 9246
6689 9876
7103 8751
1863 6201
7932 9086
5784 6713
140 9182
1412 6934
2625 5750
4340 4532
5231 7323
7916 8362
1953 6657
2046 3713
5289 6314
815 6435
1218 1818
209 445
4971 6664
6352 9646
2865 4289
8271 9501
7408 8128
6646 7478
2396 9503
9088 9594
1290 4060
8236 8708
3200 3769
2547 4287
4835 7154
8935 9537
8374 9561
8387 9253
2258 4946
9633 9703
6370 8194
2049 8193
3886 4487
5533 9807
860 4412
1128 7081
4189 5922
6044 7102
6614 7196
6294 7157
7514 9360
3626 6739
2380 2673
6026 8277
628 3223
821 6027
3300 3399
838 2659
1320 7417
7506 8235
616 7931
3258 7006
1821 8959
8991 9537
8297 8501
6163 7760
804 4080
562 1716
2810 9531
9831 9832
132 1183
717 7049
6446 8148
7102 9811
1592 5203
2070 5750
5819 8769
6971 9034
1645 5547
7194 9225
4577 5595
2175 6362
4939 5103
5386 5479
3721 6552
9123 9277
6491 9656
1933 8595
2192 3017
6098 7567
5948 6798
3999 7915
3314 9517
1752 4431
2456 8021
2198 3997
5629 8787
7988 9698
3492 7273
6728 8946
6051 9457
7126 8562
16 5540
8682 9040
8136 9150
1653 4346
5053 9234
6648 6731
334 6039
2528 3810
1862 7769
9843 9870
1527 8778
790 8912
9850 9889
5571 6392
3081 5402
957 9421
9461 9486
2057 4694
9171 9369
1119 5584
2403 4934
7932 9076
2046 9915
1857 5262
653 6095
6016 7294
7918 9964
8764 8820
1242 3535
414 9216
9140 9230
1502 3124
6825 8658
7670 9837
4759 6070
2452 6052
2734 3159
9129 9572
6344 6889
2288 4850
8457 8554
6814 7081
7134 8177
1267 1632
4145 4273
1974 7816
4331 8152
7984 8548
9617 9661
8958 9273
323 7961
9154 9417
1611 2577
1185 6594
403 1349
7838 9513
8474 9532
9175 9330
2563 8950
3297 5452
4206 8785
936 6211
7904 8579
7979 8223
3032 9372
1211 6795
524 6141
8708 9446
101 2127
7150 9099
3627 7808
9336 9742
7603 9967
2758 7554
9885 9958
1808 6589
3348 6224
6479 9473
5096 7555
463 2584
1759 1906
2976 6883
6200 8408
2990 6399
9444 9458
3020 3813
4448 5941
8168 9252
3737 7339
6025 8263
7893 9847
4076 7530
8653 9010
2028 7078
4843 8307
9683 9704
6935 7678
9397 9418
6912 8785
9285 9607
8308 9616
4078 4579
3441 6124
8392 8407
7801 8962
86 4924
2974 7217
188 8577
3114 4354
7787 8592
9889 9947
9835 9909
567 8930
3441 6047
8216 9599
9784 9947
5539 7648
804 7712
4719 8232
70 660
2458 7154
9539 9771
4216 6027
2886 7536
3015 5253
3670 6272
8458 8837
7194 9300
5274 6134
9749 9978
5234 7674
2224 6753
8919 9251
6896 7661
831 6291
2283 3332
2402 6102
7200 7868
9630 9836
6936 9841
7762 9613
7530 9602
8961 9817
424 1320
6549 9065
988 3069
4178 7670
4869 6827
9950 9970
3612 9248
3305 7541
7680 7934
1685 4607
9074 9213
7403 9824
7764 8483
3267 8115
1006 2723
9836 9982
6188 6717
8711 9759
7137 7196
8489 9359
3246 8548
7785 8613
3266 5453
3448 9941
7721 8987
1244 8492
8480 9271
3122 5593
4460 8889
540 5319
2506 9445
8241 9657
6746 7186
5489 8630
7242 7510
6022 9732
9828 9835
8844 9358
7734 8230
7770 9668
4148 6400
3457 6527
7340 8537
6184 8773
2422 2663
1189 4176
6280 9505
3331 7017
7517 8933
175 8655
6281 8545
7451 9685
5613 8821
1263 6378
3437 4508
7503 9478
597 1830
4187 7134
6124 7054
8536 9365
8595 9966
4846 7606
4558 6336
2870 8859
1117 2860
5122 6072
3436 8900
7215 7947
5455 7972
4341 9869
8386 8435
4625 8043
9033 9300
1063 6909
7378 9471
5341 8406
7374 9544
4278 6095
6657 9335
6490 7537
9200 9219
666 3708
876 5645
7174 9121
992 7499
2209 4937
673 4377
9114 9829
9118 9416
6599 9393
2987 3692
6580 7427
7380 9462
2007 9010
8670 9632
8982 9175
708 1717
4820 7578
363 4656
9117 9585
9320 9779
4885 5531
9658 9808
2021 9542
1770 3807
3668 8298
1125 3776
5330 6757
6628 8459
7644 9823
4359 9314
1433 6856
6821 9899
5774 9953
4788 7464
2069 6454
8472 9847
8021 8032
8904 8961
821 4558
404 7557
2816 4633
6065 6642
1862 2136
1619 8427
8332 8893
2895 6455
1684 2274
6957 7748
127 4581
7586 8163
2807 8905
3351 6755
2936 9553
5752 6916
7561 9276
6023 9249
9662 9765
8082 9572
2438 4684
4981 9939
7840 8768
2216 9022
3007 3958
5151 5505
939 6101
5047 7569
6178 8076
3260 7870
1103 5766
2363 2433
55 4136
8687 9999
2970 5279
5117 5803
1952 4082
9822 9948
5225 8107
8381 9489
6994 8595
980 1160
9521 9897
3490 8475
6149 6909
8324 9802
4331 8101
2512 3106
2095 6838
649 7095
5017 8484
1387 7619
6266 8195
3701 9356
2004 2716
8725 9785
5778 6068
5013 9461
4068 4466
1519 5608
4725 7765
8059 8129
8925 9411
6143 8248
2029 6675
9888 9919
9628 9925
579 9761
5233 6651
1880 9010
8520 8533
72 3774
7095 8162
8769 8840
9008 9339
7012 9374
7627 8554
7535 8733
3340 9988
3453 9868
7347 7525
8166 8285
7926 9813
2721 7001
1560 4785
8034 9153
5921 9463
5702 6352
5844 6811
9877 9881
2622 8095
6123 6585
2253 4902
7164 7623
9857 9928
6085 7661
4584 8632
6516 6913
8689 8995
3255 3378
246 5146
928 2425
9313 9413
5068 9352
1377 3575
190 4217
1598 4982
2690 3845
1818 4572
4287 6636
9462 9758
745 6212
2894 5040
3161 8556
3083 4838
6677 7531
9316 9865
1649 6445
8602 8899
5095 6646
3163 6366
401 465
3909 9576
5148 7795
7922 8389
3460 5894
4555 6211
6411 9506
9147 9556
4375 8308
6919 8022
1403 4277
1991 5863
6184 9446
1735 7332
5534 9663
8771 9178
550 3210
3985 6240
1519 4284
3741 4860
2477 5878
5839 8061
8360 9145
1478 6987
4594 6873
1161 7183
5561 8365
8200 8834
7847 9499
266 7150
6747 9828
7608 8192
8740 9348
2427 8983
3505 3790
3386 7842
1356 9910
6188 8875
7500 8669
9389 9480
7610 7666
2244 3608
9567 9806
8615 9355
8522 8596
8170 8900
9552 9680
8026 9188
4350 6297
1272 7344
5157 8777
3930 7823
9914 9972
5476 5923
5069 9980
2916 6309
7885 8738
7591 9621
8820 9623
4250 5808
6099 8077
8437 9145
5207 5326
3932 9511
7815 9906
1576 1850
2530 6357
9733 9986
6692 7074
7878 9968
7747 9176
5020 5677
2109 7029
5592 8570
2871 3557
4036 7402
8754 8813
3382 8229
658 9050
2841 4885
2848 5425
3126 9427
4986 8874
916 2512
373 5479
9192 9244
3702 8364
1114 5645
5846 7925
8824 9449
4879 8108
5917 7437
9434 9820
301 9932
174 6604
9111 9619
7176 8407
6436 7159
7181 8432
6614 8291
3056 4927
5544 8286
4625 9183
9601 9734
9401 9887
3506 4002
793 6727
65 9078
5727 7882
7105 8567
6975 7922
3564 9032
9615 9971
8664 9216
2390 3627
7493 8620
8243 9709
4607 7555
6480 6862
7989 9642
9343 9499
7595 8716
614 4321
2353 4078
2980 5267
2286 7044
3649 5230
3245 6877
2455 9780
2815 2819
6090 7980
9386 9816
1541 8670
880 4585
9690 9878
5200 9947
2502 3206
6663 8260
6281 6803
3758 6482
5284 8432
1748 2431
4075 6188
9488 9534
5193 7742
1531 4963
3082 7152
6247 6641
2661 7569
3231 8937
9154 9861
3853 8624
7081 9573
3053 9385
7366 9188
8755 9538
8972 9645
2173 8380
4561 4619
3752 6126
2588 5016
5291 7107
7478 7857
3887 6873
2476 7821
4949 9259
418 1060
9263 9554
2939 9447
2421 3720
4932 7923
869 2683
3284 3584
3043 9148
8325 9107
4278 8252
7339 7602
7867 9832
948 3492
4793 7959
4480 9167
9970 9971
7887 9513
868 7664
2662 9612
8043 9776
9451 9867
5531 6425
3117 7118
3512 3612
205 9764
3847 8021
6626 8776
8913 9743
4013 4647
4372 6024
3000 7245
9123 9992
9867 9989
985 5577
7557 8132
9051 9229
2246 8503
9742 9820
1206 7426
1977 2205
7466 7714
3356 9268
1162 2466
5809 6836
2006 7468
3469 4564
8287 9724
4022 6030
7280 7847
7706 9588
6865 9967
4907 7823
5634 5883
8287 8439
9739 9812
7714 9572
2690 9441
1219 6264
7330 9402
4539 4846
2619 4891
7051 9125
7137 8249
6925 8550
4572 9907
3079 6683
950 5184
9563 9980
3524 7371
5907 9004
346 5868
8471 9653
3198 6694
8997 9916
8403 9422
137 4178
6381 8878
8237 9108
6875 9841
8629 9281
9722 9814
522 3643
8215 8377
1659 5323
5116 9909
1137 4481
4456 4695
6245 6385
8713 9888
1015 3991
5698 7483
2577 4638
2668 4001
4459 4826
7484 8887
1430 9009
3541 8113
8490 9344
8465 9611
8451 9998
4069 4746
3587 5003
3172 4261
811 3093
9986 9993
991 7160
6497 6969
1145 8939
702 6026
8440 9553
525 5945
2486 5620
8608 9278
2946 3853
2826 5122
1832 2828
3051 4772
6491 9475
7392 9850
7904 8097
7306 8969
4071 5065
2919 5885
34 2815
6043 8211
7657 8810
863 7343
9811 9857
2151 8398
3921 8699
7588 7661
8459 9765
1934 2566
7022 7680
5346 8403
5430 9952
5168 8644
1202 8367
4448 9723
197 4306
6207 7925
1644 5090
6335 7375
9697 9802
7845 8264
5297 6035
6527 9999
8849 9007
4479 6127
2569 8392
3036 7992
8594 8733
3716 6634
4826 5021
4027 4514
8720 8800
3707 7639
2295 9285
9234 9390
362 3638
1393 6307
9803 9944
6656 8713
521 1916
5535 9095
2793 9723
4344 4715
3202 4790
8029 8387
3996 4800
4735 7206
4529 8021
1457 2118
8453 9636
3652 4812
8760 9856
3585 4682
6587 7149
4834 9045
9599 9663
6652 8451
3346 7738
8625 8950
1694 5554
8106 8228
361 7621
604 2036
4409 9076
6225 8300
648 3626
149 2660
7994 9954
1299 4249
7511 8500
1987 2231
6853 7142
1735 4544
7220 8136
5718 9552
1856 2883
42 1461
7698 8627
7031 8164
8796 8899
1419 3290
8517 9624
5411 8029
3250 7927
8173 8469
6929 9847
2235 4200
3043 4968
8158 8547
5916 8568
2370 3082
3007 3302
8041 8881
7211 7478
2898 8024
1594 5836
2296 9510
2279 2770
2364 9251
2373 5957
1078 8922
4742 6892
23 2203
2760 4491
6096 7006
3853 8644
9183 9681
2335 6668
1290 3296
4959 8822
88 4531
2475 4779
8769 9226
8138 9348
7786 8690
2460 6388
8052 8634
6927 7789
4795 9064
3877 9858
8170 9517
7737 8781
690 6774
3114 4375
1178 4719
54 5573
76 959
7011 9113
7850 9924
8378 8881
8771 9970
3870 7354
5071 9858
1388 2988
7993 9302
5081 8656
1849 9408
6087 7788
8780 9735
128 8198
5128 7954
8257 8379
2895 5537
6338 7511
7919 9996
9552 9860
2944 7369
7826 7936
4068 9133
8483 9436
4737 9287
5136 8148
4092 6889
4741 7234
3144 7678
308 8339
8946 9800
1227 1324
1579 9887
4426 5494
3322 4046
5276 8590
735 4396
3397 7120
4507 6256
2855 7804
1161 4125
3401 9203
2064 8561
4509 9961
3769 9038
9586 9746
5896 6341
9334 9560
9045 9455
8617 8672
2773 2786
1094 4804
6983 7852
5232 6269
6450 8129
4041 6952
5426 9684
6432 8963
431 9665
6484 7935
6109 9715
5271 8432
7591 8220
3682 4984
8761 9358
4736 8160
3155 5263
5280 7417
5128 9193
7942 8149
4534 5608
9406 9437
1643 6729
5421 9786
352 3868
4217 8892
7342 7694
5088 9281
8032 9925
985 7154
9275 9870
3732 5651
1677 7746
9577 9856
9122 9475
9450 9501
8925 9091
365 2989
6899 8389
3166 3288
3505 8174
185 5300
5094 7196
9673 9913
9519 9780
9221 9441
2055 6892
1408 6035
6197 8278
2880 6801
9762 9838
3123 6070
1835 8010
9693 9706
9728 9803
8656 9237
3035 5509
4022 9956
9929 9989
2019 3883
813 5375
9901 9963
4008 9539
9267 9739
4959 7813
4728 8208
7929 8759
1764 2240
4946 6651
5363 7600
9061 9451
2425 3557
6942 7827
7517 8791
9864 9973
4249 5558
9792 9922
2022 5324
3653 6685
3363 6857
7922 9947
9604 9824
6454 9554
1747 4950
5974 7480
6488 7278
8889 9430
3711 8223
6188 8627
2808 6733
4807 6572
6887 8527
9858 9988
8628 9687
9608 9627
3390 5970
5216 9182
3147 9401
4012 6524
7191 8128
9638 9688
2093 8994
3811 9639
3750 7137
486 7610
7382 8718
2301 2644
7410 8816
8266 9797
2842 3582
9510 9995
4888 5323
9660 9760
346 3570
3020 9473
2983 3470
5605 7150
8567 8915
4162 6978
8722 8769
8816 9209
3410 9261
604 6581
7305 9888
9004 9321
6935 8343
300 3328
2566 8444
8812 9912
5758 6441
8662 8814
3484 5900
1852 7340
6028 8132
8168 9087
7775 9571
7605 9255
4152 6313
4445 9262
4676 7858
7571 9304
2633 6208
2590 8307
1114 9799
9367 9707
2256 6509
824 5609
9245 9559
3912 6049
4134 9867
9508 9803
1137 8627
2248 6973
8570 8967
8045 8601
9289 9958
7047 9763
3218 7953
864 5688
4793 9633
5552 6542
5202 5481
9816 9902
9730 9922
961 2527
5422 7543
1946 3700
4109 7464
5127 8328
5465 6749
3055 6469
1523 9763
2011 8108
1166 6980
2841 7279
4132 8657
9603 9925
7147 9100
5459 7086
2214 3105
5877 8454
9271 9436
128 942
5192 7671
3917 5058
8879 9588
1397 5423
2997 9922
6960 9055
2820 9499
488 8282
5240 6641
542 2519
2170 7639
7879 8252
1453 8951
2073 5343
1567 9915
9038 9671
4768 8302
8886 9214
8642 8708
5200 6942
1178 7342
3083 3612
311 8495
2102 3849
2969 3006
9208 9527
2950 6826
1905 5543
2852 9810
9461 9488
3710 4941
4653 5794
2416 4724
7852 7912
3068 4425
7676 9391
4756 8061
769 9199
3726 8774
2444 4685
8335 9846
3411 5989
3467 9637
5925 9878
3507 7741
5611 5721
5763 7860
2708 4558
9982 9988
9280 9976
1783 6210
8672 9279
9909 9971
797 5326
1989 2744
7910 9339
8841 9081
6578 7555
4798 9203
7307 8283
6793 8820
5888 7884
4963 6373
1096 1308
4388 4482
5816 8364
1457 7393
7532 8093
3127 5158
3206 6640
7722 8497
2794 8649
8325 9142
346 4273
3020 6138
5989 7480
5606 8629
6032 8616
8123 9979
8772 8978
9479 9666
7251 9920
7881 9243
4369 6984
6685 8768
7988 8575
7959 8885
4948 6032
9782 9835
3110 9243
6400 7842
1103 6722
6137 7684
55 5087
9317 9850
9646 9715
5687 8865
9753 9852
4632 7964
9971 9992
814 4639
3785 4234
6737 7803
2979 3109
8370 9762
4289 7732
9699 9726
3486 9125
874 2411
1640 2983
2810 9525
9136 9907
7982 8027
9747 9832
5475 6503
8709 9304
1062 5086
425 2149
2094 2759
3629 5758
1489 3857
8145 9701
9721 9888
332 3760
9651 9779
2319 4283
5749 7603
6281 9230
5253 6097
7724 9303
4801 9585
717 1058
3503 8214
5104 8778
6420 7656
1507 3024
2074 2321
1949 7398
1073 4004
6044 8037
4965 7846
371 5663
6935 7734
6645 9327
3688 7431
4047 5981
9402 9471
5415 5709
8540 9981
6841 9791
3888 9260
2539 6306
5288 8482
3064 8735
2313 3550
6780 7708
5150 6308
2943 8567
1409 7742
5633 8081
469 6586
942 4871
721 6748
8359 9226
3911 5203
9417 9617
5786 5883
8322 8809
3728 5118
7461 9170
8624 9113
4008 4297
9492 9750
7212 9707
7249 8937
3874 9175
3776 8816
7725 8663
8405 9232
1509 5365
4642 8700
7135 7392
2350 7315
2400 8001
4158 6877
5801 7576
9141 9209
9407 9993
6244 7481
3670 3888
2899 6724
2685 4309
1027 9317
8724 9228
4178 4865
4143 7041
6307 7424
6205 6369
978 5227
8537 9728
4246 5239
3277 4292
9140 9991
1402 5969
2575 8710
1320 9897
9446 9687
7802 9928
7346 9649
6867 7587
7451 9557
6957 9047
7929 8453
3300 9521
7353 9589
5827 5844
2048 4484
6401 7758
1839 2646
8273 8762
7266 9200
5478 7355
2956 4540
6642 6824
7974 9525
8949 9182
7805 8942
4395 5148
9480 9995
760 8462
7681 8462
9629 9741
3789 3892
4989 9373
7954 9861
8007 8026
4485 4828
1086 2768
6421 6733
658 7668
8978 9961
7657 8708
9141 9164
5311 7351
3139 8401
8004 9410
1503 4947
327 5563
7669 8807
7834 9353
6128 6707
3537 6692
9797 9806
6275 8483
6783 8552
9956 9995
553 5632
2477 5982
9383 9737
7877 9049
3585 5349
4564 4676
7227 9683
3814 7540
2118 3403
8340 9133
8620 8991
6562 8286
7056 8880
1693 9211
9512 9712
6736 9322
2832 8936
4430 9848
439 1004
5039 9940
6100 8631
3169 7803
6614 8816
8115 9307
9563 9597
1503 7410
1627 3098
1573 7773
3329 6082
1374 7303
3885 5794
364 6338
2184 5766
7684 9046
4826 8068
4820 5025
6262 8246
6357 8388
9242 9527
9374 9726
6214 7243
397 2977
3418 6835
7209 9965
2404 6887
8908 9287
5917 7783
4203 9633
7669 8936
6600 9182
3560 6626
4646 5829
9914 9988
1003 6114
8524 8736
5398 5910
8769 9799
5089 7873
2032 7680
8337 9824
409 8556
5306 7332
5072 7243
5301 8660
8374 9170
2531 8079
6699 8388
6360 7099
4004 7564
5604 6596
8524 9930
3852 7028
884 6975
4374 8377
8241 9143
463 3399
2408 7814
9661 9983
9226 9348
5231 7913
7534 8166
4441 4645
6653 6671
8346 9769
11 1014
2282 2439
1112 5960
5444 7709
705 5532
6644 7499
4875 6848
8877 9671
5837 7022
2527 8228
9590 9797
7038 8699
9822 9953
6981 8872
4912 9093
7434 9745
8567 9893
3361 9608
9947 9960
413 555
2304 8641
8740 9601
1281 1723
9530 9721
2175 8117
2029 4533
8650 9162
3789 9313
1670 3395
3375 9681
8918 9626
1210 1433
3485 8587
7617 8542
8659 8957
2793 9968
7906 8550
818 6672
4910 6118
1004 1582
5495 9148
2776 8063
2998 3198
3118 7135
8857 9228
2361 3738
494 7474
1499 5434
6225 9138
9708 9963
3436 5233
313 8809
8486 8769
7446 7818
2102 2353
4148 7370
7261 7904
1425 3077
699 6607
6687 7015
3191 8213
6317 6732
2038 4104
3072 9566
3899 7420
3180 4699
1972 2161
660 4779
1719 6118
822 1281
5025 6557
4564 4758
3790 7841
2075 2741
574 8249
2221 2983
7212 7661
4042 6161
9491 9747
1009 5914
82 3622
2389 2855
2855 3826
4388 8013
1653 4146
3366 4063
2064 4035
6546 7752
7953 8109
4224 6051
2813 7034
2365 6336
1506 9866
1960 6319
3928 8670
6500 6699
3236 9050
3746 4233
217 9565
538 2979
3647 9785
7297 8725
1335 2070
1887 3471
7570 9742
3316 4211
573 8096
9918 9968
6054 8471
3651 5049
9135 9618
4951 5197
4724 6164
4890 8537
4503 7604
2138 8690
7655 7882
1620 9281
6867 9038
5563 9844
6533 9286
9723 9875
9326 9794
2920 5272
8497 9055
1661 3659
9596 9681
5462 7338
3712 6348
4251 6980
5368 5718
6440 9176
6696 6901
7506 9742
9277 9969
4833 9521
8183 8980
5155 7296
2724 4615
961 9530
3682 4650
3877 8568
4868 5588
1277 3991
8507 8741
5191 5733
8043 9910
2352 5223
3207 9508
7107 8065
2393 9563
2627 4571
373 2752
2546 7715
2236 4643
4336 9531
3848 7937
1721 8900
5104 5521
8200 9464
6214 7260
3000 8075
4180 6049
2829 7244
8292 8293
8798 8866
9756 9976
3589 6203
1855 6959
9356 9580
3883 8594
782 7233
4659 9307
2730 6690
5090 9823
1473 8139
6640 8810
8714 9162
2604 7169
6030 9670
9439 9888
4758 8888
407 6638
621 7862
4958 6809
3225 3453
4203 9477
6448 6831
6062 8612
8964 9901
4869 9984
6570 9866
7532 9214
1638 2744
7663 9557
5158 8538
8075 8889
5370 7056
6798 9853
8074 9379
7794 9595
5728 7599
9221 9955
2350 2909
4321 9072
697 5209
7254 7616
9528 9798
1814 7634
289 2497
3170 7861
2740 6797
6826 9697
2736 7022
9894 9990
7673 8968
2978 9586
8400 8503
6313 9015
322 3774
2079 6829
8861 9519
6588 9689
6862 8709
8781 9009
4983 9611
6698 8393
2861 9453
604 5478
4297 8329
2287 2860
166 3362
9203 9570
8280 9619
2545 4600
791 8043
6661 8904
6075 8767
179 4342
4637 4967
2869 8666
3648 9607
4369 5204
9230 9895
494 3644
5739 7844
5303 8168
7496 9546
1557 3169
7851 8835
9808 9893
8053 8900
4478 8096
5693 5821
9926 9960
5071 6528
9250 9550
1817 8123
3244 5637
6286 9691
529 5711
9417 9852
7502 8947
1386 9340
2618 9437
8423 8746
2815 5008
5947 6055
6330 8798
4350 5589
2622 5992
6410 8732
2445 7388
4172 6159
4770 7439
9910 9918
7973 8920
1243 4179
4177 6958
3538 8094
9582 9653
6005 9125
4881 5485
1638 2445
201 8961
8839 9842
2410 9682
1502 4432
7220 8186
8058 9378
6753 8202
3260 3751
632 6450
8835 9900
961 8965
6167 7970
938 4515
1871 9816
9991 10000
2844 9281
8919 9645
6690 7188
940 7787
5390 9252
2585 5409
3638 8396
7754 8813
9134 9487
3086 4822
9411 9495
1148 2089
2246 6986
7366 9344
2726 6123
299 6464
8003 9790
2764 5051
5399 5992
6280 6672
8321 9256
913 979
826 6029
111 5286
1469 5171
6396 7621
4873 8553
7028 9575
419 5732
8901 9785
6750 8352
5550 8119
4107 6788
800 3407
7549 7567
3310 7648
7911 9007
2823 2856
8085 8866
4709 6856
9096 9217
7170 8130
7916 8161
3481 9182
8053 9602
934 3914
4207 5317
5228 8029
1287 5894
3812 6012
1380 6962
1529 4050
1457 1628
5161 7472
9855 9888
4378 9137
6136 9232
2136 9703
9608 9745
2276 4496
6115 6458
5517 7952
1906 7688
5587 8532
9570 9901
2492 3582
1419 9429
1723 9563
940 4078
7211 9907
8835 9356
5413 9701
941 3980
4376 8627
5403 6004
1146 7906
1531 7657
5708 6104
5869 5897
7493 9041
7935 9834
2805 9011
9295 9555
917 6438
4085 5202
3690 7898
1247 8496
3944 6967
3323 9876
9258 9802
1301 3961
7675 8867
2241 2841
1878 8896
11 2672
8136 8321
5181 8298
991 8989
9676 9791
1922 4750
3445 4620
9695 9840
4820 9538
5036 6275
9199 9921
4796 6775
9693 9985
5332 5438
3834 7105
6586 7519
9317 9557
5249 9195
4150 6385
5215 9404
2600 5358
5800 8158
8506 8515
3335 3505
3605 9506
1163 1913
5870 6812
8564 8855
2402 2410
6224 8128
8452 9412
3111 7889
8625 9363
6545 7225
969 6520
9782 9947
545 3970
5895 7608
8589 8833
2180 4779
3255 7940
1599 6016
7294 7896
7139 9113
5012 8202
6581 9000
2440 6377
6844 8995
4941 9338
6969 8470
3038 4491
6925 9263
2327 7648
5277 9127
8308 9103
62 8875
5863 7461
2697 7638
1132 5434
376 8749
2528 7043
9857 9998
5880 9755
9830 9875
3106 5917
4340 8446
6519 7245
9210 9549
7206 8763
6289 7689
6290 7909
5382 8364
703 6365
4525 9044
5628 9263
3662 7905
9470 9602
7831 8146
5706 9417
823 908
3338 8364
2219 6327
9696 9720
1982 2363
9425 9857
9023 9513
594 6001
7345 9575
1902 8014
242 9402
4717 7559
5748 5991
4170 5210
6678 9325
5904 6513
870 6095
7571 8850
6365 6690
9311 9560
6566 7591
7216 9758
7438 9476
2596 6749
3301 8083
1796 4779
9059 9809
2324 6881
6277 9112
7883 9669
7337 9324
4869 5173
177 7620
4239 9719
1083 8736
2232 5096
2744 8711
555 7091
7193 8159
3711 3989
9140 9335
7299 9386
5809 7795
4592 6339
1284 6329
44 6490
2803 8045
7122 9982
6547 8126
3818 6895
217 567
3198 7100
9798 9809
499 3907
7095 8429
1726 9584
2567 8318
127 671
8260 9377
8050 8422
1942 4363
2571 5500
416 9707
1180 8336
6328 9786
2194 7839
2159 6103
4967 6226
9364 9641
6353 8917
6300 6673
5335 7563
3918 5129
7520 9776
3223 8645
8153 9521
5598 8989
2590 5699
6736 7354
2373 7429
987 4265
5387 6662
6642 9620
2729 3605
7467 7686
2975 7131
6960 8575
4836 6298
8669 9595
9230 9497
5219 8909
7813 8714
9 9566
7443 8064
677 1485
9822 9846
9187 9861
6657 8272
5657 7710
1875 9054
1036 5815
3301 5956
4067 7330
9728 9886
217 7946
3807 7017
3988 6744
3370 6330
7632 8425
7715 8831
8475 9575
2892 6130
7231 8672
9163 9864
6444 8591
5725 7113
7293 9344
5698 6907
8579 8581
7130 8224
3802 7005
6956 7087
8139 9624
3921 9541
5662 5715
847 4103
5228 7298
7130 8038
3945 4925
3112 5237
6715 9832
4664 8906
1790 3969
9794 9955
2707 6845
5159 9896
4861 9892
3473 4211
7977 9593
6572 8351
9265 9880
3713 4195
2839 9309
5936 8052
6490 7269
5023 9548
3826 4618
1941 6615
4285 5081
4530 8374
7895 8837
2096 2132
8284 8904
576 878
2074 6025
9151 9965
4543 9304
2048 5760
4870 7525
2306 8808
7574 8719
1385 4263
8104 8624
6894 7017
1931 9048
7118 7956
6754 8965
8034 8171
7076 8583
7249 9370
5068 8197
5893 7906
4653 5205
8548 8761
6775 8453
7241 8904
916 6415
7269 8768
4447 6362
7936 8180
8800 9192
8687 9964
9383 9727
162 8578
587 5177
7272 8688
4776 5450
7883 9548
2187 4942
3844 4237
7518 9135
5126 9746
7082 9658
3349 6779
9320 9933
8735 9148
3185 8303
8228 9211
913 2378
5451 8200
7919 8324
140 3748
1701 5234
4837 6105
5803 8294
6319 9256
2799 3063
6115 6353
5759 9299
2272 9913
1075 4884
3900 8413
2084 6721
4386 6611
7035 7230
5619 7272
783 9612
9704 9934
8662 9716
8819 9481
8456 8806
6643 8169
9036 9305
9457 9967
7385 7953
2163 7198
6023 9022
1031 9458
8960 9778
6135 7115
8922 9036
8604 9137
1241 2059
6823 8066
1960 7304
6571 8611
5127 6729
667 3172
151 9159
2882 8775
8083 8146
7184 9062
2093 3679
3145 5789
163 4883
7745 9421
7123 8827
4515 5369
6596 9027
6790 7318
7602 9480
6445 8189
8645 8894
3151 8322
8425 9999
3450 4898
1802 2526
8350 9936
9970 10000
9987 9994
5497 5791
8835 9806
5818 6968
6664 8966
193 9116
9487 9734
367 8721
3883 6162
1975 6896
619 9796
1218 4070
9228 9776
6094 9830
2036 5412
5904 9619
6043 8089
7716 8888
4527 5293
8504 9748
258 9898
7408 9540
5161 5394
4185 7974
6969 7423
7978 8706
614 7324
8242 9775
8141 8852
8510 9623
2199 8528
5858 7548
8205 8798
9799 9888
5465 6526
6503 7839
6513 9098
2656 6895
3016 9806
3192 9215
8376 8917
1782 2204
2892 6879
6105 6228
5834 9691
385 8189
6179 9650
5174 7930
8857 8881
2920 7035
9779 9937
1435 6120
645 2696
9849 9910
2350 9786
9471 9947
1957 5700
4468 5827
2073 3335
8731 9383
1005 7074
4786 9386
1218 2474
4341 7165
4139 4859
2874 8452
6335 9240
9374 9866
5239 7248
5476 5632
9287 9889
1602 4641
2991 3786
180 4055
5760 8982
9259 9457
7143 8148
3803 6917
2796 5836
561 5713
4496 4704
3620 9905
7367 9192
5035 6852
4961 9043
2593 9948
6886 8533
5024 7080
9834 9995
6946 9054
7363 8214
1376 9469
2518 8911
5800 9239
6434 8313
7706 9806
9563 9677
4850 5688
5159 9269
5449 7603
7060 9116
190 8486
7304 9334
2161 7197
2799 8162
2386 4582
9846 9893
4340 7819
3880 5021
8953 9529
3953 9218
8580 9509
4670 9652
416 1925
5262 8718
3625 5777
1993 9269
7216 9819
8331 9158
5687 8403
6954 8294
4554 7789
3503 5306
171 2026
6169 7874
4171 8949
6018 6484
5847 8588
4036 6895
8717 9026
4327 9124
9747 9873
1278 8724
7985 9776
7716 9814
3254 5390
8536 9648
8602 9055
9288 9349
724 7911
170 2486
1791 6646
9701 9942
8067 8999
9366 9871
5780 5977
310 6830
7240 7416
7962 8199
5198 9216
2012 3631
8179 9875
748 6695
6988 8960
7759 8558
1609 7094
3906 7924
7620 9313
8533 8697
762 2628
1771 5841
8489 8955
1613 7849
8703 9343
7448 9147
9635 9759
5608 7387
9709 9855
4691 9844
638 4013
4903 7114
7548 9180
4948 9144
6089 7990
3061 5218
6735 9811
2226 7052
3693 5831
3983 4633
2283 5897
2908 8137
7865 8489
3926 9980
921 8192
780 1046
360 1390
3287 7554
1519 2080
987 6670
2457 3087
528 6285
1146 4013
3739 4927
2611 2927
6669 9059
2177 4355
6376 7716
8945 9314
1494 9427
6294 7416
296 6113
6105 8727
7993 9169
4376 4786
5235 7663
7954 8323
7444 9801
9853 9870
1075 5730
6169 6675
290 6094
5749 6941
2898 7743
1937 8460
5768 8986
5222 8751
6739 7842
8041 8806
4758 8858
8275 9598
7902 7972
6436 8889
9802 9893
6407 7838
8767 9375
2796 6710
1806 3787
4536 6457
1020 3583
5048 8880
8108 8530
8726 8949
8166 9895
5492 9772
3491 9729
2905 6284
6110 6757
4975 7681
2015 4520
5830 8355
3041 8668
9525 9748
1248 7396
9903 9988
7328 8843
2025 8105
2521 6243
4402 9524
3653 8976
1215 8754
4137 8309
4957 8694
6465 6542
7995 9028
7063 9252
7333 9678
4098 4586
621 3925
6882 7320
4377 8357
6041 9356
7585 9429
5289 8578
5375 9132
4084 8063
5358 6808
9217 9927
8886 9302
9441 9917
4770 6752
910 960
6757 7435
6812 8196
8183 9990
134 8851
6689 6734
5232 8806
571 9728
1354 3896
2682 5909
3023 9438
8574 9660
5102 5599
5418 5738
3744 9460
9316 9486
485 6081
4584 7264
6852 9053
8457 8674
9423 9610
1535 1750
4752 7424
3779 9183
3650 4098
2367 6360
5444 5481
8710 9381
1674 4901
4636 5004
8765 9077
3782 5699
9626 9974
8243 9990
6588 7944
2289 8852
2481 5580
3952 7396
5393 6081
2539 5298
277 9897
4601 8253
5327 7051
440 1957
6435 9286
2080 3624
3697 3729
204 6027
4438 5443
3007 3115
9846 9923
7389 7424
1409 3905
2501 9696
7409 8979
7080 7671
2698 5067
1365 6378
9220 9332
137 776
9677 9718
1360 7439
347 2272
2185 4405
2060 6773
2432 7120
6064 9512
3650 4001
2484 9558
1537 4937
9258 9921
2280 4812
3179 3903
6906 9722
4575 8620
514 3950
3325 6754
5739 7808
9728 9845
9230 9320
7493 7701
5837 8191
9255 9262
2946 4128
1040 5276
1695 2045
6641 9147
2821 6057
2212 8886
4162 5419
6753 8490
6162 8021
7222 7970
8825 8901
836 2240
9011 9318
3310 8612
795 8769
6286 8872
312 5036
9318 9934
188 3911
8945 9967
9554 9777
1195 7240
4178 9966
7457 9605
5847 5948
4791 4854
408 7485
5992 8183
4148 8632
6174 8170
6170 6311
6975 8457
2485 8431
4305 4813
4798 5966
1797 6994
2231 8591
7575 9910
3957 4193
332 6591
9872 9981
2148 7192
7801 8346
5885 7207
3909 8827
6804 8507
1838 2188
1240 7726
7915 9425
5306 6005
5548 7398
6526 9454
8081 8100
6971 8443
9867 9952
978 8651
142 2184
5939 6434
8515 8833
1949 5493
9549 9772
2412 6521
7425 7733
9234 9721
9571 9959
8632 9823
4107 4633
946 8429
3743 7962
6906 8160
2778 6195
2303 4914
1586 3510
1005 6425
3128 8181
7540 8480
475 5340
1817 7876
5245 8373
4893 8051
873 2611
3661 8183
8366 9778
2136 6984
1162 7336
8609 9708
1587 7219
132 1092
6107 9434
1142 3037
5198 5575
2801 4795
7474 9717
4734 9391
6522 7614
7105 7628
5560 8282
663 5516
423 479
81 347
9871 9899
907 2098
3779 5452
4208 4384
8851 8982
1951 8950
6868 9809
1787 5431
6376 9728
6199 8623
5462 7405
3768 4365
9248 9524
842 4583
3291 7891
9888 9967
7289 9892
2043 9387
5049 6817
4459 8604
4153 9095
1510 8244
2228 5767
5094 6774
5142 9077
1000 1313
510 3266
4196 9561
957 1425
1839 3775
6535 8161
2995 4529
8427 9377
3558 8885
9970 9998
9931 9932
3115 4926
5480 9075
9114 9560
6986 9242
7313 8158
5362 9243
9857 9888
2360 5132
3707 9125
1087 3418
1841 7705
7511 9416
4328 9386
3589 8648
8514 9504
9892 9937
565 9236
3665 8996
6997 7463
1720 9422
2568 8444
1706 8547
6859 9675
4733 7827
9037 9824
3892 5221
8070 9905
8135 9170
4978 6384
4197 9806
7165 7303
2078 9091
9413 9478
5812 8111
7599 9108
1506 9258
4356 6422
136 1400
3279 6051
3182 5920
6762 7268
3023 3583
6041 9414
1115 1358
8724 8953
4818 8958
3285 4439
145 3202
7186 7770
3327 3983
3839 4874
2337 9713
9723 9867
8174 8479
6809 8073
1267 5924
7566 8308
3945 6419
2313 5889
6341 9351
7082 9063
228 8620
3988 9249
1768 8056
4712 7683
4196 5753
2864 9643
4962 9325
9121 9241
3498 5129
1743 9442
642 2975
7517 8760
6085 7038
1727 8017
8390 8709
5452 9987
119 3497
8553 9069
8555 9886
6503 6855
422 3847
7454 7591
1384 7977
2062 5186
6338 7205
5779 7873
4552 9049
6593 8567
9752 9875
8884 9020
6389 7141
8999 9379
9570 9631
2211 7357
9480 9627
7976 8413
1254 9027
9628 9656
2924 4685
3013 5952
4805 4897
7983 9764
1771 2249
3479 5618
6040 6906
7024 9578
7410 7664
5042 8711
5448 8165
3938 9779
9908 9933
2131 8749
4515 8408
6897 6949
1292 7968
9251 9674
8939 9918
2441 3730
5911 8781
5169 9690
2652 6172
2042 5776
931 2649
6363 7986
2471 9414
8950 9458
3356 8600
2793 6722
5616 5902
1311 9450
6399 7380
8615 9438
3845 6019
5719 7446
9814 9988
5633 8849
1657 6100
2485 2673
6683 9612
7738 9306
5194 5551
6867 8073
8209 8318
7275 8360
7838 8673
6207 8144
4522 7360
784 3702
7281 7514
9918 9972
6125 9352
6317 8719
7308 8210
5415 5768
5981 8997
1613 4020
3163 3992
2892 2997
3357 4816
6484 7073
1639 8991
5870 7802
9684 9930
3327 6651
7547 8714
7142 7814
7883 8343
5253 6143
9180 9802
6148 7067
6267 7970
6941 7700
772 3347
506 9919
3178 5319
7736 7879
8542 8560
1284 5202
4610 5623
7392 9655
5415 8926
6835 8501
8187 8421
9665 9817
5714 6307
8163 8757
8543 9881
2938 7998
7495 9819
3915 8881
5333 6895
7990 9649
5676 7085
8740 9945
9024 9302
9880 9970
6768 7955
6867 9060
1502 2259
5569 5911
4030 4457
9129 9227
7819 8657
3931 7559
378 3817
8610 9663
2504 5871
826 1424
4054 9810
6579 7682
6666 7974
7087 9167
9225 9737
7155 8665
419 8774
5999 6555
8591 9859
7903 8276
7305 8367
3320 8948
7190 9727
2170 6371
5821 9820
9140 9392
6135 7591
8587 9399
8020 9592
1111 6672
8854 9447
2654 4477
5414 9057
1087 1916
714 777
1203 3419
5781 9137
6359 7646
2840 5915
1168 7625
5672 9777
8023 9125
728 4306
4675 7957
1160 5589
4585 6181
5848 6352
1688 1977
8441 9090
5284 8961
3127 4921
9542 9914
4864 9541
1711 6990
8021 8885
8680 8715
3659 3826
3025 5421
4642 8065
3123 5796
3352 5052
8783 9931
1211 1560
6146 7303
5233 9118
1249 3318
6918 9072
3049 8002
8966 9206
7382 9461
8150 8601
3579 7101
3272 6106
9912 9998
6187 9118
121 7515
9820 9933
6706 7712
2963 9526
3984 4100
2100 5353
9371 9588
7305 9585
2577 5055
1893 8816
9509 9740
8477 8609
2559 5192
8628 8957
8401 9796
3522 7006
8414 9552
9481 9511
5238 7059
1499 5503
9883 9885
3122 5332
6765 9070
6342 9153
8496 9650
4563 8235
360 3064
7120 8807
4348 8493
3814 5421
9035 9386
3623 5261
6976 8883
5182 8578
1986 2424
6663 9176
4399 7574
2992 3754
1923 2223
8569 8881
4713 4893
5515 9286
1047 3043
8007 9919
7108 7284
714 9040
2656 4974
6366 7956
7636 8015
6236 9320
7995 8453
6322 8856
2749 7601
360 7015
6774 7470
2267 6035
9713 9790
8784 9133
4975 7221
5207 7790
8356 9620
4984 8347
2422 3609
7173 9824
9392 9436
3252 5215
2967 9062
6484 7453
4868 7005
2162 5964
8811 9334
9736 9892
3845 8431
2755 3603
5812 9850
9724 9748
6407 8016
9957 9960
9618 9972
4149 7362
6274 7866
3066 7436
8100 9537
4378 8743
1697 8045
1639 6424
5286 5846
3989 9526
1857 4236
3123 5807
5415 9056
2689 8461
5993 9961
2065 2107
6920 7037
8652 9749
9282 9835
2919 9343
6960 8218
3371 5439
6025 8804
5581 7452
4395 8489
5321 7787
8114 8498
5966 9150
3804 9915
1315 5064
378 7833
9006 9569
3393 4312
7457 8659
1606 9837
4571 5878
9078 9084
4924 7794
3235 3730
426 8288
5286 8073
301 4395
8001 8198
9284 9464
3234 8026
616 3711
4969 5895
2471 5734
9152 9494
9370 9762
9034 9248
5275 9913
3787 6283
3330 6707
5208 5338
7393 8809
7275 8825
3213 5109
6241 6545
220 6507
2938 3365
7065 9656
7784 9173
4507 8277
1535 2437
3771 5224
2207 5883
2478 5980
6992 9535
548 5862
961 5500
9152 9506
4125 6146
4646 4750
3849 8541
9908 9909
793 1717
4298 5436
1153 3124
1782 7532
2749 6909
3751 9721
5861 6567
8874 9994
701 1247
2298 3283
9334 9768
5917 7158
7385 9039
4856 5459
5866 8884
9995 9998
8683 8996
5601 7751
6726 9352
3591 7067
2079 5946
743 7085
1182 9759
5034 9851
7259 7277
9616 9750
4176 7739
6624 8115
1879 9229
7511 8048
1084 5365
9653 9696
5109 9611
2098 2644
4681 7777
7286 9479
8944 9917
7309 8792
8088 9408
6932 9657
9782 9951
3961 9632
5389 6212
2385 9664
5634 8737
6809 9994
2037 9311
4063 4071
7060 8377
7802 8273
2585 8083
7374 7614
2380 6223
2423 5430
6064 9932
9213 9557
9145 9884
8449 9238
8393 8587
1410 8997
4357 6156
2623 7970
7371 7833
3468 6269
5141 5423
3475 7879
6596 9709
6669 7226
2378 2431
5653 8296
213 6422
9351 9560
274 3574
9485 9754
7299 9401
360 9827
8904 9558
9292 9406
5626 7467
3751 8467
5013 5438
7001 9324
4716 5679
8914 9855
3703 6509
7256 9017
1569 6311
3126 9247
496 3887
6924 7650
2308 8349
3726 9978
3451 7950
8982 9523
1977 8757
7023 9513
2995 7046
280 9300
7903 8489
3383 8002
6257 9489
6365 6626
2497 8341
1541 6975
7424 9949
1349 3116
5813 7048
2148 8491
1561 2194
3660 6311
4098 7273
9338 9613
9283 9524
2718 4058
9275 9841
3697 8149
5824 8584
9021 9137
5585 8917
7770 8819
2123 7310
1377 5989
5261 8716
9623 9769
3457 9802
9120 9158
4454 4491
5522 7567
3802 9243
4105 7065
1274 6872
5222 6865
3429 6605
8908 9292
2723 9521
6672 8825
3449 3761
6477 6847
6616 8894
4551 5366
613 4211
5354 9211
5806 8495
2242 8003
9606 9989
7566 8088
8098 9482
3214 9741
8753 9009
3227 3356
7150 9052
2948 6408
4111 4315
9983 9989
8716 9253
3968 4953
5338 6595
1520 6250
1318 8872
4333 7667
8130 9133
4495 7200
9343 9360
9150 9461
4006 8407
859 2242
3759 9417
6427 7409
3800 5214
4795 8825
4424 5688
3861 7845
1486 4520
8870 9191
3281 7461
3199 7463
5985 8203
3893 6648
4932 7249
507 7590
5034 6578
4680 8537
5744 7487
8503 8797
395 3891
6591 8053
9569 9682
8538 9388
3337 4108
3070 3191
125 3122
8607 9543
9045 9272
9944 9952
4863 9452
9746 9892
8419 9861
354 570
6225 7605
1823 8065
2086 6189
6729 9810
4347 9397
7229 7244
793 4397
3248 7565
5357 8830
897 7870
4580 5545
3569 9579
4390 6855
1626 6935
6700 8457
5284 5932
726 9573
4174 8374
2823 6685
9214 9349
5477 9533
9075 9456
7007 8846
9771 9972
7955 8305
1420 5667
956 4541
792 831
5998 9053
5160 8662
4856 5612
2949 7806
9224 9282
159 407
6904 9490
6051 8887
6462 7265
9223 9473
9184 9925
9267 9820
2993 7079
9197 9908
9033 9466
2086 6240
3765 9494
8662 8699
5451 8567
7900 9519
5294 6688
7036 7461
3132 8647
7589 7895
1357 8924
7260 7911
6757 8420
4912 9450
9938 9976
2749 2827
6690 7194
5234 9326
1479 6992
1336 4993
2260 6947
3819 9189
1997 5362
6628 6985
584 8093
7791 9032
7013 9389
2593 9723
8542 9494
9514 9888
4146 9357
7221 7985
7421 7594
2753 7635
6250 7464
4090 8911
5428 9212
1745 6981
8624 9799
4460 9343
4569 4838
5191 9550
1243 5909
7057 7380
5110 8514
8065 9829
9165 9843
8509 8633
828 5467
9118 9736
7910 9872
666 7774
9572 9776
78 9351
7507 9185
6473 7893
3066 8438
14 7959
469 9627
2912 4812
4654 7217
6690 7497
9976 9987
5943 5964
6535 6670
8811 9605
3682 8768
9070 9948
9683 9691
6950 9090
2451 4456
1666 5073
9483 9785
8500 8928
4825 5473
2164 3585
6825 9968
4416 6027
6244 8543
213 545
7897 8809
2027 5237
6845 8072
2170 9956
5830 6356
7489 8486
5984 8586
9266 9604
8964 9477
8581 9862
673 4270
5142 5233
1067 3359
3330 4608
7273 9556
7083 9655
8747 8855
2084 7301
7042 7225
132 9399
6576 7352
1486 3461
3502 8916
4416 6009
612 9297
9177 9350
4775 7695
8843 9143
1165 4609
2558 6330
2232 4016
3550 4929
7681 7912
8595 8784
9243 9656
5314 9026
7960 9742
9570 9800
6326 8499
1939 5920
4992 9850
2514 6306
6351 8913
1093 3044
6578 6921
8206 9133
9588 9985
9224 9596
2865 3577
1944 6998
1986 4088
7254 9929
38 5608
6232 7822
6172 9708
4 6518
8530 9148
2476 9320
5708 8183
1670 7377
8160 8523
9662 9866
8445 8754
7769 9196
8402 9086
462 7130
601 2490
5416 6586
6188 8560
8709 9980
7137 7506
4238 7114
1757 8108
8235 8287
1412 3932
6337 7475
5489 8219
4515 4581
128 9820
117 6359
9256 9855
6056 9288
4133 5514
3588 7178
8827 9993
8995 9117
9879 9958
2464 9312
6387 8870
1178 7074
2162 7272
5889 6344
7826 8110
817 8955
5196 5797
6734 7851
7890 8475
4498 8076
2908 5469
9413 9560
6155 9987
8550 9832
4302 4863
4098 7037
5537 8417
7682 7819
3834 3868
3419 4272
1934 3491
9068 9149
143 4045
4343 9437
6186 8260
2796 3784
1526 7353
8888 9807
7140 9648
401 7826
4589 9262
9228 9866
9912 9962
230 9925
8611 8902
389 3789
7898 9390
3714 6198
9948 9963
5041 9915
8851 9496
7864 9038
1250 2437
5428 6474
2738 8993
8033 8846
4606 4838
3093 4048
8226 9700
9058 9416
9066 9919
9654 9669
324 3631
3601 9457
6985 8205
2278 7267
2164 9539
7674 9023
9169 9708
2386 4257
3840 5595
5528 8593
2598 8378
6278 9031
4190 8382
4674 7658
9057 9311
3618 6210
5928 8527
3534 9772
6943 7726
3189 7292
4968 7725
4037 4742
6409 8929
9419 9508
5943 7620
925 4557
1558 1915
1646 2767
9924 9933
3756 6650
5847 9416
898 7905
936 2555
8274 9570
9534 9836
3828 8567
8810 9218
3412 8415
9175 9528
6366 8468
3947 8377
1504 7715
6295 6375
6429 7895
9939 9948
8171 9800
7481 8872
99 6524
9152 9186
2624 9997
4416 5222
6123 9691
82 7254
1567 4517
4175 4460
9703 9879
7578 9305
8260 9724
3560 7794
8377 9194
5007 8001
8629 9002
9895 9921
1275 4768
3018 7665
4383 5245
7981 9976
5320 8681
2117 5175
9192 9889
1381 4193
400 6871
9340 9341
7673 9768
4715 6490
2813 5132
8349 8926
7784 7893
8655 9658
6413 7216
3197 9437
1556 8975
133 359
5727 9960
8645 9005
2550 3285
8977 9354
8942 9980
5365 8593
4474 5193
8333 9348
3423 8702
1244 3103
3655 8503
1289 2793
7524 9534
6500 8528
9740 9979
8294 8773
1625 6416
2692 7003
1959 8473
2014 5660
2061 8241
8427 9401
3152 8271
9749 9889
5080 5546
4051 5679
2670 6670
639 1522
6558 8302
172 7877
5199 7054
8996 9385
6431 8624
4810 8987
7285 8577
131 576
7309 9462
5769 9389
9307 9928
7370 7666
3554 9749
8406 9374
6129 8112
4706 6432
416 1980
4501 6430
727 4326
2655 9345
2305 2455
4981 9757
8658 9032
6910 7858
6856 8749
5836 6037
4593 4949
818 3615
9073 9427
9015 9034
9233 9520
2785 7682
7587 7985
7796 9946
2688 3661
7965 9399
6066 9928
2080 7631
9660 9692
9611 9888
4524 9822
6904 8653
6016 8726
154 3910
6396 7594
7549 8290
519 1019
1074 9394
4208 8201
8654 8757
2212 6441
9330 9778
446 7577
6562 9053
4859 6519
3400 4550
1203 4039
5541 7332
6599 7476
1650 9162
2399 7471
6155 7423
1464 2927
8733 8870
649 6588
1273 9869
3960 8972
4603 5517
4380 5731
5557 8448
1342 5377
935 6957
3884 9223
2818 9514
2463 3055
6821 7581
5067 8412
415 9701
1263 4673
8490 8900
3083 7080
4384 4780
3671 9432
3512 7884
9524 9647
1576 6518
1846 4050
7866 9815
5469 6567
371 9536
9319 9926
1264 8726
1592 9478
9855 9924
673 7220
4993 9873
3075 5618
1011 6881
5127 9749
9344 9635
358 8514
5143 6560
3400 5006
5060 7842
6631 6711
6359 9381
1191 5952
1351 5069
4224 7192
3929 6533
5273 7643
5370 9300
8000 9828
4700 9824
4068 9149
8605 9658
9186 9523
6200 8879
3936 9851
1753 9215
9988 9994
5194 6785
7264 7461
128 9968
6034 7973
5521 9876
7498 8059
6685 7679
503 8431
6710 8538
3260 9222
5491 8916
4475 6285
6136 6326
7032 7957
1021 5071
8024 8793
9184 9456
2511 9589
439 8492
71 8939
618 1028
949 2333
5230 6263
7296 9926
4972 9796
5918 5979
2408 9848
371 2704
8677 9092
3555 6242
7681 9782
9217 9758
9901 9903
5385 6011
2302 8396
1220 2782
7380 9179
4310 8766
3425 5601
9994 9998
1983 8699
7077 9776
5991 8532
8017 8560
7560 9594
1422 9371
1661 2237
8512 8936
8379 9330
3454 5862
1917 7334
9806 9956
2813 7590
2642 4469
3163 7535
794 3316
5968 8085
8537 8781
2422 7047
5215 9577
1015 1644
6791 8503
5587 6886
7617 8447
3203 9817
7809 8524
502 3679
3094 8778
4815 7945
3482 7027
5495 8431
8260 9774
7909 9818
1899 8829
5625 8408
3399 5241
7503 7855
1589 4689
8857 9146
5117 8346
6591 9856
5472 6266
6328 7767
6332 7228
6355 7262
4667 6253
5696 5871
8226 8998
125 6002
1272 4240
6839 8416
6472 6678
1799 2208
4198 8732
648 2572
8391 9159
5742 6523
4798 5851
6011 7802
3199 8146
9787 9974
1631 6160
8923 9643
4704 6434
4804 7582
6156 8415
6896 7941
9918 9939
27 6388
8627 8782
5485 6005
4289 6399
8625 9858
2922 5540
1875 8018
2860 2962
732 5375
2716 8743
1917 7842
2026 7091
3900 8558
1890 3402
6412 9176
4691 5348
853 8304
1264 3070
5008 8697
3739 3870
6728 7144
5955 9707
2649 6625
8153 9266
9641 9878
4185 9482
8041 8183
3764 4629
3475 6183
9679 9825
2231 9394
6660 9091
7832 9650
8573 9240
7402 7909
1301 1669
6929 7027
9084 9568
2685 4037
8551 8901
2532 3016
8799 9038
9442 9463
8911 9118
8304 8366
2246 3213
2676 5856
544 8136
7610 8611
6023 6394
9635 9991
4938 8835
7922 9289
3643 4621
3256 5454
2972 9463
6213 8468
4565 7485
6243 8916
7248 7307
3356 7751
6675 7527
1888 4508
1439 2567
1122 8789
2710 8628
550 8320
3913 9584
2002 2450
2632 7119
9492 9921
7826 9587
7880 8860
3397 3684
1699 5485
2969 8387
8704 9700
1630 1747
3429 6291
6434 8419
7765 9649
4122 8608
585 6402
3551 4029
3396 8410
635 1645
3417 6085
6179 8417
3370 5743
2586 5384
8200 9171
3941 9584
3706 9340
8380 9261
3432 7478
1844 4981
8606 9485
4691 7535
2678 6428
3253 5982
3359 6469
97 5356
2928 5824
6435 9945
3292 3583
1794 3768
3571 8869
8052 8990
2889 2936
7320 8983
8603 9845
735 5266
6827 8458
1308 5079
3895 5911
5628 8778
5215 8999
428 2187
2737 4227
2574 8408
1249 7809
4991 6665
2276 2455
9472 9857
6357 7654
1232 8725
4585 6854
7001 8525
1599 4886
8919 9601
8960 9776
1680 1887
8834 8981
3057 3380
7342 7627
9897 9925
2565 9931
4197 5165
4344 8239
9580 9883
2393 6620
7735 8611
3609 4973
5311 5457
2663 7827
5677 6549
409 2168
4979 9934
4550 6894
723 2724
2299 5111
2915 7432
7271 8665
8292 9078
7705 9948
7324 7502
2659 8352
8894 9225
2282 8541
5185 5223
5319 9651
414 6103
1725 6810
5624 9026
8663 9731
8010 9750
8899 9572
7834 9283
1794 9210
5638 8306
6561 8345
5077 6950
362 699
9513 9828
3852 8323
2330 9249
4348 9561
7264 8766
4980 6573
2187 9878
606 1464
4673 8758
6598 7925
3539 6123
3869 6569
400 466
8340 8797
5167 7684
6637 6803
5401 8738
9302 9811
1203 5130
6359 7180
4933 7156
8958 9401
4051 7660
6607 7816
6982 7736
6035 7832
8474 9159
5944 6991
341 420
1341 6494
8885 9083
690 8956
9141 9876
1246 6559
192 7455
3636 7164
9108 9967
1619 3922
8063 9452
3675 5632
6615 7277
7276 7291
6462 9247
2757 4032
9552 9857
1745 7355
5328 8417
754 5539
9437 9816
9473 9643
1450 2578
9578 9909
9767 9802
7037 8391
7165 9737
2906 3027
1835 4613
5239 6176
8876 9773
1919 9773
3820 6876
1756 8961
5823 8846
55 1407
9454 9712
2756 4835
5939 7185
924 8851
589 4664
4300 8794
4659 8386
9551 9886
506 2189
8478 9374
8021 9787
513 1319
2574 5520
6444 9950
3487 9389
1533 6320
730 9273
6756 9415
7527 9507
8901 9393
591 8807
5922 8136
2660 3708
7881 9522
8744 9983
1694 2593
7377 7755
4099 8161
8466 8972
9313 9978
7733 9519
5611 9122
8259 8535
3873 7960
5240 7989
2272 8060
6061 6803
5832 6986
4082 7024
6737 7169
7873 7904
6370 9631
693 6021
5851 8030
4620 8983
4605 8700
3974 5137
4653 8290
7979 8898
6466 8021
511 767
6944 8381
7690 9339
5469 9682
2131 6841
8467 9887
6059 8306
1174 7510
2347 5487
5227 7634
4605 5754
7190 8819
2220 3280
62 2828
5273 7869
6150 7029
8334 9819
1462 6845
5807 8007
8750 9802
8960 9032
5468 5655
4124 9458
1094 7403
3086 4258
6458 9605
819 3211
5149 5841
501 887
3086 3750
9182 9867
4681 6427
3175 5608
7971 8834
2539 7357
3667 7524
6618 7217
5161 9453
4718 8725
8507 9408
7223 7247
6125 8592
456 741
1915 9072
3425 8391
672 3635
2471 5205
4692 5869
9136 9504
7767 8313
8139 8752
9055 9517
8002 9764
8936 9593
9842 9921
507 776
9948 9958
2523 5025
5000 9837
7726 8168
4707 9028
2619 6966
511 6686
930 5683
4987 5577
2535 4221
3580 7721
3611 8595
6461 6927
669 7166
9421 9602
7795 7890
9530 9815
9599 9715
5910 9171
8776 9609
3732 4838
5226 9381
4923 6588
8661 9537
805 1211
1671 8919
8664 9560
9941 9943
1363 1584
5630 9757
7051 7742
4087 8275
4556 8717
7796 8217
175 9404
8986 9138
5069 6823
8149 9559
2916 8071
8965 9457
2685 9209
6308 9234
5441 6824
3267 8294
8631 9545
8306 9692
3358 6645
404 6383
4867 9466
5896 6625
6027 9396
5810 7039
8242 8818
5353 8358
2583 5333
3467 6052
7119 9219
6323 6357
7956 8290
6403 8356
7111 9023
8833 9995
5309 7049
4760 7854
6503 8904
1077 1871
1436 7966
3638 5349
9504 9547
7394 9325
7989 9540
3618 8602
2237 3007
8763 9302
6733 9832
845 9133
4455 8985
7399 9965
4414 7302
5967 8165
4431 6006
6002 9230
5335 8265
7054 9282
6008 7247
4417 6754
7336 8043
1657 9566
3770 4333
9528 9644
5624 5829
1754 4123
8607 9474
1975 7152
3281 8143
1533 6210
6003 8522
5557 9474
9966 9978
2483 6441
1561 2607
1443 2699
3107 6302
9222 9227
2041 6745
9616 9957
7268 9272
2817 8074
6830 8669
4183 9962
7702 9172
3573 5821
433 8373
2369 8501
7975 9054
7080 9744
1054 9327
2069 7100
8999 9819
1408 2937
5481 8412
8950 9834
5187 9106
5729 9921
1663 2217
9238 9644
3310 4074
329 7461
3279 6904
280 9769
4145 6645
2256 4541
4632 6747
26 58
6148 8447
4633 8319
1428 2824
752 9450
6122 9127
3882 8949
5898 7020
1718 6310
8129 8881
6909 7095
9413 9993
3417 9117
8107 8378
8966 9945
1717 4031
3275 6061
8053 9839
3818 8072
5690 7872
6505 6855
3777 5242
4534 8012
4562 7179
2135 2457
5393 5831
2730 7103
9312 9575
7471 9886
7755 8651
7763 9720
1836 2253
3750 9843
3661 7390
5420 9906
2038 2095
6037 9660
2768 5433
5455 9031
5514 5611
7457 9034
1976 9967
8888 9060
2205 2277
22 822
9553 9886
2682 8790
6182 8745
3230 7872
1426 4021
2701 9840
7098 9960
7764 8787
3991 6335
1307 6300
1236 2296
2049 8286
7233 9547
6707 8353
1315 2446
629 6695
4485 5952
4125 5452
4623 7784
9847 9969
29 4961
8145 8152
1899 4481
231 1928
9405 9490
8310 8493
761 1016
9373 9839
8208 8347
4640 5994
5391 8090
6298 7387
3948 5934
3133 5411
8407 9247
7309 9537
1888 4762
8812 8876
3330 5359
7469 8131
341 7765
5272 7045
6378 6622
213 4857
4070 6710
5436 6177
4300 5739
3240 4399
6485 7127
6021 9202
6745 7795
7354 8623
1968 5302
7593 9834
6914 7102
2268 6446
4444 4893
3388 3885
7042 7869
7646 7998
4410 4753
4068 6744
9110 9273
2979 7317
4930 7258
9097 9679
5276 5775
5344 5379
8374 8969
4227 5262
2089 8568
5329 8564
4453 6080
3699 7906
6296 9788
6749 9284
6092 7118
7169 7951
3734 9076
9981 9985
330 9882
2312 2481
351 2793
1798 5173
5003 7259
8008 9844
4792 6991
1548 3878
2987 6491
4540 6298
436 4623
3345 4870
8748 9656
867 9025
4420 7065
3419 8231
9239 9732
3640 9846
6880 9434
2333 3282
3893 6419
7186 7746
1228 1495
6102 6488
9012 9176
809 1657
3206 5701
4919 9635
9833 9965
8777 9214
3626 6694
1460 4861
2577 7233
2342 6092
4585 9007
1250 4546
3748 4978
7169 8596
537 7758
7551 8009
1240 1349
6954 9626
5697 5936
3390 6274
3501 5630
6699 7912
1325 2739
2294 9652
7143 9872
990 1083
1912 5706
1694 9301
7448 8235
3120 8708
8836 9545
7561 8518
4375 4787
7170 8134
1301 6206
340 3312
3207 3659
9430 9707
6291 7011
877 8595
6830 6978
1378 6357
3718 6965
1386 8506
3409 6937
9543 9751
4394 9682
6915 7800
6096 6682
1759 5333
2674 4457
8345 9363
6751 8550
2590 5159
911 3717
3089 8225
6854 8038
9209 9676
824 2580
9290 9788
5197 9037
3901 7801
4822 6825
932 3694
8835 9907
2400 2684
7487 7606
6885 9914
3137 3984
9731 9828
5665 8042
2164 6498
5480 8870
2177 3693
162 4064
1186 8974
8751 9003
7131 7951
5832 8980
2494 7743
9334 9891
313 9163
6181 6968
8340 9899
7718 9491
7732 9114
6435 7936
7239 9128
1855 5649
8717 9392
1717 3831
1928 5451
2664 3565
9017 9087
5873 7262
7513 7844
7533 9654
7716 8702
8138 9014
7864 9353
4319 9565
5688 6801
5242 7574
9576 9978
5698 9643
5551 9656
2524 4702
7859 9723
6099 8731
1916 4773
7320 7384
5265 5788
3254 8103
6515 7398
3705 7337
4329 4942
6577 9851
3798 8397
206 248
573 1328
2663 4420
8854 9142
2145 4226
3535 4450
4164 4209
8716 9826
4424 8431
51 9360
9653 9686
267 2349
8894 9861
9791 9960
133 2853
8102 9676
8319 8846
9094 9292
7074 8573
5754 7989
5219 9698
20 7277
1760 7347
7095 8590
6535 7848
8801 8802
9764 9957
3881 3924
7966 8945
2178 5926
608 3898
9100 9517
5063 6581
9630 9983
1494 8209
8837 9401
2750 8616
3307 6949
7394 9291
1657 5105
172 5735
2774 3111
2020 4625
4658 5596
5287 9225
823 9791
1264 4949
916 9937
6649 8439
9339 9855
2526 7808
1723 9966
6026 7629
332 5517
1630 1967
2046 9560
7982 8645
6274 9494
9511 9514
3680 8356
1726 3804
1407 4251
8146 8167
6333 6712
6718 9462
4770 7419
2809 4848
2254 9941
9609 9636
86 4994
3198 3244
3535 6889
7635 8924
6106 7988
2940 4925
946 5294
9910 9919
5341 8162
1407 8087
329 4713
3742 6532
2896 5521
587 3520
6379 7253
1463 9711
994 7522
7659 7765
8756 9871
8126 8798
3716 8801
4409 9038
7620 7862
8787 9826
2209 9989
9683 9745
3167 8015
4911 9729
9314 9372
364 4765
5053 6636
6339 7394
8909 9336
3735 5834
7929 8172
5328 8717
7359 9007
1721 4920
1930 9875
4838 6778
7671 9874
891 4977
5122 9521
3180 4463
6851 8128
2707 3074
1031 9806
1484 8683
8818 9376
5714 9022
1623 8076
3972 5702
591 1740
3863 6566
7632 8048
6515 6654
2108 3500
2207 5320
2395 4390
6014 6397
4556 8677
7617 9402
1113 5722
6249 8415
4146 9588
9928 9992
54 8689
3948 5790
3759 6593
1169 9734
6973 8026
412 8681
8156 8180
997 8813
7866 9448
5645 7273
2806 7849
6126 6256
4743 6213
4941 7828
8666 9732
3097 4834
6333 7482
4300 8141
3192 6442
4374 6896
2729 6220
6472 8329
6924 8145
1064 9614
9690 9916
8614 8893
3758 7436
220 5412
763 1297
3566 8641
551 2237
2452 2710
4173 6408
4063 6706
3141 7902
5159 5773
3517 6227
2140 4260
5797 7796
7100 9862
2475 8968
6651 9942
2206 4983
6853 9035
6065 7169
8586 9943
3328 8597
2141 5575
2477 5607
7146 7699
8208 8624
9913 9932
1463 8543
1741 4895
8403 8849
4297 8110
6706 9182
6271 8955
4700 6513
1433 9460
405 8679
7899 8984
8713 8877
2917 7472
4839 8181
3928 4466
3199 6612
5274 6969
1877 7620
8834 9311
7759 8503
7103 8234
6243 8556
6386 7199
4972 9761
2573 6129
2251 4919
2903 3745
2573 4922
5058 6844
1248 1658
6422 6663
6402 6955
1114 4673
7982 9764
2676 7300
3448 4520
5463 6283
4913 9007
7456 9685
6543 9030
1190 2998
1732 3722
5841 8787
2754 5273
5888 6801
563 5341
3084 6147
3456 7679
4045 5967
5014 7379
7637 9620
4077 5791
1666 6465
9128 9691
7817 9252
8311 8921
4710 7077
7592 8492
3367 8316
2920 8234
513 7882
6160 7272
4861 8739
5214 7620
976 7757
9876 9899
6742 8703
880 7640
5313 8514
5073 9187
3393 5701
981 8713
624 7180
815 1153
1604 3309
6561 7149
9889 9950
7173 9656
4902 9330
7902 9787
676 8187
7258 7703
7973 9923
8653 8869
2566 9982
5281 7333
8937 9787
1497 9077
9888 9985
4453 6734
7046 7982
5763 8995
3377 6223
1001 4349
2760 2982
1021 8636
5102 5740
7889 9215
5138 9713
6346 7223
7390 9271
9029 9529
94 852
2111 8480
9060 9454
8113 9122
5041 6333
7276 9364
5419 6820
4302 7622
8490 9324
2057 7033
6790 9172
6698 8788
5610 6555
2847 7076
2553 7424
9513 9910
5113 6651
6885 8572
9005 9665
1976 4169
9175 9860
3658 9873
6887 7044
5300 5424
3126 3215
1694 4331
8799 9301
6123 8602
2214 8899
6689 8626
8423 8482
5942 7323
6840 9503
2918 5570
6090 9934
592 3783
3439 5048
8703 9260
8746 8845
9361 9711
465 5038
453 3624
5101 6865
4853 5855
7211 8572
3876 5043
3757 9189
134 4662
4053 4156
7080 9172
6561 9001
5013 5952
1159 2495
1126 5470
3585 6921
615 4776
141 1933
5345 7210
4799 9014
977 6748
1242 6498
4811 8977
763 6461
9754 9891
1489 5252
5761 6710
7584 9660
2544 4010
9153 9557
3528 9078
6136 9866
4682 9592
6748 9283
1536 6827
6982 7548
4749 9639
7224 8143
5206 6247
8450 9053
1512 9080
1190 9889
5101 5941
8588 9998
2099 6613
5714 6607
2736 9226
6332 7135
3569 3833
6774 9574
3326 5642
3040 4991
80 4951
6731 9614
3510 8970
9664 9871
4690 9019
3836 6928
4972 9437
4920 5655
3074 7172
4620 8158
6262 9257
1520 3531
5292 7291
5962 6672
1309 5806
8663 8745
9614 9823
5307 6989
9956 9975
8288 9571
3013 6542
8022 8682
3048 3857
5300 6224
6997 7211
2404 3793
6344 6954
6227 8882
9128 9387
3657 7111
6155 6774
8397 9300
7197 9305
1118 3023
458 9050
7460 8935
9566 9979
7554 8337
4115 8264
5865 7036
9079 9711
3214 8805
9193 9886
8536 8549
4418 9202
9935 9957
4315 8383
7846 9588
9054 9393
516 1101
5697 7264
7376 9458
825 9383
8582 8640
1893 9783
5096 8851
2312 7843
6256 9086
2325 3102
4154 7856
3250 5106
743 3072
3343 8852
3258 5613
5636 6776
2341 4643
1830 4187
5812 8629
3661 3716
5392 9239
962 7348
2193 5768
5285 5849
5253 8594
6981 6985
9847 9999
9928 9953
3089 6980
4810 8699
4913 8594
5145 9132
3577 8518
4476 8080
4126 7253
2019 3675
3796 4240
3388 7930
572 2861
7859 8687
1175 5610
7461 8041
6054 9235
7968 8056
3172 6386
216 4112
695 8159
7522 9082
7764 7838
2262 4035
9469 9500
542 9744
5524 6224
6638 9185
5237 5806
3669 8778
5713 6781
8236 8652
6842 8676
9195 9507
4316 5882
5226 6922
2858 8457
3521 3685
1688 3310
9657 9686
9078 9528
4056 6706
1805 4195
6818 8504
9224 9612
7494 9039
2301 8329
9478 9649
7534 9654
6115 7609
9654 9973
3267 7376
1489 5976
7486 7994
2884 8647
7622 9475
9531 9749
6782 7707
9270 9652
275 6596
2797 8428
5764 7881
880 1998
8320 8679
1642 4468
1950 5717
7136 7950
9887 9891
5251 5386
2032 9461
2735 5188
5070 8173
8272 9265
9264 9723
8084 9885
628 889
3028 9158
3733 6877
7707 8623
6930 7190
5478 6161
9724 9799
9917 9938
5561 9076
8453 8748
452 7964
2052 3388
6794 8167
565 1688
4800 9093
1051 4895
5930 6373
3005 9528
7100 7497
5829 6627
2417 8259
4975 6863
3970 9251
2328 9110
8145 8900
5693 6938
4636 6193
7611 9160
9845 9884
4338 7159
2107 8401
5337 7676
4068 7177
8459 8692
4530 8409
2822 4371
2091 5697
585 7981
4464 9002
2632 9339
8524 8889
2778 9201
7092 9708
4761 8149
751 5427
9499 9822
5750 7465
8997 9394
4716 5220
4407 4664
7088 8517
9274 9796
3184 4106
7100 9041
1711 8805
2902 5927
7025 8139
9442 9883
9304 9347
7446 8113
7920 8146
2190 7862
3893 9445
5885 7443
9652 9664
3082 8335
4950 6741
5697 8784
82 4252
2066 7025
4206 8191
3683 9742
5551 8528
8785 9688
6107 9329
9480 9719
6756 7146
4297 9769
7823 9287
1969 8560
4885 9443
1808 2465
6983 7401
9959 9963
62 3954
4951 8098
8307 9052
7266 9502
8838 9932
7687 9569
8485 8556
7352 8418
2314 4619
5156 9865
7547 8745
2094 7061
6212 7684
4259 7711
5140 9203
1687 3272
3220 9117
8585 9972
4631 8796
4185 8959
528 8716
6121 8026
675 8355
3283 8945
8246 8781
9031 9705
4274 7028
5199 6358
1052 8774
6880 9932
4603 7125
3709 4660
1393 6563
1767 3298
9782 10000
3566 8251
2117 5034
8047 9662
7940 8958
8172 8480
2160 9086
9521 9871
3226 6299
8626 9927
1852 7535
8818 9417
431 2004
1527 2874
7880 8065
5429 8356
3622 7727
9412 9631
293 5737
9187 9661
8480 9226
3505 3984
1349 5737
7495 8607
3641 5213
8068 8807
86 5944
70 2665
28 3568
9009 9633
9557 9789
9201 9729
5748 7137
4561 9564
3236 9354
9221 9507
2487 3879
9494 9875
3879 5356
5592 6389
6014 7252
3621 8714
3740 4025
5754 6876
6375 7439
8400 8617
5353 6099
3658 8154
4252 5234
4028 5965
3113 3789
8761 9177
5836 9490
1452 7155
9271 9614
8602 9381
8111 9979
6028 6680
7397 7616
1599 9831
3824 4737
4389 5501
8299 9173
9118 9317
3258 4794
945 7504
863 6776
9133 9146
6388 6736
1023 6141
3467 8589
2866 9483
8268 9783
9017 9155
6042 8613
5507 6208
6746 8071
1074 9840
1636 8360
7088 7340
836 1371
1031 4003
6867 8340
3642 8906
6363 6989
3105 6403
4385 9210
565 9492
721 8314
4531 4574
6837 7069
5509 9898
8781 9696
7479 8183
5677 7454
7082 9190
8372 9208
5353 6736
693 5113
5324 6041
9544 9696
4679 4786
2994 4779
921 6705
5565 7270
4743 9577
4753 8153
9279 9753
9830 9890
9943 9959
6573 8304
5978 9490
5713 9363
9357 9427
1087 9215
3307 7624
4793 9841
3130 3613
2759 6983
2115 9168
28 9434
784 8184
4882 6889
2887 6782
1323 4670
4948 9641
2133 2307
3499 3728
1572 6405
8142 9472
5837 6417
3473 9098
5745 5976
1209 8782
1074 7252
9692 9939
5498 6168
2473 5103
8894 9150
296 8421
5226 9794
9701 9890
6220 9962
2785 4192
4210 4743
2055 8596
8153 8767
4017 4225
7075 9159
3543 4072
207 7608
1665 9020
1827 8952
335 398
5980 6444
4527 5438
2701 9869
7581 7859
7822 9615
5267 5718
5337 8805
2476 6210
7635 9463
277 522
7601 9873
2887 5181
118 7385
352 9374
8574 8974
84 345
1423 9378
1962 5294
4926 6785
8706 9521
6707 8253
8404 9599
4759 7562
5398 7503
6530 8111
5308 9794
6683 8640
5830 6134
7442 9885
8391 9471
1394 9112
6783 9917
1728 3749
3384 8705
1812 4164
9585 9754
8490 9670
791 8868
2812 5459
411 4731
9162 9805
3745 5200
7431 9755
952 1442
1212 7001
4725 9241
5350 9145
7650 9056
4882 8371
6264 7485
2128 2433
9918 9981
4251 7232
7283 8237
2371 9940
2683 3179
8531 8896
9719 9738
8605 9853
119 4789
5777 8847
1155 7760
5558 6957
2233 7252
9533 9877
5709 7718
2904 7454
4013 8248
5110 5142
2402 8416
9401 9940
1808 4517
2820 8030
3912 9048
3921 9481
5510 6619
5490 5536
9762 9770
9930 9972
3038 3921
9126 9632
654 8985
3425 6326
1892 6355
4504 6744
770 3481
4506 7575
1272 7143
6272 9270
4478 5044
9617 9973
4758 8901
1832 3495
5756 9639
1773 6287
9341 9861
8040 9078
4867 9176
6513 9479
2641 3320
5285 9527
926 2568
2035 4080
8966 9472
5325 6101
8712 9161
4096 6211
5180 5875
6956 7750
5768 7509
4437 9419
1065 3373
2981 3447
5159 5184
4063 9274
826 4274
4089 9282
436 6035
861 7264
4205 4266
4826 8060
3757 7590
4286 8932
2221 3889
7067 7262
3198 9481
2178 7796
9035 9353
8470 9664
5122 7832
130 6891
9074 9204
839 3959
1739 2136
4226 6621
5128 5842
1400 3945
6159 9173
3517 7490
6757 6905
1488 3168
271 3746
2335 6069
9901 9913
332 5729
2258 8918
7323 9343
8522 8849
4866 8052
216 2566
6942 7596
7514 9905
1886 6554
2187 5206
1541 2987
1657 6565
244 4749
1536 9337
6532 8276
8075 8822
72 7708
8009 8706
6824 9355
1657 5411
971 4492
8413 9616
6167 6695
3050 5474
7605 9955
5114 7783
2838 4506
1215 8552
4762 5112
4475 8977
523 6512
5499 8725
6521 7687
4715 9606
4740 5523
1171 8083
3018 6303
8854 9260
7339 9806
2963 6524
9715 9784
9469 9624
9791 9996
8206 9801
1899 6558
579 2864
5778 9643
8401 9613
958 2857
2104 7537
1773 6939
3816 9119
1765 9187
7795 8073
4443 8882
1871 6857
3548 3753
3057 3146
9195 9821
6843 9303
5126 5778
5782 6291
2152 6547
5131 8261
1069 9838
341 5321
1025 2518
560 9806
728 3923
1653 3331
1051 9101
8223 8427
9322 9739
8686 9626
9098 9231
2407 7141
1592 1815
5426 7677
5830 9637
916 3483
1077 4571
6760 9006
2272 8903
8176 8708
1968 6349
4493 9017
5662 7347
6122 9699
1540 8819
3221 9466
6801 9745
6920 7185
1297 3874
1591 2589
6732 7629
7702 9801
6619 9676
116 6475
706 4744
4144 7723
2593 8495
9369 9614
1956 4975
318 5931
8681 9257
98 3483
334 8535
5561 7721
2072 6499
7118 7134
3545 9125
4483 4836
1999 6619
2267 9708
3712 6188
8136 8900
9707 9712
8431 8767
8405 9190
1383 4629
7352 7448
8090 8960
4760 5170
7218 8965
2398 5175
1600 5821
8085 9238
1856 6597
2520 6677
5559 7013
5066 9618
5714 8325
5474 8452
9572 9625
6279 6352
9764 9928
1020 9543
681 1528
8439 8939
7381 9434
1726 2035
6614 8348
9875 9915
2486 6567
7598 8613
7631 9781
1780 3479
584 3662
90 668
8632 9294
9191 9598
6272 8182
6449 7900
1154 3171
8411 9905
8814 9696
6107 9780
7531 8192
6115 9367
7411 8347
4398 4833
6901 9172
4639 9876
7763 7926
6404 8377
8748 9965
7330 8022
7240 9706
1666 2812
1175 4138
6331 6336
2783 7645
4810 5225
3628 5087
6630 8026
9406 9681
2739 8327
3233 7017
1427 6054
2520 4365
8637 9491
5368 7977
6067 9373
5825 7392
8932 9216
6228 7169
9056 9793
8512 8898
4016 8448
6930 9997
2804 3982
6203 8748
9895 9940
7077 9699
2227 9517
4036 5443
8234 8450
3796 8395
4805 7576
8034 8401
866 7323
5112 5325
7578 8893
3126 4458
5542 6299
2667 8689
3209 9834
3027 8559
349 2622
1859 3268
857 4425
376 1017
3315 3657
2921 8292
8173 8295
9498 9927
3493 5524
3296 4638
514 2610
2227 4087
7183 8521
2832 7502
6519 8507
1512 3180
1915 7311
9689 9812
249 7089
4622 8500
558 3587
4649 7589
1580 5020
8335 8801
3460 5010
9372 9547
1992 5813
4703 7860
7671 7710
7671 9515
9160 9800
1651 9382
9177 9884
5439 9810
4417 7059
2253 7390
9980 9992
9833 9990
236 3560
4893 4966
1691 5515
1692 2856
5592 9377
3064 7011
1017 2856
7648 7988
9169 9747
6940 8000
7421 9291
5957 9892
5747 9823
7534 9073
2234 7315
447 3444
9942 9950
9033 9050
7199 8009
7771 8798
1446 4270
4315 4438
9698 9896
6556 9563
9126 9901
8586 8929
3045 3723
9652 9906
637 6760
888 6283
1577 8883
5314 8796
129 4154
5244 5896
1532 4542
3263 4588
4439 6920
1539 4621
5607 8851
4694 7793
8092 8486
5224 8277
7906 9670
8005 9431
7964 8758
8772 9631
9947 9967
2154 7189
6137 8521
8640 9883
9559 9706
5862 7199
3342 8106
3924 7204
1769 2127
3285 3576
2655 9188
3558 8590
4916 7828
9738 9792
6712 8908
8366 8716
5049 6390
6733 8083
1132 4678
2919 9666
135 4866
3270 4840
7036 7698
9155 9936
7907 9735
6295 9935
1945 9825
6975 7325
4544 8607
392 7614
2418 5318
9246 9832
9664 9870
1633 2132
7687 9044
481 756
3671 9264
4216 5862
3350 5502
7861 8984
5134 7270
9352 9865
2279 8411
7285 9059
3663 4419
9754 9986
7417 9061
2056 6084
9331 9686
8334 9615
8313 8662
9275 9976
3153 9085
4823 6647
9541 9835
6710 9459
4896 6793
4111 9263
7793 9201
607 4268
3629 9905
7115 7386
2550 8139
686 1744
8564 9428
2094 7740
4180 4848
1965 3366
2750 2868
7729 9102
4592 6751
3290 9347
3610 7649
6039 7314
6853 7813
7870 9974
425 1826
2498 7430
2541 5982
7928 9609
8096 8167
7432 8921
9064 9397
4306 6999
1770 6908
8069 9685
3696 8586
7457 7739
410 8867
2453 4082
2017 4674
4396 8710
2056 8924
9886 9966
1530 1913
1416 5192
8639 9007
1591 6715
6796 8473
7089 7479
5633 7054
373 6267
5852 8446
919 2628
2407 3938
9520 9785
6382 9379
421 7115
3611 5246
3061 6698
4569 8431
1790 9967
3448 4280
1715 5416
8692 9642
9025 9041
7774 8185
7934 9018
9937 9975
9410 9463
9724 9732
6032 7768
1609 7920
222 6029
1959 9851
3392 4730
7929 9754
6070 7792
8959 9003
8382 8769
7533 9658
1701 9542
8119 9261
1926 7853
6497 7667
5723 9682
7644 8151
5476 5527
5871 6471
2835 7411
2211 8378
9914 9969
770 9025
6694 6935
1612 9310
8876 9835
3704 4216
8594 8897
3788 8331
3604 8892
6961 9350
1183 4328
6193 9244
4076 7337
5196 8919
5543 9693
1156 3770
6310 8058
4738 7125
7271 8265
110 6514
8757 9243
4248 4963
7475 8362
4233 6443
6952 7599
3610 5930
6298 7325
42 2020
1346 1610
4117 7987
9013 9803
3342 8565
5127 8963
5135 7426
1962 5433
5596 6727
8071 8471
3784 8520
7757 8878
9969 9983
7596 9219
6763 9571
9738 9842
8459 9658
1980 4235
4385 6777
5239 6481
7899 9378
2879 9768
1891 2466
7775 9876
6129 7695
7184 8303
4539 7009
812 2362
5325 7114
4949 9526
1761 8707
659 2048
7741 8112
6153 7196
7150 8631
7713 9953
4163 5955
8416 9917
7621 8566
7393 7405
1146 3752
7826 8486
3049 6131
7541 9535
8985 9906
2315 5660
9687 9874
2055 8770
3785 9874
7090 9238
3315 9058
3697 9791
3883 6656
7777 8724
8643 8882
9830 9856
420 7503
7452 8680
1748 5537
3743 8601
343 5945
6500 8295
6224 7820
6708 9857
9476 9541
4800 6841
6442 8524
7195 8860
9971 9975
4769 4868
9867 9896
5531 7619
1913 4786
5866 6602
9496 9723
6429 9809
6403 9562
9752 9945
5124 6435
6605 9371
6272 8443
8531 9187
7277 7854
6436 6650
7187 8254
9884 9914
9376 9898
2133 5953
801 2787
2289 4852
937 5485
5069 5793
9160 9450
411 7677
5330 8330
4581 6837
7704 7947
1134 4603
4112 4141
1847 2387
8951 9485
826 2987
1440 6900
1023 5336
5236 6554
3135 8662
1873 4230
1463 6110
7526 9459
6354 7514
8059 9852
751 7618
5790 9419
839 2910
3979 6887
218 2439
1648 3498
6249 7043
5843 9119
8390 8952
9839 9999
9242 9464
4358 9291
216 632
4810 5886
762 8659
8990 9209
6517 9481
9369 9904
881 4863
6150 7390
2911 8359
1169 3231
3800 7328
7100 9231
9926 9950
8450 9978
2516 8463
434 1777
4889 9021
7335 9530
149 2569
7895 9920
1003 5437
799 4984
475 7396
4331 4625
2652 3906
7300 8229
6888 8989
1980 3387
4241 4986
7558 9694
5248 7724
7004 7832
1373 9023
7441 7527
725 3770
7816 9178
2843 3594
7884 8195
8820 9681
3323 8169
9139 9284
1160 6354
2483 2812
1300 3856
6672 7705
6789 8426
6723 8542
2938 4345
1993 7345
1784 2263
3354 8833
5683 5818
8621 9423
7713 8806
4062 9195
3390 6566
4513 5018
3869 8699
2548 2579
2440 6778
4622 8638
9556 9943
7688 9196
3265 3529
1095 8814
8711 9319
5799 7038
2474 6757
103 460
7742 8272
9737 9797
4600 6006
2017 3122
3437 8871
5002 7754
1311 3460
2204 2986
4544 5695
3216 4234
6023 9230
8630 9075
4677 6335
5911 7392
2828 5266
565 9673
3226 6743
3877 7609
4143 4866
282 8502
4523 7401
45 8198
2656 5121
1978 6880
6526 7991
8650 9340
5206 5723
617 3735
669 3065
896 6666
9770 9996
8029 8133
1814 8990
9036 9763
1017 4114
6137 8148
787 5001
5658 8666
18 2054
7156 8792
9960 9965
429 6133
5828 8470
9966 9974
5074 5133
7484 8269
4171 7673
6216 8336
170 8183
6278 7555
6359 8335
3837 6113
9750 9751
7922 9387
4514 7295
9540 9905
1456 3988
7698 9284
3615 5258
4846 5209
7641 8923
4326 7698
2936 9881
2560 6750
2353 7675
5167 8990
9209 9702
1269 6005
725 8867
8962 9350
3176 7485
1296 9986
1248 6068
558 7780
6308 8268
8994 9241
145 7233
8010 8696
534 984
5813 6585
9923 9983
3842 5929
6828 8669
8234 8771
2996 8831
8179 9483
4304 6224
526 9472
3667 7111
6378 8792
8730 9619
5723 6610
1591 9149
1064 3999
927 7147
6270 9404
2503 5674
1095 8138
4347 8280
7012 7588
9651 9971
7659 8484
1892 8613
4558 8985
8472 9132
3570 7373
569 1449
1956 4885
1635 6847
2998 8860
987 5566
8715 9117
517 1603
3003 9098
8135 9988
3627 4118
8209 8992
5844 9237
1056 3423
3485 4422
5459 9076
5611 6033
7450 9544
6744 9385
7943 8212
3526 7643
4149 4762
7643 8703
9058 9517
551 2257
6853 9309
2820 3361
7434 9853
6121 9508
2228 5744
3020 4724
8234 9616
2449 8269
3633 7703
3848 7795
6447 9508
2286 3316
777 7092
4758 7324
7361 8115
5482 8967
2289 6529
7264 9731
8292 9330
405 684
3176 8804
1093 5157
1917 5520
7417 9006
2266 9214
3758 9262
6882 8136
1343 2020
9859 9913
1579 6345
4136 7532
6906 9159
8460 8740
6718 7136
9117 9976
1058 4424
4663 6405
6541 8235
8760 9382
9938 9991
5059 6723
6908 6924
9287 9882
5802 8204
2550 6753
4324 7647
1089 3043
1972 7284
9566 9921
6344 7939
2853 7560
1693 7887
1171 7355
2130 5641
5879 9175
7775 8116
736 8451
2252 2699
3639 7041
4588 8176
4210 9156
7532 7879
7168 9248
4943 5567
1660 7643
8035 8863
6650 9962
5481 7546
7401 8279
205 9088
7245 9916
3830 7262
9208 9404
9010 9508
9369 9432
6647 7977
6474 7296
8089 8598
1327 5287
1213 6912
9122 9898
4065 5887
179 1077
1666 5769
2693 8577
8281 8441
4732 6528
3147 5271
3732 5687
6172 7147
3709 8485
2394 9992
4562 8875
118 3488
3174 8013
909 9595
5712 7145
3872 9292
8417 9984
3613 6059
4544 4562
1472 3396
9220 9535
180 2565
1970 3590
6669 6864
3239 7646
7965 8875
7531 9943
5493 5596
3191 9961
6815 9355
6714 9347
717 3247
2419 7707
8955 9768
1591 6085
111 2667
8524 9352
6436 9718
5226 8818
1386 4559
5206 7997
5676 9310
5942 9703
7270 8528
3857 5266
3114 9884
9211 9571
2448 4775
917 1727
2293 8024
6264 6896
4974 7511
6798 9680
8928 9366
1916 1977
5325 9424
5687 8211
8797 9824
812 2740
2407 9339
3082 5421
5863 9201
692 5617
6800 8115
3889 8450
9751 9790
6104 8467
1667 5473
3239 9902
9715 9997
9113 9639
4949 9841
4623 7925
9808 9946
2930 6313
750 3327
8352 9602
6535 9089
167 2236
5616 5991
5586 6611
9968 9991
1765 8150
3448 9199
5926 6544
7915 9217
7472 9236
6656 7705
2197 8990
6555 8926
4228 9382
337 6121
5735 7804
4506 9565
8202 9005
4440 4528
6701 7061
6867 9900
5792 8234
5644 9835
3126 4123
3597 8628
3168 9090
1596 2787
4947 8998
1764 6050
2704 4852
9166 9455
7227 7452
3776 6796
1917 5909
5367 6825
4763 9367
8509 8557
1711 3748
985 7566
4819 9322
2444 6590
9384 9444
4913 9003
9285 9541
9169 9557
9959 9972
2055 4456
585 1255
4594 6378
8665 8954
3879 6182
8068 8838
5463 7519
6222 8319
885 9190
1924 8992
7072 9310
3811 5034
6647 8627
1815 5394
1326 3895
3438 4785
8181 8482
5910 8960
7111 8419
6360 7926
4661 5333
3086 5935
5510 9335
8520 8587
1522 8781
6812 7436
7714 8834
2293 7166
9601 9848
4381 7040
3279 5250
1901 2883
2674 4213
1578 5247
7211 8673
186 5436
7296 9657
9812 9834
9510 9883
854 5728
2740 9837
4336 4628
1397 7891
1970 8616
8326 9247
4399 7823
6095 6757
3505 9849
9072 9690
3078 4086
1043 9281
7293 9642
9181 9785
1590 6728
3022 9705
2534 3787
7868 9856
1020 8521
53 1199
6443 8238
8639 9987
7628 8751
4792 9313
2439 2710
4650 6460
1262 4964
8037 8293
7114 8683
8797 8950
9614 9806
9417 9431
3934 9801
7190 7574
4259 7187
2858 8020
1964 6981
9800 9876
6544 7583
2778 3922
8442 8867
5194 8172
7884 9368
2367 8291
7009 7104
311 6665
7267 7952
6194 8066
7462 8154
858 3293
1516 5775
988 9119
5092 9758
8089 9711
5912 6209
9566 9629
5325 5731
7555 8681
8603 9565
6707 8198
4162 9786
3132 6242
4831 6924
4829 5093
6500 7363
1444 8339
2096 5992
6933 7763
9790 9940
9803 9878
8332 8875
8380 9915
2846 3050
321 2584
9701 9858
479 7334
4029 7930
689 3758
9051 9794
8111 8272
7851 8659
7087 9219
1599 7760
4073 4618
5326 5634
5032 5583
9203 9431
1426 7619
3765 4125
5752 7037
6442 7724
9301 9395
6507 9077
3609 6628
886 6598
8531 9530
2107 9230
314 4886
2041 2095
8798 9871
230 5873
7115 7599
3650 9513
6062 8228
2238 3048
8039 9996
6092 7399
7514 7976
6613 7606
3137 7454
7105 9453
1217 7640
2223 3936
5729 9437
8964 9817
2348 9865
5735 7486
1161 2041
5591 6766
2275 3307
5227 7042
239 7945
5753 7238
8044 8856
1812 3822
1091 3693
8844 9188
1488 2472
8106 8610
2452 3353
244 9195
7478 9573
1460 3951
6137 9995
7026 8602
7113 7278
4779 7559
4987 5821
3158 5340
3173 6472
3579 9867
3568 6850
4063 6016
5756 9784
4236 7659
9067 9546
3325 7953
7132 8482
6107 8294
6899 7280
9814 9903
2200 6168
2696 6340
371 9059
6372 9458
9976 9990
5662 7222
7880 9243
4579 7231
7808 9635
9776 9802
5334 6151
4863 7151
5114 7168
2947 6331
5015 7213
3645 8765
3109 7518
2753 3307
5845 9142
5055 8458
3271 8350
3403 6702
6710 7391
3328 6538
6568 7217
9252 9774
3563 6234
6576 9321
7801 8191
5978 6397
7278 9292
3159 6295
651 8588
1216 8617
4279 4686
9450 9733
6813 7257
3250 9408
602 7396
5637 7137
9803 9820
9944 9975
3109 7769
2390 3914
3668 9270
9466 9741
7586 9263
1819 1820
5144 8579
221 4597
8004 8686
1208 7718
5732 9513
1479 3783
8169 8370
4171 9100
7124 9368
7534 7629
7718 9179
4758 6221
110 1955
8941 8983
3977 5428
2312 7028
5691 8843
5271 9043
2235 4989
1594 1744
8552 9525
9203 9904
3761 8725
3902 9821
2364 2637
6317 6846
7756 8519
7625 8568
9992 9997
6078 9534
7016 9127
7463 9427
3075 6781
6285 6323
5937 8918
9623 9977
7285 9715
557 2763
7087 9039
6877 8080
2399 3667
6826 8477
6083 8611
4591 9594
6487 7085
3702 9984
9189 9532
5359 8769
8349 9217
4221 6725
7692 8373
2847 9487
7771 8052
9579 9999
6163 8378
6422 7817
5411 7734
1091 5099
1296 8019
4889 9583
4780 9446
3447 8581
3095 9462
3624 5665
172 3257
3974 6270
5861 5890
3907 5470
5795 7194
8609 9230
1274 2498
8653 9034
5811 8134
9899 9996
7022 7923
3492 7753
5384 7534
920 6105
1707 4914
5631 6769
2308 2340
8364 8557
5220 9611
1978 8311
5588 9102
5214 5898
3048 8445
3134 7634
8817 9501
6315 9057
5977 6932
3518 4309
1214 9248
3846 7103
4755 6347
4075 7282
4027 8817
7432 8106
9883 9939
8640 9919
482 6990
1243 8827
7867 9003
5756 6581
5455 6075
4565 5591
8666 8724
5212 9560
3535 4679
3228 6901
9202 9971
767 9816
5256 7316
920 4064
322 3104
9153 9408
5414 9475
8251 8511
5331 9668
8854 9045
4375 6643
6301 7091
4400 5591
9857 9926
2098 6598
7682 8392
4206 7271
3229 6565
9672 9697
4214 4413
9625 9770
7342 9165
8700 8765
8706 9779
6876 9711
2922 7932
5447 8605
4208 9386
8010 8199
2131 4817
5012 9339
9070 9463
8978 9637
9734 9911
6902 8753
1919 9406
1219 2375
690 6755
2255 4376
1201 2609
987 2500
8130 8759
3934 5205
7562 9482
5791 6818
3398 5070
6331 7708
6127 8704
5694 8933
9437 9832
5878 7696
3532 8241
6809 8788
4050 9962
5780 7269
6782 7818
3227 6498
4241 9940
5292 7484
4934 5330
3059 3659
2935 3452
4086 9940
1067 7312
5721 7611
8227 9302
4813 8299
1818 2886
8498 8683
9231 9851
6587 7670
1681 1834
3776 6471
9222 9237
4798 6201
9561 9701
6142 8757
3992 5761
3974 5174
5174 9638
6397 9044
6069 6126
9353 9784
1861 8694
9546 9817
4848 9853
8719 9757
5790 9725
5010 9555
3265 7718
1802 3699
2506 8532
8094 8847
8911 9281
2531 8179
8300 9584
4164 4791
5220 7490
2902 4811
6622 7218
8313 8414
3230 9192
2782 6609
5752 7983
510 6739
4587 6195
9708 9935
1353 7110
5431 7494
4038 6635
5103 7913
2624 8478
4360 5762
4386 6804
3693 6782
8147 8980
9614 9835
7459 9206
6434 9052
4919 9316
5446 5711
9560 9570
4425 9544
6880 9199
4654 5501
164 5093
155 9358
7906 8143
6613 7478
1914 3772
8998 9127
6821 8630
5751 8642
2477 3137
7296 9874
4212 8612
9542 9974
5422 7219
8296 9747
828 8026
4649 7959
1693 2820
6423 8933
9221 9251
455 6594
6847 8663
8776 9672
7247 8575
9857 9986
4834 5796
6461 9901
7646 7992
3400 9096
1530 6880
8016 8619
8439 9673
4193 6354
4002 8753
7872 9708
8594 9957
1217 1596
8639 8803
6541 9684
4544 4549
6121 8716
6464 9071
3962 7507
9734 9934
9709 9905
6788 6886
7242 9528
4654 4930
9507 9760
4487 9054
8696 9776
3807 9071
4179 4203
4381 9221
7468 9052
6082 7520
9817 9974
1694 6312
9959 9984
511 1824
4536 5152
9078 9871
2552 8806
4933 9796
8485 9845
8340 8566
4279 9748
484 1866
863 4740
4799 8729
8053 9664
8274 8781
5246 6807
6224 8264
2528 4171
1499 8688
7397 10000
7280 9646
5057 9816
2340 9442
1512 7146
4089 9861
786 7790
7942 8387
3337 9467
6118 7199
8009 8962
4218 9454
4005 4039
3861 6941
8483 9211
2181 9245
1975 9412
2413 4371
8806 8808
8623 8995
9495 9945
8094 9267
1176 3506
9329 9712
788 5900
5259 9571
2667 5214
725 7022
7803 8874
6281 6913
8626 8718
2849 8422
3838 6617
2623 7000
2135 4907
701 8168
9621 9756
4658 5773
7033 7393
7436 9475
319 1081
9797 9873
3039 5017
6955 7742
1658 8522
2431 8888
6484 8753
6151 7532
6013 9031
8765 9960
5757 9762
5956 6564
5480 7411
7468 9194
1355 5553
3476 6382
16 6784
2295 2972
8631 9200
9401 9543
8296 9518
1841 8816
1802 4241
4137 4170
2087 5138
8648 9758
8373 8642
6702 9562
6028 9437
2296 9573
6524 7859
6655 7119
4554 6333
3745 7857
6941 7704
638 1770
5438 7730
7503 9950
5521 7496
3935 6405
8810 8920
9038 9603
102 1149
823 9389
237 1481
894 950
1756 8480
3619 5038
6738 9992
5994 6251
3145 7399
3105 9699
5669 8127
6196 6354
2094 4527
2330 6425
5989 6382
1242 9811
6953 7439
933 2108
8664 9670
8327 9881
76 5858
2650 3733
9042 9627
8225 8235
4590 5017
1693 2560
5265 6845
778 4665
4198 9634
9028 9730
3783 7330
2926 7183
6493 9827
9146 10000
2289 5433
7453 9625
7496 7942
3402 7257
3351 8817
5584 6461
779 865
3663 6484
3372 7018
109 1222
4318 6862
7168 9173
7154 8023
4596 7207
5813 7348
2675 6054
6840 7309
630 2767
1619 7390
8222 9526
3370 8174
3526 6440
4247 7564
7253 7561
1028 9799
4175 9041
7661 8421
3289 6240
2679 5303
7463 9167
3557 8120
71 8646
5279 8857
4311 7624
5348 5449
7274 9879
6833 9206
945 5244
4980 5236
9313 9748
2151 8626
7176 8471
9231 9451
9208 9497
5437 5545
659 3546
3795 8276
6983 9738
5292 7690
1847 5290
5288 6718
4941 6560
2277 9021
4073 5962
6997 8613
9453 9755
5619 7685
1094 5490
6140 6871
3691 5827
4812 6949
9054 9581
8240 9895
1790 4834
5018 9502
4378 7997
6744 7198
4040 4597
1112 7038
5434 9800
3625 3784
453 8026
2297 8384
5884 5992
2735 6854
6465 7374
6099 7308
329 1873
7153 9576
1382 4053
6164 8145
4694 8575
9796 9882
9220 9592
1128 9240
6612 8866
7352 9345
5229 6394
6861 7243
5380 9655
3262 5238
8346 8969
3098 6234
3335 6911
4922 7194
3813 7778
6314 8865
9805 9888
1696 3380
3477 7222
9824 9939
3390 6236
4484 7805
4336 9368
8832 9139
3904 9746
1532 6243
1244 9695
4377 4408
7016 9972
1941 3148
9327 9884
5218 5618
4627 4699
3076 3223
5188 9141
6144 9694
6160 7804
417 7851
6443 7223
9110 9231
7304 9513
3906 6868
3940 9463
2181 6664
2462 2846
9674 9776
6048 6524
2117 7947
5873 7567
2641 3872
9917 9920
6214 9492
6055 6696
4861 9938
5147 5998
2724 5953
8843 8897
9412 9794
9400 9972
2823 5794
6433 7932
457 8439
1924 8518
2959 8353
6388 9457
5315 9099
328 3375
2004 6354
9604 9920
3443 9096
3980 9325
4728 8552
2467 6554
9815 9906
6104 8193
7932 8377
9937 9956
7000 9244
4797 6985
5152 9887
3266 9664
8194 9093
7259 9354
4959 9706
7259 8084
3184 8641
8634 8727
8333 8873
3708 7039
8654 9033
5379 7781
6266 9603
7265 9494
1484 1900
3377 4727
9868 9949
5469 7881
3058 9778
7368 9091
4684 4908
5375 6239
3887 8629
5378 6788
9657 9906
2017 7065
2223 2649
7128 8118
7451 9048
4976 8157
7866 8811
6330 7294
6695 8486
3251 5176
8739 8791
6529 7435
5754 8477
194 4140
2305 7827
6727 8543
2691 3379
9685 9919
3873 4960
8318 8319
3501 5469
1329 6133
3217 6251
2993 5693
8227 8725
7962 9010
2925 6306
7137 8850
154 1548
4165 6557
4090 6716
1104 4221
9195 9797
5769 6399
784 8631
4469 4701
5092 9063
9456 9769
1555 4624
1219 3930
3371 3824
4201 9577
3602 8099
1775 3054
1734 7131
7398 8643
3244 9017
9695 9729
3258 8210
7787 8396
6999 9123
5807 9181
7914 9365
1122 1419
3646 7201
7708 8832
2450 9650
8839 8933
1136 5072
8976 9138
8579 9126
9781 9864
7131 9405
469 7505
3439 9978
5556 6630
3817 9934
904 1556
1856 3408
9453 9493
4397 5913
9782 9957
3076 5359
4676 9556
4870 9229
93 9480
270 6859
4813 6949
3095 6985
674 8184
416 7167
7198 9488
4005 6784
5127 6425
9775 9815
9034 9950
1504 1651
9330 9759
8092 8242
7024 8050
9444 9998
8300 9981
4061 8975
4138 6411
6928 8084
5064 6425
5631 7559
7101 8595
7047 8252
6329 8582
2421 3728
1794 6425
5529 6148
4777 7536
8441 8451
3214 9433
7674 9270
9444 9833
2916 7900
1225 8249
7357 9198
5242 7010
1819 6976
1529 6057
8577 9381
7597 8056
3564 8391
811 6940
6132 9901
3147 7658
8906 9266
8497 9154
5951 6262
5956 6579
8491 9418
7643 8280
4570 5282
189 7625
5795 6361
4677 7079
719 3963
4251 4430
15 4398
2004 6872
7284 8593
2984 3344
59 1161
4902 6791
2586 4094
4899 6429
1926 7297
7261 9320
5441 6158
810 5797
6744 7798
3375 7255
3304 3332
4317 8126
1832 7352
7500 8530
596 1558
1569 4816
5842 6529
4349 4852
9672 9929
321 1907
2238 7423
2452 5818
8584 9964
4971 9612
2526 3975
7410 8249
5266 8761
45 1762
8665 9282
7286 8546
9805 9947
3831 5012
1206 8628
4321 9627
4720 6642
7157 9381
8963 9215
2980 8746
4411 9293
4378 8281
4812 7961
142 9130
5223 9023
5360 8396
2508 4245
4930 7455
458 4842
5551 6752
8205 9702
3248 4999
2535 3539
2037 7949
5195 5680
3763 6510
3454 4736
7249 8473
1498 6574
5938 8050
3286 6721
7435 9241
3962 6362
6824 7194
170 1749
5575 9428
7749 9612
4062 7549
2829 4244
6673 7832
6798 7618
8380 8892
9064 9369
3613 9952
2685 5628
7889 8539
4985 5022
4136 6178
8998 9154
7592 9129
825 1260
4860 7023
5997 6304
5251 8205
4468 7867
9700 9782
4959 9715
34 3421
6751 9561
4155 6989
5414 5774
6409 9742
1524 6411
8391 8790
8269 8776
3692 7087
8806 9934
6338 9553
3082 6141
451 5638
5603 9390
2865 6691
7103 7193
5084 9303
990 2018
3687 8780
3299 5111
9901 9997
5897 9085
4581 9251
4879 6196
9206 9375
1650 9321
6984 9123
7973 8188
4945 9158
316 4184
4256 4520
8880 9315
5225 9813
6394 8110
3445 4526
3809 8894
1752 8528
6649 7146
3178 5353
8276 8779
109 6811
4403 9836
6090 7565
5879 7575
6295 8405
2738 5011
2592 9497
9955 9971
9789 9798
151 664
498 3479
3648 8258
9683 9696
2382 6883
812 6235
3099 8084
2347 2889
1299 5403
1774 4951
2057 8911
7369 8124
9305 9510
4577 4869
9972 9989
4838 8826
7850 8825
2038 8114
9745 9979
8186 9870
4349 9374
2114 3577
2755 6816
8227 9349
9230 9326
2922 6519
4159 5274
6075 9509
6902 8661
9159 9535
3511 5615
7467 8605
9319 9655
1121 3694
4752 6871
8716 9243
3291 8567
2371 8042
8727 9561
5614 7289
7507 7876
9767 9801
585 4419
8119 9116
5330 5546
7761 9976
2333 8677
5377 5889
9842 9848
4741 4755
3297 9169
667 8146
1217 9610
9076 9693
2292 4210
4133 7348
3658 4821
9926 10000
2697 7557
3648 5883
492 2604
6397 9327
8671 9048
2928 4567
3244 5994
4539 5356
6760 9293
587 6031
9817 9836
5938 8205
7107 7568
4944 9082
1869 3283
3123 7805
2097 2536
6861 8022
3472 7429
8698 9590
6910 8118
211 7211
4823 6731
2027 3318
1997 4728
3754 9800
492 8379
6605 7847
2986 7256
1859 4197
224 3640
1872 5487
1827 3170
1011 4542
3706 5685
6344 9876
531 1655
4337 9133
7014 9388
868 3059
2934 5287
7140 9441
7462 8170
3611 9405
5323 5582
1472 8521
8422 9617
3447 7166
6335 9239
3498 9152
6388 6514
5191 8651
9153 9828
5644 8958
2278 4142
5272 8284
6662 9265
3740 5386
1378 8440
314 5626
6181 9582
6964 8805
6203 6531
9892 9926
3766 8299
8854 9756
4867 6695
5902 9547
107 1739
8770 9691
1686 5839
1433 2565
3903 5359
3312 5619
39 2512
236 6219
636 5202
4376 6357
314 7019
5852 7774
6619 6793
6684 7387
1403 6283
5524 9330
9082 9834
845 6293
877 2233
2600 8411
4185 5902
7660 8049
9437 9942
1751 9541
1341 1557
5170 7239
805 7177
7153 7217
6870 8988
2308 4771
8142 8370
3904 6947
414 9966
8483 9897
3344 6181
9911 9965
7391 9365
3814 5629
795 2997
7512 8125
3616 6408
5392 5457
4229 6187
8727 9931
2047 5890
2405 9226
3371 4487
5417 8138
4766 7699
1302 6790
5266 9954
5639 7536
9846 9858
375 3586
7915 8773
8680 9015
1730 8572
6725 8800
2807 6488
7051 7140
964 7623
5424 7340
1134 2589
7498 7662
9148 9400
6986 8291
9113 9596
4900 7364
2179 8393
8870 9267
9222 9414
7386 8161
7243 9279
7034 8541
9624 9803
4908 8370
5963 6368
164 4859
6706 7233
5958 9336
7740 8253
1196 4671
4981 8116
8451 9759
9911 9946
8497 8788
9214 9384
8034 9730
1080 6882
8921 9359
7940 9873
3095 4640
9008 9714
5163 9701
404 6425
5983 8387
1421 5153
9445 9471
8400 9044
6994 8663
6404 6976
1572 2091
5843 9123
9966 9969
9864 9881
3862 6994
5139 6095
7438 7553
2760 9561
9130 9995
7957 8634
844 3664
9535 9980
1092 8676
7715 7834
6410 9999
735 6522
4553 8756
5120 7796
3080 6359
4134 6078
2165 9079
3305 3895
3138 7418
9455 9864
8723 8870
3415 3729
1973 3099
9703 9916
8404 9663
637 9895
9411 9622
796 7432
5798 7038
8611 8636
5643 5685
25 538
655 9826
8493 8780
5291 9099
8792 9246
6305 9527
5947 8749
6140 8753
8532 9942
1772 5187
5541 8180
1423 4265
6571 7414
4705 9894
7076 8752
8021 8417
5987 6397
5090 8806
923 5691
2788 8088
2640 8272
856 9612
9982 9999
881 8520
9499 9552
9917 9965
1742 4535
730 9124
2059 2939
9899 9969
5908 7097
4262 8187
4006 4232
6489 7044
4522 7690
2825 9113
8720 9048
1097 4726
1300 6055
4689 5096
5796 7087
3158 7735
6094 8659
2544 6875
3148 6854
7127 9705
8435 8543
1650 9457
8489 8688
9952 9986
5451 9041
908 5203
183 5497
240 7208
2902 9283
9333 9797
2263 4637
1456 5519
1938 9662
3400 6100
1130 3590
589 1435
3716 5393
6841 8586
2002 8762
7282 9699
3216 6198
9994 9997
8610 9079
4157 7957
4815 6987
3509 8111
3698 8134
3008 4724
304 3344
3371 7498
6239 8367
3421 3863
3651 7852
267 8469
2784 7973
7630 9070
1211 6178
2562 8017
7815 9252
9600 9612
2472 5179
7251 8285
8585 9927
7538 9315
1620 6800
4565 4825
7616 8213
7946 8337
1913 8749
6595 7018
5250 9673
548 9946
3926 9985
8433 9017
9786 9990
146 9388
7215 9793
5496 9966
742 4936
2827 3108
3852 5846
938 1645
4506 7292
9345 9461
9691 9765
3516 4367
6369 8571
3871 8331
3236 4127
5264 7257
5318 7206
8758 9047
5831 6099
7675 7813
208 2074
7087 7912
4374 7714
7847 8234
3193 8470
4885 7967
3354 7611
7659 8786
8368 9615
9071 9889
9769 9981
2401 4787
5162 9840
4586 7425
6812 7160
9010 9192
6479 7953
2854 7852
5667 5772
7430 9127
7975 9397
4543 6091
2505 4454
2131 6572
7784 8364
8077 8818
9984 9997
7567 9609
3942 4365
6113 6620
511 9991
7826 7869
5147 7667
6064 9087
1129 6922
7299 9891
9477 9681
3401 3802
670 9571
7169 9394
499 511
3993 9258
1358 6867
5383 9145
9171 9234
228 4348
1140 6463
5053 8245
1918 5323
3563 7732
7324 8138
5364 8235
3267 9844
172 7050
7523 9513
1633 8299
2684 8632
2622 7598
9933 9987
3604 7890
8543 8967
6385 9376
2644 9639
3628 8264
1267 6309
4225 4877
5092 5632
8486 9228
8301 9733
1197 2722
4706 6433
5073 9901
2479 8339
4671 9363
7409 9316
2605 6968
1589 6515
1271 1471
8443 9347
6516 7692
1849 8301
461 3010
9313 9557
7747 9402
9222 9819
59 8687
6174 8761
1425 8673
2569 5605
8688 9649
2905 5468
9857 9884
7280 8605
491 6767
7339 8235
8814 9120
2887 9807
9191 9596
3349 7608
1795 4396
6537 8250
6483 9873
6636 8849
9777 9844
4678 8587
5143 5338
1465 9206
36 1546
297 5446
9229 9913
7540 8693
4326 7979
1323 7128
8295 9840
9009 9367
6745 9740
7533 8540
5287 6359
4069 9408
3798 4395
5355 7792
9399 9745
5116 9674
9396 9474
2497 4442
7595 9020
4785 6598
1129 2090
6237 9961
4340 6290
8747 9684
3552 3955
2180 5581
3530 8683
3263 8262
6039 6719
8049 9923
6793 7979
1735 6710
3120 9028
5295 7865
29 9386
460 2373
5009 9514
4692 7298
5646 6274
2955 5164
1498 9555
5451 8787
9457 9997
8622 9373
2578 8722
4279 8638
6565 7536
3272 9687
1255 3723
8697 9590
2334 6925
3129 4494
9170 9776
4527 7345
1730 7498
5078 7260
8353 9606
4533 7431
947 6060
2473 9733
6514 6809
8759 9764
2536 6431
6791 6957
4912 8936
8002 9088
2728 8150
923 4060
141 459
5608 7908
4220 6731
6575 7212
2189 7029
8349 9525
9483 9991
9908 9916
7501 9328
7525 9809
4119 8376
7558 8000
7221 8842
1436 1614
3315 7660
58 5979
1280 3856
5210 8106
7732 9291
7063 9805
9657 9949
8098 8130
7684 8429
1273 3886
2165 3044
5312 7261
4494 8042
2751 3445
9721 9905
3676 5961
8988 9217
429 9653
4290 8263
1366 7946
7465 9031
3919 7307
9028 9488
3351 4605
7246 7952
205 6532
8654 9476
22 2968
8479 9867
6610 8128
5213 5289
112 1254
8064 8693
5428 9595
8796 8866
1841 9629
4338 4840
7622 7978
5183 9216
2987 6197
7882 9151
266 9667
5811 6867
4897 5833
327 2341
5761 7854
5916 6601
5919 9073
4996 7729
857 5318
8063 8121
677 2760
920 8250
5516 9029
5374 7417
5243 9968
5598 8543
7278 8834
6704 7336
7289 8088
4664 6780
8851 9460
5462 6977
366 3675
2320 3612
1063 6241
5584 6772
5473 6814
8098 8455
8520 8536
1962 8540
2576 8142
8515 9466
741 6869
8828 9928
2918 7220
2637 9030
1442 9208
4798 7882
1673 7569
8006 8385
235 4990
7872 9833
4389 6935
9676 9700
6356 7691
1101 9204
958 4692
7674 9015
7924 8287
8718 9909
3734 9552
5926 9948
6908 9324
59 6488
169 6979
1723 4019
1215 7388
1107 7622
5376 7291
913 1271
9175 9423
5266 6165
8937 9647
6825 9755
3677 4569
3127 9192
5820 8594
9933 9967
785 9806
4971 8297
6933 9356
3774 5493
5668 7886
7717 9208
3633 8575
998 8653
6022 7484
9224 9781
2187 4306
6456 9817
9319 9694
9229 9850
8935 9517
440 3556
3541 9229
2563 6692
7763 9685
8396 9521
2232 6582
7858 9108
7893 7897
1960 4665
1938 3038
3050 9444
1596 8748
4467 4822
6168 7545
161 6269
4824 6627
9928 9996
8679 8754
643 6834
5956 8828
8893 9660
2664 4243
8491 8497
8228 8654
9582 9941
5291 9681
6734 7961
5505 6848
6777 7682
1112 6379
3324 7827
7085 9509
7062 8230
8614 9243
6572 9632
5204 7934
739 7219
32 8538
8256 9676
416 957
7097 7114
9798 9975
5039 9559
5709 9632
9762 9908
189 431
8909 9550
8126 9811
9337 9941
4785 7922
8441 9748
8484 9337
7451 8046
7707 9235
6228 8951
3756 8462
2593 7826
4962 7072
7320 8289
4255 7253
6742 9731
8697 9466
5752 5997
2446 5503
9168 9759
7766 9588
8643 9556
7138 7313
2455 6515
6485 9185
8943 9060
6259 8763
9143 9889
3682 7720
101 9256
6486 9056
2562 8786
1884 7609
5607 7357
93 1812
2253 4122
8353 9708
9414 9456
2661 7106
4467 6492
1845 4802
5325 5608
7693 9290
3 6386
1901 3896
9386 9874
8470 9202
3687 9801
7938 8057
174 2920
6809 8874
486 1156
181 3140
8181 8870
520 8072
8754 8923
2912 4324
2336 6154
8277 8608
486 1516
2173 7550
370 1389
833 3936
1868 2857
179 6752
845 1829
9897 9941
480 895
8758 9575
9502 9966
1848 5813
3980 4959
2038 2743
5409 6682
563 2696
486 9748
3212 9180
1310 3537
8092 8300
125 5836
8969 9451
9226 9767
2091 9179
7002 9754
3513 3650
762 3939
8065 9010
3343 3379
7278 7505
9801 9922
2527 3831
7987 8647
6794 9742
7541 9306
8343 9413
15 964
4001 9689
4900 6131
9543 9644
784 5546
6809 7502
8305 8468
7593 8676
926 9378
4807 7999
1576 8150
9324 9404
3758 7341
6503 6653
613 3055
1811 2133
3951 6337
913 6417
6468 8573
213 575
1835 2988
8758 9361
497 2716
660 9112
1859 1911
2659 4785
5619 6725
3397 8854
6747 8464
4917 7582
4733 5025
6833 7270
3382 6829
4072 6565
7121 7654
6072 6149
569 4104
6000 7133
8272 9962
4208 6274
3318 7212
2660 7283
341 550
4978 8709
7610 8655
9221 9305
1350 5584
1899 2657
3106 3795
9865 9948
62 9319
1420 2095
5134 7323
5688 6456
1833 3124
5952 7662
2141 5361
5011 6141
2290 2467
9202 9705
3728 6715
997 3314
8164 9850
3610 5618
6738 7128
2610 3138
6999 7418
5850 9272
1011 3972
8988 9300
4551 6430
905 2684
9367 9370
6207 6290
9883 9893
7775 9701
3137 6699
9848 9931
5814 6079
7646 7915
9496 9952
2144 2191
8325 9709
4977 8451
4292 5769
6356 7166
1918 3475
2152 5871
9356 9389
9920 9987
7479 8540
7828 8736
7443 8791
3167 6746
8681 9073
5272 8329
8948 9165
7161 8250
953 4587
5883 8103
2974 7756
7876 9183
2987 5222
7441 8486
9906 9970
3216 4739
7769 9983
3808 8355
5968 8071
2633 9590
5566 7357
9054 9641
6992 9680
4782 7303
5482 5541
4169 9140
8164 9352
6334 6726
7539 9978
3001 6762
1857 4339
5579 8630
3361 4902
2922 3220
8846 9086
2786 5580
2925 6801
7938 9496
2621 8072
6962 7081
1285 3237
4316 7597
4454 5498
2225 7036
8695 9011
1657 1719
9274 9358
7255 8496
9221 9817
6092 6573
1783 2945
5279 7005
4787 9150
4868 5514
5578 7251
4589 7207
7424 7954
2987 8759
4238 9712
1959 6015
1853 9964
6640 8976
1819 1939
3925 9049
7761 9452
7216 9807
8596 9968
5126 5598
59 8647
1970 8353
7357 7528
417 6301
1400 5837
8699 9177
8515 9666
7217 8136
738 2945
2398 4646
6920 7242
6401 6865
7098 9067
7503 9738
8874 8956
7850 7881
9418 9917
2622 9765
712 6790
409 2919
2690 8395
7712 9260
6427 8948
658 1982
4995 6669
9564 9835
5023 5657
3682 5764
9021 9961
7767 9536
296 5585
8058 9155
9512 9777
5812 7088
1123 4363
6589 8863
7593 8665
4193 8596
3215 8106
1138 2479
4764 9274
9124 9392
9622 9793
7097 9960
5097 7467
9822 9850
1273 8979
7702 8467
3843 7187
1714 4744
1158 7172
1390 8533
7185 9569
5978 7101
619 7756
7613 8746
8622 9736
7123 7837
5646 9111
2971 3396
5098 9126
6424 7751
3302 5047
3877 9654
8733 9961
6712 9164
8574 9765
6046 7730
5354 8858
1687 8999
7721 8991
1966 8383
6133 8058
4682 6302
6107 7580
8029 8871
6782 8409
3564 9983
8253 9132
9842 9911
4571 8990
7984 8574
1491 8398
2840 5015
952 5899
1327 2905
150 4039
1263 8126
8188 8701
3436 8719
9857 9948
4432 5120
7898 9306
9071 9261
6398 6802
7452 8287
5352 8590
3796 8067
1381 3083
5516 7719
6536 6614
60 3353
2370 7635
9545 9558
1478 9759
3275 6244
8970 9177
4852 7426
9552 9844
2579 9415
7498 8747
5505 8949
8939 9023
5227 8601
3150 3786
6122 9947
953 5091
1489 3143
6416 7030
7686 9561
8314 8939
5182 5243
4094 6444
5911 9709
4598 5846
4343 5502
4660 9724
4340 9852
6237 8521
3749 8569
2025 6269
9253 9359
6130 9206
241 1312
6394 8794
2160 6402
9162 9673
6510 6908
4091 9489
3229 9896
3330 5185
3278 9918
892 9701
6012 8055
6644 9063
5428 7206
3064 4328
3869 8126
8747 9237
7604 7870
3983 9480
4511 9772
591 4485
3864 9631
9319 9530
1043 8677
3542 9463
7807 8621
3540 9221
6610 6904
658 7833
620 3582
2585 9828
3653 9842
7502 9105
2379 9473
4029 4567
6607 7533
6093 8577
9492 9829
3853 7056
674 8587
7329 9283
7590 8614
4422 7508
9186 9344
4574 5542
3944 7481
2640 8895
5314 9933
6857 7027
9559 9917
6356 9145
9348 9352
4309 6689
8216 9497
9955 9995
7678 8550
2838 8288
4750 5394
5024 9532
9798 9873
6879 7878
1151 1814
360 9426
8377 8983
9354 9534
6059 8718
8059 9517
4046 6740
4922 7354
5327 8885
4028 4876
8127 8407
6195 6816
3917 9723
5282 8817
344 2007
1041 9206
2812 4911
6863 9378
9277 9550
7247 9446
9618 9680
9049 9931
1515 5094
5186 6381
2882 7504
5457 8887
2442 8765
8854 9689
1501 2090
4951 5155
3537 3886
9030 9484
2716 5879
6191 9663
5626 8113
1651 2383
4606 6006
2983 7082
8745 9852
9154 9846
4711 5788
1928 6062
9785 9977
2994 7551
4435 9558
4297 8468
1097 1789
2979 4696
2965 9582
2564 3708
7742 9248
2449 5877
8927 9663
8045 9593
1016 4452
3553 4022
452 5933
2032 9014
6850 8019
3536 4440
3551 6921
9619 9687
6753 8821
3963 8166
5690 6662
619 3904
7818 8437
2352 2719
3420 9792
3380 6866
4518 7717
5714 6178
7705 7936
3758 3949
6496 7767
7170 9358
7553 9814
4155 5545
2578 9939
9520 9619
1713 5964
5352 9928
7812 8337
1557 1938
6022 7396
132 3065
3889 5783
2661 9274
4745 9077
3974 9516
8844 9661
7860 8837
6733 6851
3385 9044
7637 9068
4260 8377
8192 8980
6054 8277
9160 9217
4639 7275
817 5885
7494 8651
5118 6894
5067 6246
9152 9943
6296 8396
7452 8617
3662 8907
96 6967
2448 7411
2525 5975
4884 5779
4044 4177
1453 4069
4809 9393
9313 9538
1337 4397
5775 8219
6013 8304
7620 9775
2579 9627
1097 3285
666 8333
3778 4676
9081 9391
7576 9097
7558 9763
2919 8773
6447 9126
133 3772
1614 9617
4407 9867
1043 6831
7639 9597
3997 5619
5362 5463
8153 8876
9746 9962
7396 9097
2175 2960
9712 9958
9779 9782
2539 9172
7954 8979
2837 4862
3361 9933
6554 8864
5014 5483
2667 4551
1724 4247
9097 9695
6332 8441
707 6007
40 686
6829 9203
9637 9874
4284 6552
2704 7016
70 4857
8527 9460
7861 8268
7190 7500
9018 9667
5214 6132
1760 5526
9342 9594
7506 8356
6996 7081
8028 9657
1789 6822
9618 9659
163 5429
9423 9429
5600 8285
9358 9715
3257 4566
6778 9985
1936 9029
9764 9844
9081 9885
1292 1753
2963 4621
4683 7970
7015 9378
4161 9004
6903 8017
4645 7673
3594 9181
1119 2029
2223 9293
923 5828
2547 8846
9915 9982
6036 7565
884 5664
6813 9819
3357 8414
3133 8010
5456 6897
3472 9083
1235 4280
3270 9833
73 5947
7306 7920
7068 8573
4989 9409
320 8578
8900 9307
1140 5660
2509 3843
6996 9597
1105 9677
6871 9608
5167 5638
8519 8875
7177 7512
299 5391
4955 8374
8771 9720
5274 8987
2005 2056
4002 9069
5825 7236
7767 8402
3411 9251
286 7159
8880 9774
6915 7087
6083 6739
5587 5600
2094 7550
3385 6111
4815 4915
5541 6055
7326 7490
9450 9676
2611 3059
2963 5238
9325 9909
2326 6861
6868 7232
9894 9956
610 5148
9023 9558
3121 4872
7711 8258
2890 3228
4611 7465
3608 8617
4486 9215
266 3185
3975 8860
8820 9479
8868 9653
3004 3785
2330 9259
8621 9029
3197 6199
2830 2907
7624 9575
5872 8599
7757 9206
6250 9844
4737 6631
3112 5186
9474 9482
8893 8919
6411 9274
7665 9520
6395 8227
9967 9977
8597 8971
677 3904
4286 7248
1239 2904
8311 9988
329 8865
8316 8685
8076 9840
9652 9880
675 4124
9555 9695
233 1082
3432 7291
8916 9436
7563 7655
8456 8628
8881 9938
6251 7433
3732 4865
2223 5921
7223 7541
9471 9868
7866 7971
9117 9340
2748 6948
1427 6193
9032 9253
3176 6579
9247 9306
4018 8903
3564 9282
6221 8323
9218 9436
5401 9212
8382 8752
3433 9886
3820 4677
1145 6065
4638 8630
9061 9607
1178 7201
3374 6057
6653 7710
5288 7393
8849 9739
154 8894
9464 9908
2474 7154
7297 9154
3622 7935
2753 4084
5835 9470
1192 2729
1702 7574
3819 9663
534 8542
1448 9372
2231 5068
5950 9531
2085 9995
3895 5377
18 4997
8596 9556
6035 7563
6273 9262
491 4899
9988 9998
9985 9993
2329 4814
6838 9383
3655 5620
2749 4039
2265 9465
808 7838
5521 7762
5921 6236
2889 8253
6787 8384
6148 7792
7474 9934
997 6258
6461 7700
9845 9989
3957 7398
1040 4887
9799 9930
4094 4781
4746 8796
8730 9738
3663 4679
1148 6290
9847 9853
9480 9531
2000 5829
7374 9216
4958 8256
6475 8085
3219 8594
7844 7881
3213 6700
216 2437
9069 9579
3809 8560
4454 5463
3167 9416
6302 8437
8427 8548
9582 9883
6576 7554
8142 8948
8346 9762
4780 5287
699 8333
9513 9655
2124 9672
8142 8578
1269 4788
6996 9320
7122 8236
6262 8384
9151 9663
1323 7901
6390 8663
73 8897
9937 9963
5449 7084
4913 7843
329 3642
952 2062
578 2788
2623 7255
4899 7346
9749 9956
6010 7104
8802 8880
1352 6780
5032 9582
3306 8856
8931 9782
3427 5787
7579 9848
6868 6928
6417 7432
5399 8723
10 1861
6589 8214
8662 9478
9411 9475
7867 9520
3998 5517
3594 8263
1656 4168
1997 3020
5116 8256
443 9550
4391 6311
7215 9823
7130 7406
2392 5217
6695 8727
3182 4500
6675 9960
7513 9595
4204 6409
9530 9839
2441 6020
840 5235
1437 2818
1760 3591
9794 9862
113 5310
8122 8948
9501 9546
660 7944
2699 6208
3204 7834
4988 5565
1426 4133
9486 9626
3019 7180
8565 9540
4350 6392
6837 8732
8453 8621
6494 9273
9014 9732
7842 8409
7905 9115
5464 9516
4860 7696
8337 9159
6686 8902
9682 9902
1437 2983
8521 9184
3851 4880
2073 3575
2504 5309
2950 9184
5015 7271
647 8366
7961 9371
8979 9543
8868 9540
299 2194
2347 3745
8385 8456
2080 9936
9374 9505
7188 7877
3603 3645
5324 7491
1640 9480
5523 7652
4020 9468
3051 3418
2104 5739
5674 6234
9214 9708
2572 9365
4944 9174
1835 9311
7959 8411
271 3507
2797 3999
3621 4829
8922 9926
3718 6221
2970 6771
7385 9398
4181 7389
7419 8909
96 8289
2743 9510
9717 9850
6082 9328
2770 4730
6566 9772
7416 8532
7376 8211
2319 6301
1170 8638
8965 9592
2742 5508
8901 9060
4563 7884
5980 7045
9256 9723
1890 9533
8743 9610
5518 7973
7741 7837
8881 9316
2576 9657
9146 9911
6766 8962
1742 5757
7548 8000
9990 9997
2108 9325
2726 4176
8156 8210
6328 8427
5204 8065
1955 4248
5507 8207
3021 5760
5155 7797
255 6529
6857 8086
5368 9323
9614 9682
4209 4293
653 8505
7675 7738
6524 9048
4235 9916
7233 7950
9473 9820
4331 7177
4931 8443
1029 4912
1526 8826
9871 9925
7176 7941
7556 9619
495 2376
9147 9887
37 7866
7798 8845
2412 7775
5573 8676
584 6550
4128 8873
2493 9559
5046 9431
8852 9759
7293 9161
4213 6291
9176 9722
2182 4250
2968 4459
7080 8638
3152 9421
9756 9768
67 5358
3650 9147
177 3327
4689 8431
4504 9488
5402 5893
8138 9732
8845 9360
1538 8026
2983 6857
7145 7417
8444 9338
8835 9300
3171 8319
5360 6747
7505 7723
5588 6991
1259 2027
9304 9503
525 5496
4142 9347
1312 6666
9433 9967
9006 9097
5596 8129
5205 6511
6744 7969
278 2597
2758 9657
9881 9883
5014 9833
6105 8322
7322 7720
5293 9822
3431 4073
430 4485
4874 9310
2705 5673
2726 4368
2923 4123
589 6657
4932 7662
3858 5611
9705 9931
1340 3755
5395 5614
5851 9738
8713 9633
5315 6235
3115 7457
4532 6413
8405 8809
8677 8920
6341 9635
4708 7550
7603 8605
4140 7953
9607 9891
6456 8461
1232 9025
4408 6279
7515 9154
7535 7555
4741 8503
4397 7654
2326 9137
222 2544
4285 4756
6018 8981
9339 9596
1210 8520
9642 9935
9160 9941
7429 9759
2068 8393
5236 9418
2045 8945
9 7271
5328 8857
1154 7599
2901 7552
5574 8370
1136 7639
5049 6207
5743 6211
7738 9591
749 2084
461 465
4496 8278
8956 9184
8733 9582
4734 5968
2293 9659
9305 9400
5970 9495
6981 9579
2031 6355
2819 7029
3324 9056
1545 8269
6608 7327
7746 8077
1369 5046
5129 7704
3393 8379
5700 6247
4264 9415
3201 9823
3632 4360
2516 3759
640 3340
7914 9379
8244 9764
282 1997
3411 7720
3429 9327
6742 9301
5634 6861
2759 4276
7436 7534
2946 9824
807 5524
8590 9272
4528 6722
8283 9205
3672 8754
2014 4975
3242 5574
3560 8087
8320 8520
6971 7405
2429 9655
8531 9784
181 9455
51 4955
1874 9395
7369 9083
6321 8030
5426 8163
7142 9767
4482 9191
6273 7136
5707 8512
9820 9922
2420 6343
6225 8748
5569 7363
3250 8026
9216 9302
4193 8833
9518 9531
2115 3943
2515 5462
9514 9889
8749 9841
6196 6695
4123 9919
6014 6431
9609 9918
4320 8305
8475 8638
9022 9103
3092 8686
4422 7678
3757 9475
6069 6536
4170 6565
8568 9795
2280 4190
550 2006
6490 8494
299 3371
4931 8177
6869 8000
1038 1622
5180 7024
1653 6702
1356 4381
9777 9974
5336 9580
6393 6737
5050 6569
364 1750
7909 9400
233 9772
5029 6799
9486 9554
186 4402
6881 9099
4771 9259
9814 9939
4232 9639
8250 8739
1062 5245
7310 9014
3749 9945
7391 8041
9332 9806
4103 7832
91 9430
4230 8448
9624 9670
4866 6529
6624 8408
5424 5551
4169 6429
3715 5756
9553 9658
6899 9491
8888 9388
2963 5261
1748 9481
9565 9952
6832 9326
9544 9742
2861 6030
711 9998
5312 9956
8958 9029
1251 5223
8225 9477
947 5771
4040 8403
2686 7770
8496 8810
1283 9113
3263 7448
1476 6484
655 1828
9736 9750
36 1526
1486 2572
7733 8048
5051 7388
997 7945
5704 9746
6686 7271
9869 9954
8266 9958
6118 9839
5380 9424
7632 8805
6139 6650
7167 9224
6799 7709
1034 1612
2626 8706
9636 9913
2033 8877
8302 8498
2763 2942
9630 9894
2041 4372
6513 9805
6872 9079
6902 8481
8176 8666
1390 3927
4443 7199
8992 9395
1953 7406
804 6111
253 9706
5088 8361
9102 9930
4544 7087
4874 7210
883 3336
8163 8611
6058 6482
2430 3670
8418 9698
999 4056
4370 6529
7614 9705
776 3218
565 3102
4382 7600
9607 9921
175 4422
8789 9209
5893 9253
4264 5223
4507 8007
3977 7407
2280 8693
1867 9637
2812 6793
2555 7634
4052 8549
9126 9682
7068 7346
1723 6678
9016 9792
2592 3556
7652 8057
7879 9242
9546 9720
6893 7498
1087 6891
9603 9952
3986 9489
6077 8379
6236 7068
9156 9267
3687 4303
3426 5759
5903 7136
1137 9064
7019 8042
470 9274
7840 9460
9006 9456
7576 9432
2120 2493
7483 7721
6713 6918
5612 9636
8334 8361
4733 7084
4317 6104
8458 9755
4959 8107
4252 7483
728 2943
7303 9105
396 7715
7353 8790
4578 7699
4986 7121
2975 7818
762 969
3052 4763
4871 9014
48 293
4553 8691
2639 5221
2650 8613
6036 7960
7548 9622
2142 5087
5290 8733
6117 7574
8123 8706
262 7702
4221 9529
7404 8132
5041 5370
1473 8017
6925 9290
9240 9516
7689 8960
8099 9019
5580 9063
7319 8674
4140 5449
7539 8473
5208 5606
3440 7388
1258 5101
7779 8430
1424 6598
5707 9513
643 5079
3547 3978
5737 6513
4194 7579
9368 9757
4694 9053
2785 4862
9876 9919
2805 5128
9829 9974
9750 9839
5867 6527
2140 7842
3488 8426
1730 5484
7525 7529
3277 9703
940 2877
9031 9073
1023 9801
1699 1996
7135 7853
8028 9499
4467 9969
4044 4960
3315 4900
9338 9514
311 4847
5065 9931
2469 3962
5417 7387
2112 7515
4438 8993
620 3852
1054 2086
5614 7545
7011 9920
5739 9333
7261 8296
8985 9478
6192 7373
3361 7696
3761 4139
6668 8597
88 3840
7296 9262
9352 9913
6513 7108
5271 5283
1788 2489
9258 9456
8091 9090
9483 9954
2856 9534
5163 9491
7295 8384
8377 9301
7343 8551
2207 2657
1942 5474
240 2560
1933 5023
9550 9871
5329 5502
8013 9102
4139 7575
3892 6667
2553 9669
3446 5540
7551 8586
4610 9832
6664 8459
9006 9639
8931 9672
744 5601
8274 9742
5628 6363
2209 8940
1755 7900
6845 8140
5849 9751
6318 6493
1856 9211
5293 7699
8854 9363
155 1481
5461 9224
3191 4059
7020 8757
8854 9818
7718 9297
514 4354
3864 9290
9855 9893
9469 9747
3494 7800
795 5493
8513 9134
9994 9999
5562 9336
8142 8514
5950 7298
9144 9849
8322 8428
1766 8377
6464 9519
1578 5799
4292 9986
8583 8773
4853 8590
2255 6144
263 6880
7221 9811
2254 2716
2537 5008
1518 4507
5104 5240
8508 9175
2336 3285
3830 7769
1307 5698
2939 4762
2691 8860
8180 9365
5755 8428
2863 4214
298 587
6902 8119
5940 8107
3283 4141
3587 7491
1281 9315
6307 6720
4351 8557
3727 7324
8761 9937
8429 9807
3948 9064
9947 9955
4861 7619
1559 8097
3948 7755
7950 9266
204 3047
8782 9909
1066 5980
9069 9934
8267 9542
8435 9894
4790 9140
1487 6842
3408 4879
4335 9636
1782 5341
199 3433
2008 9601
7255 9572
3522 5816
5939 9564
8300 9593
3753 9564
7357 7469
9732 9782
7509 8389
8950 9605
1157 2967
2410 8051
5630 6546
5843 6346
3098 5557
4636 4955
3850 8058
335 763
6336 7443
4325 5720
4020 8931
9655 9725
2498 8058
2155 9494
7090 8532
487 4060
8326 8800
4174 5482
2653 7086
7923 8846
495 6785
6412 9890
3197 8931
9332 9762
291 874
2834 7647
9232 9813
3904 4759
8244 8717
1002 1236
6849 7315
6113 8164
3688 6411
9689 9719
759 5643
7646 8503
9529 9537
4313 8428
154 3334
274 4433
4120 5218
3429 8134
8088 8785
6188 9550
7518 7572
4460 6598
3782 5368
3602 7953
6662 9854
5640 7177
2390 4227
4136 7852
7751 8199
7296 7579
7064 9759
5108 6147
4417 5339
7870 9557
9327 9971
2601 8522
1563 6307
9439 9851
7376 8226
7007 7531
205 2659
1701 8430
2337 8370
7366 7466
4183 6211
1634 7279
4625 7774
7706 8787
6844 7175
161 806
8552 9679
2910 8515
3304 6809
6820 9827
9806 9913
7381 8633
1917 6790
5131 7252
921 6644
9188 9238
9234 9593
2288 5951
5050 6510
6822 6923
6016 8264
8751 9449
9198 9517
9626 9811
9234 9822
5408 5680
7705 8069
3083 9570
7890 9763
2675 4636
7857 7912
5059 5540
5419 7368
9659 9827
9508 9696
7459 8597
4785 8396
5799 6435
9704 9841
3010 6399
3614 3663
7485 9743
2612 8354
9693 9710
2064 9394
8371 9937
6883 8757
507 1777
8133 8433
2664 9779
6553 7664
4004 9752
6416 9211
5544 8096
9216 9530
6442 9680
4704 8470
9363 9909
9716 9975
9648 9793
6054 8530
612 6865
5385 8471
2125 3015
2489 9073
5591 9231
3154 9479
6707 7811
8244 8508
152 4330
4765 8215
8195 9491
3653 5929
9426 9726
4613 4623
9087 9477
2561 3559
1094 3809
9328 9532
3707 7170
2033 4724
3877 8543
5859 8045
6649 9484
3502 4335
3281 7532
7753 7896
8420 8460
6925 9504
3227 7731
8120 8124
6589 9082
6548 9840
4115 7967
862 7823
6980 8637
7644 8751
1972 3311
4239 9434
9623 9892
2649 7045
3778 8608
7198 7444
8824 9096
4746 8303
4293 5243
9190 9987
1835 3099
6246 8977
8473 9912
9033 9484
6211 6827
135 5417
3473 6744
5582 7613
1769 7542
8933 9360
9594 9690
8688 9540
7226 8308
5686 9909
2413 8681
3836 6062
9656 9831
6757 9330
560 858
4079 9823
4923 9844
86 9581
7890 9641
7447 9585
9812 9852
2829 3529
1970 4418
5567 8857
6348 9977
6848 6873
8540 9115
1818 5648
3037 4467
3031 8281
1811 5673
1716 6727
8018 8676
2763 3537
4723 7549
2252 3052
9208 9315
8415 9901
4476 8788
3744 8334
6349 7583
741 8476
4679 5282
1461 5100
7571 8950
1586 8549
13 6117
4710 6011
791 9023
2272 4980
32 8165
3836 4995
2853 3147
8160 9255
5993 6391
2940 5461
6575 7890
6084 7813
5172 7763
3213 8438
4449 7077
5623 6665
8164 9084
477 3862
5318 9510
8163 8810
794 2949
6056 7548
8947 9112
4279 8574
9323 9765
5677 8701
4098 6089
7274 8842
7728 9159
9309 9531
7052 8743
5809 9594
3594 4537
7120 9814
5327 9270
9399 9781
3170 8418
9361 9472
124 5274
1555 4993
5552 8338
3006 8644
8640 9703
8198 8833
1140 3745
9607 9800
8451 9580
6803 8144
6398 7011
9552 9596
3237 5143
6794 9497
7547 8400
4446 5383
8702 9219
5072 6137
3379 3417
904 1407
5894 9347
2723 9086
8781 9584
387 9496
8263 8765
3411 6136
460 8274
2576 4210
6006 7507
4744 5803
7786 7921
9430 9614
4535 7071
6123 9720
5176 6369
2986 5013
6527 8132
2082 7852
1577 7540
3643 9593
5603 7831
3940 4976
7248 8720
4913 6252
2103 7522
7227 9002
1633 8043
7109 9466
1505 4899
5389 6016
2622 5444
6007 7989
9916 9934
67 91
7703 9516
2444 9128
6941 7695
992 5681
1102 5364
6247 9842
365 4144
807 9395
765 9351
608 5939
9789 9932
741 8500
3366 8607
7472 8981
678 6978
4463 5726
993 4995
9851 9993
5480 5593
923 1515
6301 9094
9199 9410
5320 6132
6045 6957
285 4153
9196 9888
3433 5807
2730 6572
7367 9859
8204 9541
6637 9496
7173 7267
2167 3090
723 3126
9902 9961
8510 9048
3844 7322
7931 9642
1471 3936
8869 9826
4128 4962
8376 9846
8402 9000
569 4470
7201 8164
9069 9603
1417 7333
7413 8125
5287 8142
1221 6436
6043 7617
2408 6212
2099 2946
9781 9911
7907 9836
8098 8420
8878 8919
7562 8359
5932 8099
5229 9122
3649 4186
1189 3084
865 6019
5321 8464
7138 9230
9134 9658
314 6362
8750 9836
1914 6009
1875 2723
413 3833
6188 6858
1664 3697
3720 6801
5799 9752
6940 9422
3405 5348
4023 6469
385 2045
35 6440
5467 8691
1872 9663
4305 7863
3066 4287
6291 8790
3651 6501
3318 3757
9102 9883
9008 9623
6316 9202
8863 9879
8672 8880
9209 9873
7447 8730
3253 3779
5545 7619
3381 5253
1752 5894
6013 9054
5572 5583
2958 8317
8253 9248
954 9107
4 4793
1400 8058
6988 7916
3477 9755
7641 9017
2369 5917
5693 7126
7914 9085
986 9428
6653 7276
2979 8786
4117 4858
5623 7071
803 9274
1505 2756
4242 5399
5557 5995
5796 7803
3161 7994
2105 5777
2077 4108
8668 9090
7983 8989
6077 6810
7754 8857
1483 8965
670 5679
384 2918
1893 5189
5436 7330
6504 8720
4741 6126
7522 7800
2526 7609
6953 7103
4342 6779
9004 9097
2152 3826
4413 9203
1994 4490
7749 8573
7087 8051
6602 9071
6331 9712
1335 5191
9551 9845
9406 9614
548 2622
9189 9348
9516 9981
2499 3852
5822 8978
9631 9701
866 2793
3560 5084
2429 8370
7636 7678
5898 7765
4195 6937
6352 9486
9571 9661
8772 9622
4102 5754
1188 4666
6056 9221
6335 8374
753 6550
926 9762
8269 9771
3852 3861
8582 9906
3014 9625
4461 6441
1219 2374
810 2244
4415 8396
7703 7781
3335 5176
6004 6363
1212 7564
9055 9280
2382 3411
9987 9995
7846 9024
7328 9810
3345 9534
8359 8457
2054 4393
5836 6700
144 6685
297 2871
806 1868
9484 9836
4134 5148
4430 7723
8216 9897
4882 6925
9000 9119
2516 9902
5115 7368
3141 9006
706 4597
9363 9818
8097 9555
2081 3985
9753 9942
6193 9126
9770 9785
9814 9848
3851 7600
4157 9304
7368 9680
5522 8916
1948 7562
829 5845
6462 6989
2260 6428
515 2633
8517 8823
2669 4856
1205 4466
9822 9983
8602 8945
4749 8879
8461 9884
3148 8865
2237 3114
2055 9341
6738 6907
9034 9124
1478 3316
9334 9405
3814 9286
3116 7842
4117 5623
2774 6206
8778 9357
6238 9446
5499 7435
7073 8031
9838 9850
1238 9620
5039 6387
7348 8527
7170 8851
2383 8456
8572 8753
1127 3191
6634 8079
992 4200
2135 9556
7167 8536
567 2288
507 2609
7753 7763
8067 8846
6495 8119
7606 8951
9105 9591
1048 6589
1051 1480
1773 9489
1541 2898
4655 7191
4231 6792
7559 8437
2050 8114
3389 8477
8867 9523
5300 7239
9210 9583
6662 8500
4997 5267
9092 9450
9982 9983
1468 4309
1016 5202
3303 4163
6684 8326
2698 6157
554 703
5707 9282
3154 7670
9433 9490
2086 7729
2232 9352
7109 8529
2548 8785
2244 4819
371 5402
2985 4946
9836 9909
9270 9758
5801 6764
4304 6841
4245 4786
5710 8133
6375 8131
7039 7818
8891 9099
56 5284
9930 9954
3097 6870
9679 9813
7456 8171
7083 9797
4556 9216
5908 7767
1085 8745
1923 9162
7295 8982
2985 7819
206 2093
3564 6211
1389 6986
1520 6579
25 689
9813 9951
2906 9916
9299 9308
3717 7356
6473 9832
1215 6138
7754 8733
4670 9549
5043 5691
3218 7023
7295 8566
9627 9756
4805 4891
7655 9048
7214 7730
3537 4694
8023 8082
7863 9214
3787 8271
234 6027
2573 5726
9507 9635
251 5598
4139 6759
8560 9195
6828 9071
7693 8979
7630 7989
3448 5992
7521 8177
7169 7897
6234 6285
6184 7785
5187 6605
2637 5832
8256 9305
1521 2865
8515 8863
6241 9625
7408 7721
9005 9531
4058 8931
9951 9994
9589 9709
7630 8160
9101 9869
298 7081
2273 3649
9499 9899
4783 9285
5321 9589
5302 9809
8919 9903
6886 8686
8752 9043
8286 9646
9561 9932
9572 9866
7727 8015
8032 9646
4230 5646
800 1142
7651 9873
4829 6740
5167 6058
1679 4006
5352 9359
3454 6285
1208 4934
7228 9078
9641 9745
4289 6876
3819 8148
5539 7115
7952 9281
9116 9719
2227 6014
7397 9212
4585 4614
2759 5911
1374 9596
8199 8663
1767 4324
3905 7441
416 6220
6003 6099
9937 9951
7359 8977
7286 9983
9675 9687
7246 7289
6278 9200
3797 4084
2542 8854
5913 7654
4727 5814
8390 9580
5229 8120
928 4034
1346 5422
3480 6149
2967 8980
4609 6388
2428 2718
7934 8152
8551 9228
1791 6196
2850 7024
4468 8734
38 894
4982 7108
1923 3312
9718 9886
8987 9511
4666 7582
2209 7860
8130 8168
7538 9917
2373 4791
2829 4147
4709 8817
9394 9992
881 7771
515 9675
8070 9909
3852 8459
9611 9922
7130 9730
6098 7328
4128 7028
4565 6485
53 6374
7045 9198
6923 9347
5219 7703
8926 9499
1874 4116
8090 8787
6305 8886
8784 9528
7105 9921
1154 1380
9961 9993
7919 9196
1181 3048
6393 7796
7283 9130
5924 7396
6382 7943
1673 9035
1529 3854
8914 9092
3466 9307
9461 9465
8368 8903
7231 9864
8706 9642
9877 9926
7154 8492
3243 4567
7354 8217
379 8698
9977 9990
4266 7857
2993 3475
431 8566
5099 8112
2572 3069
2045 9117
1118 2545
5592 9166
9909 9917
8315 8418
7049 9123
9676 9922
5428 6296
9294 9657
7349 8235
1966 2902
1069 8361
718 5112
3051 4979
1787 2558
276 2990
457 8267
3732 9579
3311 7152
287 5091
1666 6990
4969 5953
8224 9846
2413 4202
7700 9894
853 5764
9697 9902
1348 7716
1802 8595
2669 7879
6211 6398
8923 9357
5857 7840
4878 7762
9746 9856
3579 5734
7086 9297
3445 6399
9533 9679
3309 6838
6402 9016
7473 8511
4137 7614
7435 9609
5646 8499
4770 6315
34 8646
7260 7524
3095 6810
6545 8675
3301 9484
1892 7626
6994 9136
3358 9675
4764 8537
3486 6845
8737 8754
3656 5165
5015 7790
9555 9865
4847 5479
6387 7423
5067 5712
7816 9896
3809 5390
720 3529
7719 8220
7733 8223
1224 1614
8382 9384
1328 9472
6291 6539
7421 7641
190 8934
7761 8583
984 7189
7747 9624
7912 9875
9830 9944
4282 5520
9169 9174
9364 9903
7388 8197
7409 9041
9842 9996
9610 9725
4249 4475
8074 9487
9720 9780
5991 7562
6598 8297
7003 9211
9940 9990
3549 6982
6052 6205
6059 9051
9621 9959
313 4095
1699 9722
7897 9342
9185 9577
6496 6641
1282 2249
3172 8950
2597 4357
3391 4811
5951 8670
1630 2529
94 7378
1903 4110
3561 6119
340 7986
5233 7448
371 4634
1854 4171
908 4794
9321 9653
9569 9573
383 1493
6677 6831
6747 8596
3831 7302
3225 7560
2022 5817
5992 9353
3101 5853
766 2895
4322 8171
9359 9660
5301 8434
1743 3131
9864 9913
5209 6737
9798 9878
8513 8755
3432 3507
9470 9681
243 5320
2571 3029
3612 5058
4243 5667
6920 7272
9716 9960
6607 9127
5075 5104
9657 9717
7685 9011
5524 7451
3277 3820
4976 8489
7501 9055
9021 9717
4811 6020
4264 7240
4922 5484
7698 8273
2119 8033
1441 3238
2963 6801
6456 9488
8333 9721
6678 9908
6818 9677
4537 5127
6947 6959
5193 6995
7107 8691
81 4745
3767 9830
1815 9167
7838 9165
627 6699
2090 8781
5011 9572
3768 8774
2367 9711
1616 2042
5664 9268
9562 9629
3702 8539
1795 8593
7811 7854
1313 7629
2989 6144
701 844
8462 8832
4659 8644
247 5216
2789 6625
5858 6562
1984 5261
7278 7915
7434 8874
8913 8996
1149 6877
7181 8068
5880 8899
6473 7247
4699 5434
4306 9064
5129 5629
1884 3353
689 5767
2220 7579
4146 8572
4826 8455
7688 7949
9740 9987
2053 2661
1304 1309
6150 8692
6836 9746
5768 8314
7737 9809
6797 9240
9095 9798
4185 9428
6823 7498
9082 9844
3105 8352
8763 9026
3062 7665
86 6932
4365 8052
3057 9893
5157 5730
3440 7076
499 8836
5915 8614
2312 7684
9205 9424
2896 8085
1775 5542
2895 9906
3212 9750
752 3966
1920 6117
9455 9606
6385 9396
8609 9867
9422 9865
2612 8071
812 5853
2290 6584
7029 7065
351 3208
1115 8904
375 6168
1943 5849
441 7201
2861 5005
4987 9182
7144 9966
366 2621
8579 9397
7978 8071
6881 8532
6803 9047
1481 4838
6961 8420
6090 8462
6620 6716
173 8190
1464 3879
1649 9332
4555 5284
8876 9069
4431 7362
3050 9345
3707 9257
1348 5429
5574 7359
4656 9328
3944 5968
5341 7018
815 5602
8040 8385
1446 4969
3947 4946
4444 8301
2683 4058
8057 8282
284 6926
4962 8979
8673 8943
1543 2394
8963 9910
15 9526
7479 7705
8949 9661
7124 9728
1018 2138
4190 4850
8932 9989
7619 9651
2240 2707
9166 9920
716 5566
5465 8402
1238 9262
8613 9010
2110 3548
7717 9535
7040 8398
4381 7075
8655 8667
6524 8917
859 2939
9461 9845
9841 9888
4156 7044
8832 9113
819 4846
1439 9741
983 9113
9190 9600
1323 3784
2787 3186
3694 6830
4068 9186
8597 9036
9675 9845
9210 9974
8538 9020
569 3684
4001 4911
9450 9630
8375 9444
9890 9995
1179 9442
1417 5690
9561 9822
1877 8251
7527 8190
8839 8912
9186 9318
6948 9984
9905 9948
6286 8153
868 1423
6945 9021
6932 8281
3962 5006
1283 4786
4045 9916
5372 8789
9821 9946
5055 8593
6298 9313
8685 9171
1654 1755
7859 9977
2135 6506
1765 5281
8251 9634
6120 7699
9596 9861
3191 5124
4957 8889
4106 9381
2391 3101
5481 8331
7189 8477
2397 8273
3960 4459
3507 9707
3562 5522
8607 8849
994 7397
1411 5961
8363 9629
323 2963
9388 9469
677 9214
1792 3657
5138 9146
9920 9981
1551 2932
1507 6081
4177 8860
2643 9713
652 6369
6236 7139
7190 7244
3183 9398
6951 9617
618 9040
9707 9981
5092 9539
5585 8172
6934 9479
1419 6570
7167 8965
7180 7405
1370 4167
6584 7186
1086 6066
3328 7417
2632 9968
237 9507
6188 9693
688 9791
9530 9722
9946 9997
1405 8096
7474 7508
4115 8986
5417 7757
4360 6260
6277 6308
6725 7914
4465 5190
8303 9442
2027 3861
1943 4055
3246 6236
716 1262
30 2068
4948 9309
8570 9636
1866 3367
9733 9756
3656 5474
551 5464
9643 9860
3831 7151
1801 6804
9208 9645
7601 8544
105 7378
8017 8368
4405 6127
5363 7525
5203 9602
9010 9966
4857 9691
6253 9736
2519 5310
2460 8332
110 7738
6338 7321
1745 7096
327 2962
6913 8588
5231 9562
145 3454
4325 5610
9316 9838
4282 5971
4905 5738
4586 7535
6056 7398
3193 5292
6732 8880
5268 9670
5853 9211
2262 5727
7643 8526
2247 2347
490 2795
1780 1990
6298 9408
9383 9750
5612 5615
3816 6217
4515 7344
472 2077
6697 9001
1642 7308
2053 9681
7695 8930
1616 5125
7647 7956
1672 7742
2267 3253
147 7201
7984 9911
6341 7633
3653 7598
2205 4008
1659 5240
9156 9833
8549 8564
3099 3848
2372 4987
9474 9985
5741 7743
5623 6275
3878 7241
3167 6989
8121 8199
6464 9548
9498 9842
8079 8097
5007 7647
4849 9779
8719 9700
9013 9851
7083 7675
4179 4523
3102 9874
6642 9500
4808 7036
3852 9809
5032 5331
8063 8405
7024 8479
5027 6028
7827 8262
4523 7620
1393 9268
789 7774
1452 2951
7308 7317
5336 9407
714 9781
3990 4783
6058 7418
8008 9351
5324 7023
9119 9360
945 1042
8836 9523
9401 9832
2381 8856
3036 6883
3317 4091
1500 2610
8263 9579
405 3394
6711 7868
9093 9213
2218 9398
6066 8960
9238 9843
1355 9039
3420 4372
6013 6537
624 9010
2371 6196
4166 7191
60 8798
8601 9725
4394 5477
4144 7061
3258 9581
572 2337
2001 8092
8549 9718
7948 9059
1105 4833
3685 4714
9927 9980
8294 8317
3443 6097
984 9208
6137 7580
3418 9300
198 1671
7598 8030
9143 9194
4295 9456
2001 9434
6886 9854
2300 7299
8283 8810
4598 5363
6365 7827
9409 9578
4057 5959
9835 9884
769 5513
2950 7263
4978 7772
8628 9332
7549 8328
1447 3033
8127 9349
6578 6825
6580 8287
3785 4293
5898 8827
2723 4550
9858 9865
7300 7497
1920 4409
5144 5683
1825 5169
2508 3752
1476 9190
873 8243
8473 9370
9110 9657
7920 8226
71 3660
7442 8079
854 1730
4028 4674
7528 9418
5023 7540
9044 9402
4963 9433
2246 2320
394 6525
1577 2648
8675 9484
7707 9162
3669 6362
3137 7054
3499 9958
7617 9445
6142 9764
3440 4061
6668 7981
8844 9670
361 3948
8772 9904
6337 8058
6783 8532
5767 6002
1962 4525
5223 7494
836 8188
6038 6990
4391 7180
4595 5394
8623 9715
8680 9750
6648 7643
2956 8664
7984 8975
9383 9812
8132 9200
3115 7026
2724 9724
1236 7323
4471 9520
6809 9352
2023 5645
1112 8061
4537 8021
4460 6673
2184 8006
7052 8888
9874 9989
5560 9794
5952 8641
501 3547
2281 5958
7850 7972
4501 7280
8150 9600
2281 5102
7919 8659
1082 2172
4359 7033
9996 9997
7340 8172
4739 9485
4614 7758
3323 6757
1216 7247
637 6671
5992 8250
3464 9671
4673 5055
2747 8070
3458 5046
311 755
4618 6730
9462 9504
9485 9581
5439 5722
2578 4665
9797 9814
9098 9413
5799 9276
1876 5115
7516 9910
1815 4020
1905 3996
507 2627
8914 9766
3633 5860
7075 7461
3106 8009
7071 7228
8333 9553
5764 9478
8497 8710
9963 9989
9318 9892
4893 6147
8899 8995
9374 9430
7183 7440
5577 9687
7385 7619
3772 8079
4469 8415
449 7727
5978 9765
1856 4501
3385 5098
6612 9569
3137 5178
3605 7488
3202 3517
1366 9268
5956 8389
2429 7128
9505 9753
2719 5278
8794 9144
2030 3293
5993 7252
2357 9983
7867 9702
9702 9798
6842 9823
1994 9076
7065 8437
3507 9675
6109 7614
8926 9910
7194 7434
1816 3651
5219 9241
8130 9475
6095 7170
2009 2278
891 8136
7860 9861
225 9575
7723 8623
7995 8463
2212 7311
3007 6053
3102 4788
8675 9885
4346 9190
1163 2031
8457 9451
3921 5693
9286 9994
8093 8853
5663 6385
1852 5585
4603 5003
450 6367
6622 7892
5278 6574
4833 8103
2258 9705
1267 8629
3396 7701
6680 8995
3369 4341
9267 9471
5877 7414
2055 4371
767 2841
233 2841
2373 8322
7336 8391
9103 9351
4387 8714
3297 6690
8895 9472
6423 6847
831 2041
8879 8914
1294 7560
6500 9585
4197 6028
4568 4884
408 9181
6897 9809
8766 9047
2203 9608
8928 9765
4041 7149
7114 7337
6264 8201
2739 8951
6256 8147
3590 5574
8835 9415
2648 2810
2040 8778
2037 2678
5556 5985
6650 7991
946 3719
8534 9846
1055 2601
3511 5109
1743 1776
8470 8592
6753 8992
5861 8135
9654 9962
2083 4233
8941 9438
6247 6962
8547 9241
4955 7509
5353 9980
196 5690
9709 9936
9854 9858
6219 9825
9153 9543
389 8149
1605 7245
7996 8389
287 6690
766 5198
8849 8880
679 3400
8288 9246
1294 7514
8394 9055
9027 9910
9510 9515
7722 9628
7613 9554
2683 7799
8268 8559
9881 9902
8924 9015
7952 8941
9230 9498
4613 8942
9974 9980
879 1370
5225 7076
9650 9784
5213 8072
6999 8857
3455 4740
6112 7205
5632 8626
8029 9101
1336 2924
8653 8676
1880 6776
3831 6107
5563 6224
9835 9899
7998 8631
2646 3438
1503 9750
1551 4412
3555 6975
4166 9227
1485 4356
4403 7871
2074 4982
7572 7578
1235 5929
7071 8170
334 3416
8377 8880
1028 3015
2906 3601
863 7879
2925 5304
7568 8483
9575 9663
498 2878
7600 9234
4237 5016
5590 7927
539 3965
1052 7629
6518 8656
5322 6975
4511 9076
7229 7515
6108 9806
7877 7905
6343 6726
2909 4048
4086 4981
1334 4598
8065 9897
9710 9806
7433 8489
5654 9645
5255 9100
404 5944
3672 4843
3697 3742
3648 8567
1015 9906
2735 2739
446 9370
9397 9737
3044 4972
1081 8255
6848 6910
4024 8537
1278 9825
7920 8662
1719 3459
3685 9806
4921 9330
7056 8306
9150 9622
3508 7810
8296 9053
1595 3235
4415 6234
1788 7284
7265 9380
1234 3908
3764 8389
8856 9722
8993 9755
2814 6849
101 5190
7738 8641
4165 5096
9654 9769
7088 9115
1862 6024
7678 9408
8733 9315
6973 8937
6258 9097
1736 4264
7387 9546
1711 3655
2713 7906
7543 9443
6338 9958
8626 8747
3360 6140
7443 8739
78 8851
5005 8875
5054 9303
5722 9918
6337 6891
3759 6857
387 4132
330 7834
1870 7754
1922 8447
8166 8591
6396 9527
746 8390
2172 5153
8117 8522
6423 7680
2738 3187
410 9071
9462 9564
5235 5640
6233 9303
3472 5294
6305 7130
9471 9664
1801 4940
4211 5178
404 5763
3026 6499
9820 9870
8142 9302
8546 9866
6063 6313
5269 7147
7589 8906
3258 7885
290 6984
4501 4749
4208 8565
9476 9630
9475 9546
2336 3067
5524 7271
7109 9149
3911 7538
6259 6855
648 8501
8855 9491
7821 8018
7374 7654
3690 5147
5683 9155
3647 8088
6459 6797
9248 9841
4597 9113
8547 8971
7613 9128
8111 9508
6743 8195
2806 3199
6837 7484
6101 7780
7933 8845
724 6278
4034 6513
9982 10000
1609 8667
314 7139
3691 8537
2701 6885
7682 9056
5408 8541
3966 7282
7741 8437
2218 4503
3222 6233
1109 5020
9807 9968
2897 6931
4982 6692
662 7914
5977 7703
3156 4369
3715 4392
2672 6036
8234 8735
4315 4988
7765 8360
1240 3640
7738 8603
2243 7865
1841 4303
1528 6505
6233 9503
613 9642
661 1852
259 2554
9503 9543
6350 8166
5815 8351
2381 7531
4567 5988
5621 9974
8587 9036
8628 9775
5450 8202
1770 7946
5829 9716
4935 7280
609 9319
8546 9885
1110 7580
5753 8398
7094 9254
9413 9955
897 8104
4722 5761
64 2437
3568 7046
9040 9574
4746 7019
6581 8776
9006 9973
2423 6339
5590 7304
9205 9934
2207 4139
1389 8975
520 6040
4369 5794
15 7116
945 2805
3961 8191
1379 7617
9067 9233
1585 4221
6566 7384
5683 7411
9958 9973
946 8930
8810 9942
6448 9140
9725 9807
5062 7808
7265 9629
9211 9621
1675 5142
8422 9666
2194 9763
7148 8905
9324 9621
3808 9604
7011 7102
7314 7424
9775 9913
3254 5256
6086 7826
6484 8132
3967 6235
6736 7644
111 6459
221 2899
9342 9892
2219 4104
7269 9056
740 8286
4369 6596
7777 9610
9058 9724
8919 9769
6867 9648
9104 9558
3990 7345
6844 7553
90 2124
8806 9102
8239 8777
5597 6405
6566 7420
5209 8419
4022 9902
6289 8340
2237 2550
5444 7711
3355 9272
5855 7652
8306 9823
3465 7113
8187 8864
2515 7577
6501 9664
863 7170
2466 5345
7314 9293
5674 7477
3339 7952
1574 7168
7164 7848
3101 8504
165 9551
976 9508
800 6826
4847 6223
4215 4777
7093 9079
7521 8108
4993 6142
9480 9510
7617 7939
9317 9754
4230 7145
1701 8972
4716 9691
2491 9454
3124 3942
3837 6572
1592 5731
9288 9400
5823 9673
4930 6930
106 2504
4237 6807
8323 8980
691 7879
5181 5490
8636 9268
776 6697
9588 9834
7580 8399
723 2304
2584 8706
8828 8871
7848 8823
428 9776
6099 7913
4957 6822
7989 8520
1316 5174
6870 8144
182 8002
2279 3120
8526 9297
6494 8175
9111 9376
7594 7723
7165 9343
2659 8724
9208 9519
5087 9748
8994 9850
2856 6000
1798 4565
3579 4883
7623 8430
8871 8904
8972 9605
6791 7856
7407 8067
6784 7306
4780 7506
9591 9719
2111 4855
818 1933
7318 9230
1736 3134
1136 8377
3741 6665
4339 6915
2017 8285
5578 9198
8360 9822
428 8173
8872 9488
9642 9955
7257 8188
7558 8958
5291 9460
9224 9522
307 4586
1527 9303
7109 8385
7980 9355
7316 8243
9580 9640
2665 9149
2130 9061
4673 5462
4124 7044
2906 5431
415 4483
5786 7471
5119 9461
6445 7842
7156 8056
967 9186
593 5815
1420 4345
9653 9951
2455 8841
19 5309
7327 9901
1849 2257
5400 6286
2650 2996
5772 6326
7992 8360
2671 5410
5433 6811
3269 7718
1578 3804
177 5729
769 1679
367 8376
793 1723
2256 8053
4104 5196
3567 6615
6676 6957
6850 8024
4699 9361
5740 7884
7704 7734
3014 3565
8826 9263
601 3733
5843 8395
8426 8915
8069 8884
4467 9106
1928 8727
6655 8621
8917 9586
935 7490
5516 6817
2235 9333
916 6374
1548 1763
9968 9999
2722 4294
7943 9409
1251 2189
7309 7516
3507 4982
7247 8889
8688 9468
6451 7578
7604 9497
22 9972
237 5439
4514 5187
554 3759
2321 5490
5523 9853
5712 8289
1069 8508
7040 7352
6269 8267
4065 5911
9140 9954
551 5957
9416 9505
5024 7283
5233 5263
5257 9991
1521 7239
65 7558
8628 9868
4240 7276
1765 9918
4168 8945
4767 6492
7464 7485
2869 4730
5894 8753
9206 9702
3822 6443
8013 8250
1712 9241
1770 8218
8646 9233
2627 6679
6757 8062
9099 9230
6798 8092
4829 8411
3332 3612
2195 5078
5270 5829
9268 9793
82 9834
3333 4212
9796 9823
5917 8728
4500 5028
9978 9983
2723 3774
3491 3709
1164 2501
5389 8898
1603 5264
141 2229
7794 8780
3885 9238
4324 5081
7439 9526
3590 4685
4456 9769
9735 9852
7537 9308
2295 3516
6811 9561
8486 8582
8514 9972
9793 9808
3128 7086
961 6275
1673 5341
568 7872
2162 6600
6200 6577
8334 8555
4267 6922
4136 8085
3535 8895
5496 8838
9968 9969
251 2328
3334 6423
2244 3018
5316 8382
6798 9616
6688 7465
4754 6319
3840 8981
1932 9611
6835 8822
7247 9280
1337 3923
3056 3502
2945 8342
7219 9192
4208 6341
9049 9572
8201 8421
3856 8709
6340 7006
6808 7311
7043 9639
1526 5580
3411 8957
9392 9828
2369 8827
2267 9532
9553 9904
4995 5541
9258 9422
8669 9540
2961 3268
37 3697
5523 5710
365 3599
4997 5287
5620 9767
3236 6871
49 7059
8200 9034
9569 9889
308 8814
2905 9400
6069 7524
1109 1449
1587 8764
9264 9469
2786 5054
9616 9731
903 6171
8723 9917
9843 9976
6614 8773
750 3555
6863 9781
9792 9890
5582 9011
3670 7946
6157 8750
1605 4028
1474 8087
9860 9978
6362 6665
3358 8360
2849 8296
1981 7895
7213 7842
3406 5049
7920 8136
9803 9953
1265 6117
6560 7155
6679 7894
2540 9491
6384 9690
3271 9094
1015 4049
3978 9983
293 6672
252 4069
4123 7839
5990 8522
3971 6441
8493 9965
807 2608
3641 5806
817 4074
3408 6141
6852 9530
4257 5061
204 5206
4271 7726
8152 8273
3011 7706
848 964
5525 7736
739 4355
3643 8501
3398 8075
9318 9970
3942 4747
6791 8995
1858 2622
7268 9141
8564 9771
2093 6416
937 7705
4147 6105
1741 8252
2214 8733
7375 8067
3339 7654
5945 9043
125 136
9675 9946
7090 9975
3579 7912
2960 3936
762 4823
8120 8296
9643 9846
3848 6243
6291 9853
6254 8352
658 2265
642 9324
2469 4700
2779 9688
5160 6470
3750 7619
7595 7942
6519 6952
2395 9737
1650 6747
8413 8530
2696 5790
6153 9552
405 4991
2782 3442
5939 9964
1718 7550
3472 6146
5551 9680
1679 8587
9438 9634
4183 4789
8562 9857
7513 7941
747 7333
1754 3725
3510 7453
7604 9221
2078 7362
4405 9250
562 5649
3407 5914
1185 7526
26 664
303 4200
5504 8773
9885 9990
4510 9161
5815 9850
9704 9810
1504 5590
5705 8774
77 4183
6616 8514
7500 8329
2352 5625
9240 9348
1258 6295
4251 4540
7105 9185
4167 5183
183 1586
1077 8664
267 5565
3716 5875
7092 9835
8627 9639
2197 7405
9834 9985
5045 8376
3122 8485
4584 5480
2749 9900
6081 6158
8728 9693
2891 5997
2908 7813
4701 6604
959 7769
3464 6307
8799 8904
8577 9569
6331 8898
572 9856
160 4554
4386 6766
5574 9362
1673 9948
6384 8283
378 4028
9586 9645
1775 7567
1456 5860
7090 9475
8299 9017
7364 9476
4061 5522
7555 9667
9829 9873
1024 7962
1464 1675
98 2195
5063 8498
4199 7960
8028 8582
4788 6185
9947 9981
5543 6369
5307 9068
7368 7754
7310 9215
5086 9200
1139 4763
9531 9561
7363 8300
7416 9668
2057 2371
16 2513
4040 5027
58 3097
4551 9073
7560 9432
5299 6444
5174 9051
9840 9991
6304 9316
1067 8501
2726 8002
984 9959
5675 6075
5779 7580
8672 9636
6459 10000
9405 9571
2358 5318
6196 7437
5647 9404
251 4082
1137 1439
8661 9570
6073 6618
4995 9332
8664 9548
4496 7926
2638 7591
657 9926
5082 8686
4518 6075
7886 9057
6128 9536
8865 9225
7341 9984
833 6348
2207 9194
6864 7533
5037 7207
2695 3496
4345 8426
5425 8432
3744 4664
5913 9003
4200 7331
134 1735
8919 9048
1269 3304
3847 8507
8649 9001
50 4841
5552 8600
4262 9218
6466 8164
8837 9420
9192 9726
3359 8275
7345 8279
877 2461
5804 6213
8237 9129
6182 9761
8887 9868
2041 8502
9664 9897
7798 8159
4564 8215
887 3753
6690 6780
35 6008
7595 8517
8483 9013
4482 6849
5451 7233
8045 9664
2633 8050
3705 9850
2959 5611
6281 7591
1674 8318
8265 8785
281 9989
4042 7596
4862 5981
8326 8845
2189 8011
9160 9271
6223 9293
8154 9959
4333 5821
8759 8794
4181 5670
2623 8295
412 5959
8468 8508
3823 9776
7536 9104
3467 4288
6831 8870
2879 9664
2544 6106
1729 4636
6647 8819
8592 8796
459 3628
9232 9241
9545 9760
2888 6841
8745 9596
8001 9490
9041 9799
4521 7648
8914 9374
2389 2844
2830 8363
8274 9172
2416 3153
1118 4535
2141 7248
101 3674
632 5387
2017 5475
5256 7747
8428 9587
7857 8330
2001 8905
8226 9915
4541 7752
1835 5696
9535 9757
8589 9518
2095 5624
2190 2912
3737 5760
1312 9593
2406 4487
8383 9202
8424 9551
9383 9853
9799 9827
2296 4873
1302 1787
7837 8985
803 5366
1768 2291
1666 8555
3390 5520
4728 9684
5855 9413
6146 9041
8073 9414
2722 3479
5119 7912
4627 9858
5802 7294
2024 5897
865 4160
3277 3709
3225 7952
1416 1481
1768 5488
3645 6674
691 6227
2118 2383
1159 6474
2247 2995
6715 9388
8888 9913
9089 9184
7539 9119
7881 9222
5169 6506
3194 9618
1225 7253
3577 4362
2975 4696
3282 5988
2363 2944
1953 3819
5672 9277
1198 9662
5944 9697
2833 3790
7745 9111
8599 9586
6510 7508
1624 3741
262 1231
3166 5726
2671 8275
9860 9925
1266 1581
8408 9648
3401 4072
8294 9792
4752 9173
9350 9460
4559 7324
8206 9085
7543 7725
5954 8368
4265 7356
7480 8339
7245 8831
8897 9561
7047 8351
5547 8015
284 3621
8734 9162
7908 9284
3146 3499
903 2412
7219 9015
4636 8910
8266 8615
1992 9144
1432 2369
1035 8318
303 5205
2776 5993
9958 9965
8546 9080
1960 2938
6709 8722
2441 6413
6054 6185
856 1214
1350 1401
6977 9940
9422 9818
1200 5452
4912 7828
4995 6487
6024 9284
8280 8354
9468 9512
4083 6948
1639 3068
2113 4734
6976 9366
5882 9992
5056 6050
9016 9580
1833 6213
9027 9058
3160 8225
8828 9954
3518 4741
744 6076
2757 7393
8301 9727
1637 8948
5606 9981
8487 8637
4898 7493
2613 5501
6411 9910
930 9545
7258 7345
7309 8536
5418 7994
2330 2522
1212 2377
2232 5372
4020 5982
8681 9556
531 3139
6111 8723
4709 6139
4625 8821
4465 5983
4857 5452
5285 5374
510 1683
6058 9849
3394 4334
771 3346
4110 6516
4128 5179
6823 9222
734 3929
5352 8947
2294 5291
7909 8233
1071 8376
6571 7480
1080 2820
4852 6299
6428 7049
827 7058
6866 9725
4554 4602
527 5007
9364 9819
5382 8877
5549 6824
7098 8845
2600 2604
828 2507
9709 9882
8624 9116
641 4976
6461 7288
1800 6496
2468 3339
4300 7826
2036 2388
5827 7208
4079 8053
8959 9980
6310 7244
1816 6507
2013 6302
8523 9232
5526 8772
2215 3992
8071 8546
4406 6396
7963 8372
3779 8777
5802 7871
6840 7918
9603 9720
7784 9108
8418 8926
950 5441
4974 6408
387 7494
860 5957
6020 8262
5429 7649
4002 9634
1059 6493
4370 7240
8915 9413
2614 3351
8265 9398
1405 3825
7165 7310
4838 5637
8048 9732
737 9119
2371 9553
4065 7219
5831 6102
2378 4934
8192 8916
7311 9580
2450 9278
6086 8770
5640 5961
3685 9453
666 6168
7220 9376
6991 9360
8384 8635
6062 6582
633 8745
9882 9888
8784 9995
5630 6233
3184 6058
3935 9304
4590 9600
2480 7148
7263 8340
2818 3487
3826 8041
13 6454
9735 9901
8436 9534
4972 6280
9323 9812
8777 9599
4713 9116
8019 8370
6930 9698
4158 5045
4512 8627
1079 4744
6223 7865
3533 4976
635 2125
4935 8903
7198 9189
5493 7143
7700 9775
180 8623
3114 5942
8333 8400
7041 8413
7321 9064
8382 8918
9360 9926
32 3772
270 8681
7824 8628
7903 8214
2943 3105
9571 9675
5181 8146
2740 9258
648 6992
4162 6607
3170 9557
4805 6835
7363 9203
9120 9668
8160 8654
951 1272
3132 5845
4031 5774
2999 4537
910 8879
1073 8902
8671 9310
8501 8737
6487 8414
7594 9042
4307 9842
8091 9735
839 6931
1579 7926
4990 5051
1012 6927
8543 9133
1545 2906
3669 4025
8561 8703
7343 8221
9381 9389
2574 7834
7505 9824
7110 9969
4019 9848
4743 9082
1522 7702
705 3821
4960 8358
1126 3133
3296 8026
3483 8156
2978 5585
5799 8157
1824 7491
5170 7040
9181 9271
1693 8467
875 1541
6280 9371
8765 8884
481 5732
415 2598
1594 2712
3405 6146
3540 3634
2682 3842
3214 8634
764 6576
2470 4135
3181 5415
2030 4293
246 7529
2687 8108
6747 8522
9605 9957
7594 9439
1161 1223
8730 9467
7628 9625
8801 9610
6669 9809
1894 6212
556 2457
5706 9829
2881 4749
384 9786
7973 9431
6771 8160
2078 3238
1989 4959
5005 8153
608 3117
6818 8992
9320 9622
4109 4215
701 3028
5096 8294
8490 8941
4959 9561
61 4614
8488 9328
4346 7173
4855 7702
5756 7373
5868 8349
7034 9856
4775 5605
3147 8663
3237 8555
3279 7979
663 1083
3407 6955
3223 6816
7813 7823
8143 9739
2093 7462
3782 9648
3468 4657
2624 7021
2805 2899
9353 9427
6544 8669
6008 6691
7041 9405
8132 8825
2164 6548
8196 8559
791 3502
3542 3600
2488 8418
5458 6922
1680 2738
4432 7423
1735 9878
3964 4871
9757 9856
8226 9769
9952 9984
9515 9753
7798 9036
5318 6247
3352 3861
8596 8712
9725 9781
8159 8937
8343 8762
7338 9249
2631 6553
7630 8061
3113 9213
2037 8445
4105 4492
2967 3712
2371 9481
1282 3589
1667 8843
770 9516
1738 5537
2709 4802
4733 9933
8839 9941
3059 6625
943 1910
7659 8552
6271 6946
9300 9887
8404 9437
589 766
5502 7560
9643 9966
5606 6805
4176 9366
3224 8368
7061 9431
887 915
6929 7046
3932 6661
4262 7462
1676 5669
2284 8574
3299 6095
7149 9247
3245 7063
5828 9297
1117 5439
4853 9783
58 1723
5718 6459
5681 6755
4351 6404
8839 9488
3294 6834
5395 6011
5697 7292
6386 9213
6 8939
6511 6892
1407 2286
3605 7674
517 4492
7950 8423
771 7613
4282 6082
8071 8103
9916 9999
4731 6467
6022 9441
5168 5588
4379 7033
6745 7247
8200 8367
6361 8368
6637 6945
5141 5564
828 2410
7549 9064
7715 9119
7530 9269
2945 7725
327 8718
3903 6752
7081 7725
2320 4580
7961 8489
7659 8297
9431 9866
2851 4064
7815 9881
7195 9637
5096 7843
9539 9775
9362 9507
1865 4889
2648 9408
2777 4944
7373 9567
629 4346
5402 7530
5598 6305
7731 9862
4060 5650
2651 9747
6573 9334
785 1764
6750 8573
3361 8262
3977 4974
6581 7862
1024 9934
1957 3551
8723 9911
7788 8831
6132 6257
8320 8765
9023 9239
7399 9260
6026 6905
5778 9264
1464 2101
7928 9170
4097 9895
1659 4876
8267 8813
117 3833
9536 9871
3636 4526
2284 6420
8367 9927
1131 9529
1007 4730
2057 9238
6468 9515
9303 9662
9666 9928
1710 7360
4823 7586
3247 5961
3839 7404
7960 8383
4466 6214
1311 7033
9103 9161
5930 9039
5155 7091
7589 9757
4796 7206
5120 9355
8272 8902
2050 4332
9437 9973
456 1629
1779 2772
1411 3322
2329 8038
1908 8506
2032 3909
1324 9950
1968 3916
7119 7521
3958 8575
5933 9067
8713 9816
4280 5169
9982 9987
7685 8033
7554 8281
1825 7066
7657 8630
9717 9817
1449 7372
4166 5480
3176 8499
3970 6457
967 9731
1652 6438
7994 9281
8355 8651
1151 5480
9136 9873
4722 7053
2158 5463
4533 4976
6626 9744
2985 8056
7268 8699
2429 9346
8231 9901
5666 8636
996 6466
7164 9606
8188 8818
1529 4633
3401 8268
6405 7232
1785 4361
6907 7648
4963 9451
2293 5047
3793 9454
2453 8683
6211 6779
5943 9606
9697 9733
3357 5958
3437 9181
1439 4245
8116 9137
7743 8331
8877 9458
4223 7520
3416 3868
8277 9325
4568 7500
4599 7763
6583 7344
2885 7642
9180 9852
6865 9329
9979 9992
1599 9212
7556 8609
8876 9016
1243 1589
3308 7569
6756 8946
2782 8540
3531 7900
1675 9310
2635 8887
8486 9302
1485 9245
6766 8095
2349 5850
9952 9994
5334 8294
3770 7871
6534 8828
5078 5867
8925 9873
5318 8844
180 4294
5539 8682
1118 2396
5452 8301
9870 9950
6408 7716
567 9852
8882 9929
8810 9666
7708 8622
8602 8695
6294 9367
9436 9849
3059 8712
2868 9733
1221 4043
3317 4276
7018 9982
1368 7169
6268 9530
4803 5348
5389 6692
1200 7049
4863 6208
2346 3331
1008 8356
7991 9667
9026 9847
7953 8857
7381 8374
2325 5727
8699 9908
6561 7937
6399 9225
649 2262
8044 8192
2902 5645
6420 8130
8732 9460
5678 5854
6539 7616
5723 8184
5974 8451
9015 9177
7271 8378
7030 9991
284 940
6774 8036
6423 9284
4553 5084
2086 5302
4557 9281
8413 8414
3260 9894
81 9592
2358 4269
8792 9644
9910 9945
1886 6406
9917 9952
3095 5794
8293 9724
3626 5960
1273 4000
5763 9838
1948 6433
9135 9748
683 5474
3917 6178
3302 9883
4427 8818
5705 6769
5352 8033
2860 6560
2382 7864
3460 8097
9441 9811
6713 8471
8038 9963
5368 9637
3060 4358
4922 8656
2348 5552
7917 9971
9058 9295
6296 7555
6013 8005
5883 6751
1708 4073
1310 3251
9316 9533
8333 9347
5036 6003
3524 6888
977 9034
7468 9986
8761 9808
9358 9766
8726 9795
8874 9141
3444 9018
3919 8666
8918 9953
2843 8322
2446 5075
341 1003
653 9170
6179 8670
9254 9291
4663 7191
2466 4328
9017 9848
6175 9904
6022 8999
5632 8050
7024 8937
2073 8871
3354 6883
750 1537
7603 8622
1892 7793
3618 5864
4055 5795
148 3514
6579 8262
206 6298
8903 9543
9124 9385
5486 7107
9338 9530
3537 9016
4147 7868
6088 9001
2517 8064
9842 9987
3738 6396
5330 6746
7542 8103
1461 1807
1723 6075
7568 8053
98 3833
4447 8240
6777 8058
173 6095
6341 9266
7832 7850
8807 9754
507 8842
5945 9498
8851 9205
9293 9908
2666 3761
3753 6175
184 8954
1454 9069
1565 7730
7604 9934
9759 9911
6525 8695
9986 10000
353 6562
2121 7687
612 7248
7273 7486
2754 4531
2969 5375
2067 7895
3843 7712
6166 9133
76 9480
7849 9638
6544 6563
1132 2954
7194 9612
665 9124
5659 9631
7135 7649
4223 7418
2699 6623
4419 9366
5585 7028
1139 7120
4964 8942
2327 5377
7644 9191
7933 8408
4442 4604
7314 9160
8447 8669
4130 5624
3441 5631
2083 3283
40 7729
9249 9502
6052 7580
8756 8946
3694 8114
6866 9379
5092 9366
5214 6837
8856 9392
7984 9876
5952 8705
1558 7709
2719 3507
1182 1740
4040 6851
627 9502
5005 5760
8365 9575
2820 6321
9218 9953
4512 6140
3379 5683
658 2608
1515 4041
7269 7823
3932 4874
5372 9469
1556 9449
8835 9253
3401 7103
1761 3106
9144 9556
5422 5511
6571 7504
9814 9941
6561 8644
4949 5838
8664 9832
9331 9880
8910 9831
2411 3103
264 848
833 7654
3379 3653
348 5933
789 7506
6469 9128
6353 8469
8128 9179
8103 8379
4443 4529
4312 7158
799 3255
1296 7903
9938 10000
681 7827
5564 5905
1379 3788
8463 8562
8779 9147
5587 7236
9650 9703
2783 7766
7768 9206
3421 6471
1741 2051
8056 9193
9706 9973
6805 8241
7898 8296
5340 5644
5302 6261
9847 9906
2581 2660
7544 7790
3052 6669
3416 4111
5786 9665
3432 3534
2239 6263
797 8131
8307 9826
529 7962
9743 9903
7717 9057
6431 7105
1591 1778
8338 8687
1143 2403
1939 4197
4963 6989
2321 9177
9416 9825
2451 4703
2236 3810
6740 9580
7057 7405
339 1531
1843 1970
6428 8031
5290 8370
6368 6846
844 9238
5961 6172
1131 2217
1249 9653
294 9434
9878 9904
3541 6115
2018 8453
3414 9528
1700 9644
5256 6830
9472 9616
1595 2612
1712 3944
3833 5011
8519 9787
9218 9515
84 1615
3537 7179
4301 6805
2407 7630
9331 9749
5306 9725
5771 7584
1856 7095
7211 7819
9727 9945
7109 9200
5027 9551
3197 6941
2088 2173
4086 6357
7439 9704
921 8850
5282 8262
2878 3056
1211 8468
5900 6203
6135 8465
450 4942
401 9440
8998 9961
6920 8978
3570 5198
2561 6780
8456 9920
2937 3708
6582 8329
6198 6653
6913 9658
921 5227
6932 8447
2972 8527
2980 9260
9655 9657
3913 7617
1518 9780
8509 9205
6208 8568
8635 9540
3083 6074
2132 7912
2528 6754
2900 7929
402 6157
5899 9996
5210 9660
3079 7290
2347 3218
5997 8907
642 8313
9300 9342
3088 7281
1607 9491
6091 6243
6279 7758
9044 9488
1513 7197
9782 9978
5124 5342
1828 2760
821 5139
3921 7501
7657 9809
1442 4609
5675 6520
4194 8785
973 7257
7180 8124
6809 7141
9312 9510
5314 8339
3706 5618
4289 5039
212 1412
1100 4136
4977 7560
7962 9917
4100 8075
1410 5921
6692 9220
9774 9935
1856 8920
4990 8938
6220 6826
273 387
8957 9784
3958 4889
8945 9035
6414 8202
2370 8927
3527 5856
6180 9114
1138 9480
2406 5243
2131 8935
4808 9186
3755 6440
6619 9214
9039 9850
2998 4282
2701 9020
5943 6572
9058 9781
5980 9054
1843 9736
3958 7686
3583 9335
3094 8372
2202 6916
7459 7608
7212 9201
3452 3511
606 7785
6589 6911
3561 4975
9472 9950
8811 8931
5435 6623
6792 8513
1599 9392
8980 9749
8511 9601
5917 6169
5701 9313
1383 7905
8445 8548
461 6278
1752 7374
9420 9534
5142 9703
5964 8333
257 8169
9066 9173
5441 6619
2991 9748
306 7959
9497 9966
6733 6989
2835 9599
8501 9421
9583 9858
4952 5019
2324 7018
9034 9793
5863 6404
4104 5863
5700 5798
4372 5752
9135 9160
1369 7445
8951 9915
7694 9368
1090 9140
6157 8211
6575 7112
6882 9549
9685 9899
1929 4448
25 1799
5187 5609
1258 6964
1175 1727
8649 9040
980 1525
5897 8891
8422 8874
4026 5942
4703 8811
7489 8108
9598 9602
2046 7327
6343 8140
9935 9981
8435 9335
8150 8960
3117 8182
6908 8293
6352 8808
6088 8421
7589 9651
7775 8861
9320 9513
7332 9639
852 1520
586 4330
7773 9119
2252 2713
2752 9128
7395 7442
6809 7647
2802 3526
823 6876
8863 9267
3395 7825
5575 6803
7569 8182
8199 9500
1172 2660
2797 9446
7779 9507
8931 9052
8625 9302
1682 8292
3518 3659
1094 5035
6941 7230
381 6297
9355 9373
2456 7169
221 2941
2274 6669
3733 9592
4234 5910
2313 9372
2541 3768
8931 9796
4134 4808
4664 9709
2742 3476
7683 8954
2502 2775
8435 8610
2246 4056
9387 9717
7184 7410
9693 9734
711 2827
1727 1872
621 5491
2931 6086
5866 6586
586 8165
8856 9940
3104 9565
503 9365
537 2997
3407 4817
6813 7447
2181 8296
6180 8787
4935 5308
4957 6521
3365 3687
5384 6046
9028 9684
8398 8760
4229 6423
5278 8329
4758 5187
1979 5503
6369 9468
7040 8287
4512 4999
1164 4643
7721 8224
4226 7905
8593 9934
8725 8837
1837 5110
9290 9646
8910 9415
9195 9805
8231 9514
3536 5028
3957 8334
2979 3154
8946 9325
8594 9652
7913 8349
1398 3123
2399 9901
5268 7945
373 1267
2877 7542
2693 7983
662 2601
6965 9929
3505 5323
9969 9975
5515 9851
3002 4190
1711 4628
9929 9968
3906 4995
5781 7549
6748 9235
5454 8149
2412 5416
5653 8137
7691 9130
8785 9503
7381 7600
4453 6149
5715 9903
4059 8482
7819 9840
3705 7747
2848 4389
7705 8878
4621 9346
8139 9595
6733 9482
2494 6123
1272 2248
9330 9537
6926 7893
5470 7333
628 5627
8990 9393
7187 9981
4821 9711
4678 6423
8630 8897
1764 2540
2233 7932
6144 7015
2494 5274
3848 9496
2633 9307
5622 6428
6274 7459
4018 8180
271 8050
5776 7786
908 1253
255 9418
7962 8024
2045 3132
1190 1260
563 6197
2853 7017
2643 9460
3867 4394
8497 9831
2812 9697
543 8173
1402 6013
5252 7967
7968 8264
9363 9423
1420 1786
6544 9082
2307 9940
4795 7751
168 5279
5855 7180
3890 8292
6940 9004
9751 9772
6755 7807
5406 6330
3834 9106
7470 8596
4985 8601
9821 9827
3033 3360
3777 4075
653 2093
9831 9951
1225 8196
8809 9281
7031 7384
1889 2783
6300 7117
102 2814
8836 9699
445 7947
7735 8637
3360 4465
2053 4836
8104 9445
2247 7348
9505 9604
4530 7045
854 7174
6354 7823
98 3849
7422 8245
3946 8995
1901 7986
7944 8304
3012 4552
647 1038
5408 9387
7607 9509
7402 9842
5129 5875
2680 7482
3437 7215
9103 9380
9294 9859
2753 3183
7568 8392
6830 7751
4363 4911
7506 9315
4700 8003
2974 3619
8644 9384
5534 9905
3661 4168
1390 4807
5232 6352
7892 8669
5698 7018
8696 9453
3332 5749
5304 9490
9463 9738
4158 5161
1323 2309
9085 9691
2374 2767
1951 5252
4455 9211
7654 9951
9717 9755
2654 3366
7390 7597
9039 9603
7595 8700
5603 8249
6621 9803
2388 7396
1237 7015
8466 8952
8761 9215
6335 9387
6147 8731
2769 4935
7959 9709
5755 8512
6461 9098
4855 7358
7990 9766
7339 7917
6705 6922
738 8012
1644 2849
5694 9940
4170 9231
9882 9919
1881 6066
7894 9008
8065 9907
8867 9885
8723 9909
5415 6454
3789 9875
1342 2085
7408 8848
7581 9732
5803 8032
4589 7713
1390 5429
2411 5438
9130 9382
5772 7380
4900 5031
9530 9590
8856 9908
4667 9004
4535 9152
6354 8179
7011 9108
2256 3149
8131 9755
7675 7862
1178 1686
6538 8612
7735 9621
3347 5951
9651 9693
7827 8086
4933 9867
3286 9171
5189 5438
3636 5647
8142 9744
4306 7266
3463 3716
9635 9820
823 3911
4423 4850
1602 1674
2063 4183
5943 9613
3021 5606
7516 7964
2781 9211
9610 9640
2951 4295
4216 9015
718 1897
8807 9712
6029 8322
2966 6873
3959 7044
9182 9541
8788 9306
9986 9989
3925 8491
7391 9550
6434 8404
705 4515
3640 6276
2285 2666
138 7962
3379 3744
7552 9116
9399 9949
5416 9887
9784 9866
1771 6702
3751 5044
7923 8780
8826 8879
275 4865
8596 9437
6149 6570
886 7120
9871 9878
5311 5671
7940 8443
6606 9690
9048 9902
1485 7841
200 4213
1399 9294
8169 9254
8441 9345
4527 9178
4188 7548
1590 9802
6727 8251
2528 8634
6531 6983
6290 7629
1498 8620
7843 8681
4246 7088
3222 3419
7821 8480
2913 8665
7688 7967
8618 9453
4446 8062
7439 7547
8214 9857
4583 6959
913 9458
1830 3097
6426 7742
2774 3401
1303 2471
7565 8578
8760 9455
1348 1401
3805 9894
6025 8615
3133 3310
6158 7988
8342 9390
7795 9287
954 3141
5352 9975
3671 6766
3892 8439
4689 9337
6104 8443
7433 7849
217 2851
8509 8817
9129 9381
9044 9491
3204 3440
4932 7006
8545 8615
6137 9882
4903 9118
3286 9633
8462 9824
3966 7184
4094 9215
5829 9779
8487 9368
1433 7375
1000 4162
6889 7187
18 5667
5921 8320
3072 9214
8671 8839
8471 8654
7977 9466
6470 8108
5699 8052
2660 7132
5700 7968
3736 5635
4954 5349
4262 5010
9910 9989
9337 9710
2411 4358
3563 9866
2058 3480
6194 8539
585 7964
7963 9439
1302 1953
3887 4666
1192 8256
4794 9770
5553 9426
5608 9099
6634 7073
842 1354
1883 5664
9222 9390
2490 7634
7893 9672
9963 9996
8747 9262
4576 8983
1033 3872
9601 9704
1440 9435
3649 4118
5550 9977
8527 8780
9249 9432
2092 2161
6606 6689
8760 9930
7832 7882
6749 9882
9616 9781
7132 9722
8913 9553
4572 8532
52 6846
5433 6975
9131 9736
2571 2774
6593 7336
5529 6941
2666 9302
367 8695
6873 9015
2622 8177
128 4327
4851 9493
4381 8816
6645 6867
307 779
6701 8602
8313 8385
2248 9894
5169 7452
6442 9313
3325 6894
6292 8764
9494 9535
86 1724
8986 9375
7835 8896
2991 3643
1127 5525
1126 3094
974 8090
7431 7758
7769 9098
9379 9519
1367 6112
2020 5410
5859 6843
251 626
8427 9415
2269 4833
8145 9420
393 5945
3954 5217
2864 8802
5058 9907
5720 8006
9257 9284
8974 9407
8541 9041
2058 3171
7348 7508
4854 5719
1523 9887
6875 8509
8572 9035
1254 7566
673 9920
1153 9969
6129 9879
1389 8463
5406 9900
4587 9191
5940 9999
7885 9249
7325 8503
9758 9841
6473 9079
2251 9057
6811 7918
1485 6087
9207 9952
4797 5704
2723 9953
7525 8993
7346 7863
9530 9539
2646 4216
7433 8200
7132 9747
1290 5318
3713 7016
3825 4545
5272 8977
7538 9628
7259 9524
6956 7742
563 2599
2259 3005
2282 6411
5613 9058
2225 6816
5790 8115
3854 6220
1031 3953
8927 9708
1088 5403
1125 4794
5416 5518
5933 6032
9813 9933
6330 8652
8815 9477
1339 2820
540 4981
5115 5959
6757 7481
3981 4135
4617 8930
7119 7800
4713 5265
5200 7979
3878 9298
9122 9556
5723 9858
1490 4626
4844 8875
7658 8608
2922 2982
5573 6985
1744 6094
7155 9065
9378 9947
1439 2225
836 4880
3258 3471
8843 9687
8784 9022
1479 4134
5391 7489
7728 9923
8842 9321
3761 8193
5640 8333
8425 8792
3996 7016
5822 9209
5892 6678
3194 4389
6525 7736
2746 4312
5415 8529
4250 7791
4461 9530
4399 8945
3413 6216
6555 6718
154 4462
8252 8746
9766 9949
2871 7653
5521 9492
2440 2972
4438 6889
905 6467
3696 7725
1518 9629
1862 9331
9061 9540
8279 9914
1047 1187
5854 5945
2062 7542
5976 6469
7166 9727
6557 9133
8609 9154
4750 5012
7605 7706
9256 9727
4298 6469
6048 9032
2380 7695
9452 9681
3587 8247
9605 9984
5916 6904
6590 8488
28 2670
113 4690
6690 8163
3406 7240
943 8318
3710 4337
525 1589
6659 8691
4278 9641
8916 9821
2291 8779
1133 1866
1659 9302
4663 4994
3810 5163
5537 9557
7056 9406
5117 9652
5937 6432
7666 7895
4651 8296
3086 7124
9561 9763
8978 9080
4387 6497
8137 9640
2543 7598
8279 9527
6993 9285
2772 7101
6027 8849
3406 3454
2006 5382
7225 9043
1641 8767
5135 5575
3781 5745
2399 6970
8749 8824
6043 9927
4746 8126
154 6664
619 787
7582 9286
2089 2288
9335 9536
4213 6440
6475 9762
8330 8687
9405 9886
4218 5694
9233 9898
9065 9386
1030 5144
2210 4901
1321 5485
5276 8211
3378 9176
4593 7611
1477 8392
3038 7051
1481 5912
2673 8616
5189 6503
369 1826
1314 3971
1176 8453
7098 8484
2321 9057
5010 7057
1990 2022
9833 10000
4289 6151
7017 8147
2706 5991
8397 8751
7171 9347
433 8398
8871 9545
2113 3976
9290 9746
4259 5584
8595 8849
658 5925
821 6353
4587 8402
8901 9542
1835 7312
7667 9179
4601 6732
5295 9758
2721 8310
7993 8343
8633 9898
4150 9456
4001 8885
1071 5825
129 8186
7561 9567
6788 8557
354 2159
4775 9884
8356 9829
2980 3327
1277 2421
6077 9257
653 7305
5476 9228
9550 9556
4160 9717
8591 9078
1508 5764
4207 7727
1432 9859
6681 7527
6990 9425
1304 2023
16 7824
9100 9593
8181 8605
4240 8258
3560 6392
2027 2695
7324 9675
9405 9596
4806 4898
3136 4398
5820 6665
6174 8659
1040 3196
1913 6517
5910 8529
6871 7273
2001 4475
4585 8373
7656 8034
4899 7804
8765 9218
187 6043
9941 9985
3520 9802
3766 5114
5119 9384
2993 6638
2605 5603
9065 9567
2828 7239
9973 9993
8964 9765
2777 2778
4469 6100
4742 8840
9745 9787
4666 9804
7755 8597
2768 7228
1591 9110
4642 5946
7342 9796
7195 9122
4116 5698
1519 3575
980 9212
9532 9633
5909 9682
5668 9561
3043 9096
4859 6346
1489 5345
1306 1715
9423 9917
6475 9389
9778 9866
573 3291
305 3646
7970 9823
893 7212
1013 8607
7820 8081
4465 7991
5751 9076
5206 6624
2829 9823
9070 9110
565 2600
2560 7943
2888 4889
7064 9315
8716 9668
8046 9767
5703 6387
3150 5948
1073 9222
2866 6539
5367 9929
4251 6594
2603 9036
803 6722
3281 7718
1386 3945
8877 9642
8828 9644
5951 9662
7008 8221
7381 9653
393 5301
7652 9759
2709 7992
2486 4565
7574 8191
2935 4245
126 8506
1006 1891
6499 7768
4410 4741
7524 9977
4907 6664
238 6077
8070 9879
898 4215
2280 6689
5037 9515
5164 7748
319 6186
1405 8440
1223 7542
2000 4390
7547 7587
7376 9807
6494 6673
8634 8976
1222 6152
8174 8744
3840 8476
5356 5467
3417 7132
4570 7354
575 5233
9359 9639
6133 7839
299 9076
5599 6357
7558 9948
5623 9045
1807 4234
6144 9424
6569 9283
138 9085
2161 4625
8120 8597
7757 9433
7368 9416
2501 6174
1684 5140
9015 9089
3132 7584
6805 9145
8757 8788
8516 8538
799 3215
891 9009
5670 7221
4278 5858
5323 7127
4982 5217
6266 9851
7688 9881
4702 4868
8938 9693
3047 4735
9793 9857
2039 3635
4798 6543
1902 7561
6333 6709
1055 7808
7876 9079
3457 5490
4797 6606
3440 9842
7758 9429
7164 7426
6454 9106
8195 9746
3108 9210
6111 7270
9452 9687
4554 6686
2444 3988
7736 9903
7998 9282
3713 6014
397 9396
5443 9241
4553 9837
1837 8549
236 7953
541 9663
7467 7892
476 8795
5266 9358
8116 8621
9964 9993
9814 9912
2053 3866
4860 5699
132 9415
2833 6061
2730 7309
3649 5094
9037 9540
8131 8298
3474 4863
138 6696
8202 9463
2399 7457
3329 6667
8402 9499
422 3365
4738 8812
5634 6639
7177 7525
3206 5242
9434 9712
4317 8041
4411 8365
2842 3783
727 7994
8379 9040
8291 8439
6543 7841
4109 5657
1302 4896
3180 3898
8125 9469
3739 8433
1499 5068
2731 4619
2823 5231
695 3728
7035 7681
7190 9776
7001 7800
3701 8370
8631 9966
1548 2566
5797 7811
5851 6592
1653 7999
9776 9790
1540 9241
2508 4981
9873 9899
1670 7328
98 9842
5149 9843
9847 9989
7252 9386
2142 5644
4571 5198
933 5081
5971 7667
7575 8618
2576 5835
7678 9888
3393 9732
9241 9987
6407 6810
9435 9887
3242 3919
5869 7442
9103 9689
8367 9392
2440 8962
3841 5797
6638 7163
8628 8669
1737 2879
236 4572
3415 4726
2510 9015
3267 7339
6707 7504
4178 4789
6404 9623
9791 9925
154 1477
4523 9125
9504 9679
915 3856
9350 9825
792 2017
9686 9797
152 2326
9858 9935
1708 2112
4441 6901
8588 8882
2227 2524
2717 8024
4666 9968
6777 7190
3930 4735
6030 7278
8129 8814
3800 4449
6705 8924
548 1482
5911 8089
1524 8717
1402 7719
5254 6555
2181 9514
5798 6269
5998 6377
8313 9263
9941 9986
7940 9550
373 3282
2826 7056
1373 6607
9664 9805
870 5357
8784 9476
944 5361
2019 8708
5885 7828
4952 7343
2836 3990
331 2948
8883 8930
8903 9678
2416 2770
1777 4406
6438 9854
7310 8834
504 9484
2862 6705
2404 7332
1985 4829
7333 8048
969 7297
6166 6595
8106 9524
9799 9921
5050 8625
5180 8768
1383 9098
7786 7915
578 7097
4964 5181
2733 6488
6930 7414
1712 2243
5921 7607
872 926
1536 5737
4968 8129
6287 7667
2631 9775
8632 9399
2585 4003
1952 3828
1104 3790
8577 9823
1008 9492
3727 7893
5753 8954
2745 8131
8905 9525
8056 8062
2837 6313
8379 9877
9055 9975
9181 9828
1851 3784
4045 6770
9498 9603
9902 9936
7842 7970
9058 9718
5170 5340
6614 9218
2147 5420
6641 7028
9349 9709
6168 8241
502 828
9708 9725
4185 9713
2660 3556
6793 7801
999 4224
1907 9525
4315 7475
4806 7596
3864 4170
9759 9843
1606 8378
1431 9959
3343 5023
4004 6379
394 4653
3284 6458
4046 6617
1933 7627
8987 9044
5921 9775
1878 8485
4447 6479
4138 8044
7697 9545
2190 6102
3052 4619
4686 4934
2539 8065
4358 7700
5777 9655
417 7337
3257 9723
2759 3780
6963 9062
564 5946
5671 8235
5940 7493
1740 5351
3371 8199
6835 9523
3372 5336
5179 9422
3093 6002
138 4873
7110 9833
8391 9665
5036 9689
6237 9235
2136 8490
6262 7279
5326 5756
843 956
2158 3801
7141 8762
4034 6693
1654 6161
4077 8573
7371 8171
7493 9273
5686 6855
3362 8664
2465 2514
5252 6033
7361 9064
1641 6693
3702 6396
8822 9503
1364 3727
3959 5084
2844 7589
9130 9813
8365 8543
7929 8395
9580 9925
7891 9228
3914 5163
7272 7774
7295 9168
8880 8929
8974 9258
7275 9252
7991 9186
2041 4000
8264 8992
433 8412
8130 9701
7096 7209
5564 7178
7172 7618
2694 9946
2333 5005
4920 7606
5494 6544
4262 6780
4477 7494
7698 9482
7051 7075
1586 9042
3731 7887
1543 2680
2981 7350
5184 9772
1809 7790
9911 9914
5979 6248
2973 7475
9820 9993
351 3896
5976 7553
8044 9065
8841 8959
7107 8488
21 8849
8236 9608
3525 5632
273 7581
6388 7289
7000 7329
3488 6644
3348 9888
8645 9144
5404 8185
2473 5742
3220 6218
2990 5253
2683 4475
3269 7687
9263 9752
3852 5340
6435 8176
8402 8695
7039 7415
9733 9930
3427 7736
9721 9989
837 6077
5485 9228
3745 5136
9415 9470
3439 8941
2941 8511
1298 2908
9968 9970
1680 6813
4238 4361
5264 8911
144 8958
8549 9404
1943 8380
2297 4613
7773 8402
9867 9894
6985 7561
5499 9267
7932 8855
9855 9973
1709 6010
9907 9936
5665 6105
5717 7528
5469 6196
7207 9609
6105 8792
7186 8388
248 7714
1453 9905
9486 9567
2142 9412
9569 9776
8947 9368
1453 6376
788 5754
8554 8720
791 1077
2034 5360
1931 5519
7121 7851
945 2441
9752 9839
7877 8073
1785 6828
4918 6135
6020 8186
5624 9532
4496 6440
9501 9767
1603 3578
9734 9902
4589 6385
5363 8883
1163 1481
6141 8573
2587 4080
222 8654
7267 7534
3422 3866
2069 3328
8612 9422
4213 6410
6913 8916
89 8704
8831 8906
8045 8136
9311 9853
4520 4793
4575 8561
9277 9747
9299 9914
1935 6289
1372 9781
127 2205
9553 9731
2994 4552
1502 3244
5140 8595
5112 6215
4249 6136
2350 3303
8560 8790
8190 9867
3331 5370
4459 6655
867 6094
7865 8914
3175 6950
4469 9894
2793 4912
7814 9523
3296 7148
7510 8065
220 2681
874 7099
8214 8289
4104 7324
8552 9794
8194 9798
6527 8703
3499 7569
2595 2619
5475 9476
6954 7602
3325 3838
3041 7959
1721 4353
8925 9386
5365 9507
3081 8152
3203 3939
160 8187
2963 3917
371 8659
3956 9630
2080 3896
1005 2145
7312 7958
4402 7558
50 616
8198 9932
9577 9859
9296 9654
234 1967
6068 8875
2847 3045
8084 9166
9690 9879
632 5262
4849 8326
4704 7762
8322 9058
3692 4488
5700 7717
9350 9543
106 6115
9139 9271
4060 8900
5474 9104
1886 9360
9055 9191
2052 6640
1510 8535
7779 8067
2440 7957
6634 8943
8867 9969
3907 5609
9118 9949
7417 8476
8498 9602
4016 5798
364 7451
6407 8973
1900 7096
3028 4035
9110 9749
2321 5633
6332 8812
770 1627
4805 5953
5479 7389
9640 9717
580 858
3164 6436
42 8960
8824 9932
714 8190
1656 2261
4565 6256
6130 9079
8005 8444
5867 6689
1183 3965
6797 7773
6909 7820
9709 9977
3138 4668
3112 8056
5122 5223
8390 9407
4032 5048
1051 8004
9277 9301
8942 9219
3813 7559
4008 7834
4482 8232
8642 9730
3352 4388
5855 6205
6725 7141
2290 6658
7454 9076
812 2486
9634 9992
6633 6942
1255 8745
2672 9345
1315 9748
5472 8415
4077 6558
562 2280
7882 8428
209 1079
721 9486
1163 4558
8407 8761
7506 9871
6329 9074
7457 8530
7623 8498
2395 2464
3827 9939
7569 9697
4114 8273
8030 9782
2791 6969
5167 7589
3335 4199
9561 9812
4867 7684
7040 7811
8598 9311
7850 8953
6167 8231
2145 6508
548 4638
4865 8801
3626 7985
7137 7589
5264 5494
6668 6701
9233 9700
8356 8757
8326 9824
9630 9918
4506 7457
8649 8707
3543 7165
4217 6553
3949 7177
5990 9644
1182 7272
1893 8007
4237 9798
273 3095
8455 9211
8574 9126
9807 9917
462 1348
766 9782
9640 9918
3053 8947
4057 5420
6962 9424
7445 8877
7900 9332
1895 6297
8473 8808
939 5443
9699 9728
3794 7037
2738 7587
8823 9570
7788 8271
3413 6878
3576 6164
8703 9062
7723 7980
9841 9931
5427 5621
6990 8593
7261 8557
5625 6859
971 7459
4452 9868
9515 9610
4084 8203
7460 9577
1292 5810
1107 4609
9288 9885
5509 8096
9377 9824
9421 9561
836 1843
4628 5554
6074 8797
979 4476
6521 8801
4896 5097
9785 9802
4508 6444
5988 6146
6144 6450
364 4459
5641 9064
7195 7463
7145 7934
4729 8004
9303 9914
7179 9160
5076 6453
3677 8272
8269 9794
7526 9008
9372 9892
2952 3003
5114 5882
3337 5852
8045 9706
7014 9398
9930 9961
2447 3607
1055 2414
9564 9908
8771 9573
6531 9696
2535 8053
645 7075
8976 9712
2092 3641
6262 7678
9793 9828
3031 5767
7310 9000
2704 7717
3794 7611
4399 4638
6812 8762
8494 8655
6097 9876
1574 4300
8280 9379
4370 8406
1315 4890
1559 5040
5111 9285
1044 6864
3261 4349
9646 9924
2518 2576
489 7258
1264 3101
732 7823
5585 5890
8487 9515
2380 9717
6667 9102
3566 3767
8086 9754
5130 5806
2559 3292
2343 8113
8979 8982
6601 7599
22 4386
8679 9848
6366 9820
4220 9503
7411 9481
6541 7946
4112 9135
4256 5514
1817 7963
5520 9267
6417 9816
3770 8592
4183 6784
1550 8326
4267 6591
1686 5006
8658 9126
7530 8166
947 1681
2054 3546
5801 7994
9724 9840
5431 7849
6305 7167
3028 3733
2811 9627
6200 9889
1304 2053
8957 9785
2595 8879
9730 9780
5854 6648
8743 9358
1343 8308
4060 5256
1597 8514
7552 9044
9415 9419
5921 9360
6690 7580
6305 7605
6155 8690
6669 9199
970 3077
4588 5728
7080 9499
349 4036
5707 7883
4754 9340
6330 7461
3948 5569
788 2954
9583 9818
7267 8265
7507 9844
2134 2170
8112 8882
8207 9201
4601 6861
1373 9801
4145 8630
4872 9566
9725 9791
4186 9575
719 7546
879 8489
4615 5159
1714 2980
3383 8045
675 9279
3072 9453
3019 7347
9121 9974
627 7351
71 7793
4912 5321
9029 9180
5857 6886
9951 9954
8605 9458
6196 7877
26 3517
4768 7179
2422 3398
6108 7210
2798 9630
8838 9024
6913 9416
5099 5166
6650 9263
8266 9963
5498 6479
1272 1379
3705 5987
5383 5938
8132 8740
6700 7283
3916 7367
3341 8538
8467 9641
5245 9452
5778 6254
901 2878
3854 5005
3362 3851
8808 9389
5855 8563
1304 7752
5459 9649
9786 9867
525 4731
631 2054
1320 5693
1152 1431
9211 9839
48 3382
8410 10000
6627 9481
7513 9649
9737 9990
7108 9235
115 8666
5626 7436
682 2773
2174 5592
2802 8655
9053 9683
2975 3689
865 8117
3928 8121
1702 9410
2137 5098
4318 5046
9396 9750
283 7399
2509 6905
2341 6668
9207 9237
2617 7379
6391 9184
8925 9684
869 3015
9352 9551
1200 6521
7293 8729
8326 9444
9300 9739
5092 7819
7779 9594
7328 7666
5154 9576
2585 2802
1186 1862
9917 9940
7531 8728
301 3170
8940 9938
7204 9067
5901 9752
886 1278
5674 6317
4906 9468
8740 9604
5484 7345
2323 5844
2328 4808
9271 9663
8592 9108
3737 5117
1126 1414
8828 9012
1785 7761
2047 9620
7427 8591
5999 9935
4594 8741
2410 8528
4645 7744
83 3313
300 3995
1737 9631
4418 5551
470 6710
4733 4831
3400 5497
8415 9100
3108 7743
979 7622
6201 7584
6448 7585
4385 6173
2701 3997
4233 7336
1884 5556
9864 9986
6246 7498
128 1410
2248 5368
2369 7681
6516 9022
8946 9526
9779 9847
6750 9520
2037 8244
4290 9514
653 4650
2575 2798
921 6726
1389 4059
8427 8937
3472 6808
9165 9502
8114 8691
2125 5962
5090 7440
4183 6110
3786 5667
6484 8613
1715 5800
4439 5690
5031 8438
2291 9169
8253 9847
9490 9556
8855 8981
9271 9581
5209 8430
9020 9707
9791 9802
243 6438
2157 8092
6515 7856
8739 9526
1039 5820
4814 4841
4728 9964
7297 9166
3366 4367
9469 9904
5595 8673
3594 8770
6296 8208
1342 5681
2445 3302
7885 8007
2161 4885
8694 9420
8846 8943
8422 9063
7125 7651
5569 7978
6652 9698
11 6520
678 3840
6692 9930
4095 8218
47 5804
5496 6592
7064 9411
1658 6910
3308 9763
4766 6877
9514 9962
1062 1618
8858 9529
7004 8032
4208 7910
4819 8924
7564 9630
542 7803
2038 2455
9430 9432
4647 8019
1306 6249
816 9757
7356 8068
3307 9399
4960 8766
7418 7630
3869 5511
1360 2271
2718 4525
6195 8407
8418 9246
1265 5304
9123 9634
7963 9022
2901 3338
1690 6882
2877 5050
4875 7280
266 2686
8059 8213
8272 9782
9330 9865
3514 9271
6607 8143
5044 5235
4292 5656
7150 8954
4200 5470
7250 8056
6687 7990
1580 6745
7231 8309
8761 9580
4584 8587
3836 5756
7464 9933
8391 9217
6172 8440
4597 7355
771 6472
2522 9646
6872 8040
8366 9883
5729 9100
4207 8871
130 2086
790 7055
7374 8932
7890 9384
4225 7222
5929 9156
8502 9376
3779 5971
7578 8140
7789 9115
5973 7781
7492 9276
5240 6985
9254 9956
4224 9480
8877 9469
9548 9733
1711 9549
6612 8043
1655 9388
4784 5082
9202 9869
8181 9242
1974 7655
58 257
717 1380
6296 9067
2921 7176
7537 8897
1777 2469
9493 9581
993 9570
7239 7974
1312 3705
4811 8453
4983 6967
3448 6558
2419 5637
3612 4994
1673 2354
4994 6898
9786 9931
4023 8913
8959 9459
4582 7685
7210 8935
3612 7998
7404 7528
614 4083
9243 9249
123 7784
9380 9411
1069 9802
467 4916
7245 7778
7222 8199
3237 7446
3070 5870
1567 6520
2413 6020
5848 9539
218 5296
8369 8640
3146 4805
4981 8623
4196 6170
9018 9096
4234 6841
3375 4125
8687 9761
9183 9475
6480 9687
7266 9806
6777 9276
2136 2673
5002 9341
9322 9637
8111 8127
6107 9033
332 4732
1275 1906
9485 9964
5593 7207
657 2555
5704 6985
623 8112
1746 3971
1678 3815
2525 3785
1508 6501
2352 8643
7694 9662
3485 4343
7524 9040
683 8926
1178 6387
6311 8559
2583 7462
8804 8848
1693 3336
4423 7003
1346 1994
7263 8379
7781 9067
9120 9350
440 9978
1979 3473
8429 9223
6079 6205
230 5882
7126 7679
376 1702
4367 9894
8899 9439
4072 6990
7357 7703
3662 5900
6211 7759
9021 9383
7864 9130
2196 3015
2710 6605
2737 9232
582 6329
5966 9950
2535 7413
4584 5385
1425 2428
7890 8528
9072 9945
7918 8475
2493 9188
5216 6090
8406 9204
2498 9336
1760 9477
4709 5548
4725 5022
7654 8945
6475 9328
1576 7055
7266 7507
8839 9090
6559 6897
4744 9872
3763 6748
5848 9052
8495 8523
2101 2767
5180 9178
4377 8404
550 3058
3705 9149
5761 8860
4070 8509
5302 5339
8562 9441
3606 3625
5918 6970
9317 9428
3854 7012
6103 8633
3601 8842
7584 8331
2145 9257
4292 5483
7957 8421
5924 6415
1848 2690
3318 8742
6359 6759
8526 9932
9068 9783
6788 7287
6172 8643
7492 8699
7400 9410
2186 4713
3693 7345
7131 7734
1286 3559
4066 8261
1208 3902
4947 6495
589 1212
8230 9628
5222 6175
4778 7865
8644 9786
7957 9661
8391 8829
2762 2873
4080 7025
6621 8247
247 811
6576 8731
4207 9547
3291 8024
2016 5422
6731 6984
7936 9296
1843 3650
892 1453
7566 9791
7214 9893
4198 6887
5186 9928
2499 4767
3993 4179
3036 7928
4647 6661
9463 9712
9881 9926
1157 5626
3515 4708
837 6353
3446 8201
1093 5454
8836 9630
5143 7621
3315 8220
4311 9177
9147 9511
2173 9533
2613 6599
4411 7337
9659 9930
3151 8219
1012 2426
9583 9876
5197 9121
3491 3750
711 3055
9395 9412
9623 9653
9905 9952
2787 6553
7671 9401
9218 9313
985 7030
5045 9088
7884 8315
2008 9363
8643 8831
6506 9998
1437 9736
7966 9445
9514 9516
7000 8883
4188 9949
7046 7141
3830 5351
2446 7355
4412 8436
5384 8492
5667 7043
2865 8668
8556 8564
8705 8809
1605 8166
3573 8621
8451 9227
2334 3604
9510 9712
8893 9902
4275 5466
3403 3635
2383 8090
5971 9172
867 4023
3228 3335
3759 7474
3337 4135
1185 7862
5774 6608
1687 4617
4705 8712
8142 9510
9186 9589
1596 7333
4621 6416
1486 9002
889 4421
1514 7394
