57428 24276
49202 57482
25314 31053
11167 29104
32434 98804
27448 79970
84132 84629
60181 92124
59394 84985
64880 77479
52782 58652
63584 78932
99488 99509
91904 94090
68182 81541
62172 87016
95160 96092
86897 91130
12737 21007
50644 91288
49443 56504
86620 87572
44361 59724
90612 92022
65220 99090
27254 45885
79525 81635
70743 71971
64052 76757
19427 95313
59805 98103
58346 77067
73051 84740
55854 64700
20750 99566
12796 82502
90465 95607
92033 94958
84400 98220
64834 97840
81789 88266
40475 50316
46629 81280
37272 70682
86123 87294
66510 80925
45117 61101
1563 40322
44990 59395
34977 37183
55498 72195
49406 68959
92459 99762
54648 66134
86174 92667
15240 37022
86925 87345
26453 47514
39329 46963
1734 51601
44804 99619
22304 96901
57097 72283
18226 71979
73926 88543
53368 80760
10506 87644
9173 47020
93960 94740
4462 15637
86930 88676
68283 85562
47209 57280
66183 98181
92824 94041
79227 81291
24863 27084
18403 63072
50639 93776
75194 79151
97487 98714
46066 67394
47980 48173
84654 98346
65409 79177
7953 88859
4343 80366
22542 45847
44241 72490
57873 65800
10927 37202
79353 86693
65172 96183
20255 70205
15995 30212
76120 99745
59336 67624
94288 97889
67436 91210
11854 73628
73908 86811
47293 77134
29561 36237
25889 32302
58489 65790
14181 41866
95047 95085
92843 97764
80154 80896
85881 91847
56680 91276
12235 90905
65876 79028
65738 80775
42483 76938
50348 99104
68132 89342
25715 26592
37954 78139
38862 98425
10471 52550
52808 67467
82884 92598
10438 82179
54984 79184
97095 98410
67671 77573
81936 93630
38776 81466
14327 39984
63599 87846
49625 87962
40895 54347
38077 64097
80353 92919
89699 98279
90524 96354
88609 98521
76696 88565
88225 95230
25676 89894
69330 85954
10747 45986
21425 30421
65307 83060
55017 62688
81863 90840
38228 56192
66093 83697
36352 94575
82862 96356
32054 79419
32216 64724
66156 96168
32756 63458
78199 95411
25611 73838
65098 72029
14633 65482
11041 96853
22377 96662
56045 59004
17933 20829
79993 86260
89791 94127
11411 23920
60647 90777
87717 92342
74203 77241
16561 96134
46869 89645
8649 50582
5075 16080
17999 66005
9829 40072
94991 95295
78610 89073
29143 68019
97526 98991
42835 47168
68166 97662
14943 94836
45621 74101
20939 41529
33414 84440
19500 76022
95395 95929
13079 83133
29179 39946
38426 99049
23160 67326
98228 98636
14290 20959
7496 80353
96493 97221
22380 95712
83835 89189
38721 96518
31754 97343
62771 70043
73774 97311
10877 28899
98254 98526
29544 72384
28580 82035
22795 44942
17700 75427
7977 99052
58769 97145
87537 97593
37664 64851
57224 95127
89989 96085
90719 99960
93066 97078
48046 96183
69206 75349
40479 57919
89147 96944
16764 53055
65530 98730
69950 95799
67092 86042
28509 97520
51206 60040
64064 95250
16289 54458
51654 53755
4583 53275
66403 85808
45489 70071
91613 92066
81454 86148
90231 90469
10449 34652
58842 96848
16701 72476
73939 94593
75853 79394
48854 81778
5192 83999
93813 99187
48330 71801
13932 55849
85225 86899
62478 73603
84697 88560
62500 86433
75550 86897
48727 98101
56301 80872
97346 99922
87851 88484
96275 96852
93052 98484
85291 90422
7990 12244
30491 97328
47252 78945
48029 79225
73598 79272
39550 48692
84810 89176
2982 60770
97183 98362
76555 98985
34185 93731
38859 57838
52835 85421
58608 99844
11679 77116
85704 92894
44700 53601
75812 99948
14178 61544
94070 98989
87419 94898
47415 78219
75097 87668
26635 98283
68590 91834
77345 83039
19152 85243
4523 16122
71855 97843
87198 99635
40817 55082
19314 71846
33218 59079
15163 16993
4798 62877
94180 95916
41474 62072
3659 4379
96481 96550
96681 97206
75485 85395
83966 89055
1449 7242
27974 71106
41517 97528
12253 66583
30740 30800
89332 90903
67671 84415
26550 89666
99091 99826
55262 62595
55723 88924
19369 29140
19127 64508
78284 92580
86096 86913
33164 86878
90964 94227
3641 40960
8424 72421
41299 86915
21141 50704
7237 59257
90845 95913
34488 54657
68462 77530
79025 79732
53223 66884
92179 97854
91078 94535
24771 39439
85888 98671
64796 75013
93815 96392
31312 42106
57002 79671
66330 98985
60702 84608
80949 85433
80844 86273
61460 67802
28994 96989
44149 84150
21196 93977
31451 60400
55793 94944
26343 70617
90127 92231
73838 99212
34945 39671
58267 79455
74896 79516
86620 90497
94369 99234
52133 53523
41291 67451
46620 97009
40680 48447
15482 66097
88858 99754
58543 85498
78458 78806
63892 86045
71822 95291
26260 28403
98971 99003
92340 97315
90121 98321
41801 66215
92443 96409
76111 79496
80141 85885
14943 22100
58304 76391
10668 82431
3699 29689
32554 42336
7848 51802
45176 70387
92891 95455
63864 74234
64314 82325
82402 84339
62589 93254
76601 84671
70911 92777
90541 91489
67365 92460
66618 92900
58823 93110
62143 72616
15423 90620
80545 97267
91345 94151
43206 91457
38457 75583
71603 84678
81805 85592
58545 94873
23948 63009
20879 67679
46286 80956
7318 96254
52455 92220
36091 40716
32329 94166
57453 76133
91911 99637
24891 87409
71815 73980
85396 86429
82491 92068
8947 32731
51754 58393
71710 75767
23857 48010
94165 98142
42285 79544
31139 56455
57410 73787
49727 51668
68144 79557
39961 47781
69083 86007
64365 66953
76447 79543
58139 82266
33382 76444
13925 27726
25337 89106
55632 92833
58995 65581
90554 92687
3637 49831
16532 67619
58725 80545
87840 96362
90435 97385
77948 81574
49810 80619
88644 99031
54784 63058
9728 33574
30869 89050
26362 62554
79506 97878
87458 89912
27770 96145
160 43887
47859 53525
21614 87832
41862 78695
54623 74301
17875 46662
49360 50206
77591 81107
20184 49166
8476 29379
84407 86812
64803 83701
71242 83933
11548 69256
93177 95545
9796 60213
57898 90460
57099 79029
63457 78798
40606 99733
5778 81649
88868 90533
2717 76082
81402 93269
85205 96735
55753 56576
95031 97146
92058 95091
5384 90642
82331 88112
81688 83819
71480 87420
6872 72888
2252 9145
94672 95495
41805 50804
32748 80138
46520 99005
65975 89493
10816 42434
84050 99080
24761 91473
31311 68123
12829 95102
54949 56918
25151 28161
14780 68238
41459 51178
65547 83110
29655 37243
42965 66286
67151 92096
99984 99990
81354 91871
99406 99718
20943 23650
91010 95443
95758 95889
69187 70626
81715 91395
72521 77133
39441 97587
71196 90881
27160 30714
18321 23911
94527 98777
99791 99946
17202 63502
35825 64933
94830 96965
45396 91516
39614 86311
89514 91736
47681 77649
58300 98516
91003 94757
99225 99760
88409 98686
71562 82035
11211 80871
33803 33964
37691 60142
66187 73864
35839 36832
33 76267
61197 87528
82117 99502
26294 28156
90716 90719
16885 98959
73258 74907
43933 98814
43721 80350
82717 89944
49327 85737
73994 80721
64164 93868
98970 99578
53141 87132
76324 90276
64363 70566
50743 85474
42301 70170
65288 89960
78918 80954
69719 96923
87309 90561
30662 51609
50929 78153
41537 57422
34462 78631
65659 66362
39220 54706
54881 80539
70308 78871
63151 84990
8001 71498
81642 89152
75259 80934
47012 58085
95791 97104
99021 99258
24939 32902
87811 98471
49759 87154
68453 75944
74007 77272
16488 50516
38559 40809
19827 83302
10369 58210
12972 92911
93789 97985
69380 78144
85352 87227
97279 99657
87076 89212
86207 97865
6467 90509
14640 60111
37441 60451
95787 98034
17960 92943
7951 92125
83259 88506
98863 99692
1154 4307
57436 88114
48230 74705
29722 36993
47157 85868
88437 96113
43909 63613
71870 85313
17488 52763
56296 60843
9852 39314
43222 55828
96862 99030
53015 56607
58577 77787
30770 71193
42403 60485
53604 57479
247 1352
56051 58168
85392 88545
29898 43691
10387 72714
80687 85081
23907 81796
64720 69625
4067 76635
34030 71686
6585 78986
46041 51311
35490 59560
66159 86312
60818 95965
30619 62219
8189 17510
29706 87326
40634 43812
15055 71911
72426 81037
53461 97761
14985 33061
91897 98098
41086 96590
54790 99710
94391 97251
64081 88761
63932 95695
67046 71894
51453 73814
49805 71144
54998 75159
37597 68504
58800 58818
97096 98110
9642 44257
9865 92546
70134 89067
6579 24651
4282 5532
14231 93867
28248 96994
64727 94009
38542 52013
11434 49276
73515 83847
39825 71734
20421 79401
46038 63203
38368 96448
23810 76570
39011 40884
95298 96288
2323 97134
28778 82288
72192 79268
75084 79823
18215 98733
13006 36128
33867 94178
58791 70538
76541 84650
89449 95690
40153 66945
80416 94055
90272 90749
20660 20915
90797 98248
14182 32060
46582 95690
59193 67086
56665 74736
12373 17188
9368 46686
83597 89614
54149 75523
8191 62977
43929 46681
65566 66044
75470 80021
62168 70674
95979 98689
59017 67532
34352 95949
67808 92382
50777 68419
41676 95751
41984 79931
38110 60623
2061 29863
95271 96612
51352 71089
24525 36323
40763 60302
5390 26951
61630 78771
76472 80930
81418 95992
56218 66071
82817 89252
73598 87110
41247 61114
5472 42124
67491 74057
74179 96849
55228 88779
99966 99977
60951 66149
80287 87102
11659 13388
15113 31690
35061 71486
87446 90882
86485 87059
54958 65080
65515 88126
74517 84429
53338 66833
3489 55749
57021 84463
68284 94638
39391 40719
53488 68539
48822 78846
34393 44725
57829 65867
5491 86832
61162 95817
24392 66033
28657 72223
90694 92773
17295 65301
33258 54461
10866 13187
68571 79078
61253 66178
69234 96442
81564 82715
45928 48810
19892 84440
24383 40932
93800 96922
82750 88026
93628 98217
46210 97445
16497 62250
48124 50918
71905 82915
8921 35682
76951 92787
64512 86169
68017 73294
98219 99782
18907 95571
91512 97836
64909 79520
72710 95963
88559 95136
363 78250
78396 88904
46953 56923
15003 99376
67305 95372
73563 77569
97284 99937
56221 63024
28112 33293
89275 92228
18140 69201
22784 61585
15811 91083
42294 42693
92044 99016
92597 99466
70485 71856
64699 73395
37268 74815
1678 88815
14842 74417
79604 85320
54351 74769
35319 67052
84135 90896
81454 91756
45102 49410
72445 88050
20251 66984
52748 79605
70405 74938
7798 18034
57487 83740
85414 89248
52402 86692
42476 77010
24104 30400
18374 37681
70468 73739
37933 40101
78937 91073
8709 75977
22936 93567
60650 73948
48005 51330
83556 91707
31288 59979
79794 96597
40010 63237
32684 54942
49410 53688
45790 57268
68942 98518
45845 52175
90113 96658
28482 35567
78880 92416
8637 37530
88972 93344
96203 96762
45507 96388
81093 86337
49409 77855
10648 24484
83352 91691
70498 91664
51262 83887
93311 98846
92255 98033
81883 89632
19845 89704
74701 86851
21091 21689
40568 58087
2442 76855
61799 93081
49732 56921
92514 99599
90529 94638
93151 96779
19431 88169
23172 98010
52404 98701
1731 35552
20354 50306
19768 95331
40183 44523
96763 97072
73382 99665
3266 68152
37658 69237
66851 91830
21191 80428
82644 92964
27972 96948
93903 97452
62000 85924
88327 96252
79691 79832
97104 97707
33909 73041
80820 90332
68761 73790
92020 96950
89753 94541
38061 86595
70031 94294
12713 43216
89135 92445
24311 64922
53615 89402
76629 85141
93328 94337
10419 98527
24387 86439
52759 56847
22964 74358
12999 90062
30860 39661
32584 87003
20731 38399
57798 70269
35888 37790
44693 63090
4874 48175
96714 98642
36704 73071
85642 90087
47994 60034
6085 10011
73433 83217
24725 63152
30283 72683
92064 99545
9705 37743
74856 97579
40697 90151
92108 93369
86489 86825
65708 70277
90170 96546
21406 49402
93284 95237
16561 64009
60439 82917
98292 98476
98094 98131
60666 65270
80026 93317
5698 43934
90229 92180
53352 54978
80408 95581
72988 85075
75500 85702
61406 96761
83929 87595
90116 94660
94292 95126
14227 87597
29140 69368
77077 83117
9098 42687
25154 91281
89066 96091
56103 83959
18989 33389
11973 44357
19146 85337
75060 79690
30108 31660
77667 95431
62696 79825
7766 86357
39739 95026
73130 80443
52917 87720
80280 92483
43509 91394
69761 83372
49387 71883
83370 92326
99327 99442
8461 13665
28029 36555
21432 43835
4018 70243
66271 67617
90893 92971
31660 57436
19795 71784
51816 56882
67559 89093
47470 82851
7927 48728
71879 95239
10637 81966
72763 86900
13517 51960
36623 88075
55722 64533
66747 89590
40637 91339
95093 98886
7831 83229
38801 86942
94756 96698
72144 84863
10897 73638
14183 46673
63698 69339
2358 54186
96410 98288
11409 77568
1680 29761
81150 97620
78704 79823
28748 40261
44166 78839
29519 76620
29098 55770
40677 93994
18487 62251
32992 90454
11640 60219
9786 43968
53465 65373
34561 43836
51931 65986
23599 41405
98485 98526
12487 87246
78461 84039
42884 44668
44027 83705
83896 84169
13941 75038
33312 56729
74406 79147
1408 31608
34388 78770
45180 73064
71338 81060
57037 89988
98039 99612
35322 40860
11613 60681
26683 57673
96500 98244
5560 52343
75415 83316
49683 99694
197 9404
4656 55968
95735 99205
28037 44765
83417 86376
65326 87809
23089 49634
88003 88397
104 60838
42534 88896
26181 65442
10990 29946
72142 75397
68371 85169
54378 65310
161 51784
73655 98699
91618 96756
32833 71887
20559 65344
29002 44545
43718 49253
70345 85153
75380 98402
62468 92756
87729 93745
10503 23019
90547 96639
94025 99990
41471 62823
40664 90641
43034 88899
10564 95400
98304 99574
73633 96773
79170 92686
40612 96623
64959 79859
36876 85828
63822 79573
16388 88365
31122 45106
48083 99615
95742 97845
52489 66273
77365 91061
94909 96740
27431 31593
64180 99603
73164 91025
76293 87775
25938 57648
66786 99589
24876 57239
30269 66007
49761 79067
91123 94761
21163 29924
65396 98517
12693 26932
30908 39597
83897 98327
39106 63357
28895 33224
88558 93918
76529 83342
35214 67707
95071 97472
10189 48051
66378 79000
8405 20200
75756 82562
64462 89322
89619 98800
38815 90602
85288 92178
10273 85547
70278 88959
884 22692
82415 99424
74471 78250
31170 86260
70109 78864
36951 70085
16266 31673
89174 95269
61544 71794
80114 80770
51973 91682
71419 77481
19437 95535
89519 90777
5617 79985
6622 13399
42345 87771
63082 80583
7873 39536
16166 76090
12587 50700
73915 84161
84271 94797
63565 94471
7425 25818
23803 93189
85650 92915
11240 36776
19873 92300
86746 93804
37320 78922
8398 25823
92490 94920
20318 50399
91874 95160
35647 96542
66362 75680
3321 46243
97470 99145
5500 63672
5571 71681
75824 87906
36272 85739
66286 84133
36328 66058
67294 89756
63749 91291
2081 4510
20952 99528
82354 92223
77969 78464
90261 96407
82543 82671
86120 95362
76014 97530
65408 70790
90056 96259
50809 85349
16305 90079
67179 90484
8194 75091
37108 44039
69696 97160
242 78776
85062 90621
67907 88127
18265 77111
9104 63730
28756 86811
24681 93432
38381 72185
86029 92746
53542 54197
4935 17649
58572 70146
44039 61562
70375 78248
92041 96470
76081 80125
38061 86449
37538 79744
18424 53108
33422 67537
43078 74545
2288 94733
573 20172
19352 90142
33849 35857
17596 88110
2772 35758
59737 59854
48998 61235
65508 90148
16306 22105
10949 26619
36448 61062
90718 92564
58670 75597
56351 74702
64296 78586
75949 76787
15733 65442
21131 72980
39909 57360
2591 40135
41375 54954
60478 91778
98463 98470
17220 64292
9039 89441
64778 81536
42406 72354
8974 79799
44956 53747
77705 95471
26617 34443
72169 85618
93411 99587
3756 12188
67885 93256
14901 97379
59654 77242
64535 96350
92062 98181
24789 65442
70857 80565
74042 83992
80551 96295
69068 82035
40548 50228
35177 75015
86134 99270
98581 99668
36653 53383
89823 98774
66837 91620
3482 11739
17863 52193
6063 45416
15461 52912
15753 66579
38081 92628
28774 82168
77330 91702
77474 81236
77662 83049
53329 70792
61575 78849
33168 48293
95371 97509
79705 99402
37486 61326
61918 95527
64236 76444
6365 58015
29167 75359
47226 53283
20593 52627
9870 43880
21646 25961
41494 70578
9943 56243
35893 94599
37041 50323
52621 55928
68238 73119
35243 88536
1963 21611
83500 88171
57381 87087
73748 75784
60571 89782
9357 73514
93902 99141
6456 63089
62958 92726
89699 96455
81133 86916
30359 35056
47117 89072
11736 13629
46356 83773
17546 95892
74004 90602
56822 75267
11893 85876
81671 95913
92162 95555
56965 80289
77199 93453
42519 89265
9977 18995
56392 99404
29739 69253
73091 91506
93696 98527
82155 95946
11294 33877
56860 69721
43185 58980
80676 82200
42565 97940
48198 64256
98311 99669
46906 86840
24532 98647
20447 69011
31380 91691
7624 12403
64519 93655
47520 84401
96303 98232
63155 91201
32940 82684
16732 17499
27712 38712
95817 99810
15359 35372
75123 97129
74026 98384
29692 31696
47106 97535
50289 97158
30918 77705
37521 42651
75165 78761
10589 56567
70738 76761
51397 97172
84162 86373
44948 88268
2521 63602
22259 44054
68867 86350
86265 94485
56510 71428
44955 64869
62655 77551
70303 88149
43387 56071
84420 98148
17372 64543
72365 99632
28779 70868
37875 39405
96432 98740
52787 58869
73385 98195
45092 69809
63686 68825
16673 79529
62333 97503
70714 76653
20289 53687
70411 94578
2756 7613
83820 83877
96308 97452
73683 82532
27157 58579
84881 90508
9220 73588
61439 79596
83355 91924
56523 80256
57776 98734
31062 90734
65546 91784
43216 75187
15197 40807
68758 90572
35391 42765
66437 74854
2289 19973
23765 68164
39799 43739
17996 75256
25372 63083
56607 89508
14263 38816
92238 97805
32550 96383
71206 94922
23979 55983
43457 67487
95606 97057
48087 55448
31207 78283
82404 83256
63038 98632
73495 75920
66846 77098
54902 97203
89884 90371
22470 81550
35766 50122
37535 68368
21588 60389
6829 23737
28813 40529
12106 60014
85329 97943
79634 93813
23158 60157
72000 81945
69439 71401
96413 97829
58642 74291
15253 67897
59529 59586
62642 69492
59531 72691
49711 99241
87157 90754
99495 99823
24032 63233
18737 91735
11001 55063
57204 62255
68040 81440
36054 42678
31020 45440
83720 90945
24192 62081
4012 76377
94025 97780
8706 48648
35071 82589
83184 87476
52088 84329
71468 87141
45844 68507
4210 59938
19950 62373
46981 56195
37264 74193
90154 96861
9945 65846
37629 60201
80649 81967
29999 53880
61890 87715
48939 61156
48846 58122
40986 41240
53695 73479
21568 76457
65474 81065
18282 19263
52453 96835
54397 68523
69282 79947
64876 71164
67384 72765
11617 18930
38023 60771
84989 99286
5741 24690
27901 84844
25070 55631
42646 81386
57092 92996
68337 99054
56798 98068
25181 77380
43097 88964
24037 42882
33139 84760
79099 91616
53193 60884
77322 89605
86854 99488
22450 45660
6617 43889
41136 89526
40211 54037
52025 55421
30595 76147
19525 86120
67261 77759
11018 67957
98947 99569
30713 71019
65678 65798
95403 96348
56852 61481
31670 94384
69406 98357
96393 99405
25271 55921
87782 97348
34737 98664
98163 99108
15344 65927
35742 91534
34170 79602
9923 83733
26734 80710
36828 74514
29873 46883
46209 56094
75537 96172
84738 98456
8488 97014
5317 19470
38500 77408
18303 24247
87547 91877
44293 67750
13817 30202
90163 99473
84721 90991
68575 95932
49388 60865
48464 59451
49322 62215
19008 43998
38201 99466
9232 61765
29536 50971
24978 86304
80517 99609
644 82752
94345 96219
23520 73777
2169 98941
2033 55213
72476 99430
79420 96677
75443 82682
30188 50035
31125 49792
64530 91912
85337 89609
11293 94476
93081 95606
17085 31744
27534 98956
78355 81322
32574 42907
72636 77511
46078 92673
69707 79925
83829 91411
54530 66176
68061 86547
46991 52712
71158 77772
27114 44876
31645 68364
87630 94054
97237 99451
3270 46298
24112 34788
87414 89915
31649 35799
45814 76250
45581 75764
32951 85195
19616 97527
56876 96432
1592 13580
96891 98878
26870 71368
35523 58877
73012 79597
32779 70199
85317 88068
40065 85209
79354 86154
24217 68416
87938 95640
48345 83293
78541 97931
73095 83159
8026 67735
45263 77126
7346 28615
45900 51404
9421 51958
24563 87616
10268 36072
86578 86910
2452 75540
98499 99311
26183 99752
96404 99827
97159 99828
26973 74506
19304 78073
16902 34944
29920 65850
50158 99809
65719 76109
32322 89365
84288 98113
56245 92166
22302 62118
2862 22840
59641 70232
49223 95105
92089 94134
27015 50296
59814 70215
66907 86881
94609 97063
99496 99694
63390 82951
12102 81922
1010 35058
7589 76930
97319 98173
77347 82736
29301 58384
23822 66557
59479 98597
97908 98687
94217 97011
91335 95642
91219 95068
74219 97458
42663 64848
26548 65171
38225 61137
2150 48567
9387 9486
96634 99743
26018 78646
22346 74757
64036 81040
97735 98664
10494 38966
71486 95326
18143 99325
80241 92531
61606 83737
68691 94880
49203 61859
23575 26519
2099 14748
98701 99639
48217 56621
50620 69120
43498 75418
28873 36731
3718 74273
79949 93422
68110 84329
79490 99149
75487 87911
64552 94450
78384 87496
47319 86123
77640 92245
83618 86751
95780 95838
22594 73556
57015 94445
44465 76761
16461 24934
55983 63004
62239 74039
92094 98531
12729 95886
80440 93334
3688 49011
79261 87523
95966 98511
3994 34201
81428 95837
34633 44489
83685 97139
38713 97197
59446 82831
14365 93207
86677 91026
15397 40247
34162 85024
59481 70206
37076 48479
65295 90215
60859 65052
969 90119
6029 59402
97254 98996
50949 75643
11950 55070
80710 85995
313 29769
49471 64418
88240 93973
75001 89992
16210 57051
4737 72688
58493 69161
45854 66875
65666 80515
3382 25622
34372 58525
84389 84734
49336 65526
14183 18045
26180 83539
85576 94779
57858 76954
84309 88935
24689 99668
934 21863
41772 96409
137 64557
84243 96930
7969 57829
93167 99261
74610 92591
33665 69847
5307 17350
53229 74886
50521 68656
79941 81278
40798 92310
93054 96542
20739 34882
22013 51183
68047 77560
33640 84610
37363 42425
86140 90108
21240 66536
99917 99964
23062 47135
38955 45551
38879 52383
91863 99958
27722 42943
58392 59840
76283 78660
60174 72762
19697 99163
85813 94113
33449 76706
79060 94081
40134 61442
58969 96640
40179 77478
39707 49794
7659 65028
23479 97688
33725 91238
83110 86064
75327 88199
23757 92171
71924 99264
76641 81488
5432 78587
813 79555
34434 39148
82980 86292
31405 62433
86065 97779
46163 61167
82637 95799
80059 83326
96295 98261
70978 72662
25098 95032
49481 82591
90530 93826
54846 93522
47318 51805
36192 79904
63162 88354
87607 99778
75914 77586
85041 89967
31449 78980
31910 60855
669 54877
17292 79472
45047 53633
84787 93439
14181 87181
59396 83575
95279 96793
89199 99045
83947 98488
81066 81291
85783 91486
26204 96210
65041 73138
23195 99386
37008 74329
5460 70041
23802 74820
54976 63706
83818 84217
37680 94626
91693 95525
48231 78892
86494 88346
71285 95395
40503 98509
27793 78350
81498 99019
20172 21587
51979 79840
4543 87891
94215 96041
74620 89228
52127 87662
797 23287
22367 43665
34423 38764
67203 70689
96691 99434
62930 89789
43478 84104
92003 95209
997 87892
84463 91597
47494 48072
59869 91691
34341 53387
52221 65048
30669 92771
73582 83428
91604 98015
52012 57896
47979 83818
57349 63066
87342 88048
93077 93907
80856 89257
11141 29046
61513 73872
84720 88268
94887 99308
70644 86087
4466 10105
82469 84359
88951 99179
1484 47839
80112 86966
54222 67457
30607 46566
33613 62433
73165 90016
25869 46667
18921 45513
51929 60481
79028 79451
49203 61240
30 40710
32763 34983
15766 33163
83838 84020
89500 95331
15286 85628
29681 69091
76413 91803
73452 73534
8932 83203
96885 98214
82149 91402
48884 99904
65914 95832
50313 80893
68817 98461
15724 48312
29975 41927
84507 91478
24125 82540
75921 78705
83232 95162
81723 87579
75235 89301
96263 97258
93409 99693
74703 86563
11196 29872
96367 96738
89050 92187
46619 51315
60616 65650
98846 99032
75387 82261
26273 68645
38652 69509
84175 86633
74148 94614
10821 93607
48486 85048
78780 87170
34919 51183
89892 97928
41572 52246
37402 54831
45202 67583
26106 43785
77702 80435
78781 90396
305 5113
41928 68807
18372 70745
81910 83300
52145 52626
92536 97586
6875 76383
60176 97730
29808 67390
68060 91484
32012 96957
86566 88820
92273 99885
3489 36758
74843 90940
22291 88244
13041 73451
86351 98376
2638 82827
93102 94444
97896 99551
84785 96903
98773 99954
9288 96025
92038 93351
14232 16838
22012 25219
43468 52319
59252 88855
96311 97692
99294 99425
56082 67516
1540 32258
85482 91518
71067 90818
92873 96112
98423 98497
21702 94016
13473 30478
99905 99985
97936 99783
30269 30416
57125 69600
18939 43918
39836 68355
12945 71790
12917 32038
72308 86950
27648 54237
44900 55846
14 89487
9035 85727
7715 34346
21364 47357
67940 94606
44201 62379
67107 95144
89862 97700
56148 99347
1953 63634
4992 84329
53711 99073
14634 41500
48494 95295
74827 92919
33713 43953
25953 95660
51898 68440
65690 99419
7515 66526
24887 48583
36750 58628
8463 94782
64427 72270
33873 57619
3988 38050
33943 55983
37871 50663
42151 94980
7279 92327
34128 45674
14051 74480
11037 17474
81921 82121
69685 75548
99516 99708
27665 49813
54811 57659
68522 93830
22696 52201
99514 99660
52684 73828
16910 94111
58346 78195
76354 99791
16783 57879
16724 22734
88647 90463
5429 33842
36680 78517
58101 66616
37542 74692
88431 91156
62391 90940
20673 51803
67837 82042
81805 95163
73983 83201
68284 93963
1611 59300
54410 87679
93093 98530
72099 78514
77789 80568
68743 81195
42301 55684
84525 89742
37859 41021
202 88634
90817 93104
78679 92458
92342 99718
67906 86262
50434 61958
71519 77796
51507 73589
73193 73583
56952 80038
99403 99759
70228 88501
58302 75954
64620 99504
59691 90348
69369 78527
3696 92371
76096 77487
29916 61059
22371 44903
13275 57697
34991 60890
49875 89229
64694 96322
98864 99805
66684 76493
65759 69517
4462 22296
76863 81654
22018 22782
29284 55628
37952 86975
37832 92019
89180 96056
12978 23151
5674 57783
97804 99392
45285 96181
17766 60312
19997 50967
49151 98324
30160 40948
11827 69198
15479 19077
77027 96832
83992 86807
79436 90176
98119 98304
48714 76360
6747 37331
34491 77048
57205 79242
77248 95393
40663 51749
69975 93352
1834 97330
91717 98358
71316 79180
18521 52040
16184 32337
94239 94948
21647 78212
12985 98080
5268 55218
81711 96989
13584 41071
58621 96865
74500 90003
94511 98467
23505 24329
27971 91506
84798 85788
23759 50084
83761 92944
58623 91989
21121 77276
7672 46309
10235 99760
57732 59398
45289 98360
69166 83611
1201 56381
26405 66408
34838 82312
89302 89365
1937 40842
24388 26763
19184 51209
12652 76542
37048 53957
68568 76651
69849 80230
9721 26530
71969 74642
65229 74480
25721 89837
5374 10565
64730 84350
95204 98108
86923 99582
73850 91673
90128 94121
18828 38190
18809 27125
25399 85052
76174 91714
24381 52863
98886 99849
5285 53743
3551 66271
34952 57617
61422 72249
97633 99430
16323 69154
60401 60618
91633 93377
40561 80156
55318 76116
60320 88528
75322 91703
49169 90005
1487 15836
38229 46481
36587 92046
81633 93609
47993 64091
87893 91197
71047 93925
25590 74033
18461 24102
83262 88726
11715 49971
87534 93383
74649 80467
4129 68051
26955 66736
85282 88418
71343 74410
74215 90335
93745 93787
75008 79826
68795 81890
16640 46216
14709 54133
3677 86849
8354 40721
15508 54811
38205 43356
12639 64729
3673 70075
71297 78695
67603 84905
98582 99566
69124 80622
49118 79487
65183 71943
19115 27639
57531 82972
7807 80206
98179 99924
61587 79489
49249 57388
7587 80541
94492 99363
94234 96037
11342 82848
62202 63585
14437 68680
86686 88576
91504 99037
2374 95030
75575 88347
73319 83946
26067 81555
67897 74080
80730 96606
57423 66327
49661 83373
9988 31090
47371 87544
5527 33475
58810 83640
62431 82974
48370 62629
84272 93492
85733 98131
28213 39047
63587 64149
81324 91065
1476 70427
1321 61568
59872 82522
93392 99133
54927 60807
26070 57400
10097 53119
57900 82856
64945 81357
93632 97830
99832 99996
12324 24946
9955 33082
83513 98194
17051 30956
89729 94926
24016 54016
7855 31261
29613 37030
55553 79821
17784 51496
28141 35346
46975 55620
43673 74576
60507 81239
86216 92403
49259 59195
73836 84162
81968 91402
14026 99954
47419 55343
62129 81308
70742 92321
28708 35615
50639 71310
59050 77258
6601 93946
70258 91167
95274 96470
43608 69355
1382 64702
49070 87048
6874 15358
74280 97446
49326 59869
51681 73297
21848 91350
83035 86891
29207 60634
99169 99182
53207 67158
39070 66368
82247 83728
27168 99851
84567 90323
4339 10072
26813 43499
37178 93892
98177 98394
98977 99479
72653 72784
19584 48628
92598 99031
7514 10276
21458 63984
342 43740
47873 68842
31606 78431
58875 68742
21271 55231
94145 99031
93618 97192
32689 60877
27635 45342
62620 95635
51564 90117
81092 98890
82947 96487
12979 40359
1865 24921
33374 69521
84304 94107
81764 99951
4049 79863
80756 98118
14641 88871
81398 85591
82377 98464
50512 54988
70977 87959
46529 79197
84495 84675
38014 58188
79567 97324
15157 37843
75889 78493
96602 99668
94042 98094
54681 95565
39447 91780
68190 73364
87109 94183
12178 55500
7168 77779
1709 68334
74749 81498
63382 88860
28707 46045
97455 97476
98227 99763
18971 27131
98307 99816
85591 85825
55793 65582
57790 71620
62880 89311
80822 96946
7211 76722
94575 96714
52025 71022
78545 92179
89705 95732
97772 99683
23596 32148
79809 98338
70560 80381
28442 61656
92672 98470
58025 88889
30397 87330
2429 64928
56303 78696
96435 99439
62352 82098
5084 59163
86177 94577
49000 55894
53253 64725
55426 56181
44614 81681
69563 78657
58539 94750
5811 28458
42434 99410
374 27817
45795 80880
70259 99332
86643 98051
43644 96251
47070 52273
86636 99687
42747 80213
55489 56794
95689 95830
28327 79499
39590 77600
4749 19979
79759 92687
21243 43263
35213 77303
70281 75554
39192 60496
7729 58829
82817 84072
71598 86814
93499 97944
91260 93008
58500 71489
31626 73713
30417 85496
50817 97425
35662 77347
14211 27348
2733 80813
30432 40787
95933 96473
39143 56476
4396 65243
68149 83431
1066 86469
98638 99620
64617 65973
20305 85534
25267 66877
84372 96981
4527 14178
32391 58544
14645 71700
69156 94496
50109 84601
10478 27642
90851 97718
26580 27781
70447 93564
61483 87824
84725 96987
37477 60096
95571 98450
79437 97545
17272 31213
51203 95254
38888 83006
13465 56063
43495 81057
81265 85274
80412 82933
5316 15971
58419 84577
5043 64169
93198 96671
59573 77612
15715 89750
91985 98654
37591 65460
66919 75609
44230 91441
52314 74245
48246 64942
86833 91506
98236 98336
31104 33723
10320 21710
98428 99609
45660 70340
44408 76593
97581 97717
26858 47998
54544 59467
16971 99098
15038 93234
9815 59482
98982 99796
80809 90811
58093 85759
85561 85782
14891 29229
29653 97026
79517 89693
72492 75445
86637 89172
86198 95063
16968 19722
96623 98504
63671 77838
81485 89118
98047 98131
75109 82878
73345 86377
73413 77978
56608 57546
52146 69973
47638 68043
11165 86757
13610 55325
17680 66541
67722 78008
30315 69984
57996 63154
55869 95787
90563 98834
7437 65182
71930 94510
32410 51819
81953 88936
77299 81261
14438 30896
28346 94633
98869 99830
80848 98734
99736 99912
64750 70888
10474 44755
93092 98822
95597 99766
8614 13193
10945 87678
45597 69516
64742 93133
62245 83576
55953 69033
99073 99722
16850 41255
91658 97245
62391 88157
24020 98296
16041 58826
30381 43489
2854 18804
55257 89921
12987 88228
50759 52081
41926 76341
46824 83172
13170 31652
32733 71716
89071 91513
88036 90812
73701 92668
96476 99601
83338 95297
2714 72829
1308 18432
35813 40034
71044 93285
73074 85899
8996 30512
97479 99051
32828 83575
56654 70339
17027 72117
16132 76521
15510 28236
58867 76669
66904 97429
61177 72174
76316 89975
19868 83288
357 8725
68116 95589
40016 75165
71922 85120
2167 13174
51434 84428
49427 89725
78750 83688
10371 90048
69486 77626
83435 88956
23644 71561
51572 99916
47198 91827
21744 66751
61899 81594
16908 59273
8314 57872
89361 95133
29880 80651
39335 72250
42603 88343
73417 78326
38374 43557
99414 99877
82869 83161
28405 48165
36270 66565
20625 63612
30021 68676
50266 55322
66351 73996
30319 38940
31834 67717
9301 36555
76449 77095
27352 68860
69424 78433
77547 88127
85240 94657
36847 72193
30969 71755
10684 84262
96290 99074
88171 92804
25169 69586
19434 23965
63968 81140
4615 28038
22937 69576
73963 92640
72566 95854
21524 34478
5673 22109
23795 82596
63030 84422
10002 43924
12713 30644
29593 40646
95778 97188
52982 89713
20127 49072
95361 95813
76830 78373
35776 39814
20544 68394
45547 72922
7157 31177
88941 92471
53314 53381
89101 94522
41506 74359
65492 74315
35973 42086
10088 70883
75303 93265
52487 96871
96497 99892
34734 95927
59320 85479
46009 88880
198 69964
18930 96988
25747 82730
17702 45168
17801 39028
17629 45566
12299 12947
70353 94120
96505 99967
53582 74862
13674 58907
69240 71714
82299 91653
66005 92383
34791 53778
19847 99323
39289 95669
77850 78887
6288 96809
61089 70361
44987 96352
42524 89281
44507 96048
26130 87956
92271 97811
84588 95377
42793 50668
71920 80430
19774 87356
43207 67350
18586 96831
77701 79075
86080 98083
42861 53182
56366 65893
46660 53523
83800 91886
45708 58068
24380 84378
84305 85512
1586 11236
44076 67656
91297 98866
50830 82262
22956 84342
21764 34361
97167 98429
71350 96733
18841 99057
25854 83071
40496 68485
67845 74297
54061 79012
76024 78397
6307 73702
45700 74611
2257 34216
88558 90036
44462 72084
22509 24850
40457 71851
86908 88085
45041 95433
42851 72206
69171 94453
43531 51509
22573 55275
77605 89513
71042 93067
96928 98399
91351 97860
3882 30745
58793 59176
13042 55600
68568 92164
70330 88476
2425 39948
37972 53236
87827 93998
9892 96153
81698 98788
2350 9005
81696 95796
51627 94902
1762 30161
29597 61125
10119 18962
97195 98627
6324 68517
53603 93370
9085 76188
19855 43594
53584 61097
18521 79502
94007 99803
72146 93581
46388 90585
46255 62927
14196 29167
65416 88625
88784 98376
21172 25182
76989 89172
75750 95700
57873 81906
14808 95358
88399 90197
41860 43507
41486 54077
88773 98707
69230 76756
60267 93929
42290 54881
88615 91037
59649 80592
84587 85969
29674 49067
54142 80586
7611 58412
63117 93742
6110 67799
72828 96088
3611 69631
67538 79954
74626 89761
9951 25111
68607 72657
39610 42111
43061 68477
20432 27153
49011 75274
25288 42240
36591 73143
99826 99987
54796 55648
47936 98373
93777 97727
37125 84685
87987 92427
81490 94046
63784 96148
10688 31174
32459 74957
46545 85690
57178 72418
36052 52096
47792 96656
89562 90604
58324 68127
48932 98069
71923 80652
42906 61523
27032 98140
21924 40843
93680 95000
3082 54848
42901 69016
97097 98944
25885 36781
39615 59926
69866 72678
45504 54192
59657 64488
55876 89524
14283 19169
41324 86184
60649 73846
34627 59943
81978 88477
72636 93034
54756 56412
694 718
85868 88152
33040 64905
28604 81876
4039 60872
66462 71936
24146 51057
36177 47825
68902 92672
96843 99525
20346 74482
46694 52874
67275 82069
54645 70777
59067 97868
59770 86091
84816 99643
6014 51288
51116 71244
36033 97204
88128 97638
45346 74448
13174 76357
13413 61829
83701 88860
48637 90442
82260 97728
98952 99220
23352 26030
75363 88475
94490 94927
58311 87451
87345 88920
92990 99188
48507 64728
95611 99738
37080 89136
44261 87387
98309 99933
77213 81457
63712 65973
43346 90929
96088 96994
22560 90870
99307 99911
40675 75367
9149 98264
63027 86809
68756 84714
48614 72557
48188 90511
4694 44506
43451 81288
32754 71274
29491 91022
64729 76837
80000 99018
31079 51329
62470 76131
55306 94830
78049 99313
42111 87521
29483 47192
40907 61207
66677 84222
31738 70880
78848 98155
23338 61044
522 72325
17244 77907
68663 87620
2363 38284
51417 61569
95355 99889
33191 88243
30000 44460
46950 68753
26109 44884
54807 62996
27303 91443
13727 34792
31188 48057
51592 97867
73901 83256
6033 49053
8154 72429
31514 74873
84836 89694
35105 49568
49160 99580
92396 95281
74828 84149
85772 96934
14864 64240
45026 79987
4966 33247
59026 98398
20947 89645
70857 86958
24194 53271
24331 86324
20726 85803
33638 84172
86520 99680
12675 94303
4149 27180
11284 85269
843 32262
93415 97461
77604 94044
61325 83618
75569 96085
58409 75091
79904 91296
92449 94247
81066 82176
53552 69579
80348 86217
12696 34839
47419 95248
3898 50006
2874 92493
51076 51833
18048 58021
62135 65004
19332 58298
80 26261
95027 95960
83974 84667
87837 88902
72758 73297
59592 68890
13866 92254
71314 96993
10947 44569
57123 86446
25165 98156
60331 80708
9051 11771
77748 98037
5731 19336
37038 39074
28810 38513
42194 50264
45133 64411
45174 48423
72550 77954
68613 93554
35374 68269
45802 88446
46686 54120
86150 94405
68414 69343
87934 98482
51104 68590
79801 84874
9342 88579
28834 36392
31608 32309
11593 28220
62316 82080
16001 89777
66745 69292
96766 98532
3323 43276
24886 75804
78989 97038
77398 87456
36926 49875
2009 20421
65309 73063
93251 94388
64333 82592
23885 37827
76141 81008
51106 64108
51248 54534
6773 48520
91552 97093
14936 76847
68313 87687
45917 62237
20364 72675
22154 46562
95069 98623
86964 97044
85167 85580
33052 55330
67904 91114
47314 59737
16498 33133
98043 99026
11472 80767
79457 88955
51377 82859
73520 83249
24713 89311
70873 92812
93148 93205
43016 64302
30391 99607
9456 34871
90122 92345
52032 56154
19750 44922
66147 99860
90129 92068
34844 53536
21001 98018
58845 97163
26551 33409
70090 71225
97948 99466
38775 76294
26897 88241
1530 78446
44165 71938
36424 63245
46200 47053
92753 96581
8173 47926
80247 81173
49979 52524
86053 99643
3496 95064
50162 57156
97067 98951
3090 85060
84619 87616
49971 98177
47013 74139
11545 37256
16784 69685
64727 73301
87929 88631
9818 80516
75669 94807
55861 87025
85665 93310
77887 89656
14513 58600
21285 59339
75102 90415
40946 97247
76838 97561
51163 91507
79801 96051
5487 97007
45673 74909
78550 99858
74813 81802
27566 67267
94227 96377
55238 75004
79195 99615
33927 94295
86983 93005
62184 92380
35103 41211
77698 94225
84081 94360
20090 28683
49213 58340
19744 28356
79211 84820
72727 78073
13909 40061
34792 88969
78467 89168
67947 83742
12621 71104
57312 93831
9402 62593
75587 78978
20677 45330
22473 42373
25299 92726
53428 65754
55014 70087
75383 97321
72725 88203
49505 51857
90531 92845
28200 74311
60838 84416
7321 40721
71557 86703
74110 97648
47572 92103
66055 88566
80747 86598
13317 25325
16849 67824
37510 51702
38621 68646
18947 80001
99137 99524
64779 96467
38085 90191
13036 95080
80581 95614
54152 80432
51675 52025
51712 67371
59608 67572
54303 64701
97034 99189
20324 94026
42449 98463
54302 89596
1089 65273
55850 94514
92978 93538
44991 76260
6365 61208
40323 82659
30496 57055
21179 26167
51268 97581
61723 76515
60681 65926
69290 74945
60043 91994
16014 95151
69575 72464
16192 64176
1984 7886
49041 86273
9603 70704
15175 43501
95227 95867
80508 82985
21507 91298
12641 18798
9896 49034
46913 79608
37961 73667
81638 88633
44890 93417
78350 90422
13886 19805
23832 70319
23220 30922
43848 50255
55118 70923
24141 89737
51647 54556
18954 64483
85660 87540
14944 87989
17339 35823
73811 91945
37521 76125
85005 86654
1940 69004
62555 72085
94514 97103
96775 99326
43772 63694
7040 36426
17074 77674
21170 86767
58570 80916
8277 89146
20460 92705
23369 61539
6011 76701
75002 80319
45342 48635
87849 97384
26492 32128
34587 98743
63363 87977
58615 87658
80179 98138
98585 99142
86621 89433
54311 85236
37914 70939
66421 67098
15646 49593
47908 90786
92261 97944
68118 95903
87148 91257
51472 63509
22126 59251
2928 38261
10455 98656
63310 90569
52623 56842
36694 74277
75735 94210
87359 88329
82946 85507
88405 90885
85247 93366
58207 69103
55608 83191
4084 26419
11300 85273
7733 47671
81419 82251
86953 94997
76394 93422
21913 96361
27316 29541
9936 25797
24540 94733
57662 91965
30491 37595
1355 9070
35268 57253
28294 65224
99761 99803
22918 39211
40927 59344
93147 94657
80811 90247
33714 78661
24045 52691
42898 70924
44533 80586
67100 73548
3713 55432
24007 93117
59830 90557
62520 99574
27101 41229
38040 44014
45234 68716
53808 53975
53075 90913
33927 36537
84697 89948
6768 19260
39715 39995
49962 87523
76747 85364
35673 43500
9728 68670
45526 46047
88503 90849
65056 91471
5325 56335
8173 82438
99561 99971
82530 89217
51151 51402
21806 23320
94767 96158
53637 53941
87132 93191
41956 70171
48290 93927
35497 42013
24488 67362
33295 82857
5545 56704
65748 69013
55834 81003
83745 94754
35875 76281
29184 81623
97611 98489
44377 97838
62234 76225
69299 85935
68171 99771
90311 94558
74682 75305
6588 65028
63751 89278
46770 83815
47889 82622
57207 84883
25104 63911
46614 86234
75222 86994
25107 40996
62230 66640
45849 94159
18037 79606
42923 89830
16110 94277
77000 92607
34255 93025
66436 84543
28465 61123
89324 93098
95231 99120
12295 43555
12932 48693
10726 55194
33009 72003
85296 98426
43007 87605
94131 95564
32067 77567
58690 63493
92358 98247
88606 88727
32713 86474
76298 90246
47633 89876
37080 74618
51860 68677
29474 90822
58432 77620
12117 94853
29818 85184
98257 99114
50257 68884
21909 55589
35487 52155
10187 12595
48932 76985
35778 92543
95606 99230
12697 63009
70381 76012
97668 99882
1940 21775
98510 99174
84893 95501
17339 23190
44616 69929
97472 99378
44813 98209
88608 99814
26135 41909
95833 97912
89362 95703
52540 92770
9682 24803
71923 83413
7259 97528
28181 38752
71841 88409
40948 79046
59148 74493
61590 74412
65464 66615
71731 92603
98010 98515
44677 66726
31517 75002
6158 18070
12802 56624
59784 90847
19362 25016
54501 81960
5924 18004
80600 95871
11883 98816
16392 42028
51263 96355
18554 19109
90431 91082
63479 64444
59124 98259
62596 63306
21656 90665
23333 65605
42508 53349
46381 65414
62293 71884
75297 77170
54485 59397
79271 82495
87971 89550
71328 88923
79401 81482
37644 39422
35318 47366
42890 87405
14095 55704
26756 75852
30873 49471
41122 98685
93304 97872
93897 99980
23095 98648
47181 89863
2409 33387
24138 89890
23486 36818
32784 83619
3671 68116
56407 87957
31058 56771
7666 35148
51693 59879
93545 95832
62568 70449
46456 83081
39299 94794
85992 87507
48721 59458
29122 50496
66912 84850
13312 21118
22921 82437
60609 78467
64327 80931
16754 75421
64651 91813
88957 92151
77020 84459
41014 71059
2921 8076
93488 94346
68763 80420
77722 91833
8240 41404
97268 99740
91739 95706
11221 80323
42901 94107
47348 84080
27676 71106
64824 94224
4989 83239
78983 86071
53479 94575
93566 97349
88829 94489
12046 51721
70398 92399
91525 98829
99563 99881
86505 92198
99925 99998
69729 91765
67072 91536
11665 68806
56685 62905
77962 99545
68978 79333
50176 80828
20255 88750
91398 92471
29705 34399
38305 64640
21288 69369
56094 96545
23138 71023
3610 51237
4897 25761
19415 21862
13977 50296
12515 26451
7623 62750
11875 24620
91450 94246
84373 91676
35956 86665
89842 96222
96480 99931
11696 55934
27180 69659
40664 54958
87213 95365
4600 42961
61400 95358
71778 75722
65296 84459
49760 71068
12105 31863
17277 52704
11483 15705
1992 22946
87506 88226
91860 92727
27775 60378
56104 78025
79386 82816
50371 67098
44923 76194
21846 69072
74322 81307
45722 83822
82012 91012
49765 76461
92801 93466
22203 99492
43383 64188
17123 24870
17316 59110
22097 88088
59480 70460
65069 89735
45602 54251
78902 94628
85892 87701
8800 10468
30116 30928
7989 37716
77616 96954
58577 60877
75829 91870
72814 73171
59211 67016
91970 96521
3060 92461
82790 90566
67195 73898
52492 89486
68068 96109
51429 87714
12113 52617
93476 98596
29052 31874
52676 55637
14328 43276
83295 84139
63353 99798
27267 71305
44473 67076
70314 83004
25640 60797
11766 80039
86152 88387
15678 26770
4902 35824
7987 80471
50550 80208
57157 85787
69504 99303
78466 85845
96407 98060
29405 84223
90834 99747
93795 95987
479 56618
36441 40347
314 90954
2312 69714
84828 98177
97495 99716
5010 98961
45031 67381
97545 98053
17274 91481
25566 99471
53075 91972
27263 30125
46100 72617
78310 85143
50025 92354
5138 48803
26521 64443
52746 66948
31080 82146
9760 59983
3298 45003
51049 91841
84290 87120
12300 17709
24719 47423
40656 48073
47896 91589
67970 89351
9010 14218
69762 73375
74013 94687
27731 71814
96972 97729
1285 7698
58374 96394
68766 72302
99540 99781
60118 60806
83309 98033
56901 66310
4595 64954
67945 76446
17130 44362
53359 83328
94833 96822
81591 82104
65133 99530
27673 54793
85374 89508
25300 60473
47954 90861
37818 76260
9117 12103
95012 98835
17711 38696
10247 99299
30194 91950
74179 83203
55254 82850
73016 94189
3788 83225
7025 76202
91621 99854
23697 71405
65190 69246
60314 70836
42218 72375
65526 85069
69954 99162
91402 95110
88563 99148
959 51359
15956 63649
41336 92028
43547 54197
78088 87696
76008 77558
23001 60832
12560 84765
36293 51326
53291 71106
14061 88013
46220 72146
43847 82336
99137 99304
31224 75939
26725 39468
56660 73103
29556 48588
32256 68465
14017 29839
19716 21134
83065 91794
46658 91024
92661 99197
50694 78025
48107 69824
50182 58472
97177 98537
54404 60308
60138 67766
3021 48801
75148 82597
49433 85477
73090 97359
37957 51724
97952 98582
31906 85305
32833 37631
39142 71007
42651 72860
27496 41191
33287 98783
20371 99015
69669 93175
71617 71897
14450 27165
63867 84154
99807 99962
2325 64586
88382 90231
32047 71131
42153 88527
22017 59367
85083 87488
1444 14832
52280 59853
88089 89776
85679 88765
81029 84929
80419 86049
49555 61201
66359 68012
50087 83669
50870 73535
34377 54160
91486 92299
47345 98310
94969 97790
40768 51176
3516 86544
24600 65502
31434 53987
78574 98466
29577 60675
34486 73908
31667 42287
87563 97113
19403 67129
73417 99793
67438 78246
55681 70254
95798 95940
92153 97865
68689 96616
71832 78281
56041 73211
62133 88176
25806 69324
7263 68646
12076 18192
52390 57940
10391 38499
87476 93724
57518 62847
9928 26394
44339 88515
64552 88039
14944 21649
52836 81624
6718 21277
195 88214
47446 98707
267 77151
90303 94783
77577 86596
31714 59288
43411 56190
68505 99699
90310 92500
80524 96455
57207 72967
58736 84043
74783 84084
73635 88488
24371 67096
65016 89288
95990 97672
4943 12809
1634 92208
81979 97861
83237 97501
79498 85389
45290 91736
34052 42596
49007 74326
62450 75291
9554 36146
72223 78723
59157 99704
17000 21395
40839 91472
37432 88509
34549 79041
17520 95127
92705 94042
14878 92500
67801 93524
84434 86566
66006 72778
12947 28136
85691 97747
44942 93396
79904 94143
11482 68334
19889 43763
54940 63763
30544 49115
1651 31882
74603 90863
62443 72599
6472 11153
6515 90158
28979 94372
72031 76768
44807 48494
44231 71595
79384 94503
82641 84840
62427 70020
42387 97816
80257 95634
80465 99919
88481 98702
50575 91069
28087 64243
97476 99198
335 34835
70062 79839
46778 80964
50643 88849
78896 80686
72057 77311
20154 32779
23769 31622
43964 59715
19555 24981
43615 96677
3459 69675
91326 98861
67463 77693
97094 98315
79198 83392
15440 79129
34525 57293
4842 24591
75700 82519
71596 80177
42658 94136
28627 74963
49479 84711
16974 18751
88884 98118
93591 96056
35094 51622
56450 66001
56186 66738
79665 86689
51321 91436
40891 42649
90368 99930
78207 79953
62946 98615
55595 76685
45523 56494
51495 86003
73076 84551
66225 93707
3639 38146
69340 86551
6523 32928
65779 69677
98890 99130
24435 72349
62837 88835
93512 94062
96504 99891
3953 38724
32449 62034
47630 74514
92209 97691
25605 97368
89478 97994
2324 24622
49690 85955
12393 57723
397 23957
51507 52282
71081 90342
97456 99997
16081 94531
58741 72213
62042 66533
61347 67706
25860 94781
79322 84212
43431 75863
88884 93086
26448 49929
27890 70643
13260 46968
25961 35023
39983 89897
94113 96618
59369 77808
21533 71613
13994 86587
49073 73863
68581 89554
23542 33510
2459 7068
20928 66642
39480 65548
63868 78487
75847 98489
47467 96970
37604 47610
52888 96138
21925 33806
2296 38456
47143 89829
50551 57834
3335 82679
12871 29807
62414 70917
55478 96015
39109 72264
48245 95672
26209 33903
76053 81836
90250 96282
11307 66739
19133 97121
90035 91605
58218 95456
10842 83930
80056 86669
76169 77692
85323 97252
95126 99842
47967 94836
16085 32204
42517 70316
86691 88550
75736 78642
46731 96293
9161 46044
39116 57541
68647 92835
92523 93795
43925 96767
83170 91806
66263 80285
13399 55139
14156 14967
67289 83186
44547 80179
81416 94621
68933 83897
62180 95571
74260 99538
70637 86214
14400 85519
929 14740
39410 55026
14124 67301
41896 50492
56836 84415
37653 84359
8185 71566
94682 97628
44717 73115
81441 99334
55157 90255
51577 72511
80169 84937
33124 53884
53506 66478
130 1840
95211 96271
86077 91532
89581 90495
70113 97204
16904 78888
49768 84165
73205 95735
20567 28278
62487 68056
91133 92236
54704 66968
57608 71213
29459 35671
13165 77954
21021 28631
68989 96040
72587 99298
96564 98065
93945 98793
22548 57146
7704 12493
66666 71055
57714 76760
42685 90424
85842 91745
83599 97843
69326 92642
42756 88138
76997 98977
65364 74204
85265 85564
55692 92221
86050 95568
94086 95226
3328 60505
79657 89939
52352 77164
60578 96503
85489 96702
50356 57120
46444 68025
13301 56856
3056 39484
8253 27295
61963 64276
83832 90607
897 84694
40183 80482
75544 91299
59425 74218
345 31409
20781 40525
41668 60835
39717 58840
24806 42733
95685 98593
99133 99662
87924 95127
32512 45848
57671 98370
48392 55865
31243 34903
86655 94963
82227 95662
23830 51671
68364 92998
7835 65259
46344 83332
89859 94212
32396 65963
73013 98814
48343 54572
58909 97267
71220 98465
58087 62676
81619 95252
58259 74988
80815 88028
69233 73538
15301 33007
7621 33917
14939 35452
62139 83052
66353 82258
87975 91940
29216 41751
84749 91229
26306 58631
63035 63191
75161 91048
22546 38712
91353 93917
69259 73344
29667 34350
63945 76726
84773 93046
41271 65287
51940 67411
31038 72025
17960 48452
98639 98718
94657 95213
17435 44450
99727 99842
10080 74423
38450 83341
51108 54324
66935 85224
43388 63656
39511 47778
33463 80100
87026 92152
55294 63522
14522 90890
22636 56496
3705 80662
49282 60984
48821 76823
29841 71350
25695 47169
91260 91453
74979 93565
10997 56430
35682 74406
72354 82631
42348 56700
86504 96042
68845 99674
77094 89699
50754 61040
30763 74257
2583 73303
91548 98911
97799 99033
41451 43464
18081 96611
76911 81100
7742 93613
68675 70550
68687 85832
51091 86222
9510 63996
87019 99256
61617 80313
30030 91600
10012 69158
24488 70566
9913 63726
43145 43294
69973 73640
61269 90391
18122 45078
63000 95854
98746 99715
79262 79958
1954 76813
93101 94626
18855 41329
34630 95367
24278 26002
42763 61975
11179 80662
34915 61836
26303 57852
14832 54198
78976 95557
91126 98090
48909 63990
6848 99218
23115 66815
3088 16590
57754 65841
12888 94759
83056 93242
73381 93424
77397 99771
62717 88383
89267 96984
74032 99779
38282 46396
12403 96417
33217 96377
75203 78529
86052 97809
73807 89727
34614 69637
1201 85244
73149 94058
77879 98891
75275 84154
22391 32062
91772 92582
60494 69050
24109 60869
18673 72737
7193 83767
42519 74079
6450 38852
94270 95085
19141 57727
7080 59240
14301 18238
3238 66098
46233 77114
42493 79677
34001 34565
47959 55503
85773 91505
19927 59740
99178 99546
74009 80122
12395 59489
5202 64084
16536 58150
89819 93453
82939 91171
9360 63012
17831 57436
91566 98949
17802 25867
56976 70922
67993 73558
90000 93190
16366 39646
72531 95771
63318 76999
5445 12821
54600 81600
4057 56892
57606 97389
39188 46297
32548 45383
76177 89001
5639 36278
64331 65554
79036 85593
88400 93397
68294 82535
26217 51266
41370 57295
21488 93974
71246 86585
86307 93398
92476 95567
92834 99007
57378 81988
35754 78132
28645 86381
6799 15908
61854 99396
41436 61138
8397 58839
5320 87037
60572 92712
93722 99684
48819 97801
33863 58914
34312 40948
24706 37321
38827 73575
78888 93202
52902 87893
57731 61515
8955 20803
98760 99739
53000 88871
81669 90077
63301 80459
32530 61158
17961 67476
77668 78952
29025 64248
29254 95055
77121 86663
48982 73620
14090 58854
90913 99019
18250 52994
22409 65273
4650 40757
1988 85374
52282 70196
37311 95688
247 16525
55749 74027
48661 49065
23792 53600
79171 93287
90121 95039
911 77458
65184 72299
24410 72694
68999 81332
23482 97872
43942 73644
1490 41510
56720 71358
44669 93636
57803 81905
32997 58275
15384 75765
45794 51719
4417 24132
11806 47213
24584 69975
15481 74818
63212 71495
89577 96569
85636 87348
86623 95795
20860 41156
93065 95624
1773 17444
39205 58987
8680 65386
13478 86648
49350 97229
10255 92675
31595 52675
25756 86147
4349 12938
38121 42097
75084 98891
17920 60129
36590 77829
91242 99939
94203 98685
39415 67692
51888 75879
84528 89583
32279 56441
28479 49648
8714 44357
3702 31739
64851 88962
30166 54358
49663 92392
38023 55780
77883 88731
12275 56769
45048 90974
142 90036
77263 77635
77418 94456
93293 93740
92368 96585
25488 41882
33944 66750
23924 25598
60750 97472
78470 80344
52084 60027
84384 85170
72012 76051
90962 94686
95737 96330
66787 78903
58273 65582
7286 70447
31740 66085
17792 51102
71880 95363
76757 94945
74902 99637
85410 95344
23734 37403
96697 98848
1230 12389
95486 98438
20029 76116
70375 87082
95001 99669
36741 77917
96965 97609
60478 81944
35279 86523
56195 63202
88950 93618
94907 96080
77811 78584
98957 99161
5508 38541
53846 54845
56245 97525
9401 38397
56652 62753
86546 93774
72613 90045
52900 62448
48269 66270
31427 94647
56889 79294
26450 65307
27285 30668
42115 45274
65504 78817
47516 94288
85010 89303
53316 89621
66789 80161
72251 91686
44049 55638
94173 96409
81318 82636
78097 89140
87233 94509
13813 46218
19385 74492
53467 93725
31616 96232
48629 57979
77196 97921
34288 51824
69489 98178
19505 63079
10989 11987
63244 73358
72542 76957
70675 92535
80706 86953
56271 65335
35706 61541
64728 89607
24669 58654
24317 94981
8175 45139
733 15142
85498 86951
19256 70640
40183 64622
59049 60928
29828 42868
33443 82881
59712 61359
44551 86620
11371 86253
17863 71653
82826 95848
29263 88114
12678 29858
27293 43385
55102 73568
7474 28258
77876 99455
95083 98839
26956 88193
42976 59527
98470 98747
80691 90881
29303 42124
75363 86575
64059 98611
77778 95032
50817 93521
88980 95856
74796 97323
97615 98540
71898 74410
56301 93211
15683 47800
95704 96077
60411 98713
85140 91085
79289 89560
82159 87337
55631 72366
18386 99885
24911 75608
45144 96727
3135 47994
97866 99415
35193 38993
41067 68499
91634 95126
67134 86604
75261 76303
94440 97074
66215 82457
45569 89034
39764 92112
5045 42210
32681 46073
11926 87285
10656 99659
25459 59534
86617 91610
6975 56444
46564 51113
79677 88443
65393 76334
78675 88770
98799 98803
58137 74206
40195 51778
38394 84892
35938 44355
51105 59530
3757 93816
70027 89290
41742 77267
38612 55602
49552 92115
98837 99197
97551 99476
81235 99155
37084 65208
52412 83460
53061 82535
9214 85085
39459 97955
69883 79134
52941 85861
50337 55223
29911 31842
25317 36453
33595 36911
47703 76187
57072 94648
89027 95304
50902 91394
17006 87801
48688 59218
46173 91706
13650 22091
6312 7757
37808 69301
38740 39745
85100 95576
81823 85495
5854 38418
79081 86003
21495 21559
42864 66311
6124 35669
71849 98971
82655 90324
1871 61497
55524 59477
82077 82547
73016 78200
36631 51244
41902 65279
616 83439
88718 94858
99130 99301
6254 47620
62932 66801
64285 79635
66409 94837
3095 58533
65075 97764
98024 98490
27091 86597
62164 87046
4978 31787
14962 87876
64998 70582
52455 82627
85838 91470
28386 76927
8440 26354
3878 51170
24778 64427
3147 45026
63283 74199
92738 97118
25326 42760
15970 48070
67955 74369
28138 83733
32202 37531
34311 71026
59542 92060
11303 46161
2375 55612
43298 98858
18500 36693
84740 98285
40997 53255
92581 92972
60382 72821
35329 43916
99898 99940
97317 97406
88644 99001
10539 24326
95823 96853
6745 10027
43388 78830
43580 78719
32000 94018
38204 40510
11877 57071
30642 55023
20030 71262
83900 85972
97794 99412
46256 60392
97861 98506
27559 89877
82885 99046
60760 78587
62317 82579
42065 81829
19861 54420
61926 72463
62955 89451
71393 90809
62665 98446
14129 36887
130 27136
8634 94475
59417 79305
60148 74279
67793 77067
17759 67140
64701 94604
73012 81372
62398 70871
96938 97318
33648 50177
14717 98140
39041 90832
71636 82308
46203 93302
23483 63010
37561 42734
15341 93348
86112 97291
45974 95102
92463 93648
843 80187
88375 94478
77729 94206
53714 93368
57769 85480
23383 45238
28904 91367
30695 55329
5195 55966
89903 95162
87872 92945
39965 86227
94818 97626
76614 89833
70118 99529
39479 78004
92659 94197
18889 77776
28683 95549
89663 95905
50547 92192
64946 75327
30090 71716
16165 60271
34514 61822
77555 90121
45386 56646
91856 93346
31689 60941
64182 89048
87633 99801
10783 40927
11850 78228
33879 57573
20022 79396
90594 99793
520 14045
43445 92659
58409 93770
91599 97375
59284 60903
819 4605
55222 57571
55717 60588
74787 83609
43030 68714
95587 97107
24559 33112
77283 89490
50032 75153
19339 78688
13086 52784
74557 77124
6048 38973
5300 24339
10614 55159
37438 59256
94100 94281
77895 81103
61549 64054
11971 34012
65941 83278
54461 87741
96691 97357
28058 45408
79763 90332
4863 14753
8587 67789
52904 71951
64533 65999
76711 89873
48180 71994
72115 75912
58425 92214
21070 66592
67104 85482
80667 97859
15214 76828
45758 91215
31010 34317
92475 95821
91581 96107
93062 98379
1422 22205
19577 90070
86043 97199
57528 77381
43479 89564
3922 64962
10553 42771
12618 95886
65008 69445
46259 77004
11115 29608
73756 97408
33130 47257
10628 33214
87259 94550
69845 81336
50672 82202
28101 59049
75232 96750
14184 40349
85202 96302
50312 92236
48838 50092
35696 49377
13426 21442
3900 28812
81087 89402
11426 68351
3127 24366
5962 92186
96707 98376
88064 88167
95035 96117
50294 88480
56631 96747
93694 95690
2943 66315
17236 93084
56082 81147
50501 85174
33044 63919
26436 43176
63942 86581
92481 96628
34177 85436
55550 83499
3407 7976
93750 95253
27788 46114
91042 93983
99972 99984
36093 60708
71310 81055
61204 76167
20970 82845
77956 99955
37168 93199
92095 99859
80669 82218
62898 76573
61256 73882
55432 66837
3337 27284
69603 90758
50186 73718
4960 89255
38188 59826
15843 91892
26439 84342
7510 81402
21350 81827
98276 99630
71482 90351
12363 86706
66383 85175
23923 67496
31237 76037
88936 93502
19768 53846
98233 99423
48821 63854
23508 24623
75453 99832
69754 71525
67740 69839
76425 92256
9472 96340
34374 95536
47694 61859
55608 98829
21121 37637
28690 44310
3256 36826
60069 75582
93733 95548
11663 41238
84246 98020
94889 96437
66809 72492
12856 87244
39718 99439
81887 94045
56731 60876
73658 81195
6417 77186
51944 76082
99272 99963
43044 44382
18841 47751
30794 70562
50120 50298
68402 91162
30463 62837
47030 58723
53256 62278
40219 73383
41228 96825
63092 85024
86330 96470
36350 72586
27557 81015
70852 93579
48012 75852
75649 86044
83965 92305
35266 73641
63013 83957
74887 96267
8155 64614
74910 88274
90482 95944
12625 22230
5351 64635
12481 90739
11168 14046
23735 28097
89887 92165
83445 96700
51442 63229
95119 98844
92808 99653
83959 92944
47788 83311
61283 93463
31225 95381
84195 96757
57921 82150
89357 89360
46225 83059
26506 96287
12183 28558
36619 99072
95671 96872
40493 44060
32850 42209
66864 74625
14592 95840
69429 98127
6063 27689
46006 95777
77563 94742
38477 65365
3415 70079
17715 77471
37283 45936
25331 33140
90925 97867
16419 16640
49919 86164
98208 99820
34094 84541
96023 99885
46090 83103
870 35595
73877 91503
531 69784
60794 82484
33721 39793
83573 96700
78927 98064
65400 97929
84233 87940
95634 97565
14798 50868
88461 91932
84021 96843
65286 80287
48732 54846
94313 99776
309 82017
28036 96419
15361 65427
58370 82349
65993 87480
12528 44938
65024 68223
19870 69513
68747 80818
19893 88544
46950 76717
70823 96406
85939 97983
83736 86028
20565 23913
64747 85568
10895 13311
16941 29819
28073 37137
93538 95185
3584 50460
27967 93372
49702 50635
15802 37162
64170 92034
73033 91913
95047 99844
64730 69021
19528 25266
22433 45359
95109 98370
79348 90765
7237 80176
91262 98353
43230 76758
96926 97024
14820 57203
65321 95702
10317 74785
56016 86470
72376 82138
87093 98862
16071 50040
58731 91723
86763 90078
45323 65726
61247 90708
35711 43762
35005 62737
37984 43109
46646 62452
16480 98549
40982 64322
99012 99572
81988 94809
19416 88353
8889 87066
40160 67886
38625 56751
66042 93267
71124 81644
18031 86657
96428 98214
28783 54641
49033 77200
16996 32747
69781 94556
38267 52275
3939 43321
30242 35801
15299 51640
39630 65023
81483 81888
76534 77818
86646 92470
82534 88845
41317 60970
16548 90023
72436 83365
27350 86569
1645 79901
51191 71789
64425 97138
44061 85049
4183 55639
55957 64894
70213 73173
94453 99140
85950 95806
78330 84333
65717 77206
19934 95445
60098 93698
79428 99363
63649 77161
13932 39152
59005 74264
65229 81822
28684 60982
86312 91561
26563 99333
44949 90363
81710 97115
67005 85418
48279 53096
79588 88283
8110 19368
63270 65272
81839 87846
96027 97539
23219 95392
59135 86859
80862 90531
12929 69807
38052 68308
65496 68469
61483 87945
52514 56423
60808 62237
71573 73044
61479 63260
60352 66090
72479 90618
73283 94312
42125 84765
8449 43127
94086 99923
18651 68321
58096 87355
77084 85901
92388 97707
10201 28406
95630 97738
91750 93181
29762 63005
78671 98342
43175 76188
43850 93558
66909 95271
64315 96842
62937 64150
49228 66093
32472 82670
933 75480
85105 88323
57599 63386
38320 67267
11314 65369
4065 97932
28837 42662
36047 72420
56662 65405
90995 96887
57307 95289
38341 39678
42375 86794
18339 79273
43468 92490
79628 92261
36081 64882
27046 93903
16085 79088
58462 96208
46465 51596
78311 88853
66405 82174
94072 96061
36072 80646
66056 92126
86824 88222
35196 47550
5196 28752
45556 66293
22991 81900
1470 43087
43128 49862
83084 94208
43193 80698
51316 72477
61232 76729
13212 57646
75734 95694
59771 77496
51761 87553
62228 93147
88428 99959
12199 40106
25722 91756
75094 82863
78710 98184
43832 90901
48629 55504
32695 74163
55378 67715
71580 76669
91589 92096
84596 96074
57430 78288
60652 61646
52092 58098
8732 68426
974 64261
40551 53868
30370 68631
45090 72532
51358 63141
33380 68374
52764 93629
67742 83054
55112 69788
71575 89372
9028 66037
6178 25488
78971 93501
71380 81683
65763 70682
60420 90481
37843 55562
94618 96040
96049 96874
33937 87704
75951 86532
59440 86100
62806 99820
98127 98263
72838 94221
24317 60752
95694 98457
41770 94636
98153 99306
91567 98748
34647 85754
29717 73302
42982 90770
42947 89067
26609 53603
26004 94506
91552 97264
65851 71466
87008 94440
87180 95623
17511 64270
21278 68611
91964 98839
65167 74528
7349 88816
12687 19452
40317 76229
14336 97786
79047 80995
3643 72792
61787 84320
72278 97153
23469 70542
45487 81760
54019 75828
70800 80466
61473 84447
2003 83763
62482 68487
72946 87263
76834 78986
12325 68931
12551 99803
71347 78339
94863 96270
72496 87061
59291 82938
78388 86208
14891 56651
2037 5858
62522 96426
51947 61171
69604 97969
67006 84896
2074 38693
62109 98742
80507 99022
57855 76401
12147 30202
70012 90471
84663 92057
8436 48000
31542 50175
29109 52940
15573 19940
36304 89104
85023 95488
49667 67168
26718 87411
3365 11504
57971 83888
78031 92916
44835 70849
48600 69179
92957 97506
16681 32402
7263 17868
64277 88006
77644 85266
79415 91264
11968 83959
16367 70622
62839 73447
79838 85496
22387 66435
69930 82000
29142 99300
34396 89430
49449 67438
63608 78236
72591 86748
4331 57894
68554 88501
92062 99693
79473 94755
56353 58207
9950 98613
36113 48671
86460 90739
45421 95186
49865 79805
21563 98483
43966 83458
50001 96708
59406 67372
4689 95702
25749 35582
12004 41818
63530 72112
57126 89331
59760 82500
68642 98431
5336 10742
62077 91795
53184 81816
21273 96930
90491 98423
89253 89360
44732 84831
85602 93335
78931 86725
11556 19345
56550 98702
77097 81919
81375 93241
91661 99308
38408 70069
9262 51003
62850 65448
51527 82857
83848 99209
70237 82386
25992 43040
30752 65869
82529 84486
9275 96827
60157 74415
31022 45431
81444 96932
66405 97656
18372 26703
71031 95236
34341 90246
9911 53995
50106 51512
27593 81015
51382 88660
91451 99314
54156 94588
8445 64893
1401 93715
24867 67878
20731 54486
15669 53623
72801 79161
94938 97417
78667 98031
22116 49184
55879 95030
83626 86213
24987 68391
56837 59270
45376 84970
2907 5705
74201 84033
68832 70967
55166 90279
88649 98974
9759 51220
14737 97842
70502 94773
97704 99276
55059 74598
7995 8996
29746 68410
47138 77696
32439 46185
22858 38759
99481 99540
78120 78720
56666 96889
21628 46091
5426 60517
12463 19030
88596 89103
89469 99829
46442 47204
89809 97197
87958 92862
2415 57113
79525 87601
5394 37507
92363 98508
65303 88137
50064 69345
26971 94151
96490 98137
30724 50733
61444 93169
12588 44594
48371 79329
42841 70736
53487 55112
16847 82527
1437 73221
59270 68105
23177 44235
7964 96912
16670 53874
79037 97036
59760 96295
60584 94327
13868 28654
74975 94267
67038 89576
60353 62566
22357 24335
34408 60808
11090 30520
90988 95289
94260 95406
56750 97191
81826 84135
34377 39592
70935 99566
57455 99374
2094 68545
66588 91054
68380 74238
58901 77128
66946 81379
98756 99902
42399 66039
64954 80979
56893 76504
25753 41704
7650 27611
17210 80751
9947 34660
24297 50310
37792 55416
49525 72435
35518 42231
24383 35529
8615 27222
46587 83272
2307 71684
16006 59578
44193 97569
20844 27054
62022 89766
87543 90298
19221 45851
15452 32209
37309 88500
64697 87454
58825 94254
12012 95227
84208 99475
20203 61975
45916 88822
38313 96489
11490 28360
26956 46414
1403 23880
92697 94541
84046 94325
91001 98236
80220 94758
49637 76227
78786 91210
38176 57070
59357 99116
89110 89802
15583 62870
9874 23552
36618 72952
49430 85688
62240 93343
49717 99012
8103 29516
83365 93413
52147 86937
44663 95151
51226 76739
1260 17193
3193 68697
9464 84752
68117 72511
77600 88970
5372 36471
16599 55488
84137 87174
52973 99297
5352 51244
57043 99251
12740 85334
87278 90035
60845 67372
99048 99660
56809 70149
9061 42655
28009 87642
16358 61846
7707 41466
92379 97275
26325 65673
61380 64671
65861 87427
93885 97381
91352 93282
71911 92750
95192 98126
40639 44252
49988 59086
95212 98136
6399 37193
52318 74427
48878 67220
19855 47867
81886 87160
82038 89564
62459 77047
21742 38787
99088 99592
90631 97649
45150 45861
71025 97385
21286 52197
5035 19471
58539 87886
45022 86016
83920 97858
80643 96782
99184 99790
6135 52571
14416 70060
80202 86931
48599 95007
24659 96130
1768 98202
49904 82961
19150 63370
20227 51381
44765 69803
31202 62575
29720 55868
23527 88956
85421 91939
62486 80677
39092 44177
62519 81347
5569 59644
41392 87325
6480 83876
64005 66564
14879 81373
19631 74490
82635 94881
72066 96191
91501 94290
82007 94654
56593 91689
9839 20861
23671 71884
41585 63783
66067 93010
2150 96988
43523 96058
39847 56696
61602 67546
59958 78733
25048 45116
63773 84550
56300 68074
26938 80435
75977 80183
93263 99899
84688 94818
69417 77837
2921 32107
32605 43418
12944 30070
86935 86937
3185 62756
15908 47728
20341 43684
25409 99751
3315 75484
58434 65476
5458 94417
83761 84109
76341 78313
57966 75899
53451 82255
5135 60457
82376 94899
69263 93562
37591 96008
51781 52908
51241 98272
82366 94328
81181 82843
22038 58030
82458 85170
91007 96168
3031 56469
69847 92889
72870 82578
84763 87871
57623 96135
71775 82435
66916 97087
37574 87044
2535 77735
31334 70189
94353 96536
3658 67539
688 16161
23533 81255
862 8001
2864 31739
89020 98683
26188 96526
67993 94785
40914 71393
89914 93069
70859 95744
85737 88204
66366 96049
52261 71437
35916 74432
26176 75529
25671 86868
2341 89815
96468 97541
60819 73441
18625 80002
22155 39239
90910 97931
54786 58424
93109 94415
28786 47843
42281 59401
88926 93241
39078 79257
767 99404
73357 80866
94944 99958
43039 91536
75397 81999
20409 45283
96390 97930
16592 83313
29821 83667
5399 81496
11267 75381
78464 82619
19603 85826
84419 97912
70820 77029
27890 29834
34790 77587
54731 82454
3130 55089
96561 96765
71794 81900
90001 95710
97124 99649
56096 86051
21367 40168
14503 56050
24907 98000
89297 92306
23701 88038
40540 97978
86932 95341
42988 53285
16748 79130
29449 68987
32992 70023
98341 99796
20106 69729
16785 29889
20934 36106
95449 97428
31575 41815
30764 62837
37585 61777
33904 67824
45778 60100
4386 36033
76054 85541
87038 91394
7424 18619
70003 81487
10213 39855
72460 96081
69949 85036
10521 80945
35957 65545
35685 51118
93201 93889
73783 92031
65168 74091
81657 82294
71261 76089
18333 67352
15764 83282
41040 84713
22655 95747
27633 90206
77429 92099
76606 77672
7268 77239
42833 72432
58085 88743
49350 68913
49976 59586
60450 87001
58803 93935
80478 92502
79227 93153
71805 92420
88904 99054
25579 33764
35934 39500
49237 94655
78458 79473
78586 79879
67450 95846
11235 70889
83613 99568
44635 57801
76390 77204
45049 57080
92341 97592
10968 17068
15715 36041
25652 56701
15384 36411
78350 98240
49767 50493
22141 36246
16242 31531
75129 95982
29442 31222
31764 97398
14062 49483
22251 42988
55221 57803
64233 98392
54619 82951
69266 98259
43703 87120
1228 88423
95905 98006
13688 81858
62920 63972
42447 95239
35259 72978
69024 88666
55851 81160
58155 82362
65816 92635
23992 81916
61190 72618
94614 97256
49333 92976
41309 63875
79630 90151
4174 83892
7573 54629
84384 86963
58921 91897
67274 85406
44733 98522
14245 75732
33425 33853
74959 89944
24569 99852
38360 82596
35698 75064
643 98561
511 68346
5455 22516
60372 71258
19017 83941
93553 96462
40197 59588
18127 28480
81819 89504
49409 56166
99627 99693
46287 80527
45928 78508
34602 77169
51866 70968
68965 74471
72746 79420
66514 88662
19400 98421
81429 81996
89581 97554
44756 82970
75330 99522
75140 78704
34154 63136
22674 48105
84293 90417
4174 28574
64802 73751
89766 93263
80771 92208
26778 97867
88759 90222
57736 64776
22057 65514
92725 97006
78924 84907
15422 34496
69488 98821
11334 39339
17695 64471
11444 19139
31651 32609
66720 79494
78981 94634
59891 80936
62887 90056
81000 95390
14747 97927
12008 87277
51799 66007
1709 40665
16896 53962
51409 60538
38960 50624
96282 98722
86390 89732
91224 96245
24592 34701
95987 98570
83812 95997
99158 99924
26590 94507
9736 45545
7032 91569
88409 94165
61711 88509
29233 96861
51595 85568
16730 70943
58640 77599
81836 88211
6930 17427
13660 79048
71119 92991
22402 79549
71701 79372
46244 63561
83702 96705
86111 99606
548 6454
86287 89854
36371 92557
39707 42191
48433 74160
29592 63760
8482 34470
95265 97200
74868 84807
98195 99870
9541 26632
42372 64544
67619 72160
12919 34234
98206 99497
17083 72264
59869 69781
72863 85611
34965 94479
42543 65576
2713 23130
14301 47481
31174 40843
99260 99361
60750 68676
950 42589
66958 97633
93419 99882
13646 59240
65126 99270
37573 51462
66280 67393
98076 99192
65137 66147
95546 96291
98132 98270
3123 16614
72396 89246
82413 85976
34740 59311
69158 98996
5298 42813
4487 22463
37325 77849
44413 90321
85706 89410
96039 98636
88371 90810
25000 84312
1708 73316
2484 10404
48173 71236
12326 22932
27387 95091
35308 91765
25487 43883
19890 56591
82277 94345
95416 95974
61002 72659
64331 96180
19208 65309
39295 76597
72690 76230
19971 87740
25343 76998
90284 99743
62001 99726
34433 76901
10456 99555
41839 53028
97319 98060
45300 53240
20162 56363
73356 85854
3871 84682
56481 92583
28593 69305
70056 93566
60507 84047
63110 74429
76874 92314
86033 88787
82380 90631
64543 92522
9539 73992
45185 52165
25329 40395
73568 99677
24568 76472
51659 54533
44442 56471
56298 63244
48143 59826
69149 78113
23669 91740
92871 96739
46568 73157
67865 87575
36872 81502
97865 99228
19891 80427
77598 88505
81635 95675
85210 93733
5876 25060
2066 48571
31173 90356
38482 56871
16389 29049
89764 91787
15238 38637
4894 85018
49884 87183
3016 56913
14340 44797
73221 81975
26220 83836
33666 63782
90789 97441
42589 49958
51537 79842
8646 53836
49926 81801
80202 83930
69255 70634
64541 95435
81615 93358
33701 88973
26745 33620
14081 73957
60870 77399
82469 86700
93146 94410
26205 85526
2249 20244
69232 84390
25161 46710
14300 66259
97049 97548
32708 86859
23374 65125
64800 76734
1027 79826
22012 54240
49474 67176
91637 93946
904 58729
8870 75257
2693 4386
41658 43660
52068 56891
82568 92512
9453 71467
48114 98988
82307 89607
14883 36487
529 19248
77595 79187
6383 74083
30958 83970
18870 59365
22394 46383
45805 93806
51717 65855
34708 75809
52374 65278
61891 70928
15426 57516
95481 96627
25701 25929
75539 82932
87894 91339
27157 31967
34507 59918
63611 89747
10576 32010
55160 55449
25151 46330
83801 85094
23425 72430
96610 98961
94530 94571
17845 67449
6806 60875
79350 79874
89949 90051
75989 76770
26535 91463
59179 94438
51465 93444
56912 90623
87580 96467
25518 62325
33111 98757
23536 59008
6071 48202
65070 96782
79073 99628
58641 61195
17422 62516
24504 62363
45681 80778
95174 95311
95310 98801
4616 49941
79010 86138
25939 77942
9007 53924
72746 78886
61771 91633
77359 88659
9866 61904
56248 99665
58215 70464
52700 72642
92076 93831
34436 38816
69264 89601
55569 85042
18559 74568
13166 75622
49125 99122
49958 81926
9190 67842
81500 89620
11583 15716
91179 97004
75179 81786
15558 55488
3438 6989
37293 78643
93252 99218
19955 97465
79629 80337
24725 58748
36839 82168
28702 95647
90894 94392
12671 83048
31080 54476
25698 60405
39720 57365
36981 82140
30858 89562
60485 76097
93947 95937
95103 98794
24390 25000
69707 81377
37711 98937
12556 75760
1279 1711
8783 36820
76605 82474
32814 74800
13920 24149
81480 91221
48658 72898
85746 86215
29968 67964
85041 88853
73862 84654
33115 52493
71387 83152
91861 93155
8832 84131
20631 77668
66109 95449
81894 88369
91490 92191
65899 81710
64722 71935
20286 62256
87491 89073
73213 88377
76383 92047
48420 65161
18608 61101
49834 55625
92321 92694
61508 96870
86073 92588
68879 92631
79880 86758
5077 67069
3260 24526
52074 84586
27696 28005
38550 79543
68627 76375
12893 35255
29467 80433
58862 84786
41407 83645
96083 99376
77311 80192
1335 54840
61072 93487
9693 88835
42135 84714
66711 98803
66494 96331
41014 56006
6058 30852
27188 66455
44652 68402
77636 97547
1707 21752
71810 91094
31833 69336
39047 99017
83405 97212
93917 95399
37800 98211
7233 68393
64790 87811
51934 84679
90076 91469
76918 92986
63199 85656
98191 99756
97953 98878
39976 89651
5555 16394
99251 99827
49282 49629
3808 22857
84348 92814
83205 99298
96764 97747
24621 62639
97326 97867
16036 96589
65547 76353
93703 99432
11288 92899
10511 11741
89986 96218
96366 97704
20646 28833
52505 55617
85364 86762
90833 95115
22546 46697
21877 66335
59720 86136
40320 55097
56701 61748
71372 77919
42531 70406
38338 72444
83777 84388
14516 55451
43302 55307
46766 82369
42051 91915
650 79228
59699 89613
75656 95734
57916 73464
57941 65178
28413 91737
73079 92328
218 65652
82849 94449
74835 88527
36153 45405
29007 80643
49947 84794
51828 66383
70334 72318
52272 72028
74357 85987
35213 90552
15721 20631
35622 64059
13160 73256
15219 20930
14356 95203
95824 97928
66292 95266
14517 53603
62793 83859
83393 96860
94492 97185
20283 22312
25129 52151
94828 97558
44011 70546
58237 78264
67697 88997
62299 81855
37338 55342
72510 80968
89642 93132
22914 88176
18961 91135
68323 88373
40107 75893
1549 59591
49993 80255
24821 74474
85598 99805
75388 89574
8466 92154
40888 57223
53948 59584
61546 96988
76631 86203
34742 94515
43507 48919
111 64140
26830 98307
83176 85627
42196 82331
58742 97262
76184 94608
21546 34316
31722 77384
52429 57304
85668 92887
71792 98187
59686 78863
35340 65052
82451 93196
35465 52452
52594 72263
62793 71833
24036 24464
84286 88136
81510 84161
69142 92138
79676 80180
23553 50072
73036 73861
30970 67219
22983 52634
78902 88812
6655 63671
89286 92528
59307 74508
76219 88980
45494 79682
35482 45645
54112 81922
40550 99718
52229 96372
68864 77461
14397 83207
87140 93705
89056 89313
6889 94652
63165 72975
8894 42983
49012 71114
90644 98055
23339 54847
82559 91930
14660 58366
84905 88996
99229 99818
78371 90348
45142 93350
23406 92461
83112 87495
3769 65338
56873 84107
70307 80679
9656 42585
640 8950
20527 88461
96754 97304
11933 75593
43786 61212
94740 95105
23803 55942
96946 99495
83222 96528
15139 64127
68164 72414
70697 80779
30522 48064
62044 63928
91202 97120
98928 99703
65402 95142
2619 76806
98436 99592
7761 96511
96435 97563
97399 99609
38508 89802
40676 44845
92555 96477
62207 88099
64452 94853
46970 85338
31324 49134
6269 39157
58314 89290
6482 72752
80904 81493
51278 95542
98881 99666
34570 84229
42610 49526
24454 88544
84008 88030
16295 20578
29191 84283
59126 71201
58742 80274
93268 95573
12475 96324
37952 74390
81225 81635
22372 42931
62124 73106
65814 70253
11103 32259
79506 91348
17727 68043
66468 97285
62329 99114
28844 86460
25981 40865
61465 91428
78247 98684
32678 72544
1575 40340
22767 67706
33177 53121
40336 59648
61925 95874
27049 85912
69448 83091
69365 83283
56336 59288
20050 68012
21898 90014
12544 35464
41882 96105
58929 87058
21403 23289
5070 36410
8580 91449
9393 54611
88730 92408
60498 63286
68961 69885
10200 23490
26775 82558
66774 74444
17209 57328
14071 87705
39495 70326
45781 54747
41812 80956
94637 95413
43742 49032
18638 95937
23028 37809
86574 99810
45935 68921
29960 96017
97853 99641
33129 60110
76783 91760
71798 76632
23902 69626
86522 87331
56409 96442
60740 71302
15964 18917
1526 39190
30589 86132
72530 85603
73414 90948
98206 98801
24972 53145
17659 38070
49336 76951
72642 97479
98122 99434
61054 81451
26675 88484
21610 27607
82009 94740
61808 88314
31802 85657
62390 80587
91471 96421
11876 71068
32329 93686
41095 62107
60189 81133
21022 26937
10529 87495
42017 49512
56679 92639
18811 25830
25632 31952
22353 37331
10310 21729
62760 82913
24836 37963
53233 68997
80476 93722
75366 90623
6378 78932
50704 92490
69486 88956
79107 82180
67762 70478
24072 42558
37410 80331
35309 62821
37047 99587
52279 74595
95863 98703
37497 65570
72428 87557
40817 77132
87735 88670
16099 67971
15599 65120
8660 50093
57002 91092
29024 50610
57256 81694
4956 39449
4918 96882
47374 75282
32720 38194
89718 97651
70629 97693
82637 86945
86365 97619
46223 58387
98725 99570
21281 86397
5792 50102
34265 44513
41865 83296
7790 69682
36237 78415
8980 21253
14812 61163
66885 95264
39547 43101
89801 95198
29837 38373
59798 99113
85527 95202
71185 82047
82978 89398
27047 74753
61730 75522
76039 95178
8175 13877
66039 68819
31839 63708
5458 52729
25878 58050
29868 38621
80912 91314
50538 95659
89442 93228
19865 59892
34219 76291
77033 84529
82445 97853
58639 73038
69295 83722
94149 97452
77833 78017
7475 68549
38914 72347
65989 71002
66293 75272
2738 27121
20297 84091
77283 91335
68928 86775
60247 81122
63412 89631
96179 99360
44397 46540
66254 93503
36197 36718
58762 75285
13173 23962
47235 92322
8461 50036
60320 75518
10037 21888
22854 90205
79386 95163
55351 86084
46659 64215
92892 97217
24690 80925
1146 70232
97868 98198
20730 49836
52518 72688
23203 46051
80959 85080
6192 57132
97600 98198
53978 68273
70034 73756
25085 33409
77926 96458
52134 93083
69791 99744
98163 99342
37612 95820
94555 98863
70871 92199
77721 94052
76350 84221
11954 77498
23407 87803
80467 83347
55445 88971
31253 82944
14711 84479
73342 84290
38320 50519
24982 77552
87862 88401
48966 76883
8147 31634
92892 94318
31652 69733
15976 98065
63849 75766
56462 87686
46146 99954
18265 73816
53152 91124
10176 22050
13940 49074
74729 78930
33613 75442
41567 93818
17614 27820
61935 89990
3217 4197
85867 89563
49620 71830
2574 66542
45167 52746
60822 87074
27358 43407
29641 40746
13690 95769
60719 92493
55084 57701
81958 83086
63751 82636
27418 48602
10945 30195
47166 98838
67318 81918
74700 76310
55184 93068
55612 98082
27587 34416
14082 61448
93452 94963
85501 93098
92620 96340
46115 75722
82969 99988
87548 89550
16611 19461
35496 57812
94992 98637
32903 70793
35806 94692
49515 60422
4309 68716
89894 99126
22609 39422
57653 91909
64451 91275
49550 52186
63050 97792
97395 98915
9255 21669
31375 79643
98540 99924
44630 82561
99302 99694
51130 84016
22515 64349
84654 96990
16436 38766
78507 84715
28436 83582
47248 73488
95397 97163
15109 88328
47879 84078
25479 36775
52572 73964
97964 99850
45129 80892
16297 78369
96316 99235
22547 38163
88025 89211
64006 89296
5383 66945
22043 62580
50754 72050
71792 99972
4554 37915
15460 20793
64209 83826
7112 22309
36100 40782
13864 93238
42887 79226
98252 98669
18186 24285
91320 94968
81680 94195
59477 98568
76338 81049
92493 97860
70122 71160
22269 99564
8607 89303
90675 91093
28265 47474
18254 96508
40927 65894
48482 65111
630 19986
59745 75413
61769 71825
3016 38370
39277 91278
66021 94800
31773 38962
4869 42380
99200 99787
40228 56519
62394 94947
51335 82377
5815 23943
71572 95893
51901 59484
48664 81319
5719 62964
38399 39301
64183 81619
37609 54670
82741 86394
35332 63219
22613 26084
27561 44665
59940 93315
13119 92753
62385 83291
60209 63877
14788 35586
17726 95120
5762 15372
12832 84675
24496 41116
37151 65051
40930 91770
7530 50657
25150 92479
15290 87226
10261 71027
43061 67364
62534 93354
93357 95836
27498 75552
87457 93955
8037 36737
78378 91783
5987 28221
26198 41691
82880 84956
68391 74518
20628 80116
10871 39323
3398 96086
49839 99392
89878 95350
22342 60401
18300 98145
48155 53577
63150 95813
48400 62384
81311 85985
47106 55637
696 35714
16492 25365
82592 99835
67281 99607
96130 99513
89295 98100
80157 89558
59698 84646
46309 68869
69191 96449
30715 72696
93256 97265
81734 99632
63253 72088
39805 45029
71842 90581
50423 89109
33308 34674
52123 63412
88375 99231
43467 88282
27674 48596
49415 69998
96692 98623
32739 75462
82566 85655
82019 84712
98454 98456
9881 88484
59848 82310
20560 98005
23791 71216
64986 72554
13015 90115
63944 82042
8932 88579
97900 98023
47893 61925
90357 99823
58462 77657
23476 91075
99663 99759
25876 81652
93508 96035
11129 90947
9825 15250
37611 61756
52448 54182
54776 69279
43171 95872
75871 96762
90376 97546
32375 81013
76038 97667
11497 77622
85232 88907
27554 93703
20346 41789
17433 49414
91529 93024
435 82688
22005 94388
15313 48194
29978 48559
30818 48681
83712 91308
77937 82742
86731 86925
62540 93412
52316 90068
27992 75091
22631 38190
92648 97530
65069 95535
8077 71333
85280 98469
27289 41293
5928 44998
8741 58317
42431 91373
98718 99586
87937 89350
61964 93533
28101 62524
12004 37615
38228 77049
34993 86087
84628 90867
40373 89825
66940 77499
69054 88703
11948 82517
99920 99983
10793 89139
43130 48428
59841 72372
60500 99161
61906 82089
75633 90475
51058 59993
50569 97021
58894 87135
10934 65966
98242 98538
30583 45868
71460 86734
47253 77135
86238 97283
83277 98128
92278 97451
50044 91062
71116 91755
11537 67106
37138 74696
2138 61361
69579 97508
33110 39029
34863 98734
60834 91089
48148 66752
81115 92289
85595 93885
14148 86294
39939 80039
2530 18254
76511 79120
19481 28943
4556 29387
22332 47612
57403 57875
45661 69616
17869 81801
49180 93699
77388 93457
36031 99661
99537 99548
52348 78072
79253 87842
48214 59743
25587 31566
38728 52805
88765 99254
83477 87069
52294 61581
62557 66831
76362 79036
84795 99633
365 62270
8914 38409
86196 91529
59150 74637
76070 86370
73890 82402
14691 28418
73556 93124
12478 74131
96577 99277
55978 81364
63336 67464
53403 93687
62778 71282
83571 87543
77404 85670
67246 99274
81474 88188
11787 12621
24733 35846
59234 71271
25511 82844
35453 43513
54358 59420
82439 86938
52132 73432
99150 99254
59535 93817
15570 71944
48837 52137
12694 56825
19260 60334
84698 89913
20998 25678
20698 89131
24985 92635
89244 94487
18565 72549
36457 96636
26706 43828
6418 8739
8935 22258
48585 49088
44711 85462
44292 78956
74401 90968
30725 95380
67638 70155
6452 14162
13608 28906
73846 86254
50711 89817
47076 57054
52137 78867
35704 39996
27334 53749
4907 78543
1775 84509
43847 51470
44465 75311
53743 75168
67007 70026
79183 96067
23546 46657
47044 96533
94010 96962
80964 91215
112 44483
51988 78507
98043 99402
80676 92759
13809 60690
35208 39479
35837 53977
9790 80082
49610 74256
97149 99875
45506 83795
82943 92800
33354 88710
90132 90775
97574 99936
27077 75784
75347 95074
34286 58890
28971 53736
79662 91606
55977 84199
23053 89009
57247 86576
68726 85946
16862 32616
76323 87532
1833 98493
38279 77191
32151 33010
42763 62324
53486 57018
44609 75900
12190 82853
40654 55726
4945 10604
61831 92925
45308 74152
4968 68652
33781 79950
47227 49411
74555 80049
33683 65643
10634 68196
98010 99166
76241 87422
33845 40644
16709 53973
50172 74689
24699 83187
92586 99146
31586 56547
42140 45452
50103 59456
36627 80954
30392 63509
90129 97022
54123 81449
2251 58799
34123 46300
82691 83033
66946 87926
23113 69802
30858 78523
21876 77385
56428 93908
67554 76527
10257 22797
75470 97800
6275 97284
1279 84080
2791 77690
46594 66508
51329 78696
9660 41975
79150 79736
86441 97563
22160 55242
67585 71075
77318 80894
79926 89739
8588 77602
84953 99048
22865 36066
16139 99570
90571 92799
86776 91093
49879 72233
74505 80254
68742 79999
20360 93785
71149 76062
7385 85786
95448 99731
82902 92790
70294 85326
78073 94694
86880 93048
58952 95387
2921 60536
79631 99884
67917 90920
95914 97813
46846 95155
57596 74293
25009 33502
74562 83575
95076 96816
61807 78491
29951 84880
78009 97697
59250 73029
90655 99593
51427 79814
3943 32599
30883 32652
81449 83037
75956 91837
43015 48081
7662 64749
59517 99939
3073 17968
50677 68029
5283 58990
21231 81611
11592 46159
49760 97874
23850 49136
37957 98226
82565 98962
10669 59069
13462 31023
21389 96769
64162 98387
7410 83783
70883 93577
22389 32093
92242 99167
88606 95040
97012 99249
31134 71231
48390 62643
24722 93928
5739 45634
8809 51799
98326 99694
35347 53930
16089 24563
60629 96388
90330 91254
20422 73083
21661 83311
72565 78214
59522 59749
79252 84306
62071 75337
12708 36546
64798 73536
95024 97782
98706 98780
69294 99560
82877 93968
45460 61854
68702 72178
89203 93487
87108 97125
41234 42506
15846 82667
26265 70893
25633 82651
28919 74034
1555 89338
95476 97648
57090 59806
66150 99781
19617 63396
19830 69394
46599 79924
29013 54023
70839 84445
920 60991
24900 99817
7781 32545
7712 81989
64667 84952
4491 99910
34282 70098
42474 91074
66097 79853
61785 88192
50511 92246
66447 93139
65458 96463
41352 73982
97051 99628
926 95328
43394 81830
2588 77853
58415 67552
43883 74484
44325 71585
4886 91423
3201 40397
43073 89408
77621 93743
54231 54823
15443 62348
60243 71589
68986 81179
16386 37797
82161 99277
99118 99834
91648 99282
25851 40006
57303 93583
41948 86700
80605 98018
96943 98186
32992 82662
30762 78080
27277 90966
86246 95162
96060 98533
88996 98668
17344 97722
59173 63523
30806 99655
70803 75270
34276 50156
17618 68403
26330 58635
80519 92816
49539 51168
31655 34271
57207 69807
15550 28252
99755 99949
32580 54440
59437 72281
71548 87233
67412 87695
10664 31771
69613 84194
37768 73295
48554 98560
41707 73199
9820 71773
13703 60330
89368 94055
60698 82552
64396 93213
5307 38287
26871 87391
93011 99172
95460 97349
71416 75663
78700 78870
37008 42649
7237 83831
25941 69537
54371 67936
8275 68020
62708 76038
1904 41217
59344 94348
20749 62164
67375 85622
34221 65617
59418 90525
80864 89024
75915 84042
82189 99190
31413 67456
12432 54499
61264 83328
65546 73320
33497 44191
99990 99994
23855 99619
75253 91309
26208 62407
70122 82947
67655 90207
9193 90763
85186 94417
57597 90602
97160 97474
6695 77439
12125 15658
39798 80408
57370 59968
11442 81230
70555 77524
48600 86679
68891 87120
22295 71364
45164 65278
91590 92535
25371 86965
17897 72682
34117 52827
26439 82697
50711 95855
50302 94596
13818 50139
10997 29716
69516 72996
88098 99408
1031 35109
56729 60471
25181 80790
93104 99890
39910 51705
47203 62057
12068 17377
28811 32153
9840 68992
83913 91522
62690 69816
36245 36711
41764 63326
44945 64153
73375 94156
14364 55716
65697 80843
82486 97307
63512 65318
89502 96833
50810 87560
2496 91177
33290 53409
11670 60538
25279 85179
83035 88591
23818 66247
9408 47842
21752 83085
93460 96165
40805 51213
94368 99001
72357 96473
75957 87578
2724 39591
84734 95176
64200 84197
12382 64538
57192 77258
76047 81554
47683 90925
7659 34818
67568 84960
99630 99809
35676 44209
85134 89373
49687 55061
35184 74372
50921 78723
35377 76907
20818 69360
35300 92866
1163 36922
5941 88279
32740 90012
28829 97195
34247 58837
32654 89824
43080 54502
81344 91837
1340 95476
44946 78857
21097 28070
15947 92710
34517 81250
17857 45820
47793 56888
28225 46011
6682 28542
2867 49863
24657 68164
74680 76805
33131 72842
28104 61645
87092 89421
7080 86836
82459 99292
9181 11406
25622 35140
28700 32262
57310 89145
68025 72333
50520 65749
91403 97694
57946 70838
64175 86630
88492 89862
63097 69589
81780 94379
41022 94148
29387 75133
43587 52010
86598 98581
20621 87903
18212 20136
23270 25919
92462 98231
85098 93523
40302 49635
85125 95169
38594 72336
37322 52896
15041 44781
52829 76258
4926 40794
47846 76327
35342 94149
37853 84971
33320 41187
68611 92124
35376 81073
58041 58086
71256 84479
78866 89882
7901 93664
34979 75261
87624 88738
30489 69578
6479 53045
38211 92835
45918 57826
66498 75043
79955 82655
4144 58622
5076 64739
44930 75494
35749 40034
17100 92956
65838 80876
8545 81211
48341 60564
78256 98019
25100 90182
59638 69868
89517 95770
73951 96745
17955 39173
3755 60021
17130 23175
54887 82528
10001 27848
97506 97853
2610 33632
96753 97984
19397 40088
72420 81934
10933 13254
45550 79877
71746 92148
45246 63020
25026 83745
83002 84138
32216 92061
66916 98284
80635 96970
46329 54928
82409 91547
36843 63937
98395 99484
53346 89590
8112 81071
67339 83067
3676 97058
64235 64965
40373 64213
22184 53116
21980 98269
78888 82522
72863 75700
27262 74056
42690 52473
53973 62143
81729 96065
70896 94890
99453 99882
13062 51767
28516 50455
87142 92432
32533 89716
753 37485
95234 99883
76987 97652
73293 84326
40738 84175
46114 96066
63141 97110
67832 95683
16225 18185
45782 49492
21015 41769
92673 93942
77574 97285
1445 41575
97090 97479
74309 77987
45903 59103
43102 92841
29591 35827
86984 97551
4662 38032
65572 68458
9405 63757
23884 34620
20278 98848
87757 96982
90614 98206
42205 53259
14267 54291
78956 82888
96118 96922
15330 68031
9750 20674
34809 69043
86311 91574
28859 82637
72634 88704
6228 33846
30628 73672
30865 71079
57441 79830
59906 75764
75323 89349
87349 94785
81621 99362
88520 99715
43962 44065
44255 50464
93523 98215
29770 92619
4904 50370
6432 6823
55383 93037
53424 68802
61000 88543
17401 59670
27646 70935
44352 51595
27461 36525
68838 81328
39842 46209
97523 98461
74641 78347
52687 58315
4584 83172
46185 97363
96359 99823
54459 66553
6765 12918
87615 95455
36984 39028
75834 78094
52717 83538
61530 97592
69991 97469
16926 84369
72757 91500
99599 99751
46223 86953
66747 79859
8763 18097
70557 95321
54300 60952
57334 90011
47420 79925
74376 89325
54657 76248
12039 99629
79072 96624
74495 80117
32045 33785
75217 95616
32527 62770
390 4326
27180 90184
8551 79781
58342 62407
63510 89151
10973 35471
56365 99476
74863 74938
66630 76302
18409 74813
36688 93157
81795 94090
77940 89891
43850 58578
55622 98725
89023 90362
73704 75935
20178 28139
21448 52045
86034 95790
39547 83508
85023 85263
81475 86672
57805 69036
95813 98266
29123 87555
93374 99852
44957 47502
11814 23665
28548 50139
70791 86698
73182 81866
49865 64201
70166 90243
64020 69116
15570 77708
22510 53945
6997 64865
2618 18883
60116 68254
59293 97935
43441 70877
12040 76316
46080 66596
46187 80936
13162 14731
60754 88963
66286 71303
18966 48436
72617 88022
13900 43509
2411 48840
68748 71356
85862 96719
65781 98725
22149 49518
4241 19306
50555 82156
11514 69315
99951 100000
57523 73076
15463 15492
34459 88014
65308 80513
75224 79673
99966 99982
22365 91735
64628 99632
56380 79624
40572 99092
7041 93016
6580 45334
32410 86729
36192 64408
47712 95349
31956 40965
40658 54798
94604 97364
37839 40669
586 8523
87083 93669
54696 58941
29292 88737
85032 95152
62645 64236
25957 35473
79051 97505
15478 74972
47024 50207
83906 98948
61471 76693
89641 99443
44243 86450
58204 85194
75325 85117
2256 3461
75254 96837
55234 76704
15809 23605
39082 43511
33366 34983
68509 69021
39995 49146
68961 81651
75259 80506
64318 74599
12410 84777
22742 33309
16820 48630
14229 58483
95833 98594
95987 97036
11238 57247
5082 80725
93998 96338
68557 99810
26202 66604
52133 89181
68146 79152
64793 87568
5252 38601
91496 98068
13259 91613
68352 90715
10195 36982
9194 82097
51884 59101
89381 92742
82007 93584
67866 78348
17209 26313
78570 90567
36158 80090
92646 97547
41302 55889
87279 96885
1098 58583
26842 89998
9931 53602
97718 98854
25862 80351
73256 75265
67257 70503
10824 60882
40470 73118
20542 47500
56818 88381
82169 88487
70634 86657
64336 73415
24588 48795
87889 97997
78965 84675
42927 51762
1947 25239
60295 70432
65563 73318
68492 88685
97989 99329
68573 78046
98289 99133
35723 85763
32853 82090
9363 26683
73241 78695
74371 82441
76701 76951
64346 64447
32416 82871
33643 43180
66563 96883
4149 88441
96912 98959
40731 68299
10968 79652
64 483
59927 60066
96989 97946
20380 92919
39587 50635
9772 10092
45181 90893
25414 57257
46783 50043
71919 89147
26199 60561
34077 73804
5612 84921
21302 40250
52765 74573
61631 69094
61603 97841
65365 89571
19237 72212
79900 90802
88813 94281
58684 61759
45028 48692
68308 74565
54814 57214
82923 83535
59803 89262
47715 64826
87815 95025
40559 82501
72029 93314
87914 88581
65114 74508
23771 34050
43997 60650
12529 55600
89543 89751
44248 91058
12330 48930
61142 64084
94096 98938
92523 97948
10414 25811
5817 72733
64730 85179
63945 98182
29700 63116
7089 55881
49414 75747
18679 39939
99079 99242
23211 42088
86333 90826
47277 58284
88533 99364
87406 96552
12374 24147
47640 64502
97406 98872
29661 60614
66837 83249
65664 75404
63743 98278
67574 73472
73586 74168
30003 97999
31594 71598
35305 57278
1479 68480
15974 42352
45356 73663
71267 94345
66093 93544
58868 98632
17378 69279
32458 49936
34334 46057
59013 96829
4014 77302
27854 44135
32217 89134
40419 62829
52868 73208
87259 98644
15091 53236
85654 89068
51577 69471
41406 44643
48012 51058
14085 43858
86019 93120
14945 68828
5894 57413
99975 99998
2343 23072
20144 99592
24260 66093
14698 83243
70308 98831
79790 90101
49137 54905
50841 92868
49300 61922
27709 81459
31407 74895
74595 76748
66222 74558
16949 69600
68367 97327
44697 55731
80580 91015
80002 80363
29659 57366
8404 58544
65525 87312
37533 98206
65544 90990
17953 63691
52231 71528
5950 23709
29153 32031
50516 98764
1693 50024
74890 75429
93064 95048
41132 66762
14783 36039
34536 68313
722 23151
8719 35244
930 68256
43532 60867
26832 70832
61060 67932
38100 52866
55422 61414
9160 83669
24856 73532
57372 84833
57601 70982
88410 99177
88542 92209
42850 83713
50003 97683
93644 98989
41438 78874
66228 80685
6348 12868
48893 81215
47839 69293
69793 81331
97222 99132
42974 97367
50433 58823
65279 86142
48183 74324
93332 99112
89868 92637
86577 93372
91153 99231
83367 99196
97219 99090
78066 80850
13073 57348
45265 75142
18231 22713
83665 90221
46600 81582
15203 45859
45984 47220
28279 79773
3969 5236
10001 35608
71024 98329
82372 90046
50731 89847
20038 44729
89750 89906
50526 55363
55885 68768
12087 98930
29099 34167
56838 82025
79212 94661
76029 91893
29529 32045
59949 74932
39945 64617
1653 91672
14490 28897
17214 36913
22206 79394
7229 32902
9547 53796
4763 38918
30230 59175
7584 93945
13199 23471
75981 98886
57216 74872
67624 84739
81685 85900
26625 34012
49601 84296
58598 70554
29723 63693
76061 94354
61681 73355
88472 92206
93511 98763
48117 87304
3198 21508
25046 26088
11227 18756
79961 87968
39121 96709
56600 78953
43100 70897
18190 87060
80460 97754
69224 93337
51583 97207
45478 48102
22380 91391
82397 98679
15514 37328
3538 29640
79586 86591
17198 24817
10066 55300
25750 46362
46012 63096
25806 79160
97810 98834
52593 97846
26626 68250
70134 85657
55715 62518
26432 33783
81397 92518
89634 99734
81970 87844
83874 90282
79344 83533
54752 91190
51477 78747
64499 74483
19013 39518
16782 63283
60374 97539
33750 49289
65570 90255
96279 97385
84080 94855
69215 75585
66734 85713
57317 65794
87943 90545
5350 85434
19254 71254
44052 88621
42404 72858
23650 26288
17604 77662
53715 84808
91557 99035
6256 88099
69133 86049
24404 90440
46559 97530
28513 46537
28627 84401
80415 98906
22768 55194
18661 57291
59910 67552
51498 93622
40104 53129
81511 87358
33480 57086
49323 83858
77515 83051
49981 75454
50155 74677
99296 99646
96141 96149
51294 66081
21348 33774
69953 91310
30200 79128
89948 97870
80844 89983
1166 34248
17097 32063
28176 55854
38434 58864
77954 80556
42094 66262
43339 98343
41460 73642
90530 92729
26178 88608
8015 8496
4205 74640
83163 88595
63025 99601
44243 60785
59815 89325
12998 13716
14202 45106
95364 99599
43193 97545
13420 15626
99061 99365
80645 85784
29829 81793
22721 75851
68546 69809
45200 91571
27306 63802
50189 74174
42711 87443
63090 70509
63168 82524
73336 73992
66 20575
32579 41969
31622 77172
94717 97737
60169 72675
3826 89770
14226 86725
77671 86919
22236 51280
64101 80518
67652 72565
61601 94439
19869 23107
82533 86739
29332 76484
52495 89763
36878 65448
48589 68461
53641 95937
76125 91792
66960 87707
74977 90816
38006 89024
29814 31779
24299 98659
38286 53737
1635 48857
89375 92476
72293 82233
1474 7548
1193 46414
24774 28057
41661 47054
35003 77719
72111 81685
43642 63972
55402 70286
88422 92214
56360 85294
87320 98528
10358 62270
16342 84967
22142 31274
73517 78781
87479 88019
36311 92870
93860 96835
98621 98935
5801 44944
81602 83664
30636 63582
7238 90142
68927 91252
17823 38767
82303 92330
96021 97487
74571 98200
11950 72172
39300 76452
77754 93386
803 98152
389 80103
62397 70212
75102 79126
26735 66435
115 49929
56016 99017
69695 98733
98271 99230
7737 71590
4977 34295
68104 89563
63699 76099
37785 98091
86563 91240
36845 87577
59588 68208
94321 96850
76334 99625
72746 74184
17989 32102
2772 41466
91444 95685
36402 86442
32577 52659
29864 72216
23316 92832
58991 79420
64717 75813
46001 77918
69963 79279
42633 50869
69364 98805
58186 92288
42041 88407
93727 97850
98168 99461
72353 75852
45132 93998
91746 97243
13660 88261
27509 58077
77289 77976
60591 67378
87989 96444
55591 80657
34561 39365
1797 75222
25689 64090
47360 73332
78792 86349
97939 98463
75404 84342
21903 88109
50845 72119
59882 75479
34297 88327
49486 95619
40459 68016
94802 99733
84839 87908
10901 31206
4148 4321
587 51322
51972 75974
30696 67687
6705 64309
86731 96791
98486 99731
93694 95393
19434 22329
7474 28907
64895 98192
96062 99432
38198 91330
45929 76499
54969 79256
806 28801
82908 96606
90058 91052
98010 98038
14735 27076
21848 70603
31411 91261
37065 72869
95354 98231
68347 76450
95382 98663
12437 60368
81984 99544
2338 81445
93911 94585
90073 90753
44893 80071
30699 47424
5103 55744
77973 92238
66899 92007
68887 89377
99002 99240
50106 61942
1630 51295
93984 98844
90118 97648
36654 46097
39708 74065
47201 87168
52162 97272
32667 99879
16598 63848
70884 99236
14082 48396
88568 95186
97841 98160
75181 97800
81603 85541
22463 98732
67847 80015
6091 66180
42159 63842
25471 85906
41187 82220
78770 82312
98072 98866
23429 33212
58505 88634
41157 96691
99222 99395
64682 85846
46835 56346
89752 94011
72286 95618
74154 96866
14908 48058
24193 38047
72431 83617
43611 62511
61004 70203
2496 24960
42766 49530
44492 73192
18771 66454
55543 65183
82366 99047
99665 99889
35028 50333
80542 96483
73095 97732
27971 45860
48734 94585
3313 70215
7075 31684
17316 86446
44873 51191
64786 85943
8989 99116
86880 92663
82443 89473
97928 99700
40671 41745
74137 97994
76797 80393
83503 99737
63376 80273
61488 91995
10617 47931
72570 77238
80777 87291
88953 92451
49178 61601
82160 95038
98657 98948
3921 37344
86210 97286
3170 14548
42719 74242
63897 65816
43753 81472
90379 96331
34738 47482
10015 13426
87639 97673
46861 50464
20227 52318
67558 71562
27825 44170
17298 32469
40293 72011
4390 63661
26747 83858
46799 59360
69582 73099
37360 49343
38365 46515
31907 48991
87861 99519
22650 59654
4354 21826
92475 94161
58905 75460
16047 85023
61150 90243
69305 75370
95221 97848
87345 95137
85042 99890
68069 99514
41832 58522
71839 84922
24320 31035
37034 87757
82942 90445
81345 95763
60098 92972
25891 29133
14587 36140
7076 92840
21449 40125
77992 96931
93619 97154
44245 81681
68156 97377
73938 76802
1464 60159
5216 58504
42134 89344
52895 75912
76085 83468
71518 86984
44167 51069
4223 96433
23310 97822
33195 81553
41170 66424
86539 89317
44184 82518
44320 63592
11456 67457
21536 48395
60383 93308
99624 99662
12714 99740
93117 96626
65852 67022
66853 92429
10973 39523
9174 12960
71725 99544
84329 88871
74957 79617
96362 99673
49667 94686
73412 86904
58359 77033
89870 92404
62245 65166
37190 94718
78093 82466
41586 76893
16154 84884
9136 20162
89416 93148
52104 69964
29167 49364
80110 99642
76021 81175
38536 97875
33932 80917
33817 53733
54794 69551
40006 62254
50369 98582
73548 80318
51017 99569
28959 71682
32153 97833
48921 52073
48190 78979
82214 96865
61949 79220
23804 55601
93110 93764
44498 79408
24459 40986
35041 82029
77502 98931
36978 43106
73757 85941
311 66929
95604 96833
36034 48788
84886 93018
5130 23867
14486 17058
2369 4750
1098 67262
51059 96078
44115 97807
46932 89409
77026 78664
9311 40822
39187 73699
55331 60900
61026 65867
1526 73285
872 88164
39005 55664
47775 66751
31221 96191
98673 99981
118 94072
63994 69172
79738 91086
10076 83542
40018 92605
91367 92919
68101 75775
76868 87526
73528 76159
72246 84131
59533 79657
92129 97575
54894 79767
89090 95023
4500 9121
55139 72891
77450 98521
93343 94144
74728 76329
37601 70880
62482 94355
94498 98722
42321 58012
61091 91214
16552 58424
20643 64456
99595 99932
97305 98339
79932 89691
64636 77387
17096 29739
53976 95804
9138 93649
15824 90633
28398 99233
33732 68518
28844 66032
56724 75095
62119 63235
2079 85657
61457 64588
30210 58011
82066 83072
85045 91315
9683 40695
30945 62646
98505 98767
90797 93132
24157 36853
52748 57946
22815 74371
5955 29431
21492 58357
98792 99755
8485 58619
35714 62031
72971 98069
20114 89340
58770 73980
69619 92675
85539 91237
79694 88559
47180 87520
76076 76753
1855 54144
53633 80787
50409 96591
81185 85262
47258 84134
50860 93467
61616 86454
15229 77717
27218 58365
32233 33163
84103 88255
16573 89458
4404 17791
45015 93273
61604 74226
27574 42963
26644 76011
41646 77436
92729 97153
68492 76253
43404 89004
57307 82155
61702 88214
1599 4305
9693 56764
1418 95887
52619 67150
17419 54119
43196 93167
59956 76269
93224 97256
68085 87414
45529 47215
84858 87310
91827 99844
96601 99537
71687 87164
99813 99818
84373 99436
87555 96279
970 28141
23904 36094
25901 36025
28901 30416
59687 63782
29403 39032
45823 85088
53995 57922
29451 44052
19350 60756
20166 85775
65411 99999
76114 84819
90020 95111
74426 77348
86400 98539
23620 27126
95753 96671
20004 40814
52003 92628
32811 41721
37580 94189
39298 93251
61873 91721
55908 56939
88000 96170
87556 92580
62020 89230
47618 57896
92662 96602
84107 85832
15108 69124
56872 97774
5041 97718
4583 23021
94305 95739
44379 58552
98344 98910
5105 55502
88163 92078
77960 79022
6922 43450
32048 82408
41859 98586
22316 54878
38512 91825
57686 67560
79196 80374
90359 93256
73664 92538
32170 43093
68685 81714
34167 69569
41304 71891
76135 85022
93620 93771
24144 80956
8322 29626
91793 94812
95581 99881
92206 95648
36254 82950
19430 32194
46424 56766
8286 29520
58866 82568
65714 98565
88391 95852
33646 33859
40133 94289
19369 23859
6264 39493
36927 99455
90919 99984
51533 56109
10866 53724
60070 89753
77114 79599
89890 97685
28919 70276
80957 88763
37526 89077
53914 99528
4428 82806
50420 86683
20462 71069
65406 88424
89418 90288
98627 99565
80968 86950
16256 90492
83654 86536
13375 60757
31656 32502
85590 86081
8651 61158
55908 57632
48483 82517
37986 72814
23517 26224
78037 93057
47957 97778
56102 87155
81072 99886
26517 52307
51154 88456
61480 74671
30877 65178
83234 95177
17261 67583
30644 70728
1313 20577
20376 37490
76604 83204
30910 82930
66783 77338
11734 30999
49292 86810
82608 90146
50711 71927
98482 98523
77003 84820
72940 97623
36833 88654
62298 71865
90339 91728
65454 87986
92768 99470
57771 74556
56975 64698
49332 76798
58237 89155
45853 74983
28119 92858
54367 57236
72537 81258
16642 54641
25020 97342
22931 61109
11280 57637
65911 76345
93032 95254
68048 72388
79425 90821
39570 90796
57609 62280
62287 66550
79334 81954
36707 87457
27249 74244
45278 86751
54930 76468
46539 96249
78386 93663
55073 74359
59018 98443
94920 99022
14426 27015
21745 33704
42353 77546
87619 89021
39152 50455
549 38606
74398 81704
54429 78170
13801 49607
4833 14440
490 24407
27270 49355
41691 83917
18006 56216
3081 24823
55606 97706
43039 54884
21323 36267
95799 97447
38746 70816
69515 72793
28786 71817
34558 83169
35133 62324
30467 41027
18382 59927
68965 69976
55084 78410
77857 90929
792 45395
36412 93442
84650 97390
39368 70735
78329 84449
36696 68789
88816 94623
22210 47450
12262 26146
73027 86269
31123 58173
33455 52524
40922 56583
37892 54486
6052 86246
11939 45427
66478 76915
4181 96237
88189 98797
85076 91848
71310 96789
93202 95055
82034 90140
79253 87442
73889 77591
7940 61606
91754 94629
11409 91507
51855 70782
93695 93982
68952 89692
95988 96425
62986 89823
86256 98735
79703 85964
46941 58312
3345 90662
67869 76761
23739 83447
50598 98133
17622 59895
22117 53916
3346 93174
7820 72164
66852 79575
35232 57335
23120 76818
10440 39725
84180 88433
87487 97195
93166 94422
56379 57464
22739 33567
78441 99712
52205 95148
58980 68271
61976 76386
87923 93938
75969 82748
98710 99090
30863 49623
82607 89444
73551 87210
80419 93141
80839 95629
83457 91817
2029 67694
28809 95826
96263 98831
78733 89202
2989 53162
10955 29191
20423 30598
94905 99432
54270 85034
12553 37607
51302 68823
69097 93975
29749 89195
77201 89523
94655 96192
68330 83574
66735 94159
59606 91993
98989 99907
42833 64779
40386 40792
73043 99683
35750 58660
41957 42565
14379 67921
78582 87959
50111 74978
35051 77719
25802 61005
5923 63104
67059 67132
19692 26939
9507 24203
44253 75958
81561 95282
31615 61164
42587 62328
20305 75255
11718 89581
63520 74815
45866 49083
96111 97183
50975 79650
87401 92020
85303 96593
72934 76851
56175 57520
80222 94840
19918 90852
29862 51896
3813 47203
88311 93196
52604 65414
20594 34938
67671 84794
54546 82572
32180 41462
25781 92066
28755 41686
3305 34188
30022 32774
28097 56084
6090 10603
56723 94754
99495 99572
88904 89188
95079 96542
10993 21123
10095 70120
73711 88551
44607 91232
13308 40780
23451 35062
26233 94927
53798 58547
38237 93337
15731 64283
45827 54063
46603 96643
28399 79669
8229 8899
63264 76765
21708 31309
97243 98751
5634 45189
82957 94684
92847 96379
32776 43332
11907 96159
46149 95368
38337 60533
92208 95796
26018 56314
29371 45057
74429 98842
25351 43389
72186 99073
18868 30093
8014 66867
79934 82227
26457 95995
66010 99495
24408 33937
65350 86752
44541 56079
93680 99523
16399 58452
20562 39442
76178 80831
14946 64117
28018 92361
41358 93508
23834 95052
7786 53991
39568 53730
36748 40870
96215 99756
49181 82405
82953 85186
99012 99076
51655 96515
42548 75681
65389 81225
39995 91551
26954 29880
51332 62773
59446 95828
13127 74918
88975 89782
20998 54292
96391 97689
81619 85057
48545 85816
89579 98007
22628 80967
4687 83448
71244 95782
38563 83562
65796 67421
30504 42162
57068 96656
10571 25124
93188 97255
75648 91642
24492 95249
17770 22884
31834 51251
27474 94114
69799 91944
55551 85442
16119 77682
48322 77983
24323 27719
96032 99166
70957 97129
23276 65028
41893 58274
62769 78648
86632 91941
93419 93976
84346 93287
19841 53577
71813 75701
6861 7423
61691 66722
99578 99583
74675 77316
72133 88958
70554 77207
37767 52110
72576 93342
88950 99550
64273 85245
3996 37368
79584 93394
52976 92255
11579 25397
30877 44097
18887 65824
95685 99495
10255 19573
65418 75055
61668 74548
14124 75879
38212 87381
87543 88785
57128 82849
41467 72271
51017 72589
2757 5370
15855 43766
29323 30861
34663 37848
95840 98767
14550 49130
6097 61571
56380 94837
80044 80154
81539 97984
16442 60193
41928 58850
50693 54958
39758 54803
91106 92703
50566 82539
27623 66737
14325 70931
41045 85472
64309 97527
52444 67020
67762 85591
40819 47724
36084 68681
81252 87006
73030 78091
64699 79395
39061 64542
28074 88995
34231 56079
51473 85170
47737 79787
47025 90426
12017 67651
18911 82926
62255 94998
64354 84192
4575 20247
36273 91349
60969 75628
46888 76584
69053 77739
62368 96391
36687 45886
33967 78120
69219 83694
49103 80906
58132 88342
96485 97999
30810 64181
18366 52822
13697 31248
3682 48498
90475 91553
77761 84317
77660 87188
25713 55426
8186 82262
65967 99663
87888 97304
23091 33568
33951 86677
25403 99602
90395 97009
85266 91879
38117 95720
70855 98240
33495 79638
17722 95810
38109 99262
61591 81014
37236 68336
90778 97050
73979 88885
61906 81432
25888 64264
35845 66626
8077 89314
24947 78668
34553 84472
13902 85226
21613 47291
34289 48895
87492 99442
10962 51080
13196 14504
92250 94681
72664 76484
30746 56509
29530 94069
91843 95508
79148 81695
32793 68157
30940 53051
57150 92559
42668 78910
92662 94991
35812 73300
49539 66384
22297 41055
27758 65353
32631 72029
87692 93773
1990 58423
52118 52259
12716 36410
29506 65905
15775 37789
89613 99438
82083 88072
30605 76092
26968 80998
97742 99939
57489 87901
83122 94360
86497 93163
24929 42238
55037 80356
51833 76325
69545 83697
83465 85960
53763 72513
1430 40912
74021 75582
63241 78648
38516 69560
60234 83937
56166 99477
14312 44007
28061 84780
24517 83382
75020 94254
48369 86215
37241 99168
26923 94534
16636 86363
386 69909
70208 86336
69065 84848
8516 79045
18179 30376
90401 93021
96390 97807
82433 83195
20073 96828
97463 99711
97324 97530
13012 65676
42305 86864
11682 93699
48912 88874
48160 57391
40561 47935
56041 84358
6884 44820
32129 77062
19872 60582
80267 82512
7229 75618
97723 99849
68366 76979
46233 92479
68903 80200
174 46125
26251 44074
53857 64300
18228 92717
78736 99088
86299 95741
59924 61780
49101 57242
93667 95618
28226 65379
35548 58120
28787 90387
9053 74268
27150 60753
8849 23615
83026 95475
7060 97521
45367 84159
66201 78394
69356 95677
54903 95787
98811 98963
35314 94928
88215 90921
45198 52513
85833 88624
84583 85926
19662 40579
78114 93219
57 94106
50003 53842
43351 57523
35298 62471
90609 96936
31004 84436
28349 90232
81707 83805
63958 78588
39296 83511
28490 68692
38421 49619
55453 70152
12642 45260
60700 86479
75385 82938
35926 73985
87268 99749
609 743
49802 51689
97432 98016
45644 68261
81690 86776
41735 48318
5021 29491
75586 94555
37754 45049
40443 41662
16438 59039
38569 97273
31132 91926
11159 49329
78006 84523
58761 85289
48979 66367
83150 93163
24774 70358
51609 65890
44574 46537
90614 97141
72733 78494
32128 65733
25814 80082
49178 57968
17777 41156
29938 66414
80402 95224
25288 44720
21156 49944
32445 55021
15734 78912
8394 70137
39411 90609
59378 74482
67565 81903
11574 14581
43044 68696
44895 82247
18320 24832
13346 35388
7095 50654
89790 91431
15451 86769
21989 27176
75130 79918
66563 91005
54982 63876
13061 57569
18313 18445
71691 91596
51626 99141
27381 93286
24261 29952
41854 86995
16187 23480
29409 45786
14009 19178
42024 82533
48904 59884
2007 46011
70015 81951
48174 67021
64263 94600
41907 49507
33943 60587
47084 85711
99807 99991
35969 52041
29154 93398
2930 46291
28525 89534
75034 96731
64681 67995
63530 86560
21019 32994
91490 99838
48409 56637
83839 86785
49532 77061
26662 50207
24746 89041
55218 76506
91007 97092
72032 73001
57526 97553
54032 82504
85880 97301
72199 99671
20333 93808
72931 85505
15730 68654
77792 94459
35631 86430
86046 92057
90135 99421
33210 47789
902 55012
47221 50586
52698 54678
49315 95367
10263 65506
80572 85399
75853 80609
34781 62744
93586 95665
420 24119
70029 80132
75680 95224
71065 79188
99057 99454
83184 98125
49850 51028
43577 69777
48959 54849
96306 96748
74015 95707
22220 94021
87118 89739
55676 67324
67691 71427
71244 73046
97683 99255
53118 76816
61910 83598
49721 54745
51533 95159
64758 97282
731 23345
74759 97720
83250 99711
16497 43672
35898 80410
4399 9802
1612 91529
11910 21473
90907 95826
82954 97805
76339 94467
93545 94401
59260 61719
40892 53891
62338 93856
92803 92824
65851 88998
49657 87716
90626 92129
28299 88011
5302 43290
22530 43719
27653 67317
5776 29713
75780 89301
10191 42481
42233 65307
41915 52805
96810 97864
53639 75586
60536 90278
20476 77675
62312 97133
74511 76878
57739 72858
75942 80401
99740 99956
15571 60177
42225 70382
26968 57899
91488 97129
20549 32371
6906 23241
75597 87544
75910 76850
64323 86791
38561 52602
49940 75322
91548 96890
1605 4859
33584 69649
78247 98812
79252 96582
44184 91641
200 48697
8215 21002
74528 87234
71705 86799
82110 93157
62411 97796
44038 49065
85669 94169
74924 76593
37025 85142
82571 88096
79531 99111
99666 99732
86183 99100
83491 88676
57213 89985
83654 97840
98536 98785
83112 99738
10348 25386
62950 66953
16164 81002
64338 82814
67098 67860
37685 94294
45823 81541
71933 72474
35884 81742
77367 87529
78048 91979
41223 79130
28350 28484
97601 97636
20761 74365
44141 77567
80150 90549
92283 97962
1608 16542
3821 95825
32151 35629
35841 94712
10342 48083
68715 80926
13645 59344
47167 50897
83371 94299
63613 70814
11284 47022
31229 74840
33946 86111
64989 85331
19064 87436
91731 93339
43943 93386
37275 97364
40058 85133
73632 79620
67212 78628
54972 94774
10391 19808
8076 31089
60676 95842
37797 66774
26239 74953
99513 99548
41636 77792
58566 89397
47877 99300
39978 52038
44591 77229
92124 94864
19377 67959
61555 92517
25820 91173
78556 93959
30783 53179
98358 99123
14205 25132
75943 88792
95764 97251
30818 39013
54626 63226
43854 51022
71524 73805
26913 94977
91553 98468
5440 43371
64643 67946
97875 98933
31990 51906
50287 96548
11864 94061
67806 93691
89154 91478
20878 24579
32283 35663
11748 98433
20558 65861
32015 51813
86810 88879
23358 65899
93159 95601
69057 77297
58729 83128
63102 72386
32110 42170
43662 91037
87806 87823
94681 95675
285 80245
85807 96283
76953 81415
96388 99413
5003 73221
47043 61021
24923 41619
50246 63630
56679 95517
8393 63370
52867 75860
54165 70823
55855 94622
59943 61884
50502 82746
67819 70783
12573 65847
77992 92445
62554 66280
50449 94109
1765 32858
50219 95994
73074 83279
11966 29651
28356 54887
84608 91626
90586 96591
67369 73474
86687 93000
89092 97195
95341 97215
30305 37377
15081 67859
61351 62732
71408 83499
32643 80998
27957 74987
97686 99441
21880 37297
79679 92020
20095 37788
74171 93623
51702 63493
45332 50782
39206 57258
26660 64308
69934 94708
72905 74066
13042 83788
15203 52741
89233 92326
57226 99815
78175 90798
21602 76726
36753 82503
63230 86933
42714 92970
64404 82590
31506 81302
32231 69789
58019 87741
41976 71318
69814 71004
53831 90080
22333 76750
57812 80138
58645 99015
23215 47802
75099 77391
15948 50978
72959 73681
85678 97469
79046 82894
80303 82037
16192 63561
11392 71482
41577 69075
39511 77775
75945 76964
68073 70985
25416 89323
75526 90736
11286 97502
85259 96748
15336 73068
1276 20464
60352 96840
65905 81033
4355 74219
74752 94319
16947 59370
47896 79779
52728 64521
80072 99211
70502 93615
47598 54770
25277 40916
47961 48963
80995 92554
28153 29977
48837 97683
93537 99547
47712 60913
74130 87614
2912 12058
87770 88351
1068 11909
33223 48878
27467 74061
85597 92759
40949 71113
62402 65803
39290 83692
80940 90679
96658 98373
49063 84632
45931 47154
30000 36176
47543 68960
79749 90222
90112 97215
54167 59947
10596 40392
79844 99894
67261 90790
7090 31878
528 41216
20134 47437
53234 85927
71225 82264
48832 51914
1379 73119
54077 75185
68380 80612
58379 88684
74938 95064
74757 82311
41803 83057
90098 92638
69021 88388
5127 70707
84406 92015
3607 56006
90887 97089
58880 89521
82944 93506
17470 55464
17469 46639
13262 65746
89007 94062
45461 97174
45912 75590
10968 98623
2302 25625
97587 98171
81483 81795
5840 88708
25747 51239
81319 97914
44758 83657
57786 74233
10848 72348
29749 85452
55163 82726
66836 75381
33485 40299
35820 94649
96763 98081
65094 69516
44929 52355
53295 59540
30658 97440
49113 68509
39148 39340
3470 78023
38681 70528
13500 83069
28532 83649
70227 98720
41439 78215
92133 94336
39615 58231
4050 43705
98703 99265
86020 86061
48933 70595
92697 98154
21002 67243
75592 90412
93107 98326
47659 60772
81838 87674
30986 35384
40925 82956
12755 84786
57049 79897
32650 82130
62915 65969
3797 59748
19646 98612
91521 99721
91672 96631
60103 97937
54700 60220
12794 40869
5379 15026
57872 80115
57753 92655
61049 87457
82005 84783
10738 20457
12479 60200
61601 96615
84984 97075
5751 33395
35913 73607
92842 95286
91410 98015
86213 91190
12088 38177
69311 93396
94814 98794
47376 89012
37208 65267
60335 65144
22190 26219
27984 57357
85652 98679
86586 90192
70987 74247
82885 96085
74810 99955
49839 81748
52943 99703
94710 98167
67048 95979
43092 43145
24566 67607
72203 86353
3793 13869
6448 53271
89775 91133
33706 39320
8353 18835
98508 98593
81813 88378
13431 96665
11763 98274
26649 78876
89486 95413
29096 35245
40292 94110
9558 26453
39653 42220
48681 96019
93051 98889
38462 39772
76227 87874
98955 99588
81740 95653
71816 76936
76037 80447
20772 28762
27410 50165
36241 41497
58005 92696
35106 66594
36932 56152
26380 42336
14587 48233
20941 81498
60597 97735
94414 94992
26045 99584
28430 79342
7251 53363
37800 55909
85115 86587
45656 98866
69014 99749
12211 93358
26835 33931
40676 71857
56091 73254
21800 98334
79296 84400
73472 98725
71676 82842
13097 98694
91523 96898
90039 97366
67425 83411
75098 78183
5699 13423
33727 91857
99888 99965
2617 66083
91689 95176
9689 99356
55314 68722
79881 92100
43395 88374
1145 9720
69488 96425
18920 95896
16976 60395
66084 96513
21162 88941
41281 66398
19935 93892
35169 84529
77974 97596
964 84624
47402 50279
19875 58085
17228 81759
43819 89676
66262 78817
41248 98101
65023 87535
91576 92680
37584 43600
45185 74735
99424 99786
88243 88283
22170 77468
67653 87956
58838 59893
97341 97633
22542 35403
83558 98973
84404 85781
56049 77039
1606 2237
34628 92711
98591 99127
65624 76918
76185 78081
67499 88715
58930 95591
92180 96993
78915 87115
68279 76506
55623 93591
38546 51452
79903 94537
9240 77533
95822 97151
90757 95366
54944 67851
98728 99293
19635 71873
66712 98437
85921 95985
33809 45882
68319 76529
26057 92153
78945 88339
84869 92333
91658 95910
99900 99938
86348 87536
74803 83320
40885 76269
11532 87168
16467 72838
16311 40717
61738 87438
49424 97256
9139 52925
42501 57477
71084 82325
89583 90393
97555 98472
76423 87591
95760 99138
46271 61757
11733 85423
18006 45454
30516 61638
23758 29481
10194 36436
17497 19471
54703 82531
97530 99957
16170 68947
9509 97090
53842 77820
80215 86345
50601 55569
9078 35788
87061 94134
23680 36111
48620 67649
66634 73868
93406 94902
60379 66645
55687 70127
96 81355
53656 79820
29204 82492
94340 98405
24912 39732
41154 83086
60076 61708
86297 96342
46155 92664
93134 98598
32734 78646
56600 68298
17356 64761
8507 17633
48239 98271
94804 96995
24954 77871
46433 47157
69663 78732
73498 99967
48795 49783
54320 83547
7176 93471
65683 67195
3727 42623
44548 67865
63071 84527
19146 77944
936 50471
60581 79215
11755 66175
49683 58013
65270 86113
88703 95914
31545 64033
83076 94395
96844 98059
73996 95608
94338 96951
95163 99211
15290 18664
79870 88507
82129 83201
61467 83897
302 58148
73380 83188
81774 94111
17641 32911
8283 68923
48886 65117
38717 97597
9993 87421
71786 81409
15027 59831
7074 33551
76759 79807
83159 91429
3671 74732
71009 97167
62691 78673
36139 84204
1009 46961
80620 95054
78554 86048
35866 77530
95691 97166
82398 88609
89842 90593
65154 86817
94880 99524
34210 61359
58915 73191
23791 56999
23735 95129
41658 89740
59751 74889
37419 59987
30504 52610
17385 85944
47857 52968
5052 30337
40994 80116
4600 98348
12559 65884
53039 78486
91818 98317
33993 44752
20030 99023
16979 53921
62710 76999
67997 96642
23109 46003
26782 86265
10936 57124
75165 88487
24791 45926
51517 99220
25430 39276
20307 91467
51970 70691
13953 62191
25628 47996
70910 89191
64104 92234
22817 34572
33449 74078
75151 84061
16757 52302
27933 64570
43617 86859
15349 63659
12195 17789
99369 100000
90225 91534
22306 53496
8324 28486
37631 72905
37583 61061
26165 89060
55143 81629
69386 93140
67429 99711
48308 74228
25519 50175
78950 95026
25496 50992
46988 98101
92826 96626
49052 68051
96511 99564
12403 22040
41087 98589
58475 96512
76477 93883
78085 93150
51392 96674
91815 94815
11866 98964
22332 28942
16627 17380
3133 41450
3187 91507
87995 98589
12903 49356
1908 75421
41600 89972
66308 87064
66628 91707
99163 99263
67059 68477
81222 90692
38077 59840
46196 79810
89490 90905
63932 96062
13065 98439
89952 99200
72605 97722
38331 70393
5352 68641
27885 52773
71409 98185
51911 65593
48275 88905
10746 91180
52904 55179
22191 81326
70794 98355
12603 89498
91256 95854
31732 70003
4004 85433
84343 89460
99295 99738
70874 76127
34256 58592
26264 41313
19277 21088
92983 94056
81695 92526
43556 48867
39251 48109
29999 82825
87584 90213
79306 95343
58545 98332
16637 74357
36174 52859
25309 32486
87397 87997
97869 99849
42260 64587
1296 45219
74936 83806
79548 99266
35672 84638
8795 25607
25142 53597
7468 29734
61897 71299
25265 63461
54059 65944
62881 87078
26249 26971
20308 82383
22203 86106
30585 83078
4700 83760
51643 92133
44587 98278
31452 35673
36962 71498
95449 98654
52959 53562
52266 69103
10353 60066
29238 81361
57604 62023
88245 95392
68852 90741
79516 98153
4710 33946
28342 61860
47635 51037
4493 62539
59990 87477
18747 23953
118 54790
50790 52805
35015 54948
40212 68664
70666 77908
15925 96194
43323 51790
64370 82302
43674 70248
65656 90319
42422 67868
53156 73339
41086 69911
15540 99307
87639 95086
25937 66340
73370 99126
31202 68217
84373 98530
20561 41341
89211 93576
67665 98317
41917 52480
70565 90087
35526 88416
32045 40639
22135 30189
80936 99490
11401 98425
16651 69601
66298 97371
59845 86204
9393 16268
23959 81621
6952 92673
9483 26213
81706 89889
41829 69403
87918 97798
74607 76790
77440 85393
49606 76996
99046 99712
76642 98914
2862 14820
6167 61955
65643 84777
87197 94470
15566 49043
98911 99883
55292 74661
10604 87107
8365 62763
70087 90912
18584 89837
87934 90762
77935 84780
43959 71655
11186 68329
66151 97667
80633 91553
72282 94587
61243 98751
32572 71020
41634 96408
44716 81945
46096 61935
417 40042
47794 90369
40763 47238
64301 70134
95884 97446
42340 95276
85249 85585
43756 69479
3594 98928
54156 73077
15607 63623
69255 85620
34318 72025
12789 92802
62489 80123
20702 21234
1214 15846
52773 57347
54134 91006
32867 93608
40761 85729
7217 76167
1135 28921
2185 12848
7862 65533
57960 94588
39164 80548
85114 95359
30154 32768
74276 84051
42898 50170
40750 42142
69904 86874
64480 88780
87718 98632
57467 97555
4936 34455
3977 89516
95710 99252
52276 81756
96539 98082
80793 91107
38671 41364
69406 99624
41875 51583
15276 45561
77573 86614
84987 86681
89876 95647
76163 87256
18268 28051
74045 75925
15718 97279
75616 78704
67813 89165
79965 84019
80229 93893
91816 93102
51158 88719
5028 96617
82905 93654
12101 69788
62893 84711
88697 94444
80655 87119
36358 56003
36994 70826
87861 88875
16154 45193
56069 89020
1784 39924
85569 87809
10360 17588
70425 78295
61779 63666
6445 94534
48951 67480
19282 84037
9661 24864
70805 78014
8888 98196
26026 71077
30612 74034
26088 52105
87054 88469
52918 66834
67459 81318
44084 58928
94010 99949
82696 85222
74753 88609
5194 20548
42578 50127
94454 97824
49990 70350
13526 22477
35617 98384
80374 99203
36289 79261
48423 59337
2606 81590
72703 93551
82332 98669
64402 70087
58144 85060
23075 76064
411 79537
55152 66978
89275 99556
48385 83592
23259 31942
91897 92620
31931 51928
70542 75565
12310 24327
29288 73294
1515 50693
95815 97707
90814 97618
43857 88599
70681 86829
54724 66247
16463 32395
62117 70585
29947 89679
31989 35313
56726 67586
63302 85158
34787 56803
23552 34234
86308 92223
25521 85321
8656 88718
87292 92634
55676 62019
65048 71399
26910 87962
37008 72446
84594 97494
68698 79068
84033 94581
25054 88332
63784 87607
16891 67594
41230 50075
47433 93597
61591 70926
23157 39072
95543 99755
32990 75870
96463 99901
62078 91190
3458 42628
92125 95006
546 53563
58864 96897
48818 84407
7093 71220
93909 98115
3825 89174
75725 99637
55295 81928
52807 63583
33094 90482
29771 59228
39448 91593
9966 66930
81246 96300
48983 65271
44483 54321
23558 34258
22738 71210
49708 85617
52818 79998
70477 90524
29862 84881
50401 96395
64101 86581
9615 81805
7938 54689
46784 71467
14176 89731
28073 73423
88856 98138
4595 17616
11039 18152
89635 90193
97644 99391
13253 47383
35268 51484
40293 54727
52071 66781
79778 94974
30178 44271
80152 93952
46066 63991
41501 96300
1773 17564
33094 42277
36618 74436
44982 82577
97123 99908
56049 94836
25654 89997
6592 89621
68792 84796
11526 38328
21190 75192
40628 92880
34918 90035
95736 98568
41548 67435
87228 88751
60019 93465
15190 52434
88509 92662
35361 69402
67750 90221
15728 73510
55357 68928
39208 84797
26526 44880
80223 80533
62884 90770
95353 99454
55795 81464
91941 94069
95468 99872
48655 62244
6123 74810
71542 78927
35543 41512
52839 78837
90909 92805
98731 99488
92541 95299
13313 91644
77209 95452
36338 92629
82099 86551
79107 93151
94971 96788
38538 73632
63476 63478
62360 82177
54859 65713
93517 99149
95612 98176
26415 32310
14483 52747
79145 92199
7245 49591
54405 93059
62925 76279
4132 37401
20087 96069
33868 97198
28096 47844
68435 97277
52878 74917
57480 97665
80860 88298
61056 75502
82861 95385
30905 53215
20891 97307
47069 75320
9228 71550
43322 53637
17632 35885
79618 93140
71436 86544
52362 94578
61412 84308
59204 83451
42915 66699
57861 76827
33483 54969
57032 68834
98001 99682
13432 14525
54043 66025
96837 97672
76145 89138
40610 46031
6982 49893
9017 45658
75242 79188
94845 98993
62140 98069
91607 99749
71429 97733
82482 84098
76786 88570
41039 99257
89762 91513
92511 93963
45261 83613
75990 82434
38084 87190
91505 98154
32566 98614
84606 91581
46908 58455
7914 9097
86764 89688
7080 68242
25766 82090
93898 98067
53314 59786
9675 97627
42096 91423
73602 79422
853 12787
41336 43644
59264 94267
42044 94017
72496 99864
91682 93800
41317 84573
67775 94461
98725 99028
64759 67658
38196 50995
13134 79694
83916 93789
39649 44038
15424 82746
71818 72502
17134 79352
38808 73386
3053 9054
22713 78351
42066 64571
15363 46211
5324 76574
36656 64479
29642 62307
63578 99437
56371 77168
38528 44413
71938 75976
92191 96233
70712 85700
54113 79759
57047 90255
9070 93506
47796 88998
3895 52336
10864 57738
1259 77185
37995 43295
91843 95424
11815 64400
23935 38358
74972 97492
35313 59804
6514 72983
59382 75567
90469 92859
13574 51584
33132 66848
58475 96222
85909 97058
62649 77895
50120 60105
87046 94253
92480 94001
60043 68670
88301 97298
51048 74236
78437 97778
88617 91627
70737 98923
18401 26769
20197 23093
64348 98725
50700 61570
49972 87938
43879 95475
29047 46183
16927 97103
95349 98132
13901 64880
19546 26047
50752 59173
59283 62466
83014 92418
10090 73346
39191 94977
25431 90605
9909 77494
55422 55605
33437 61800
57158 93250
8406 50134
40204 42146
58924 63510
15544 96143
66561 73292
20897 81990
47865 92153
17953 24083
65505 97497
93526 95873
39651 42568
81516 92622
25395 64562
18895 74193
94438 97950
20591 96827
68854 98470
55870 87705
69124 88323
24480 63494
27551 50896
65759 99012
52787 94789
54340 67475
61697 76144
10370 37165
2686 56638
80371 95321
60243 75183
50335 86382
82605 98405
22574 31346
20065 30278
18613 94312
32899 68219
59129 84639
75021 95732
3195 37395
65368 73586
24955 41790
11408 76251
84995 99032
74015 74133
61164 96900
2937 71783
84656 96524
44052 49319
59524 67914
81421 94260
49137 80003
42335 98021
93750 99992
52734 57857
75777 77197
21602 98014
96559 98050
97402 97901
95799 97866
81731 88734
32612 36276
72386 84137
11376 37933
3365 64524
25318 89162
26626 41845
11136 74149
79843 85003
40625 40704
73358 79642
75361 94808
26664 33955
65879 76088
68659 70573
97706 99004
94230 95669
9494 14583
61378 85313
14984 60107
98206 99407
86951 90487
60627 68030
38928 92572
17778 45174
97246 98570
3205 19811
28039 84448
83508 99971
44758 61456
86259 90955
32389 93758
44586 50638
67741 68724
41155 47480
96741 99009
1529 70358
11152 36364
55386 83961
43185 44076
70795 79443
26861 58773
71564 81708
18747 97916
41220 67214
41213 65999
64529 94100
35455 82283
29500 59925
80089 81715
20719 53617
75761 91056
70306 78807
82637 91979
37254 97830
22673 74125
31572 48979
65330 81453
40553 43029
53287 91587
38938 40953
93121 96747
85176 91288
7662 15350
98365 98570
63930 73607
90008 94775
95601 97510
5385 65754
62719 85705
1900 13403
26108 44157
42881 88086
91263 93377
27333 48241
78419 86016
33431 75610
20184 63904
8033 78634
12135 43791
2608 34717
38379 53419
65758 84621
33167 36004
29444 40985
85687 96676
2833 56381
33666 70292
74614 97283
16555 42146
48179 71251
94522 95726
87359 96784
38658 96230
4313 30985
25633 32339
91393 94983
76115 89723
82342 91724
89271 97788
67592 79548
61 93888
23460 23621
18884 81505
12175 75251
460 89108
90165 95787
82517 95717
28373 97615
21658 47740
56189 78838
55650 88193
12983 29328
4695 47968
40203 81853
45486 70730
11477 62939
57309 95150
73079 95182
45850 64904
20861 80311
15951 52968
16004 88517
31392 94797
83633 83742
72255 87453
80879 87676
60445 78414
51978 93056
37373 37688
69581 81174
60434 96401
34126 42949
52572 99351
66337 78084
23075 82510
51796 68814
74211 79304
74783 95070
62057 69850
43724 59205
4882 29193
16893 57732
46706 92535
39259 76997
13501 61035
10821 43743
64777 83980
82567 93328
86149 90874
1792 13616
65687 85571
76097 80906
63835 75773
90138 96919
88211 88410
95199 98674
50882 80490
47514 71694
94750 96985
96973 97072
71143 94290
1399 60054
5170 66260
62627 84393
98219 99043
50274 81868
43146 69573
14115 51269
20769 47229
90710 96990
41678 49960
62395 80308
485 90828
47551 67732
73635 95392
34506 59914
32355 61303
78484 97719
59204 62991
6599 68328
57655 99492
5728 11180
35667 39240
77318 98794
27390 29665
64886 66302
47506 75316
29536 59521
68483 84292
61995 76628
94124 97969
93649 95750
21420 83464
82806 92342
77851 91657
15905 84162
16996 95970
51995 84791
29196 67856
30048 57872
69017 89032
56112 59826
41411 71234
9938 51971
42581 75257
4212 70663
4587 91937
72966 73222
50189 71930
89534 93651
6344 50536
74312 83915
31677 37230
21500 81858
96386 96788
54990 58264
18884 36979
8942 93827
76167 80638
9617 37979
4763 82880
44963 89931
1247 11595
10792 47885
41183 53178
95468 97197
22032 47451
34065 52072
81778 88113
18885 36400
67564 99712
28664 46907
14803 52217
35894 83546
6429 74772
41523 53481
99965 99969
31699 47631
87311 87883
43285 65502
99509 99990
89264 97447
30693 79178
21121 88873
47217 79904
24666 91779
84285 84936
10021 89098
63336 80022
16657 90921
8344 93235
10729 79173
11479 73281
13512 84938
94641 95360
89125 97957
87606 99523
510 50787
54582 70784
6441 62308
10038 71925
51398 54391
13878 74304
84473 98244
91983 93156
65401 73363
48483 92062
95541 97733
39104 57743
39813 79461
37068 57612
68651 73965
96845 98818
60133 79221
21698 24335
70306 84787
18102 99051
27288 52256
54246 76028
87033 98101
30666 55670
14928 94982
55540 66088
83089 85463
17237 48830
27605 44979
40415 69260
4029 59580
44754 75863
83358 84727
62444 66950
24815 76487
29944 81685
46888 76761
59715 60981
96574 96984
61366 97449
20710 23474
16453 83339
80930 84531
19809 77061
37834 38337
27809 84548
37427 92984
79651 89989
59807 66670
93468 99977
60118 71575
85353 91736
30800 85909
75614 93667
90024 90312
39949 45344
92356 92606
74120 76529
766 52877
25543 85870
29000 56742
69683 93615
48664 59844
64402 85534
60530 74677
80231 80841
12465 88856
13149 28297
4915 50920
17854 92861
3052 97857
83736 95024
19007 83003
23452 23983
78712 91303
35301 47860
96197 97160
98245 98626
97361 99607
70646 95757
2396 14932
77839 85841
7734 68595
24707 93755
66287 86760
48394 60568
44317 98395
80593 94185
22437 42377
70042 74681
59748 71005
58654 95989
23664 39166
66880 80163
23897 53490
42833 97997
59362 85824
93549 98404
45226 54422
23378 98492
22365 74518
18874 39620
70188 94716
37015 66327
49984 93397
45487 95219
49335 57890
13179 57020
78829 78956
22177 68203
12721 36406
46742 66419
15281 91467
11570 31018
39658 82018
56447 68826
52624 92453
6654 99217
6404 18284
16970 86351
95684 98434
97774 97781
58039 87419
88152 93973
97195 99425
51085 71364
17428 33774
281 57400
99505 99544
12870 20216
17874 24341
78921 90520
88656 97789
61014 62362
32091 89048
95153 97145
36387 62910
22786 50684
31520 43263
45006 74930
95820 98444
87821 95107
72826 95059
1405 52142
78313 96826
91897 92377
30399 61877
40417 46703
96481 96602
47861 87016
69424 93307
45414 95718
31647 66081
96595 97624
32022 50575
21083 27155
90959 94273
95325 95364
62122 63726
29993 40840
93856 97620
93204 97307
48574 82118
9676 73443
21526 50777
46698 69020
69345 97207
41312 58586
11986 16344
65894 88040
90270 99995
1771 97663
80383 96190
28965 91204
90021 95202
79638 80112
92240 98522
2070 8928
31668 36702
35727 42798
43597 53469
92748 95078
54160 96819
20053 82518
76354 87183
30131 30331
48984 98098
71773 91338
53771 92401
12762 40672
74240 85395
13044 18760
19221 25890
1333 35142
14554 36053
53878 93291
83510 95717
2740 18957
64846 91494
88708 97059
96565 99302
56839 62925
13287 47115
688 32365
48765 86904
97197 97571
3870 22433
85695 87631
4037 53630
33318 75893
58038 63748
83417 91475
39522 42853
42833 98526
47626 82988
7371 82205
83897 88323
95681 96010
32941 88339
92505 92985
2832 25950
54227 74309
14763 50758
10467 80015
83000 85278
1347 31172
87343 94037
81999 96928
38992 98834
64622 96766
22001 61135
57080 85728
35978 56465
80071 85118
40195 63469
98853 99079
52161 84805
37867 37930
6484 12328
73518 89857
35454 48834
38519 54588
93987 98277
83587 97692
44367 87857
99903 99915
12327 54640
55744 95173
31406 65403
21373 53367
62593 82615
1636 78806
45241 50840
73396 80193
9254 63416
26607 30313
74460 98876
86964 94214
68071 76332
79827 87337
36873 91865
51217 82790
54620 71052
37786 45989
95667 97658
36627 36864
91119 91731
94929 99701
7977 98007
18887 21363
27772 43854
30670 48219
78315 80194
87504 92632
65062 93963
54021 77245
40828 99854
26927 83030
44949 76477
92222 93418
72680 76493
20822 53399
52816 81771
65169 71087
18574 39421
49708 50452
12048 54108
33705 75532
79070 87960
56002 76617
25150 36474
93221 95162
55578 90459
30284 63884
19072 95631
75383 75470
481 33623
99095 99492
15749 35544
97869 98278
4917 65221
53012 79060
26457 72819
86082 90712
92180 97759
81350 97995
41949 74661
73867 93074
91456 94021
26954 78107
28070 70037
16842 27587
32976 70176
46368 50822
35281 38035
74722 75934
13368 48363
66215 77523
83015 84652
50475 66498
1517 40104
6293 77351
26522 48408
52807 85728
26627 96131
65944 96741
24128 45205
39279 98315
34805 63472
84380 84611
15700 54128
61949 86190
30420 92228
16231 60833
25739 43216
67530 84144
69405 79926
64574 90073
27129 48205
17843 52033
48192 62322
60224 67025
1790 22551
2600 12233
15844 99105
56302 58259
24909 63233
90375 98869
20130 92869
59846 62340
30462 48688
94642 96509
99274 99756
33850 52432
70232 92628
93829 93943
38987 59964
87540 95923
31292 88035
76474 83713
96955 97717
45567 51410
39508 45696
70439 84321
99729 99944
53285 59515
78399 80517
86850 90639
93248 93501
58742 62129
27307 75576
93322 94047
47966 65423
7496 47226
98407 98544
38072 81051
56091 74880
99014 99671
62717 85978
32459 79626
62679 79174
41329 61047
89120 98374
60469 99201
39954 50649
58976 63441
55389 85362
52668 98946
99704 99908
38366 79754
71654 86916
18344 82353
71663 82769
71964 96667
89461 99046
53804 91901
88672 89424
50907 84976
49247 85509
82744 87263
6865 86263
33122 54834
2199 9603
76504 87911
3597 28690
5258 82795
514 11512
58762 83506
44295 58009
6341 62938
72196 96243
99185 99604
65622 89630
62178 83079
51613 84830
11943 99603
74778 77405
46724 63632
54958 63546
20251 63299
41460 89745
3063 5395
827 72914
21294 57477
79808 96719
41594 44511
91588 91717
83548 98944
77234 78693
15915 40784
70230 93097
23371 75708
6428 34156
55681 73392
38427 56804
20129 71423
5811 32630
25853 57577
10557 12445
91009 98971
25788 49034
76831 80213
31681 69069
13837 40620
16357 42480
56426 94296
11624 16972
75611 83646
815 47821
75424 77920
17545 22192
83649 87087
26149 93755
90822 95739
17926 45537
13509 61474
15739 56231
12051 79686
50685 60191
49122 49605
7144 21585
45855 73173
33899 50437
65534 88315
15357 75689
44472 91113
53192 66607
96322 97833
6937 97211
79805 94463
85282 90195
19813 34008
94923 95824
12881 88252
60966 90196
56098 66722
13720 38590
13783 29127
66561 81472
14491 91409
51663 87803
78201 92425
92072 93313
82607 86591
68603 89011
86995 98578
17556 33821
75267 99695
222 87085
61647 63417
62680 91641
59511 66713
84361 95028
89768 97396
24916 53394
95085 95934
77390 96216
50363 81999
82983 97329
50001 77258
62401 69214
46938 57088
4268 64192
39341 94028
61007 73933
93147 99590
10203 14898
60061 74443
28422 33006
90824 94443
94902 98286
85959 94751
38189 46553
19375 57657
24431 78691
58568 77738
56394 61443
7743 50233
90960 95948
89664 96161
34004 75523
18087 93905
55170 84343
80088 87189
14115 51739
43158 96084
61841 76905
12935 87123
34366 39989
99130 99131
51836 83577
67971 72816
22887 51537
75162 97609
10768 86813
66028 87569
69360 99869
90198 98935
76056 80533
86422 88516
24336 75257
23220 93606
85524 86535
7339 32071
72647 92187
98974 99100
96664 98565
6049 13242
63094 70075
2073 15142
13551 48704
68930 89949
14769 82353
94751 99189
33678 83110
93399 94719
18918 74885
64672 88624
79894 93041
71118 85348
19450 70336
24726 79034
1755 19039
33371 52489
79551 93302
17888 30374
74929 94052
56859 81507
90192 96922
32375 43514
65880 92495
56595 74354
77835 98847
82738 88035
24324 24359
49554 66842
73635 92072
91378 93275
20296 25524
80453 89205
85772 96208
14214 92895
95187 96471
48902 74879
95661 97821
92731 93988
72072 83013
72965 96543
54353 84874
28963 43028
90425 95041
8241 62193
91747 97726
4380 20680
61309 97476
1240 18579
37000 73536
17849 73587
18248 31897
7808 89989
78995 81911
80000 81201
92580 95603
44103 95102
25843 70300
2810 87263
72307 73593
19535 59617
2097 65801
60531 72442
57411 80455
80722 89547
20720 52848
72995 85696
78648 97480
6664 41059
90972 97121
32353 34927
79651 93253
30735 53418
75944 96447
51655 95057
19644 83295
37753 83872
21488 55800
18134 75508
88080 92259
61611 88788
99082 99553
75230 82319
35117 51393
84320 93792
84304 86140
74477 97343
81934 92996
40510 53035
44601 49115
91539 97666
23527 95079
77280 83896
3957 53641
6549 72626
57690 86462
83937 98802
47095 69241
47108 82377
11417 33580
69421 79495
33525 90348
66307 87032
40548 83071
99809 99888
24172 59116
88577 98225
39015 59297
75776 81989
44562 72174
96371 98117
26577 87071
79980 94660
83805 91228
22567 65468
85806 95846
35959 57916
80593 81206
85712 92301
92066 92376
43643 74138
91590 95004
31192 85729
22589 94562
7800 51115
34793 98915
32155 63233
90610 91832
49784 84401
49401 89144
45032 69499
46851 70752
52660 63578
68883 79190
7544 86772
3217 81937
57954 66329
58309 66023
44875 58608
75196 84187
37358 56217
49777 56527
26436 94325
56125 70287
90705 94951
93359 96772
51269 53715
5475 94075
39908 78402
93922 94373
48087 72090
30789 51594
42246 76803
81433 94846
85608 90799
31553 35806
46906 59413
3829 36614
84 5129
72918 84635
71271 89262
8461 55874
70444 82988
60262 92001
58631 86417
80306 92950
86850 87861
20701 82126
7375 11152
4538 45002
34623 80323
47132 75819
14071 30143
73073 88416
57689 63790
88696 97252
80872 83213
94777 98389
29988 62375
7762 38212
26415 90697
87158 92726
72557 97377
74564 92532
87503 99623
77529 90419
74967 80142
31822 88033
59082 97335
19986 81490
90086 93340
92859 97208
67344 69826
55492 59690
35999 56518
69401 70976
7314 30617
94846 96519
10795 78300
57085 90735
45817 72030
35260 92830
44173 69395
43322 88903
90655 95731
12495 12633
51878 85627
85338 91099
98058 98240
44915 70827
73911 84650
20816 31304
53891 99792
16215 67672
44537 70201
874 33316
71791 95535
81834 98344
62603 89640
75345 78504
21999 97802
92982 97571
97980 99559
41121 94197
13803 24936
88489 97017
58863 62395
24552 75812
78582 95237
47050 50695
83860 89060
93019 98161
58827 68723
53309 76282
89838 91509
95986 98266
70938 71114
75473 94976
91740 94787
70922 75775
77633 99444
27494 71325
24115 95355
17578 74753
21587 91046
72126 80140
26678 70290
12486 14109
39994 46313
48071 90350
55147 79056
16144 80796
88982 93390
60698 86780
33860 34970
31996 72690
15511 22436
30068 93559
98528 99176
49750 97007
11392 81907
37519 95300
3964 92748
80118 94258
78744 97353
1997 17362
16883 31135
20944 25624
16085 63673
5847 58474
15296 15514
16920 66657
28560 30877
94946 97325
43815 87224
33951 52564
82085 83293
87011 91296
75885 87992
44739 53283
91400 97468
95840 99097
27238 30581
86432 93154
69480 74570
39490 64034
23566 92269
8873 12039
45677 68960
54567 85665
95742 96186
80768 89462
48715 97508
23026 30991
12569 73962
60559 94921
91212 95895
29917 47401
93806 97936
11433 14798
31846 56466
24532 93341
64321 84870
50328 90547
46581 91073
39553 65427
37147 65850
31589 32849
47162 62597
32076 89866
11448 93685
75373 84674
83942 87525
44284 71985
78415 82771
27224 90366
65753 79183
60296 80630
71769 90301
5138 6362
84516 98782
25157 28244
31014 75343
57086 60391
17515 68671
82975 92292
65701 83257
34166 37555
58018 77080
50975 92615
94612 96834
21899 36419
60285 95738
2917 51478
23788 57335
46393 81998
44659 68487
93403 93781
6769 91669
70827 97826
85038 87839
82023 90317
74643 74952
15127 66545
18186 24076
7109 63169
60658 91188
80183 99503
71210 98986
61018 67121
21477 76889
72986 81170
57618 97307
10483 77269
43547 56173
96479 98897
72916 74852
87267 90728
2229 60117
38437 69517
35694 56422
95338 96497
97522 98360
70502 72176
52663 61390
2326 32952
66777 91887
43966 80851
73620 74757
18151 77724
16697 39364
9461 11718
35098 63389
3090 39726
46974 98582
51517 81015
74340 94167
32586 65474
91410 92201
24587 97580
54812 88702
62529 89815
84782 97420
27563 92799
33059 55275
51380 75827
88265 93959
76817 81971
51155 66423
95214 95861
97563 98279
54661 65610
50918 65161
85107 95899
84120 97996
48464 68481
81320 82273
77070 99807
68243 88291
37149 44829
72131 91910
41092 58835
95156 98611
36686 94261
18463 97973
35578 50582
35081 56946
36416 43219
45371 77770
30815 51871
36211 67946
98496 98847
65215 79046
16763 48459
71395 95511
15934 33812
54622 91694
6249 11408
69768 74939
7300 39330
52538 56199
29227 32434
66694 85079
22208 26050
20983 84408
2565 92536
88869 90961
89094 95914
27325 72433
44234 48129
93126 94278
48933 79292
14267 51003
36959 71355
54785 95450
98753 99695
75848 97353
45214 94529
96592 97072
6802 8889
63963 72034
95325 98792
4170 56013
56313 70297
55008 64985
29292 81889
65713 94692
86656 97668
11590 67557
12370 90869
50715 66384
79138 93535
1871 43903
60506 60987
56995 93665
48827 55529
57546 76789
68630 79826
60187 96506
46117 72701
22346 83095
79725 82814
70860 91530
88457 95862
72146 80675
87539 92410
33931 72281
41665 63322
71433 82965
68874 80557
50341 63454
52712 90439
81790 98752
76767 94433
70413 87837
17283 68154
81307 96679
73620 97752
77759 81587
4599 51390
34698 70639
13511 30879
10026 34553
21533 75228
66306 90775
95116 96451
61059 89212
89023 99655
75460 95652
50609 71417
69528 70625
38822 52976
77067 98012
94420 96045
85039 96455
22190 43037
43613 63496
53718 93103
22817 99932
39390 76534
5286 78680
41108 66338
33684 36442
29518 55369
58537 68537
71238 89506
31156 53831
32847 82780
76392 79900
65491 80732
52824 82743
40649 97654
92887 98490
43819 44879
59759 79120
73352 96529
94160 94440
28940 80864
61501 74198
3739 79208
84216 92227
71291 78497
60445 89720
69502 71226
37535 64766
70272 90309
20898 70379
52289 77094
59175 62804
44158 79419
44750 97830
85082 93644
26248 91984
27063 90228
52100 62840
20212 55124
92158 93769
86096 99190
2444 79340
30514 63890
77942 78563
9420 82376
85968 94477
6598 11471
6722 69693
2268 25104
26909 27376
92682 97548
89135 95999
64514 67945
50409 55063
20269 84873
28702 52663
76484 86415
1014 99393
80628 87581
58881 86873
9822 79835
62161 84460
49292 65514
47413 56768
26024 40951
60835 66847
70435 96685
85307 86595
28416 99584
23021 88919
30606 76386
9911 59915
89079 99254
83357 97464
68817 70636
33695 58394
29673 72602
94446 94562
48755 70310
97370 99483
45074 67901
22959 67396
59556 88264
4400 98175
32072 69553
91793 95912
52714 67511
90475 97749
92552 93209
79059 91355
96151 99111
69467 89485
94374 99906
53609 66637
26774 83394
74084 76616
1887 76776
62473 78430
8650 87070
32979 75808
39125 80518
45043 47743
45647 65336
41597 66093
74692 94723
54576 54668
89422 94234
14559 36975
60625 88754
21424 83461
40816 63681
53041 71188
4641 59580
99769 99867
59578 99838
56733 72871
80935 93936
70258 96084
85757 97313
5700 89997
17659 29983
33764 95304
89765 93042
16296 30037
40414 97340
87895 89379
38386 95185
64920 72387
37076 64183
34945 57386
63304 93684
82567 91852
85707 93930
84468 95452
33375 98872
96842 97746
6802 20772
49448 90109
77832 98698
46488 76517
60995 69937
59121 88123
54176 69911
65971 98155
46624 50793
1431 64693
20946 88145
24840 53804
61083 91851
64329 70954
7412 11493
58695 72106
53014 55970
68116 99526
58710 96316
87081 87337
44180 46270
53064 71113
19005 67565
77977 87180
14746 58699
93005 98801
77412 91108
20164 82363
54710 75149
51281 72195
61232 78105
92576 95275
5577 83993
56137 70689
62823 78586
49061 61534
39257 78391
28036 31172
62416 96594
87379 96219
74723 93147
37791 49855
29432 58041
89834 91851
2886 5514
78215 92750
44346 63193
18609 59730
55217 78654
17261 94846
87950 96508
93318 98284
11466 19175
19084 69583
64758 94585
11832 56928
16177 64578
11028 46803
76010 86010
51962 81343
98423 99124
63998 89679
42044 52858
3070 22089
68975 96654
23262 23639
67595 74604
6595 54846
43881 66952
40216 88340
87957 97105
87290 96292
93691 97435
33746 68515
73602 91630
45181 47490
36929 85774
73041 99652
8269 98910
40440 89541
31406 42731
544 33259
38182 66549
74374 82884
87513 98114
2500 50226
43170 78077
15216 31374
23363 27863
9539 81732
86850 93247
27191 68540
86002 94267
82032 91379
91013 95276
56961 61121
92545 99076
49709 70022
81507 92410
40924 60244
55218 68024
94583 97977
17247 95169
30991 33966
84498 91156
37008 43711
62464 73330
48330 67649
14316 69913
16278 74118
91165 95237
55975 87566
82233 98696
28668 69750
31436 48674
27458 64204
55476 92144
70090 71216
64187 78153
74932 99955
87649 99800
48516 98249
68491 76964
63944 77606
19231 20699
23433 92789
87680 97437
69805 74363
47519 74060
91571 93685
15322 80217
45414 51476
36053 54735
36520 82846
44881 86333
64287 97016
61473 86210
79274 93114
10624 20259
72488 97479
34906 99532
44544 53354
51360 98198
75728 97683
94629 96447
5591 25933
62437 83642
55213 69539
75699 83532
54671 59554
61689 64872
17669 59074
7481 46828
53855 84191
39076 85344
64521 65452
1722 25801
48380 57083
83987 98496
27301 96644
54280 85072
11677 40843
2468 12964
58984 67869
79869 80868
36268 51714
48817 49754
40032 88848
40025 46712
11174 92173
71912 99088
4101 78140
29536 78099
13812 99631
51590 52198
39470 92065
86122 96067
53125 78664
14749 56405
37098 71057
52581 82292
67219 90556
63425 70248
91289 98762
4398 71907
16476 30293
8011 86079
65595 81072
47354 72436
24253 50786
85203 97761
24970 25244
1516 39103
37744 42982
52228 57782
14687 96326
65417 88369
81593 98294
59644 96363
83530 87678
54623 85608
20509 80430
97264 98440
74215 99140
84934 85430
3840 9667
93361 98761
64965 86687
79253 94601
57861 75701
35697 58943
96361 96782
65373 87416
52436 65102
11760 63135
39991 91082
5936 27127
2767 31251
588 38961
87994 95597
81392 86141
2611 48734
6891 77898
20841 61272
82930 99253
69363 73454
62782 63615
49179 80903
60689 73865
19239 82558
50165 66311
32084 54998
84455 85158
40070 88715
84488 91521
18599 34012
91433 96257
41804 94080
88482 95991
81076 91038
99816 99861
97154 99240
55916 64475
62550 72738
47670 64384
47250 90805
96527 97611
32259 88241
80857 94174
16000 69527
77383 90461
86404 88538
49678 67484
31989 43184
20152 30555
69874 76379
93994 99093
54113 57924
31759 94860
53192 93355
2600 41774
84738 87754
77864 96505
83141 87525
16429 51741
10706 48274
39262 93714
48317 49235
89699 94309
80325 82198
10969 38965
93375 96638
58253 69401
14742 96063
64736 86293
32743 45875
60494 61701
99552 99939
4188 58004
93176 97147
52662 69162
998 62988
30925 80866
70550 98052
5727 45640
27897 65673
9142 56707
2631 88934
91237 94046
29437 78171
67750 68960
15742 76050
9523 68877
23051 28077
64761 82127
83292 89336
63094 65510
84469 91806
58479 78684
73999 91796
47447 78044
76591 93261
54112 62633
13320 17045
4651 18654
76104 77195
97791 98899
38249 74176
61311 66649
17842 99340
446 55034
51138 92440
26815 43437
87679 87705
92312 93546
6044 92802
177 78316
59050 65537
89267 91785
39662 92424
20894 82167
48464 81065
65082 87966
84971 98409
41639 86178
56930 96830
31961 45916
74484 79199
18705 67489
85776 85981
86338 99763
90185 95873
42599 96896
85967 93335
31264 85513
27897 61297
25063 30158
94316 95373
22902 69018
17057 59154
79234 93869
92494 99477
997 1548
31926 98308
97112 99372
50762 84886
93474 97667
68482 84846
36155 77632
25849 62372
93720 97139
6062 23183
79586 93033
53984 69414
90411 99504
34464 94014
93259 98334
38913 54331
81578 88765
74557 76540
34702 60709
29367 77397
2135 91991
16936 80036
65453 89901
74673 79832
71227 75725
38489 75843
94624 94882
71414 89557
12937 73443
14010 74388
73902 76198
92800 99582
61236 86845
63106 86690
53924 69031
37736 44906
45954 73582
2067 97447
90756 99094
18513 65251
3769 97105
35330 98280
80637 82055
76142 96025
62614 98613
64626 96471
47205 92435
39587 57860
53069 54989
36457 51465
13393 23876
16702 43009
8654 67166
56464 99430
49609 71370
12760 95147
93131 93497
41925 49206
98615 98632
99357 99458
26083 69054
70877 89797
66962 71281
14589 81724
25945 43980
20699 62981
71234 99626
90149 90685
39858 47246
85820 90763
29647 61818
13645 56936
60323 66330
29044 79905
86008 93587
71912 88655
44543 98239
29150 66981
56781 66419
61724 98749
42228 85023
34266 65995
2097 42685
28646 31708
36898 65492
83008 87933
74321 76548
59217 68634
59895 95944
79375 99886
54244 77428
8497 35858
74296 78941
29 78704
4161 68604
5181 72130
82861 93321
19214 48183
60413 67805
74510 78384
9279 55484
93500 97852
34681 91708
30917 75676
99465 99864
19519 88113
99300 99496
67025 68508
7476 88524
2821 36182
22825 80588
71936 80514
97875 99673
26695 33103
21031 38680
18132 70833
94263 94398
37636 63558
16584 48980
72054 74752
11724 65322
97026 97123
75359 78336
36525 44148
54530 70669
19343 32118
53573 55568
1540 20293
88095 99689
29116 85232
94009 97048
43154 97949
3150 61348
45535 47812
18218 32738
36474 83391
13431 23023
41147 58063
64762 82329
68173 78614
94680 98365
69178 98803
14826 92246
52435 69456
10204 13511
88639 94254
83146 93478
82933 87134
88482 88646
70389 74195
18325 64352
27402 34059
41760 54748
60668 81692
61394 66443
1976 38169
97829 97986
98233 98853
95420 96930
7136 38520
60420 77325
71086 83370
59810 92433
30223 38195
35593 76448
18382 36689
5986 18876
15749 47839
73914 93002
33402 92828
16930 19034
69679 80286
57071 79752
75365 95337
39415 68614
92965 95681
85642 92253
82933 96487
96987 98897
85922 86047
53196 60241
16963 98407
25168 90320
43537 45493
11700 56045
7065 7325
96697 96797
71410 91566
36336 70527
83237 98277
69153 76021
81107 92774
95117 98222
16831 30528
94785 94996
78510 89574
62345 78206
45502 51324
17782 99476
49469 54902
12942 37722
31436 70456
22029 38043
28187 85426
78844 93573
38436 78801
44241 51653
41608 97918
91456 92156
22644 57297
72496 98754
87734 90527
69596 90090
9774 31618
46579 79467
98901 99413
27521 68507
30506 85309
81883 84634
19065 24587
45585 61722
36458 74987
4857 91023
69401 84851
55285 73762
46157 52465
52596 75254
29862 64206
43708 66374
24156 30793
75181 75489
96340 99403
7060 46637
10358 42033
82150 87331
19941 30008
3857 73717
43833 58244
30791 54356
40270 89423
96511 96533
23035 69251
11140 84668
93247 97982
61572 75630
55385 96922
13423 40023
80364 99191
5340 78593
89366 96725
38450 88677
15964 28898
22247 98306
69758 97182
24187 68120
88437 91599
50818 94572
13543 17537
38441 92261
27208 44209
70939 73012
3163 8665
6243 12069
46168 97571
74999 92869
3438 43445
97545 98010
31404 97112
97519 97995
55394 70858
31092 90617
79362 84246
95495 97065
91477 99499
32176 67530
57434 98027
88055 98909
86452 92689
76309 97807
14823 88079
5828 98980
57224 86305
28646 45284
86296 97302
33846 91657
97581 97926
75688 84679
71646 94653
74752 79257
85590 96674
11910 41041
58686 95511
63294 78986
65725 88901
59281 80400
3631 60301
28453 55184
95439 98592
97870 97912
7540 82876
53961 96846
48819 69590
59113 89986
58821 61210
7150 15125
49687 72517
61164 83752
44106 96830
28493 73018
44212 73596
29491 73798
14367 33838
60126 81131
74717 75586
89182 89348
50871 62991
73007 86504
88379 90227
96234 98415
41053 43378
43361 67873
19847 64353
72804 78764
33020 80245
48395 98733
72822 75881
2114 11621
83291 92779
64389 81456
20882 66627
48867 55853
80429 95085
89796 94399
63107 96791
71630 90544
63313 94025
25135 61030
2188 91015
46847 68752
25669 88830
65106 93665
23634 27145
51447 63959
65067 65812
13936 18866
24059 54082
32992 46606
64912 74000
67689 99982
80116 81314
23737 83844
53756 58799
6142 40955
87099 89492
47796 89981
10236 32162
57084 78489
96970 99809
65406 85461
67415 77704
159 44137
37779 39189
29494 56187
6705 84983
82782 97063
17889 54982
90707 99656
38128 81281
58591 99700
71266 86551
82880 90465
63838 88767
39701 51612
79236 83729
81506 99776
23868 61087
58986 76558
21187 42006
9959 62055
9661 70240
19940 55481
90341 93359
2896 53791
52848 58941
79948 81733
3111 86845
94921 95910
34183 99696
56024 56347
58553 75166
84262 85345
63325 77806
65990 66082
59747 77897
48169 57708
61968 65615
95567 97904
72144 92202
41279 68938
49035 56912
22057 32518
20192 49840
42379 62018
14772 72898
21032 88695
58560 88990
77157 95423
45440 54037
12087 83284
36503 93326
81227 98602
44192 96227
84248 93951
81766 82606
6985 75865
10733 60134
47680 65650
45551 86924
71196 81603
53129 68263
82795 94076
27879 34318
40322 42968
4103 86517
84749 91006
32819 86598
22327 86819
84033 92725
72732 88428
94515 97149
54219 54446
34329 54554
11618 23525
44827 65739
85948 86453
95241 97499
70157 90756
21827 91698
71588 91141
9363 44557
5778 96030
58880 82485
34919 38888
56561 92136
10263 71214
52291 55649
48875 95424
96023 98790
64217 76741
34875 64531
60488 77667
51045 90317
58285 75838
15372 44632
25915 63793
95302 98671
80729 99220
17045 36691
53578 87570
24324 94959
67734 85867
50884 89184
67047 75724
44872 53787
71628 95435
71174 92643
36847 43306
26986 89986
60523 62909
20007 42679
79779 85047
90004 95585
93644 96438
28826 78118
3681 75898
22927 53108
42126 46870
30733 83349
30935 80692
58138 63180
78824 88853
97842 97945
42949 71672
76028 93799
28439 72342
90197 91117
3878 50273
78469 86915
37300 47434
78428 91565
74206 85258
94915 96230
19075 53588
80523 94131
98236 98338
32299 53802
61550 93265
50311 57620
95781 98770
38370 55495
14754 93006
53411 96086
7760 63639
41985 57563
38385 75765
9697 27825
14181 32670
49040 82365
22487 92716
93080 93978
57181 70516
27973 80987
3135 57582
55596 80977
24529 74385
61389 69035
22124 34218
26840 27188
82050 98754
30984 31447
25671 96665
48574 56305
34770 84919
43215 75829
52816 98577
55287 86648
17035 31480
87488 95863
44594 81028
44904 49715
20655 63101
38665 91730
32079 98046
54176 73409
61557 77647
68090 94242
13331 33085
80651 94293
51094 84221
13872 74411
23875 95050
82067 99441
87190 88120
3842 62142
38438 44006
32826 79091
75944 78169
47426 96359
96527 98470
59037 86469
95460 96570
60153 82938
78279 86349
39922 77336
17934 51153
95576 99794
20947 89432
68927 91867
36287 81720
59001 91665
22757 58753
51397 57111
74616 74842
30757 66756
62321 99731
74565 91581
20617 87057
78858 99634
20743 68211
7193 23630
27500 61894
19861 49792
54813 91197
72533 85353
77446 85802
9538 92067
48863 73061
98056 99290
31401 89227
8168 55340
85297 85758
46899 70159
743 12593
27529 79139
30669 90725
67923 85109
92942 96312
25587 43108
55930 63304
63722 97137
12546 25521
63071 90861
83500 90686
35767 81846
39218 83473
83528 89598
61773 64499
74492 87324
17560 52606
4135 81901
4697 74411
2326 35563
42732 82966
91635 92032
19309 94123
83547 92782
60778 95348
35021 89119
39623 47211
45735 65909
53711 79239
97905 99460
83143 94192
93357 96800
10290 17777
41365 81099
12263 20787
30505 51465
37144 49911
76300 89383
2183 11022
27379 49637
87675 88280
92868 99279
59281 96817
71088 90206
75429 85680
86698 99146
18466 64291
84526 86597
35883 77485
51404 61499
14415 68894
138 19367
36690 86034
19656 82502
43546 43908
79037 95479
6712 85443
84243 85655
89178 90193
5533 33317
40780 87458
28401 85819
95411 98091
69522 74092
67994 74769
89327 93454
90883 92570
83846 85486
60359 89892
50056 72441
54247 76141
82425 96737
48833 84475
56513 63137
95321 95582
73334 95372
79538 99643
87810 90879
84811 91092
27902 41968
91814 98803
12248 52620
80229 93266
86584 91150
82146 99340
12623 92296
30522 62626
47104 82561
80629 90207
59391 85497
9602 16688
87308 94712
67301 85781
57144 79669
48951 83495
87281 90959
2534 13058
66891 76533
38626 67547
18245 40390
32547 60021
60032 82400
81775 82422
63494 65908
6348 60602
4846 72289
16107 56834
33677 73231
26974 95361
43236 52883
53247 57037
66636 77897
56369 87366
58951 97886
50741 72849
70242 84249
41539 62918
95048 97652
59653 60768
40091 76570
69850 74362
49988 62251
15861 60582
98038 99365
55788 86602
45651 52037
34626 89398
18396 70030
22028 41664
94823 99515
32769 58081
25454 95858
91511 93234
61163 90226
59473 96897
19357 44628
19513 57052
3529 10672
96030 98784
92584 95053
76208 93881
16526 63773
40593 88915
22031 32164
16992 26544
91502 93987
57393 72742
25510 27310
9176 19192
30479 85908
83348 98362
25074 78547
91127 97176
10715 60282
73980 84845
45154 62037
37457 57697
92800 98219
84649 94351
1602 4782
23409 65627
91069 97352
68727 90135
48580 90170
43822 86009
81679 87190
84221 92748
31167 86013
82596 90609
22556 33382
364 28929
94203 95071
56527 60714
31710 82728
46555 81903
845 41981
57613 93629
78795 90659
7673 94400
35004 66155
53538 59798
66677 98801
24499 77608
41237 84292
41425 97581
19356 79180
62339 97808
36266 99502
76108 99400
12637 99954
16563 23680
68796 95120
33183 33569
46758 76003
8213 58975
61328 88044
94919 97252
55380 75501
95185 96145
40965 60388
14098 24859
39661 53050
60345 77812
88054 89227
67238 97269
12136 92600
81711 91027
29748 52050
79453 90098
61004 68072
88777 97229
97126 99308
31729 82230
25603 94371
2969 32349
19256 73275
76620 95687
95275 97208
33927 66125
38975 88262
96283 98901
54041 72572
89520 96028
64516 90716
25741 86718
30271 41109
31137 76081
22066 33744
63809 81044
63549 67969
64895 87466
97891 98029
55497 92457
13849 72653
80546 83408
828 14273
83769 86350
55318 69485
78700 97672
96805 97331
20866 94181
20699 24772
72076 72770
7729 28757
69974 84876
41336 80754
74592 75788
90875 95640
71 51581
38644 80578
77332 95504
93537 94851
70685 83234
46423 49058
89117 93166
52146 68002
50250 70593
51363 60406
89200 95546
77667 99085
13058 17924
26462 32017
10738 42476
97528 98392
2441 90153
33011 79374
4846 67604
57833 81864
92593 98405
94787 96999
31053 86527
63542 64263
45415 82483
91778 96924
15487 78116
5502 42967
25081 91796
1779 44291
88514 89834
94582 95623
83907 88933
96661 96799
82028 83910
969 20249
67613 79121
84714 93493
69639 90216
3652 28001
11304 13629
19041 49728
44959 69248
30088 80182
76076 85656
67340 68515
82878 96285
39984 51407
90989 98299
39770 91461
24765 47654
52828 89908
53771 72654
24677 97599
68403 89027
98849 99303
13882 46722
25161 55171
71517 81282
73172 97343
74623 96766
74198 89559
29458 88406
7789 95971
1078 60301
14408 80126
72791 96853
6611 84146
76733 84935
59395 98056
91656 99455
58388 98045
65862 75519
10154 62785
42715 94351
86053 96962
32864 50032
39634 58852
65426 78912
97789 99984
27882 76618
11592 20430
38971 57327
72634 75784
99308 99926
96090 96512
40104 93606
21401 58679
16814 41408
49495 71755
53240 78874
36387 78198
52638 73613
75481 84106
55782 69580
29919 52477
20639 72509
97407 98025
75963 77357
21616 97553
87720 98593
75216 95622
27562 46819
83934 94180
17436 70627
85449 95398
97249 99114
23602 87997
6684 47254
69365 91129
96544 96795
72239 75800
9509 66367
21465 65751
27199 27554
2273 45453
71514 91280
37436 67608
58593 71731
94669 95467
13227 76542
18400 46104
74858 83973
4718 61212
24574 50463
79876 82687
73017 99834
20430 52451
8910 62390
75547 89217
4035 72150
28679 58885
59441 76252
8243 26624
91163 96831
49371 52476
7260 49066
7036 89408
86931 92872
28182 61057
93313 93865
1418 21766
38225 70078
84774 98688
70095 98586
14449 35518
85688 94583
97266 97357
92523 95092
76575 79220
10204 94475
14371 14842
81758 91897
91919 95404
32486 75915
60294 99786
8455 88620
95492 97911
1713 61188
56094 99908
75918 98104
78771 86731
29291 95697
14115 76373
68811 95481
86902 92633
35203 75155
90744 97475
95004 98293
67216 68180
4280 76988
60273 64389
8878 65258
8153 85390
31174 95050
24368 37222
20822 28745
9483 91798
96458 96470
5199 10897
44918 98108
27019 30743
29564 34160
1036 45991
40695 98551
29702 63220
3160 87255
98432 99534
91372 92007
15774 88872
7467 54720
98249 98595
47655 66879
32840 65941
10562 32125
83321 85384
91457 99504
16515 27939
7519 89481
56584 66459
11725 95082
97516 99562
58384 76252
76622 90543
84624 92879
15817 20854
6576 36432
7261 53147
20437 22450
19272 55435
97873 99760
69141 98884
91324 93695
26634 49609
33730 34885
38811 45604
56802 71809
42495 57432
4334 69916
3703 30544
60144 71166
70626 96535
76826 94432
63904 95232
36383 58018
98619 99955
15597 76214
33146 74150
7881 38851
97263 97388
83269 84036
6530 74090
855 59003
18634 92575
69402 87271
13111 54375
14660 73397
11544 52595
2084 11493
53670 56807
75648 87468
40697 52534
16314 61459
78165 92415
23335 69225
96152 96693
26551 83583
88425 89201
48971 86267
34649 64230
14372 67638
29218 68186
47997 50679
32014 70049
45201 99342
24760 81019
8238 65154
88367 97341
61741 99464
96589 98261
38313 62412
99043 99246
73530 96096
41191 62365
43730 59219
78993 97930
79678 84693
80073 84330
31329 80984
25646 89566
94195 98325
57940 62113
5955 93440
10591 12978
23633 91179
29374 42469
36011 41477
59035 72783
22139 51973
50628 52214
24312 41961
99529 99776
23055 56969
84217 88502
2928 51495
26680 86216
26653 28449
90610 91357
67923 69069
89058 95795
85451 86143
63052 83348
98615 98722
5824 76286
92521 97056
12319 73170
34 46837
5953 28691
61840 84801
67647 70908
10318 63372
26373 76061
69061 75339
91255 96383
97737 97888
27622 49943
94221 96712
98112 99290
61160 63198
16381 36774
44789 83029
90075 96031
47542 75807
21325 68966
80063 86834
79351 95622
27523 52481
44143 50003
18449 81848
84723 91774
41197 93778
29737 70082
25119 62065
63256 91624
95767 97947
51260 93078
51586 69593
54987 90466
2322 92759
74697 99298
78935 99105
66361 96418
3770 66164
91329 93444
60982 72619
92087 96796
20218 32047
21365 39226
65026 89843
5256 97654
49584 87196
44464 67417
84474 90739
73729 77350
29758 38884
50846 51598
23470 73809
81209 99696
48247 77424
32843 59142
58561 63994
30032 60644
38643 71917
34721 50817
33463 86500
24106 58180
22466 65864
49445 94090
79865 81079
555 90334
64232 82478
47558 79567
88387 94984
8318 85629
35799 74881
89446 91315
99991 99996
15754 24890
48328 94388
32663 37530
94705 98958
26720 76915
56496 78928
87506 99992
38413 66960
42451 76061
32165 91805
6285 86841
56023 95522
87126 94575
26518 82049
82200 88663
42503 81424
95343 98761
61719 87952
75062 96264
88309 96579
17041 74143
93569 95880
69778 84693
10494 43155
97701 99293
74320 85211
84262 90623
36830 89289
69572 81967
78502 88580
97407 98523
6044 71241
84680 99410
86026 87562
27142 54901
93626 97235
83789 85571
43622 47884
89027 93514
4489 23489
3023 46123
11341 42760
24015 93107
64240 91700
51713 96401
23851 23987
25270 37827
90652 96870
29434 67472
496 94771
47862 84904
97930 98876
18349 80795
78994 88573
38740 77229
85086 93353
29979 75538
63111 64771
81489 84915
81535 90955
84734 94622
39702 84119
12151 20269
84055 85732
27121 71358
52486 97249
81405 87500
66210 89669
89801 94542
34964 97416
65858 71142
27167 45368
86598 94414
53777 87568
40917 42979
75503 75840
23932 59745
85135 87641
44568 71276
58388 85856
60340 76188
75704 88961
36973 85110
60378 75218
35315 69460
46545 57628
97949 98426
16907 89289
62484 87643
29112 92170
94506 95450
75093 75457
28321 85777
97966 98439
69906 72195
65813 92527
58273 61439
49760 77137
75313 87393
94386 98575
36060 49711
33711 93426
254 33253
74494 81658
32714 70947
57784 67484
71956 93700
70872 90636
33310 97119
24242 63149
71939 98325
89257 89914
20856 62739
85915 99779
69431 91305
7555 49934
18670 88075
43929 62602
80202 93249
85369 86305
77226 88768
75187 86972
14504 16624
92806 99906
91611 93722
66532 86210
50763 94729
80148 91738
75727 94966
47576 82148
41781 84246
26778 79208
70084 76554
87088 93115
70099 81568
20451 40618
80150 96933
99101 99682
32766 51650
24842 70895
24732 89950
29202 59776
19373 81074
59615 78462
51230 93094
22824 25453
67468 93597
69533 77157
74709 95046
13756 82719
41677 81597
55290 84602
94121 94280
10157 87330
32015 64595
19368 76830
72753 75763
92915 92957
3690 58256
23329 64250
17011 80235
45303 65644
15454 22081
39543 62782
38936 69233
76419 77416
19891 58256
17577 89477
8209 14150
56733 80795
2095 54040
25272 36888
88512 92938
80300 98725
54931 56408
73101 92145
32205 86018
26188 57213
9469 20286
10998 18221
23868 43831
57753 96170
75042 78565
71635 86511
81954 87417
20202 99036
37849 53763
46078 49467
6680 36680
62319 70249
34687 50751
1534 36191
18177 88673
45978 99043
99040 99624
10415 41743
33967 50038
38028 64191
94742 99044
16377 17691
53949 90101
55732 73606
71352 79540
80525 92774
68014 77968
66519 99496
4472 37285
11157 33508
70658 94592
16583 20936
73423 84083
15439 89424
12460 89307
52545 66542
19964 67964
64379 88275
63349 89045
28460 49163
45701 87533
97628 98535
82080 99777
68040 71028
80164 82613
38864 69898
37217 59868
96100 98393
8528 84458
10702 70046
98819 99347
92387 94811
1312 42873
48857 81947
72100 79956
92153 96541
11066 96951
22275 74308
21770 98342
50480 79582
49689 64833
75316 79827
36690 50079
96390 96658
34957 89574
40976 67762
99655 99830
88810 91973
2807 98285
11250 78379
19508 98705
78411 88941
78812 92931
53111 63775
13349 51082
62002 80211
47961 61672
84700 99913
69549 97581
49899 51053
87816 89789
16372 35896
55839 82132
390 72115
40705 84576
74147 79403
670 85300
32079 39646
38142 58050
91691 94651
49353 90968
80476 84723
86656 96598
9260 80916
31651 43220
99030 99937
52608 71586
15398 63623
69076 88806
86828 91083
83512 86614
26162 88007
43886 51369
72889 91519
62483 79067
51856 66142
36960 65917
4588 72153
41729 77180
89017 96782
42814 72280
39114 87340
94555 99472
7257 43781
91042 97823
95583 98765
12535 44434
83725 86048
23429 92898
74197 79806
67255 70724
22363 65289
28885 94450
50547 83799
9089 78990
12488 50171
38732 69055
61341 74850
47748 71785
70366 83574
58215 77289
50933 75379
25898 48215
28752 31159
58471 83539
83018 84812
77045 84772
96447 99289
44059 51468
78893 81514
30675 41532
32336 67179
88149 91172
40717 48696
40090 71439
61345 90852
21935 89521
55572 77061
20410 69959
27106 63529
51791 97051
91306 97275
40135 76009
30785 60259
770 3433
43226 61025
47311 73095
28571 47329
48378 72904
51862 60514
83223 86055
76592 80586
75335 89272
43017 51059
10390 94673
32804 79397
24363 91178
75499 81963
10334 98211
94436 97647
9933 64728
23024 92251
40872 94698
20425 34015
88930 96837
3954 40154
85827 97315
51566 68239
23863 93130
46769 86556
53282 86254
69785 77285
60944 65102
87140 98830
36193 78123
56636 66337
19349 61162
83762 98318
45054 58943
11611 83663
69328 80331
13963 42110
24303 81161
22956 37761
8994 26808
71942 95697
35707 81983
42499 92465
32618 88728
11905 51555
62639 93177
83060 98007
11475 92135
46956 68317
24439 44459
50159 97751
4077 22484
31898 64190
32050 34667
31580 94443
81378 95024
35346 79356
99928 99960
21503 95391
61193 96679
13103 45482
69533 71542
57310 71906
67209 84156
92898 99111
85347 96548
25620 43354
24132 85098
50081 85124
50679 93550
30587 34767
8110 16070
3588 64694
29507 42206
49937 62457
57468 65298
50761 51367
59924 80896
57462 66861
71160 91734
65292 70985
39048 45083
54205 99215
56021 86615
68153 91213
77493 84579
58168 98303
97263 98336
16371 87342
85167 89816
89663 99120
42289 87265
22808 85161
98898 99945
89203 99741
93919 98877
73141 93300
79805 98363
90937 98240
41455 41517
12186 90042
52589 83713
62073 82358
44269 56434
93104 93170
12368 23298
3955 38674
15668 56113
63746 87590
64288 93437
66177 74157
80025 91320
19155 59168
30203 53882
48006 51316
48806 56649
84378 90692
61193 62614
13775 31426
54116 66497
89797 95557
35282 65971
40472 55401
98164 99248
83204 91059
8185 85415
51341 87069
27977 40319
34660 51358
66653 99250
43282 48029
20359 28752
99664 99800
62760 86610
98322 99592
60393 88118
57568 77110
70102 72035
68464 75658
49210 98981
14090 98164
58480 83497
7410 42164
25131 59161
40087 55090
19334 68053
86560 94109
64829 80682
87856 95911
93746 99940
53512 53832
8170 72213
52874 53894
65932 93307
95146 95352
45061 51334
7434 47729
36800 83791
6468 91699
55007 91271
33574 62149
95640 98402
8202 18476
65128 76646
62617 98865
57182 89260
80560 86936
51467 90465
28129 71295
60447 88412
40311 64957
25087 75455
99987 99997
99929 99946
57244 81155
10726 21811
49435 91843
879 29165
82592 84998
2302 28300
62202 93248
13235 81245
20709 65482
90060 90846
21876 31999
82433 84268
78971 96287
69504 94525
47619 69930
36388 47911
35489 75435
81704 87588
895 31363
43659 44815
93049 98144
55443 68702
59705 71299
30226 91456
73013 99628
38889 77586
61464 98035
62818 62996
77247 80648
29693 43563
68860 80068
38874 86348
49825 67636
74237 96596
51938 80847
70582 89036
16010 41831
47188 88149
53454 90754
19991 45561
9698 77152
90897 96531
59503 63237
18414 96933
55773 84652
72203 94477
47152 59987
10336 46291
24748 45731
19197 70063
42518 61692
48229 75784
36399 36979
97770 99729
23257 93851
96817 97698
18130 87943
61128 68537
44561 84621
54055 76677
81558 86007
20109 36594
86453 87198
57210 95715
97826 99774
57864 90442
60998 79286
14764 20195
86620 91673
37209 88048
11293 42645
25878 71805
22692 55456
10117 76829
62205 82330
69756 70689
59151 68193
74796 89618
51810 99419
95868 95909
41562 97564
65928 94718
4930 13074
44416 57673
7555 56572
19196 23834
16183 87160
69810 81724
3211 48878
28621 69431
53638 61367
27452 58760
56783 93924
1146 81035
90112 98270
52049 98493
98103 98383
77375 97726
83298 88944
75427 92406
54406 96554
34263 44126
49291 56223
39740 72533
69420 89020
14155 45149
13328 28223
10596 41950
25095 50449
55292 71710
70820 99524
45456 57298
91072 94402
50925 71794
55022 92322
60797 95404
44474 51043
52762 63984
21048 99783
31730 84456
52515 98237
69458 80541
7214 96552
45089 68518
71015 79667
62877 93692
26992 57635
35174 50639
72297 97609
20060 58168
34350 89530
33259 67395
68594 92167
72732 89227
52946 88696
22056 83122
25546 42667
44970 78720
77130 95823
53418 62934
20258 71656
14923 56267
86896 99485
7650 85752
53518 73811
93758 96463
83861 90963
83933 84869
9721 22828
92985 98152
30294 99498
73746 97110
13667 88163
40278 53595
79003 87412
49817 97495
20814 38620
2365 28049
19589 98021
99362 99657
65306 89722
14880 15489
90694 99248
10393 49235
67262 92438
92876 95529
37918 95871
36404 52442
88170 90189
4719 92258
8582 59304
22785 77742
71060 71273
95489 98673
67207 79602
55399 56918
39932 98232
11702 35324
17428 30585
37217 99588
85703 91267
89590 99314
6330 96048
12821 64000
53509 84605
92517 93872
89964 98389
24604 98331
929 60975
34910 77021
94395 95883
60835 98173
18626 96823
20591 48775
20404 94424
88876 90217
45776 52155
3103 60710
37180 59132
93720 99979
12198 14328
1361 61235
6839 66917
24833 26749
6419 25726
97416 99734
47739 50624
4458 41631
80018 83915
61114 82391
48019 50430
84434 95553
71355 80832
83554 94426
4029 13514
84509 87518
21989 33276
82506 95714
91476 97883
77390 85340
74041 96234
16055 50316
64576 77876
61353 67527
90289 92803
74360 75223
28281 32455
32155 95155
24323 29799
9146 12079
67346 73154
70096 72965
40092 99973
8760 93699
61239 81535
39762 94731
71050 79589
10963 24923
9500 61648
30155 31691
36814 38871
37649 40825
66618 89838
74100 95165
81199 91202
54702 77223
46708 74252
68736 81129
10795 53600
41568 49512
54515 77062
92643 98533
14319 22932
11902 28973
7251 71669
16827 35623
20480 46841
95818 99889
50237 70341
65241 68360
90818 99996
47784 68124
16755 30999
49635 78546
77634 81436
34216 83571
67162 91369
36050 92029
50961 75768
2034 87105
15882 95980
1831 65484
54707 55185
13628 75248
64735 82447
17783 65208
8012 54420
35526 80367
12145 23527
82721 90977
51679 92685
10820 73051
40222 78222
19917 83032
27668 29848
42363 52378
25204 50182
90408 92769
98556 99495
67082 95279
95283 96162
99631 99730
36557 39737
40155 70530
8719 60940
23127 66858
97461 98310
70140 72377
46118 69529
37226 63979
31852 85606
67347 70783
96884 99460
92825 92927
14459 81742
78161 92268
8620 65553
99309 99974
54831 99909
36857 54655
57111 88744
38880 43893
51836 75060
90415 97717
86589 93869
17076 19750
44529 50862
56667 78975
2725 78575
58696 89351
43873 72180
15008 55291
49354 58557
65257 96148
82871 85774
44667 99283
73556 95776
37669 52607
42448 95446
61721 70107
79917 96125
25883 52176
89566 95213
95394 99323
93354 99033
66287 81455
44944 95603
10338 95776
12232 30106
1539 49410
41005 79092
64443 74732
98798 99925
94154 95316
71034 91390
22291 79511
76964 88746
30447 89340
87504 92923
27451 68122
43568 80316
37876 62094
10800 42866
52636 83365
64008 72922
65457 69524
85625 88446
40728 95707
60673 77582
11449 29126
86683 99188
55133 55464
39385 65250
83735 95306
61406 67045
15389 31981
83511 93420
2141 51609
55261 95081
80268 85703
19279 33135
49278 96601
59674 87531
14696 19130
12822 47895
74667 85972
52430 94404
4415 37015
9613 33034
91894 93762
72013 88279
70079 74146
87319 99840
7736 66885
6423 59973
66647 72030
18534 28910
52544 92735
8664 48507
35212 83193
50029 67196
12793 34664
55879 60653
37469 74133
56425 77961
34637 71003
30047 32500
57037 91076
63213 84423
88740 90087
28697 70600
34501 61047
60898 87705
76721 93945
47749 78220
17070 23295
21284 65613
91528 95991
96716 96958
76024 77782
2905 82123
54128 93331
55613 61520
96986 98736
98671 99843
669 24290
49304 94549
6726 40057
14853 35273
66325 90896
68794 96588
28045 79932
18783 61150
12524 72888
10834 83956
84594 99778
39507 78679
76204 91826
45432 48957
63006 95053
66491 87839
44511 85700
9938 66879
8136 73372
81109 87663
5623 52901
88067 99787
55436 74576
86362 96818
30075 70880
3298 60328
67612 78110
33445 96946
71716 82374
7702 99919
33564 84372
28416 56748
98103 98920
79819 87225
6673 93963
3743 43418
52794 80363
87339 96708
48109 72062
62176 70622
53672 92421
28028 95098
44538 81914
83093 97833
20371 99074
98007 99937
60610 71352
50748 97637
60142 79598
97546 98595
46179 47044
70154 82509
9524 54607
61304 66132
51862 98380
46049 60718
39428 61345
50092 55367
29871 63981
24747 62004
28582 61774
8788 53773
31683 37424
82490 94333
13322 20416
4904 80763
6687 60730
9481 48059
63427 65772
57050 69429
40269 65171
64623 96484
23817 54517
1368 33085
70619 84702
54691 73319
28093 35183
37634 62115
70211 85987
44497 60335
61685 63931
25134 61528
13386 46339
15706 45056
34370 40830
44076 50879
78029 89022
70767 80529
40973 50240
66589 98351
44372 98296
98565 99638
73406 99839
29016 53691
36875 59083
70198 97352
6075 44968
443 20562
22126 82894
51890 53426
85483 96236
6394 60425
46175 71033
18862 32977
62697 84764
11162 88444
35370 58177
78152 81829
54971 65058
22610 45823
37797 50117
21466 69601
27227 49003
35588 41836
74597 76743
31677 40947
41478 87368
26836 60536
78262 82590
13294 22268
79841 98926
465 47991
84599 91459
42205 45333
9217 26979
78662 92017
2878 79825
97902 98865
54558 82464
36712 85566
13688 96114
78197 85940
44485 86747
30989 36607
81566 96038
33741 81332
4754 92956
21648 95372
71765 90532
68446 92938
56780 77660
85254 89411
71592 78682
63681 94439
93648 97178
52389 70698
51713 54072
444 19977
24445 99271
27668 86533
27893 78634
9676 59077
29984 49947
63805 68803
14612 14625
13902 89538
96020 99674
38022 50359
28763 40117
82678 99004
39548 88036
33330 34175
92837 96508
46947 97524
70655 70780
68158 85067
48884 81436
26393 82987
97467 97593
60925 98119
79444 94237
74067 98952
24543 72460
19826 73422
32092 38895
97816 98428
17111 46331
37431 88722
82782 93668
88543 95708
43660 77788
4310 80524
58861 98656
74792 87514
36491 42051
64176 64549
61220 93086
64945 93128
91915 98288
5736 42082
26664 89436
41846 90161
35871 93294
30307 63695
18962 49604
58244 64135
28226 39865
83168 98001
83882 94498
54165 92894
89407 93145
42474 55336
93367 98906
55851 81704
2002 44787
50547 61843
81272 99011
5317 78845
57359 80261
3937 65292
42063 92573
87021 87739
40788 73401
46557 98122
91201 95013
75728 92877
67129 68814
88187 98074
9184 28824
4948 97407
53523 81589
86159 99314
39723 54795
1393 52801
56774 80508
23484 44456
78783 86349
64908 92784
32798 81495
9917 48389
41338 90852
79342 81683
31602 78485
43700 61890
26529 72476
69631 91343
82780 98013
33449 43110
44979 95280
94696 97723
37116 97756
11981 87929
98785 99308
34628 54967
95086 99414
81659 96592
7508 98466
58805 81702
54264 87804
58497 99337
7432 40595
73370 77854
51299 82383
78744 80031
2343 85571
90445 95941
34114 94713
2144 54873
99711 99859
59017 69816
30418 46177
15765 50407
9635 79042
14046 55746
26698 71643
12573 80925
64362 95437
10741 23336
28157 97116
94048 97918
54989 56207
10366 45997
71796 74846
28056 68671
86153 95140
65033 97323
70719 94786
82904 90461
24321 96195
64458 84249
35427 88519
48587 83048
91374 98985
44504 74301
19337 62185
57600 86942
26774 39404
41447 54733
54766 89592
29301 41731
63135 71739
27100 67884
81882 97163
74524 79365
18075 54088
7064 77379
22160 48770
10967 83970
44684 83972
81329 87671
36791 80993
16258 80041
50675 58906
13105 46914
40760 61547
15779 25801
79811 82557
64270 65905
54944 95511
86936 97786
2596 3396
48211 56346
59680 76894
12365 36887
4319 97089
9526 52101
51249 73104
2469 62528
54003 82379
63676 65576
25742 88849
59068 63046
41052 86016
14686 16807
15568 84388
70769 76224
961 15812
36308 69837
36283 64196
91333 98838
39677 68271
12627 39450
15675 30210
25347 92827
81897 87185
42928 88253
19996 86805
43159 68203
42394 90989
58794 80375
14122 26335
2285 31277
83369 92314
18093 52377
83941 86418
42171 51280
9671 94104
51277 73422
20221 99094
46009 47426
53787 61261
43353 52763
83673 98667
12128 48482
13638 19049
49383 91190
17606 87934
84966 86649
37323 55352
31040 35261
13703 26764
12008 52672
9265 59252
59257 62459
72250 88430
2365 19910
81763 98619
13188 36249
97169 98061
11881 82374
79520 98755
22751 59467
91336 97384
37914 98726
21219 71904
3399 6008
64018 64460
95934 96795
44375 57827
54171 81527
30607 80219
69738 72267
82388 94065
6004 30361
88328 98321
69275 93806
99676 99935
40738 69137
90882 94672
78803 88789
71705 83075
41594 73657
96179 98484
15325 73871
10368 16426
5473 85268
28927 69805
16583 64037
87471 99955
78668 91134
43329 67218
92206 93851
59939 63065
73822 85763
79386 81955
48391 86047
13914 98837
38751 48476
69790 93143
34390 91697
63366 96062
66021 74252
71568 72327
38201 57342
51849 89385
17987 52874
13205 58079
11373 22727
83107 84968
98623 99730
93953 98823
68927 93128
91297 92191
1849 21982
7012 63562
72298 89740
19832 80128
54827 58312
3232 66334
82311 95940
78734 96185
32229 77938
39239 84377
64401 96858
96565 97283
24904 60256
52499 63424
58250 99822
81236 97037
56767 95804
9827 52987
35207 63149
75759 89994
90193 94031
63296 67948
91932 93009
4918 16143
66003 84417
15567 15725
40945 97088
58011 70915
44319 86216
43770 99282
3514 19015
42259 70419
94057 96810
23562 64487
66618 81755
19512 57593
89815 97865
95562 95854
73047 93825
81880 83317
43733 61969
24678 96781
15850 32110
31840 98801
21412 93735
67033 99927
97202 98509
68905 69070
66370 96572
44851 97348
86556 96882
1846 89755
21625 27519
17530 69725
51232 56586
33225 85225
54308 54493
19807 84479
25476 42983
18607 93583
76279 83128
96410 96790
39636 92365
59682 85720
61601 94321
23463 69384
78218 85149
55491 67893
75124 79894
79297 96998
94323 98946
12712 65223
22396 59544
88594 98126
52734 77697
37531 67665
79555 99251
39442 52160
37141 90296
35822 54259
65411 78772
56365 70890
70414 98857
47543 94277
13511 69769
97378 98363
62734 92372
84750 94037
16899 51798
78522 83068
14548 70319
8247 18583
91923 97498
48133 82856
14408 79466
63828 99272
27459 41848
56660 92926
87320 96769
24680 39198
83107 93766
26064 78854
68871 91596
31415 99863
60660 94216
12355 40976
31637 64390
69969 92167
78695 83561
93403 94565
6567 40647
3769 43525
71893 87534
20634 77980
22 73901
69673 79128
45455 70271
96978 97029
44086 49314
44479 98465
34384 39823
56675 78585
21921 81764
88489 90188
684 61628
52934 81759
88205 88995
46981 91147
6710 73125
90412 92513
12071 99868
61021 80216
34185 40228
78300 85191
66549 88831
76514 95405
13291 43784
89782 94422
65877 66934
20867 45989
47365 64374
21369 92179
90024 95410
53088 73066
45531 91357
95793 99715
39943 76350
73473 90211
89738 90664
56384 58300
35783 93691
10206 19274
28395 59116
60232 78871
87680 95767
94808 98997
96429 97751
31789 78184
282 96646
37765 70935
91007 99949
3909 79993
29943 36074
74691 85626
26716 78765
43245 47835
11063 70997
52685 86382
13904 16247
74477 80894
32574 94090
43178 63437
17480 28992
43512 56602
90110 90154
90203 92129
83065 93518
97 91836
68112 70067
33689 93996
76963 82895
56546 77813
70253 76073
65114 98775
97299 99753
39264 87995
71306 84679
65912 89009
13032 25462
75478 77477
54280 55158
40406 46502
85685 99909
34591 79293
69404 86497
13032 37413
55192 75084
26053 67808
73372 84680
76415 95166
20516 57612
80364 93797
13372 28432
42020 55603
81691 87798
66047 82423
96091 99448
20867 22319
18793 95745
51899 59003
13200 50173
50416 86418
91511 93879
63778 75717
65060 92713
88495 94074
61199 92280
8120 31802
86109 87752
39301 58803
70270 82691
9294 43276
48270 90078
50956 74572
94805 97441
7080 65055
84763 97824
63463 82412
19101 99291
43839 82110
10023 27526
85020 92470
41437 94407
88950 98812
82882 91278
9104 79393
61496 73953
14520 85455
79623 80666
80806 93754
36056 91776
44919 97328
1413 4393
66015 67345
45808 54730
3265 40219
45137 51447
74705 76174
21073 61731
95029 99579
59927 87722
72831 79142
70127 95168
43430 75019
53135 99798
63907 69757
84339 91003
45411 63345
84955 86706
10318 70415
27792 99868
31267 79801
50924 88531
70218 90135
8984 84700
67704 87564
19780 72930
21359 32458
77087 84807
66307 87741
55264 79673
52182 55602
44087 48703
77986 88422
78646 83320
86737 97916
1614 46961
55409 61307
25699 77879
24373 55349
52759 79210
29159 85020
6134 88598
38132 42210
46577 72820
7282 85741
77933 88374
43602 61175
44518 55169
53584 75462
69271 91083
29005 46997
39754 57029
49293 83103
15183 68882
64843 99081
63653 82340
63252 88903
26454 52168
3885 8831
31851 37442
87798 99722
99546 99585
7156 92852
34447 95216
49616 87334
91407 93534
27111 28091
31367 38242
40901 74905
59263 87054
51704 61467
65779 70209
68608 93845
501 3828
25682 26946
98016 98741
64011 69854
95912 96239
46312 65161
99353 99615
57226 88432
69790 74430
35076 95257
73080 73746
27699 70714
19284 43080
53205 78830
13887 58936
96654 97246
22241 61369
49564 76465
87437 91620
84768 91035
38171 58086
40516 63106
26352 29878
38684 90715
85779 95175
58757 95443
56847 77957
76055 99774
31927 38252
82868 95650
95073 97261
63582 82216
26780 65690
63896 84723
42497 51699
22928 58268
71066 88076
35639 75271
13790 72098
30758 78063
49578 73709
86659 89449
27577 42107
63296 93936
16290 84494
27611 55146
68063 69930
88705 92121
36439 53456
63903 66309
33613 38667
74957 91220
16867 45799
44610 97442
18270 40788
49474 68261
4185 8480
57769 71959
30195 40917
26132 61914
90590 99911
95365 98646
96498 99761
33046 66126
69983 77010
18608 67897
13680 84917
85822 97949
16157 18061
2164 78111
9193 47161
13235 55839
80259 90891
97257 98669
77312 90985
14244 85373
82827 84554
79239 94483
54830 59507
66878 79579
71383 74151
46827 91330
62520 95170
84834 89407
42506 73464
68020 80941
97368 98120
34915 41886
38378 96435
69962 79639
74454 92353
46950 59329
53871 61096
2772 75465
22914 50534
73803 94954
97773 99728
95966 98872
97661 97805
22525 95616
17675 53598
12073 72446
26517 68580
44684 82816
4955 14840
28846 58879
49638 95101
69139 95752
86607 96363
70504 78850
90548 92226
41030 70178
51427 62429
16136 98264
64268 76146
21157 76548
65080 94021
93424 95352
21858 43502
26302 97210
18800 59231
52778 92037
69715 94087
48050 92224
32696 55299
50665 82667
12618 45487
71053 86066
33773 92725
21595 22201
45651 94803
52951 89749
47138 48481
21420 46011
64834 78720
16676 41381
78848 99241
67971 99015
36304 50650
31561 94628
95880 98402
57202 90059
97607 99577
8206 59147
37107 58128
7714 70887
29885 79396
70941 79161
71189 71199
24828 35518
38129 99875
63564 65420
85010 94236
28420 88396
62397 99900
58665 97931
44556 63450
15425 88635
97332 98319
91450 99120
28342 35463
44673 87248
25839 38788
83971 87216
80536 94641
54113 76705
18898 32489
3165 27722
9173 49652
9939 27195
3506 70241
74026 77630
80824 93637
85810 93903
68094 99829
63262 84908
64169 89830
98125 98191
53024 67931
89344 90399
62674 94319
44123 46069
88255 98497
50741 85623
29695 36340
88234 96270
39449 79254
7814 21614
18073 44334
41253 76884
80273 89781
7609 25417
58727 83012
47434 53240
27420 47632
4707 21311
81603 85237
35624 55625
18839 23046
74490 87409
46082 63121
95391 99218
13797 65878
37154 46620
60692 66274
58924 92229
98315 99974
75743 82186
16232 42672
44827 83401
35655 86092
8294 61105
44259 54919
57187 76929
21000 32152
65155 99196
54119 91151
16546 33513
81812 95230
38582 92694
93730 97158
34370 87299
697 29789
8780 84899
85297 99988
13009 67461
54356 66242
61371 84302
89295 95577
99303 99408
6043 54638
89514 90096
87530 98227
71661 95429
72840 74805
4184 33914
9512 69398
22742 35996
50343 96190
18023 31681
37662 90769
11490 13491
74971 95796
37384 41927
77349 92783
42252 52154
48253 73177
80356 86278
99550 99849
12235 49936
54886 77711
75986 79156
94400 97142
14547 74559
4338 98070
58229 79412
30639 49842
61804 73901
55364 73560
53667 54518
46001 51336
19328 43543
20694 61079
50637 61904
98869 99225
45778 76559
96630 99987
18789 46835
19968 99839
77537 85473
71245 95550
2619 47618
37851 43787
39506 74585
31546 50207
24775 60830
47829 60083
71748 77389
98342 99866
2573 11812
40368 66481
88959 91838
38943 88716
23520 70693
10112 36391
82777 99957
81632 85867
94399 97577
45465 54197
12610 65156
46078 80280
11049 81322
55594 58861
92731 95888
58217 58785
99436 99840
33333 74902
39812 49103
78319 80908
93887 98291
88526 92086
61872 69926
73822 76955
37200 44903
42603 65162
7832 35559
66534 68649
20749 34295
19765 37179
7264 55241
26956 84909
92228 96250
21695 69331
23463 56769
2289 34068
44209 87430
92197 97319
58083 67522
32235 48195
81037 93630
79566 90811
68150 93570
35917 55094
28663 56396
73091 88935
32399 57397
13980 58194
20923 57516
82232 88006
881 79580
77656 77723
48397 79677
34306 55603
60726 78834
8886 18812
93021 94068
93192 99532
6916 72244
79058 93773
58525 97414
84247 99917
41689 45634
31648 99253
15458 31913
96756 99961
86420 95113
36169 67938
74883 93184
50761 53053
45641 71029
18890 85664
9509 66685
15116 26337
62130 73369
54402 99654
38478 46493
87680 99867
89907 96792
75442 89570
62889 73661
50857 93177
62610 98625
26826 87474
60263 75981
89998 99931
34381 61120
96074 97743
37622 93841
5190 21894
99583 99596
32952 61824
29149 33710
96976 98153
75452 88490
9957 92355
71853 97618
12883 33378
24224 34938
97404 99761
97571 99211
21626 60814
51578 87303
36446 48443
89686 96543
24462 92034
16238 88984
74689 96243
92105 98961
64272 74138
56750 57524
20198 52595
44615 78563
11827 34610
10143 39153
24112 40796
32707 45029
62075 86649
47951 80750
11650 96610
51787 95621
46283 52249
20247 80271
27074 99789
13064 83987
80707 84823
35746 41857
93869 94941
98012 98116
19902 86055
55691 94417
98611 99377
71810 86204
69041 87759
52721 94859
78995 88142
1247 47612
37759 76797
43506 60255
92269 96025
43173 44887
23057 73650
62403 80447
10804 16007
97068 98835
80245 93709
71934 90213
79693 99600
41333 93166
50344 89734
63026 65168
6180 50769
34876 73757
63968 82510
20511 64079
60891 96685
71402 98107
77282 79234
64857 80872
65941 92377
60723 80909
88440 99430
67201 89749
80536 86615
50198 74643
6602 88413
95956 98490
73461 90658
63473 99056
51076 53518
29045 79367
74271 98267
38729 68411
39831 51569
173 29179
54921 96373
44524 81914
62002 97246
72689 95658
2032 27941
26516 57852
69107 81542
94677 97789
26211 53345
54808 73694
28137 60862
85752 99102
3875 95717
98489 99404
95823 97363
39759 88144
2799 96395
80853 87417
47749 85129
95980 97725
37520 68340
38762 58268
87976 93239
87688 88464
94290 98884
8167 8434
19330 91457
71069 91337
90441 96549
36930 93543
73514 82144
12623 59299
48679 60649
14647 42927
59293 80281
63993 96597
86886 97981
42638 63749
236 57972
82497 93459
32070 91764
82542 94293
99768 99832
27959 70107
33905 91220
64263 79214
19456 91619
8936 46235
20744 72452
41640 88933
27440 40276
13447 39004
30935 87498
29574 75158
26365 65561
22244 42388
67514 83901
11957 41810
10650 24407
47228 63936
84327 94107
83660 89722
2561 9934
91554 92730
80363 89268
46288 79718
49321 75302
88928 95640
60360 87774
46315 93666
41960 93127
62823 97054
74168 74808
33228 82771
82149 89814
25952 53551
93298 95012
87015 97249
49113 55732
16178 80107
81658 83350
21094 96794
7327 8153
68919 76260
48 13700
71464 81535
4014 60989
63338 94941
98846 99975
80269 89037
4712 7944
61855 79398
26882 41904
516 26003
29481 41112
51159 73192
12099 82382
12713 88905
7282 72502
11972 26789
84062 90107
55754 71704
53804 79892
68627 91563
9679 91317
602 81395
78751 96011
1163 50365
58417 78074
14701 92561
39559 66069
93310 99041
70222 96982
73258 85408
40830 62135
6363 87850
49729 88124
73727 99955
28470 34042
15499 59960
53686 80540
13416 71178
45056 45192
66771 84462
28566 35740
93659 99978
31555 59143
38 51117
29680 44358
43412 78263
34126 72590
4098 17085
42247 79597
5535 9808
93172 96639
26687 49710
43340 54158
22776 25589
36396 44830
10258 21809
58722 65522
43502 51403
55715 93603
32173 48626
1190 3553
59783 88657
99247 99629
32468 41498
10976 42009
71169 94165
64232 93584
28895 31065
23503 53341
20689 33374
52059 68022
65111 84781
20900 95663
5608 93591
84073 87376
70782 93666
8682 38158
15660 98693
14499 75484
47034 67522
18049 96556
31322 63313
8792 61089
34776 61720
27410 88303
95953 96465
85875 90231
5117 20139
98236 98483
81172 88156
86843 94626
40730 58974
17568 81325
66093 99553
28958 92109
33665 71416
3380 93767
53777 68288
12839 68716
41014 87182
6000 58601
54361 55014
58114 72154
90388 97455
24245 67816
67389 94299
16088 57753
4905 87272
61484 87262
67174 69636
85240 92313
38602 48346
32199 43588
2666 11872
3446 12394
29115 94355
20703 83832
71059 77252
856 61037
3465 46709
7685 59317
12086 19092
14871 97979
61094 74403
72666 91175
94495 95181
13238 43420
30248 79425
85749 92615
91466 98369
22811 82750
7399 31856
64264 74493
28873 48266
18731 87517
87084 90229
90142 95296
62305 68941
19734 42315
57164 64037
44598 75506
15999 42869
96612 97528
20392 23441
23668 80170
53545 71581
10554 94977
45402 86150
87145 93030
4814 29423
26129 96439
93187 98157
90070 90338
36661 90232
91095 95220
55439 62762
60674 93666
57942 86365
52004 80854
89100 95077
68834 80205
86636 92091
23923 56851
37763 38995
47231 83944
2976 6095
80339 84575
9208 14262
33705 82531
15983 61069
15404 94398
91993 99806
69826 70516
58174 73432
75210 93583
91635 95075
92675 99246
54226 69607
84757 93137
76408 79671
93343 94635
6382 90066
38529 81293
50070 73271
82928 87297
26188 33210
3531 21020
55093 93851
2297 30568
82585 93696
75796 93654
93274 97933
52553 72680
56379 82641
41892 61992
39032 71444
39176 53725
83619 91426
40960 70460
41148 91053
25762 30129
12373 60160
7601 87604
77442 81916
46984 74640
21923 76294
1958 63120
17067 33138
2662 10601
53438 57493
27572 78459
96157 99756
78808 90323
41109 93767
67407 81722
30826 80512
3264 35061
42167 49036
91997 94322
17586 93815
98086 99302
86917 97529
37610 83070
6745 56806
39093 96791
58454 64685
23316 46231
46621 95184
15043 30871
59332 59458
39105 63647
30500 73024
40818 64517
79833 88263
75529 92921
81930 84896
80331 81264
71420 86794
841 25781
17372 99385
33348 78586
65719 74671
8362 66056
43410 61010
78859 84448
71801 93205
98179 98548
61971 94872
325 54831
38091 54920
58168 73001
61454 73357
53548 97350
11605 57901
75816 88695
80387 81079
57612 88885
63869 85975
27291 72567
77148 99783
70595 77751
38731 61043
59836 63404
65580 78926
33329 41244
61592 79114
64250 66652
15836 25822
30147 90036
10845 28390
29956 30300
14260 32444
98530 98987
55033 71252
82609 84326
2872 52417
25104 68698
23754 79894
94693 96395
83374 93988
68232 94058
39446 46346
68848 73804
4593 33531
45633 63622
86481 94101
7532 52558
71352 96288
78420 86901
75292 81523
88163 89783
57188 86183
77950 90167
24825 49651
12028 60707
95438 97833
48040 87876
51372 88361
92719 93313
56937 74377
62692 77013
28049 37091
95536 99430
59128 77464
63831 76559
84264 95840
27484 63023
22232 96542
66021 73405
56503 97329
54623 56252
75347 78000
55290 92019
25249 74153
69624 95241
87497 97704
43326 79028
78107 86409
13765 17021
88664 93806
20380 86938
88431 94902
3776 84496
55391 57002
89990 98379
71571 76532
83022 96931
55063 75017
413 7043
6221 53821
2931 35401
94785 99962
18926 37786
85744 93775
18497 45963
81284 90651
94259 96897
81588 90065
72141 82417
1313 24068
73736 76918
6490 85864
44082 64283
35852 36096
4252 14483
14335 23066
45887 96782
50952 64913
6524 55967
96563 97783
41336 99942
65283 97185
13038 16135
92722 93464
55550 62938
61509 77310
66608 90088
58321 66672
29047 74353
43065 76069
52626 58843
57642 63874
31301 88568
828 53198
21976 94161
5697 71293
3951 77243
24333 50792
28185 59614
95542 95968
87090 96227
68836 87350
17448 96836
93651 94693
66958 85889
62389 84344
48680 95163
82515 85442
78949 84497
38327 60447
63831 99166
63128 98352
22672 37984
29672 90559
127 34363
12699 83012
25463 40085
77395 80621
50281 69137
64322 96669
5027 27766
98498 99602
80944 82110
86880 90318
36485 60801
98575 99009
71195 83976
3640 11828
6185 60678
57764 85725
42296 44835
4591 85513
36951 51160
75327 80473
43897 82844
80939 98512
4388 98461
78724 82258
69155 75221
35737 96793
57434 95163
38884 58347
111 7424
23545 95671
90630 91635
42445 45945
4244 13429
86932 87281
51653 71597
53322 96770
44460 88575
96394 97924
70276 81124
96533 98047
10247 53308
40909 90456
89697 96438
88671 98026
87754 91732
815 41292
59093 97563
97754 98489
26379 86957
60645 80028
52833 99019
45161 73216
9569 96867
3227 88213
40867 93213
26037 63312
41571 94417
10737 81543
84483 87659
10492 50808
56067 71073
8729 84265
36482 54910
78540 93818
19229 21223
78741 80034
29555 73021
95470 99575
94819 99467
3315 93858
45970 57592
93939 98296
92211 97126
13407 24752
12654 97948
83286 96676
84404 87253
51171 89896
37690 81527
74566 87808
72353 83827
75308 88824
33201 42495
13308 71009
22256 70604
84776 88483
85480 95518
88141 99957
44236 92351
46559 87674
27011 75629
63154 73474
8460 81043
80772 91599
288 9036
41759 81145
77005 92364
89830 91447
38228 73042
12711 37396
11842 33987
16544 49607
3838 27751
63438 84170
56839 69372
66857 85421
93920 98252
32053 53777
21991 24032
71368 97228
49158 95465
58069 67887
10419 59559
37685 66805
91018 99052
56840 80132
35584 61823
71750 74669
51033 55681
34107 43395
65788 83157
22023 86854
52333 74425
41558 51908
30798 94089
15918 68864
23900 90008
95180 98346
48149 68470
21777 93646
90390 96248
55750 78914
65113 92941
26030 99619
7881 9186
79916 97411
73851 91006
297 96694
46102 47484
26563 36787
62627 82796
38174 63444
17825 75683
28637 49314
83651 96958
54500 79933
86196 99390
84608 94686
31701 93477
9633 72326
17553 91630
89344 97344
79621 89593
79639 98509
27909 95793
50700 97534
18717 98689
50162 92006
55711 93845
3605 36007
17953 72526
80186 85183
75491 87889
45594 68829
66487 89575
33102 95408
14369 36074
96577 99133
27680 49121
18853 72339
5790 70376
43855 66653
83965 96095
27509 80635
92917 93229
55667 82381
47944 77588
5521 97178
77008 77988
3714 80082
53825 95097
2104 76073
55668 72014
21758 61194
71591 88821
29178 49020
44396 89285
28256 37217
95445 96574
94857 95265
97654 99856
62004 69697
81368 96997
84333 96386
59255 90440
6090 91263
53795 61449
96453 98585
64658 66704
65281 76774
83924 88216
62291 76103
10229 92020
9401 80152
27404 77254
62576 82669
95525 99953
36031 74190
51983 76396
53998 57330
88693 90090
71449 82149
16416 48699
45932 98894
84549 98596
86508 95168
82447 87073
64169 94325
71557 92078
18970 98398
5181 27720
43102 82294
12343 28091
77788 88804
35389 58970
66233 80317
1813 5583
46183 84099
89061 95194
54856 87807
2805 47184
11814 26806
659 73142
10606 52136
59540 90535
82081 89660
15782 46775
12479 48018
84467 90072
3151 61017
66526 87227
93730 96667
48885 65676
54142 76790
62990 73434
10777 30141
37413 64170
94410 98688
22891 92292
10701 22400
27833 80528
27032 44318
52278 88221
64756 87194
87108 90541
17065 92546
61163 83163
6199 78937
85414 85458
29504 50042
29898 96261
95761 99350
47310 76947
28333 89738
55164 61881
56455 97328
34347 54474
50229 92244
29203 73107
21884 64455
29127 83940
4375 46618
14395 65950
51446 64396
28048 76081
35608 97170
23960 27961
89851 91428
8083 59089
39086 73148
41746 80868
72705 98938
29656 88009
19190 84354
90338 95972
52065 70655
90026 98068
36166 60082
4676 23438
74652 74993
82729 89599
70039 73875
67771 76098
16554 50170
64458 78403
54900 65799
867 74159
5700 86465
54992 84810
94289 99367
1212 33589
71942 75171
98079 98086
33645 82795
6318 8676
12731 60374
42908 68268
17203 74763
28299 63768
32282 96274
11021 30004
14775 97285
95507 97664
54785 86230
2385 46131
9772 78584
65904 94235
66387 94560
93754 99386
25830 51734
34179 47782
34372 79945
55513 58598
70046 78328
30874 62455
83902 86850
28522 77170
31614 70322
96905 99596
50717 56596
55956 78765
42061 71970
20888 39164
119 99695
1495 34788
38954 87624
81279 90413
21750 70271
35255 62324
99139 99266
71277 97509
43289 60771
19654 65414
55976 87871
56013 64026
90830 93240
98334 98353
28954 67950
44636 45031
12923 63415
66219 84672
92354 94646
1883 39241
66222 88661
34352 46284
96911 97646
74556 92803
71483 98496
73025 80600
91274 97702
31910 70379
49520 84373
72323 92655
82726 85628
26161 69110
85448 94898
87228 90785
15003 31383
72852 90778
36685 69199
20278 86979
87418 93920
76237 77713
64013 96066
48248 94632
65882 94389
44213 45342
23133 26726
44927 71285
97650 98603
89387 89428
84960 88564
53649 56409
66729 72708
90381 93473
88613 88719
30984 43370
65888 86895
2898 99751
29159 86496
6979 26962
22236 30579
31126 61182
30512 96616
52518 98083
41233 89481
53781 71053
59473 93058
28621 51218
49249 89776
85117 96956
38689 46554
57538 99923
49054 76762
38878 59923
18221 54692
62132 74087
35266 44985
63467 71431
25913 42690
12695 80963
2021 21308
99075 99146
32579 94472
94987 96084
33919 50884
84480 90784
92684 93992
11777 40857
93021 99906
39137 71676
35922 95604
7393 17599
70185 73943
89852 98227
24662 81824
75022 79069
8080 76371
59783 74823
78230 91348
93693 97567
52779 81294
92814 98911
73929 99891
48414 52296
97650 99466
41308 82140
5479 57052
2620 81293
36465 84174
27587 37774
61453 87059
88710 98862
99719 99729
85785 97998
24692 48820
25406 50446
55510 55992
16744 25028
23736 47619
62884 70909
7414 33379
70370 85564
25153 37333
46336 67695
71576 78591
71618 96583
3713 48695
50999 56794
67829 95393
83670 95530
15843 57800
15031 29743
12209 35201
34269 52980
75366 83933
63299 73842
90623 93431
97515 98869
89496 92672
59805 94259
26892 46079
18246 99163
82408 90622
54188 61067
37044 61553
7732 22611
69502 74694
19882 63603
50849 92347
31650 97475
94211 95439
36801 46297
30763 52567
81195 83753
41741 86302
65718 98521
631 92307
27786 32176
90819 91385
43266 58004
85010 99696
52244 71151
5206 6526
44253 72847
34245 37317
12027 33581
10490 54671
55651 58133
16000 78827
22899 30468
37735 45214
3486 36628
75456 92518
72630 82768
9711 64221
98547 98957
3044 83854
46302 60183
6416 24929
38231 67578
20632 65780
51626 86025
15992 81343
1802 68556
366 97414
56064 90012
14018 80488
9036 95850
37378 88530
49628 73814
69912 80754
27437 59381
65927 78888
17909 57193
7177 43676
2256 49729
33287 75075
57939 62645
73854 77770
96323 99644
78168 99926
77603 77823
11098 46749
3395 43146
11423 29559
57768 81655
36043 65398
48462 94184
53014 62358
17064 71596
51865 69047
48299 85708
65937 87955
23493 26539
80436 82247
45943 96310
98726 99911
51772 96240
12388 78670
57946 92529
95739 98845
52177 52863
97431 98131
80543 87860
27792 61581
69690 96999
7020 54448
34645 38860
16588 81801
88464 96395
10938 82382
20472 63251
55808 93278
63321 74313
88013 92370
1735 74757
57400 58702
84019 86702
73266 79124
66535 72833
21379 30265
42366 86018
97377 99083
38446 80075
33813 68352
42188 86980
80859 86006
40183 49976
47711 83679
64397 82696
35803 56899
27732 48972
12519 43901
83578 91069
37698 87040
18793 21291
89027 96101
21771 87019
6360 70720
25512 36374
62662 84837
73736 90985
52690 72115
20540 22353
216 62763
96409 97781
23510 28765
87889 93837
35178 81021
74073 81502
89508 98525
57298 84110
56301 66507
54137 86842
91363 97716
7965 48032
23215 96495
11931 25263
49857 50033
12182 27828
47719 91535
27884 61928
56983 74161
15422 45645
58432 64295
24843 93839
72100 76510
7334 39026
7387 53054
79903 89743
43218 89653
6601 29387
51141 83556
15441 78433
46161 71447
44723 71601
52595 97162
22663 53208
38700 43312
60501 96671
61941 83009
55172 70057
15774 89330
46643 93216
79974 95194
19206 25148
23822 92061
53621 93575
93061 98186
48813 61530
45641 59867
48888 81494
78676 95981
83234 93779
64978 79143
18319 61992
2127 66874
49891 69956
68069 92340
52109 54581
46666 66048
67648 79759
557 95170
68595 93002
79003 87416
74562 78397
5337 64858
66907 74903
89834 98920
25563 35574
3523 10963
86953 89649
93637 94417
52097 75076
204 48634
94692 96404
70782 90687
97685 98523
39714 54467
25899 87504
66985 91327
74189 98231
49645 51872
34226 35929
61923 73101
71837 83695
81969 93115
37178 41101
50863 81066
19632 88483
43223 71416
45586 82142
46742 78785
56455 62229
29955 70274
5648 94797
71153 83447
9147 30050
68017 84349
25973 84740
64665 94750
30310 95237
9155 23016
14214 82867
96714 98088
93635 95669
5883 82946
44874 54155
18812 29259
87055 89232
30395 76290
48441 99641
84938 94603
66742 92998
87738 91292
32813 75411
16508 94769
19136 90323
18073 82375
70170 80852
35834 61225
65888 78112
95722 97605
42537 57348
8661 13850
96871 96874
66361 86469
95562 96258
63140 66590
51816 69174
65028 79208
22611 64374
5968 41366
8229 70553
2347 81448
57757 84115
22459 49833
4696 65731
78141 78319
38666 40008
14575 38655
94793 96283
69359 94020
20491 55641
91623 94746
16683 87054
10809 24252
35263 37703
19843 28023
14826 18272
11879 71169
31989 98868
72235 82781
71354 85897
36406 95187
46095 55976
93361 94079
51419 74731
81536 88200
95508 96029
37756 92239
5744 57118
10531 62388
65104 70833
19102 84877
94276 95656
83029 91756
58733 94407
53268 97750
51560 65541
15152 92130
67112 91311
21162 58914
2043 29225
92383 94024
68238 74352
70898 76311
92924 96488
64204 90673
66355 84816
6793 17752
1804 93432
8059 71881
82407 98228
84079 84165
26224 30640
10549 37740
88822 94764
20206 28856
1246 6685
46230 90106
35310 89321
64170 70383
32651 59363
65038 74828
12408 32667
37063 57854
42853 79270
65097 65913
56756 88053
78412 78539
66272 70471
5653 26918
62085 70085
84989 88862
16882 84630
73068 96337
49865 88128
67538 81990
9825 87136
35085 73271
73480 95552
79501 99784
72712 77507
60641 89325
36066 82673
24199 30694
93884 96533
97522 97762
23483 96518
1769 97826
95343 99466
23713 79024
34548 55086
88122 91177
53127 65512
33767 55757
11782 42858
66841 88379
18563 45629
23385 78494
63847 99312
89009 92796
57210 97249
7556 72998
80021 91447
85854 94607
27863 60407
73925 92614
57534 79086
13717 89449
52408 68804
86427 96124
82121 95485
76145 90370
11434 18507
49441 81305
91106 98545
21479 84614
7178 71052
33467 72858
52806 72988
57227 65613
33414 37543
30952 58079
99152 99683
22406 54841
42690 56693
81019 91353
7088 78505
74322 92310
46546 70923
68632 81001
42623 73960
83417 87248
69670 94257
96011 96668
69177 93293
19554 67590
46459 62919
59629 83360
20204 69936
94415 99342
15032 77255
21608 91807
39334 49722
33091 67192
63550 82691
78674 92512
52990 57493
64814 83957
13689 37833
19990 39138
24236 39103
18441 99217
15430 44590
4412 97240
24048 56535
51428 93118
49855 82348
14017 92055
2837 7024
8657 53144
63870 89531
19745 29110
57760 64461
51139 90644
94616 95688
61120 61930
64806 87521
24610 36846
74140 84988
19280 64764
60915 86938
13765 39813
44713 53467
4294 59850
37495 92825
32819 60536
21614 49376
12170 81747
83499 85892
85835 95097
64607 83597
59613 71781
43719 63555
29760 70301
56980 98306
30672 69920
55408 97694
24243 43149
26435 68255
47334 98093
33858 50149
92751 93289
81537 84764
83972 86137
89348 94809
88773 88883
1356 81580
82900 88283
36569 75252
73524 88714
80333 87551
93430 99808
85624 98188
27025 93135
94226 96743
44007 48164
1048 13048
24148 79078
14790 29157
34450 36803
16397 35116
41589 63089
8883 78837
55774 85435
81142 96226
81563 86350
51308 53744
10709 42223
50315 65252
24009 43218
85473 96904
23329 59195
42921 78845
88030 98927
79027 80958
91794 99459
65355 98651
96533 97861
2062 78964
64283 97248
24978 42746
63497 78298
53381 58927
6673 12503
46759 86219
34597 92304
41176 46599
33307 63142
78167 80337
5868 89362
9388 72034
32239 84344
84600 92534
77383 78002
60290 95481
56642 96757
24392 64662
34768 60811
47573 67557
83379 86720
87912 93135
62711 92380
50809 59480
16581 37218
54948 58994
14622 96307
61889 78086
79287 94192
43845 86119
57837 72820
609 99527
91895 99443
98338 99364
55804 78552
85542 85825
30035 37652
74600 80261
63173 82591
82724 83850
65173 86536
1215 11714
11084 93908
73682 96530
54073 57763
23927 38021
19368 92724
47235 54239
49598 87254
30657 54709
1476 57462
76822 84679
20959 67431
89454 98207
6197 20582
25328 68023
70908 75628
69526 84493
60941 80325
31718 75616
94478 95396
58553 72408
70833 97016
86338 91832
53843 84344
69210 90894
30270 59086
62923 97498
92310 98576
99090 99499
41677 72898
47764 99657
46461 58605
41818 85400
41632 56353
93552 99543
88656 95538
86420 97788
8989 90237
9408 98924
88810 90066
44049 53934
8672 49847
58582 92862
44279 79264
57774 66142
56669 78264
90314 99032
96443 96969
27358 73313
92742 99554
23270 40167
4732 35937
19398 54560
9740 92110
87779 89580
63183 78436
5840 94636
92023 98494
21138 70323
9153 96331
59027 95413
36392 96387
20524 86383
75236 92033
43785 79244
22688 68231
70999 74232
60992 80991
28177 54062
56841 80114
39985 71498
69263 92840
64320 80583
65380 73330
32080 63030
51780 82068
39318 62251
49336 58160
53468 85597
84366 88817
71003 79243
58895 59055
42228 62201
89480 95935
99564 99772
47004 89993
29614 80580
5707 36070
88385 90000
66842 96748
25779 42110
99826 99843
978 25411
10044 78211
96825 99780
82406 95128
9720 35758
98895 98934
49428 90016
55000 64347
19496 45640
99746 99803
85577 95204
3457 79406
67375 89824
90658 91271
75668 77423
76082 80846
96747 98253
9367 90593
56781 75956
14707 24770
27476 84947
46527 55679
60952 92400
82929 97267
1812 97499
76352 99120
42626 49633
96856 96974
70237 92154
92539 94586
58065 68616
14595 55962
96764 99705
76085 96238
98694 99215
56177 90649
20097 61641
36050 51883
76004 88181
74677 87938
72686 78329
44734 73331
51469 66607
29001 35699
57452 85941
98693 99562
83402 91085
66150 84770
83058 92917
22005 55884
26509 68034
29129 64247
3541 42989
29878 31482
40974 90687
31274 81119
9676 46842
36285 85186
73505 95307
47366 72234
48187 76575
7680 84397
43698 70755
8796 48522
56653 81044
31406 54901
73738 74432
40210 47660
14261 76331
51346 52523
40033 81332
56857 61844
91411 96624
63029 92627
1730 45424
95928 96271
8076 94157
37691 39291
53126 65366
85375 99241
64498 74195
48039 62113
1908 87364
31032 76414
86410 94312
36913 51297
93221 96151
90327 90841
96356 99645
61771 98518
57661 81082
40506 75661
54354 64187
90769 99822
9981 38000
96990 98695
52388 87135
35815 60905
69802 80790
75416 79124
6875 80355
22306 87494
4557 93854
43601 81434
64718 70619
53946 72601
21721 38643
5573 56922
86600 92163
76292 94673
31434 77612
722 40328
43069 70017
34328 79633
42074 78942
2676 70551
86532 95997
30648 44120
60636 94393
71624 78377
90153 97079
84066 89077
35191 50460
14703 37732
98904 98938
50555 93625
39838 55088
94792 99712
10218 97003
55297 66406
25725 43296
76857 80169
15163 92210
64036 75085
22724 85674
79709 84112
79644 99754
50370 59234
95648 99312
62509 65217
92282 94115
47523 82322
98681 99504
76305 87216
79554 87820
70027 97925
10491 58028
76326 87323
63798 82445
68016 71144
57886 85133
25390 74566
18029 18960
67610 93383
14379 64957
19700 37533
6751 18486
30933 80965
50874 66107
41354 72697
51923 63732
45998 70182
64173 89028
61254 68120
36077 85346
81647 83146
77211 87249
88343 97950
46464 57980
88133 89954
97339 99365
64676 87044
57542 92857
22304 97497
92134 96636
74748 95124
33438 48365
99810 99875
26100 73796
51053 69775
54140 59514
73135 98683
26321 31562
44732 96007
65913 71817
52490 84506
4565 78053
14830 86962
44210 73772
53774 99820
38537 93223
22462 23021
96840 97656
23634 91530
21714 76811
23257 34231
32844 76496
26724 62042
59186 73398
48424 57555
11728 15905
6956 16411
93792 96560
85421 98802
42556 83832
51896 69590
62180 86901
17294 29397
85466 96410
64104 70677
14351 68831
90041 96438
18370 20447
21604 42343
46138 96336
1168 72805
3327 88087
26281 53742
98805 99918
17538 27002
6774 68372
64901 93329
29198 71737
84492 87554
17773 18093
23845 87092
56414 94449
49160 56986
25119 55611
51064 80753
14016 92167
94228 96150
88279 97506
18415 25013
38112 88444
56895 67043
60003 90324
18708 55585
247 53665
58326 73664
29250 95250
86667 96627
54539 91366
9042 86665
76567 76821
55264 78386
60556 95507
21832 99386
8655 51444
68505 96014
58833 94070
36342 84859
4574 23210
99695 99960
17527 58206
47503 79011
61107 82072
17664 67278
63367 69568
87243 89777
4903 60699
49067 64563
47324 68910
59095 96556
24657 30426
64579 70816
14428 15709
7388 51217
76272 98311
51914 62234
41712 55211
72195 89870
85272 88897
2417 86207
13796 90613
57549 88059
69298 95659
37224 77367
12803 84488
8053 86152
16634 82890
16576 34341
73708 73985
94248 98618
23547 50330
77970 93959
77449 89975
40497 47447
6736 50988
97549 99702
36720 87589
59473 59785
68900 81603
61874 86131
40496 46129
97909 99808
67564 78202
34645 66946
77080 95103
21692 27263
50034 52265
48487 71400
50184 80721
39706 64352
32461 76969
85540 88035
9894 31369
55681 76972
98479 99881
90625 96841
14547 57586
70485 87661
91519 98883
74892 88114
84138 96414
89491 90498
92423 97503
8775 33181
34752 35440
29372 33043
90639 91310
97977 98782
76853 80413
9508 72434
63178 94041
86899 87794
95017 95704
61872 63953
76602 86737
43447 65976
27970 97324
88261 97717
42183 58414
75810 95744
18629 58338
62516 96937
77272 84942
15762 76308
4783 32448
91216 91941
69420 89160
94380 97336
48949 51881
34853 67007
28600 70058
37115 55755
27097 52100
98383 98724
55063 77236
39320 90939
12599 81671
70712 89143
50386 80260
53642 96852
80314 84623
19761 85757
39700 84118
51755 79909
64097 95412
39689 80571
829 93204
38703 65968
1333 56494
59263 80073
52927 78667
68780 82096
31877 37439
39423 99068
37942 55365
18420 34118
52936 68035
6385 25362
56786 58554
88757 89496
35003 88225
76190 94744
84900 85085
95887 98376
52162 94593
30246 82852
30689 71648
32117 85190
65372 65944
13498 98314
60395 74493
59502 79066
71511 82112
31151 52820
41498 89788
67224 67810
16791 30173
39624 70032
35297 96097
72690 84883
94308 95056
3712 30541
21592 33768
35562 51169
35043 78506
78218 95270
94623 97236
64126 93990
80889 84042
7076 33580
11320 50967
24437 39520
33539 84255
35123 86028
26848 58254
36808 82765
59588 97680
16100 78921
3201 22879
76981 83048
6434 24042
13311 81716
87679 92655
14946 73270
38083 62696
58628 70319
32770 43378
23231 73042
57215 86097
25975 69277
98403 99069
90377 92276
13124 97646
74270 74673
38337 52141
4625 77339
76643 91679
56225 74043
71558 96368
73262 87318
64161 77231
31640 55825
14005 29990
37758 52521
5934 19567
90741 97905
29448 62561
61073 61614
54977 78635
22894 40685
4334 23246
33993 97270
12773 68350
56354 82120
75449 82498
97951 98578
39758 41841
86829 95219
41174 62009
23228 86365
399 96440
63410 64177
54289 99734
88288 91720
52216 86302
26754 94369
84074 99409
51733 95426
80167 87860
13040 98478
31004 75532
50894 82040
84634 99492
63068 74090
43042 45404
7421 13220
11134 34118
14227 78859
12215 93419
40464 80145
66520 99889
93631 94485
56257 62222
6192 37164
90002 91641
91902 99430
55307 73248
7254 67739
21546 39522
44408 70221
82858 91948
506 89378
73834 77111
12713 84522
4530 51939
70178 80142
7230 28844
72918 89365
47872 56216
15993 91812
84080 96741
20770 67215
91150 91343
71966 94694
87134 95299
81507 85624
46211 67932
84650 96717
40237 76906
56326 77742
86372 95535
5448 85906
8317 41380
71206 92375
52191 53797
73568 84873
99132 99902
19762 72528
64642 87096
91963 94628
86030 87905
22663 75558
36931 39001
5609 10302
78792 92557
59768 93050
78645 89354
8243 72625
83293 94115
71295 84692
64217 68762
83904 98990
99884 99919
42154 52145
82668 88930
3227 33988
79936 99315
72421 83523
40979 49259
73936 77825
19640 52752
34935 47064
42044 78818
95465 97463
5656 70394
44493 44729
98891 99935
21578 52445
99330 99981
91595 92007
3594 60065
78003 99435
5998 68334
98614 98722
64613 89174
14079 42515
5651 73933
10714 40599
54388 87555
4070 45007
18862 84379
73822 86428
91052 95776
11291 78439
16261 26450
18341 59077
70055 95425
47092 81729
10164 70182
6457 27613
27258 88567
50408 86338
61623 77203
5821 71400
51997 57634
79561 82329
27684 69923
76860 95497
21493 87474
66604 94703
88290 90793
54637 66592
41032 85884
7179 9542
67374 94874
1424 93291
81196 97130
94861 97543
55916 68115
54210 93848
56170 61026
22280 75136
77011 94602
30752 72971
26850 79018
30885 92856
63592 91855
47233 60103
49006 51304
20471 72785
40045 45303
11306 65160
40734 81632
98907 99989
21401 63268
49535 74730
81412 96451
97106 98173
13606 37163
25626 53598
68321 88493
13755 27545
31153 32598
83043 86850
79253 80549
39210 41225
24279 94926
65972 96287
30535 77789
13592 22319
75860 91777
56253 76386
26865 57550
62490 98139
4468 51432
50213 89922
25528 67102
18873 41212
49202 78178
80886 92713
40138 59394
65310 87677
15377 89304
55066 58760
30363 50030
16048 51652
97546 99642
47105 87750
3492 43055
16961 92640
59374 76120
67597 94805
17853 78471
79756 90132
95031 95466
72823 84604
43671 45826
73580 86032
49052 96449
86260 95955
28746 70230
15546 23368
8329 64132
72469 72545
28425 70763
93676 97327
64659 93974
80534 91535
40397 54553
36541 77386
76022 93346
41608 70644
30293 96871
95845 96559
68422 92878
40827 91717
48941 71063
89222 90675
15874 89696
65545 76732
75566 82527
46416 81036
81580 93342
57109 67423
47082 64939
98082 99937
29005 72374
20841 46631
1693 59778
47383 90608
24205 47616
88067 97671
79167 94820
95510 98658
83796 91662
13074 34167
69240 99285
27270 44426
3031 31243
54348 97393
11064 61620
27710 59398
68886 98026
94660 97540
70590 91291
40594 54952
72185 97184
55527 90286
79580 90775
43286 76374
53788 67960
29697 49869
14478 96097
6552 16810
91571 98067
32875 48957
28014 35533
21775 49137
18084 27907
11916 35011
40757 75637
16981 29244
15052 18750
61758 94749
62489 94457
73013 92824
35138 41151
65226 71559
53509 68162
99429 99722
39803 57415
61823 64256
21064 63095
5803 25271
26896 59614
65510 78274
4734 96956
84812 95664
18327 76724
80336 92341
63311 86207
35604 67614
96876 98460
97736 98172
95900 98384
65701 91316
6425 89364
25381 74213
91079 97521
22957 77392
42470 80435
81560 85956
46022 54417
92277 99527
79870 95141
26158 76263
45593 82018
57992 61444
42430 57563
61963 79457
34032 64788
80107 94929
55386 63663
23079 58504
52830 57346
98539 99816
67405 96762
2890 46237
32280 50694
40914 64091
6239 13224
79311 90555
27678 98906
17602 70350
39282 82450
30635 65559
34528 58919
35088 55404
18877 18994
13124 13559
89012 99456
73701 78089
37230 46102
92485 95081
47924 61166
70704 81311
3975 50490
51631 62969
25267 83317
72211 85883
20322 21145
26005 86068
85333 94427
86735 90061
34010 74683
78437 99710
10240 59861
29303 99453
43401 48949
31497 59724
85931 95724
57142 66257
21076 24032
2374 60641
51305 88571
16288 72395
65797 79345
57299 77832
21627 65788
87022 99393
41149 65349
50175 98940
85693 89854
3726 13124
33421 61160
51478 94383
27260 80074
62555 89660
83076 87842
9537 34468
3205 91785
98079 99031
59558 67094
98072 98172
56220 58591
74138 92431
57475 86560
3916 79265
27832 72700
62481 64222
71425 72806
76560 89096
63927 71610
91565 97965
326 60082
86473 90073
75951 89038
28794 38205
2830 16285
74185 74207
29092 85260
39689 57034
75767 77016
95473 97580
82725 89447
60825 94233
66012 93363
78436 97387
16286 82755
39178 44116
7627 65373
37086 60163
98284 99268
82349 84090
28224 58694
42780 56564
84067 96848
97171 99112
10169 30694
32254 36583
46616 74488
23660 79614
52184 70420
9603 25045
1685 48043
58681 60493
37952 97078
32022 81963
34015 98373
66902 68310
75553 99990
35745 81826
82242 92430
55850 61553
32267 84901
52522 54707
18566 57093
94063 95018
72193 97760
42342 75786
43377 73731
44358 53189
44097 55090
5230 87068
42092 75451
26989 30476
45443 47856
95299 95987
48802 52455
97323 98322
82959 89474
10803 94269
58311 61084
244 26625
21923 86185
17315 26870
74863 91074
46772 93890
239 50069
7127 64337
71346 78141
24404 79550
31870 67120
29968 79884
31987 89303
24829 50518
98935 99732
58234 97774
17153 37863
13516 87542
51732 76842
66537 99755
46590 80136
17449 33225
80261 84657
33796 65097
41153 74196
15283 31441
66347 76078
15028 89183
10205 89109
5599 18177
88324 94423
82114 94186
63950 67252
28876 92827
50691 94352
39656 66116
70153 84585
9616 75574
62946 83527
9262 59657
97207 97478
80672 91024
85651 95386
19064 36010
54401 82685
67869 90193
42616 62109
16903 73300
23603 71293
72743 98936
74406 97105
21973 28525
322 49046
75064 78790
21599 42955
94775 94957
37196 64954
13442 61576
67311 69760
5503 77365
44250 76063
7430 12326
10156 57968
27161 72837
90930 93542
55615 87660
5767 28558
75807 93673
61072 81896
54363 91114
35909 40426
48097 75363
6878 64631
28977 92934
10838 91005
42550 99114
82162 88509
62554 95050
54563 72775
27043 86607
63898 93674
23870 54392
60169 77103
15023 25549
61739 83934
85074 92577
27951 68374
59626 87705
88580 89410
94941 95479
89758 92554
872 43191
73650 93444
41615 51355
97180 97499
39837 95178
36281 89384
93577 96007
12552 70894
95484 97396
11982 23895
77817 80232
40080 67820
32069 73028
34721 93425
38980 84460
39150 84684
46126 73763
29534 69570
22358 71128
18776 94404
63048 74776
38648 66560
62450 70356
61232 82906
9155 94671
6618 25163
28849 49258
85623 85969
38512 92584
84548 96186
96756 99585
25108 39166
57331 89234
48790 85446
56217 88835
66043 83333
3383 25943
90266 92575
80490 95516
78027 83075
47792 77738
27683 66135
48824 60263
70107 84001
1392 32207
39380 41403
41034 60913
50760 51848
36105 78450
70116 84918
5540 62449
41835 98493
12335 87852
1765 70351
95674 97954
26742 50605
38535 86438
34060 74305
68142 84526
11830 75631
77788 99727
49060 62051
6508 26103
31965 97949
36870 49144
4336 24280
85640 99818
65773 65935
12187 90753
66890 70665
46038 77647
7224 24423
69048 70103
53078 73276
22581 29967
39623 70475
77663 80679
34252 36229
89736 96189
16534 85140
83177 83321
92379 94628
10854 55833
99993 99999
40635 62486
635 40304
68922 78094
50355 58086
98404 98736
14734 52557
75369 78357
25233 91438
9760 74011
76461 93572
9656 86316
77625 78369
320 21436
23411 85701
84833 85875
29532 79185
83805 96260
21845 57948
74595 77856
38931 69008
9879 66807
10274 44279
72900 94927
86220 89309
38066 99359
18260 39702
14186 54400
63998 99916
31298 73688
60270 88283
58781 63208
33072 71502
70255 91408
85443 98180
70858 78772
92454 93567
12886 52786
2581 46086
97011 98467
40817 68642
86150 88290
30070 98009
95077 95531
40076 71577
47618 89845
88672 99821
15543 56528
48346 92212
36962 69496
25328 70426
67825 77639
91243 96353
41786 43616
2439 49717
64652 96094
76647 86835
42414 81854
64303 80681
25854 53120
11 9595
72803 90791
39519 59399
72978 79824
90261 91420
74303 97522
43408 68290
40719 67204
93449 94125
71338 81221
6716 7170
79524 86185
35316 63786
89549 91656
84740 96871
62748 69766
86406 98863
51375 86169
45670 70012
46910 98232
43707 59125
53982 62152
20067 43023
91290 96144
38837 64408
5677 33068
27668 74396
11240 55397
35129 47001
35167 77326
44370 48734
13007 65877
10766 71454
88485 93953
42343 88829
21629 77445
44111 61629
94522 95305
46046 77517
3100 19034
95604 99603
40604 79087
83410 96015
63986 89627
21079 29315
49540 94420
716 84239
75401 83553
2508 98483
12604 31734
67309 85735
47786 62329
28406 74074
75493 79107
77436 79614
19192 50579
21147 65691
40029 54902
78106 78513
88930 89721
33098 73761
79155 82147
32628 96882
35739 97048
89980 92772
94260 96438
88224 92209
76224 83881
69885 91049
99641 99761
42315 89832
80412 91416
85967 99749
92095 99510
10630 68747
70731 79339
91748 93804
85629 86930
1829 89890
1544 95566
29183 46006
56716 93944
16637 93766
7114 69719
28198 84849
81578 83550
44026 53765
91796 93340
8514 10212
65688 72976
9780 72438
16251 49839
52807 75056
80034 99825
6407 42363
82593 84084
57135 83702
28997 60916
38860 40731
96163 99305
11454 26832
89050 92127
23940 42465
61604 72149
71544 93162
60989 71136
36243 45973
84787 88966
70829 83795
97073 99565
8988 72044
91649 96024
3161 84616
72571 83972
97576 99153
76273 80038
31080 51847
49619 91081
40908 62284
72930 93074
73469 84614
59841 71680
59707 79347
62573 95460
96769 99746
692 63113
1184 62100
62274 97364
85684 94462
90695 96401
47591 87305
13463 57082
34231 35064
5957 60875
95369 98644
83330 93841
30953 31433
48475 60277
98195 99217
11424 56185
95233 97153
34230 61052
85467 92068
39395 91010
33727 56985
76494 97672
50172 72363
6881 41310
6992 92873
79371 83755
78070 97420
58839 83680
48328 91277
38948 62933
23934 87502
44462 63517
91547 94453
85864 96025
75116 93667
92526 93531
82341 94078
95824 99619
20168 33178
40389 90523
18235 28858
39367 48447
13553 69730
10046 87321
96513 99795
68390 70205
92834 93631
83640 98561
77080 86487
65440 83741
29415 44787
40256 86888
66287 77498
96380 99089
4456 44048
33677 44266
39982 68398
33005 55455
21374 34649
89949 94899
62513 90933
530 82050
65828 71829
63330 77908
73057 80650
44952 81286
59972 65991
31567 62161
80471 84041
67604 96038
47733 57978
74431 85050
19639 77363
75574 88244
25366 94270
24796 58066
839 15543
92104 96443
71009 71762
86235 99956
80107 88078
98039 99929
29501 80563
7503 24703
72705 87438
33097 99473
23476 48930
46022 60717
20395 41365
90728 92077
94142 94217
81830 84515
55142 95094
89933 99565
42871 51684
5936 17419
4884 96806
27236 83269
59429 81412
14870 50506
6633 10033
60649 66942
72975 95172
76158 82663
53991 61960
16202 40632
18417 64005
17464 25993
67654 98189
77780 87245
62719 94126
12952 84417
91983 96209
48323 61721
13367 57396
23830 34268
2461 9632
98391 99276
83664 90765
65572 93261
12212 34774
85863 88119
20938 65814
72358 72485
97841 99976
92427 97758
6295 38680
30796 93716
91050 95494
12887 43310
53969 89916
79373 95132
26467 95170
28283 40440
82810 95414
52909 71927
28374 45552
53434 86077
71076 91975
76584 83739
38793 86742
51145 63767
89767 93208
83525 84536
93108 94459
45452 69075
41657 78092
56428 93281
88235 93139
36870 53766
63563 95318
81195 88250
47116 54945
81338 98945
78487 92943
31842 43574
75228 96725
64476 71586
33582 91978
60229 69030
91811 96695
14785 24816
15176 38836
719 41456
77490 80206
87882 93913
97948 98160
87110 94382
45794 64003
51414 55422
84183 98710
24458 84758
82004 91235
91573 92831
2102 69177
36996 82667
49468 65016
65412 88539
52183 58730
735 74217
27135 68709
62768 97169
20862 40905
7622 72813
11697 29095
15431 70855
40007 67915
79306 83054
88792 96611
34011 53917
47485 49430
79864 90593
26456 77520
23320 66089
12474 19737
73118 99947
69114 80888
54093 85890
71889 73193
27263 32855
65927 98931
93513 98733
54196 85491
15584 77381
74094 91797
64864 86453
72276 97640
53017 77035
98582 99143
93152 97886
19919 24700
26571 92259
41906 80340
88005 91291
97904 99922
78514 82808
45738 81235
10840 61697
9351 96464
54590 54686
70453 73670
49382 64403
18852 74179
51797 98045
38706 74708
1507 39644
17543 30790
2523 59100
685 92767
96072 98780
65037 97789
46481 63157
33145 90169
11366 82341
65821 85073
63114 75603
34454 83842
1347 10892
54162 77257
33626 92755
42608 82582
65649 69396
11088 30706
38243 94653
27286 88175
8628 95537
54352 84043
32393 47253
36991 90987
63187 71702
40205 90359
88442 98575
92690 97362
6388 26366
97687 98551
75724 85841
54072 86076
40332 96551
23293 28325
25437 43563
98954 99681
72258 96417
95264 98677
65625 89183
39816 95512
2801 37481
82086 89900
73903 87999
11898 66392
30494 49342
62260 73056
35746 41538
22023 94242
97903 98053
29757 30480
17947 97587
25848 91043
26594 93309
55369 80264
47285 61521
80870 88701
6603 84985
50963 82425
68595 90927
45240 45437
4938 67539
79548 87414
54878 76030
99922 99923
59844 84185
46720 90942
1956 32007
85248 85458
66445 68807
78229 94896
26706 75913
4748 47298
24150 38982
91918 95937
7148 38405
36027 53023
30607 36391
7165 79534
11597 58737
29511 50617
18008 76325
72780 76726
46241 80856
18846 95816
64838 78751
96732 98827
11869 19242
15596 29374
73190 81985
9607 73773
39891 77040
9885 75862
57217 58294
2683 23349
57436 79430
4329 9918
29412 80527
5365 37463
39398 41629
79941 87973
25828 84003
41349 56730
56884 88582
48721 60147
82333 86843
19495 27490
40604 74466
62297 84420
9877 33899
91420 95347
78700 79873
64965 72965
34079 61857
47188 97415
92536 98335
48194 80282
91294 96545
47475 85884
23818 61325
75383 84058
92405 93331
61538 68979
77546 87627
24479 24488
86566 89580
47785 79246
41009 83452
49569 51390
65088 99426
7230 90077
21135 85494
33911 90969
78246 84527
28973 72120
82831 91372
57979 98851
28090 69500
80249 87928
86318 98194
78121 83071
31508 90787
64546 97179
46095 61240
9050 86802
43645 82727
16329 55157
98420 99391
82074 83026
35778 51880
45263 47628
5347 7452
16639 37069
81810 92990
27723 60809
8702 75448
20355 23086
5709 42405
60958 96357
34143 37143
13176 33242
16504 67801
37249 65169
43344 76862
18546 64996
6294 44175
67378 75173
29724 43035
10503 94720
24817 30673
21857 37448
12138 59836
19837 24192
46273 66988
13794 63905
61073 95940
86360 88859
64977 94788
98239 99998
11111 84242
2123 3005
8698 34518
27607 31155
38988 50292
53722 71718
5864 71535
49906 98216
34954 77462
44326 74128
56902 83478
59612 61302
92668 97843
44205 47183
55388 90522
52165 73614
81702 99764
86257 90147
78807 99138
8312 88321
43687 79521
24056 53914
74813 84972
95033 98949
99253 99983
18141 96192
56145 56898
28086 63103
19188 48752
72218 97066
90293 90790
73308 89318
63191 80618
84231 99812
5946 35675
17158 71034
74134 82024
58508 70827
15162 78198
98775 99838
78287 91175
97597 99711
98277 99229
33460 50629
91604 96197
11601 79650
51084 80469
80553 85450
40340 75975
85983 89537
58443 59830
8354 53508
40818 98074
84493 87740
11907 39787
60215 69136
49183 88255
14609 18039
79551 83653
11645 88244
54337 79337
81212 96252
134 22936
86958 97941
37415 50810
16242 98560
59532 97472
56973 70765
64261 97485
94584 95334
54339 70706
58922 80621
80626 84547
19633 67538
87670 88739
3412 93371
65215 88651
4794 32964
37633 59630
33326 65230
12124 63073
61592 91017
28582 88371
71573 92904
42529 95681
96789 99127
70189 72201
88243 99102
19903 80651
94449 98527
24399 78249
85017 87810
22286 78725
80574 96842
34830 84993
71835 85740
25570 62551
3477 65182
21716 27110
17593 69869
17549 53738
37213 69248
14608 21053
92862 95996
47728 59653
68504 93041
31168 39812
59985 83763
78231 87840
65574 99762
66799 72217
48297 48857
3717 89047
43079 68938
24069 69766
19797 40895
64034 91522
76382 84834
19650 41854
50159 66763
19926 75068
89980 98763
23460 32052
37688 83962
89452 95030
67664 83693
92103 95762
14998 96977
54526 79102
20232 40918
49276 81011
11664 48056
60627 72088
62123 78141
64180 69422
30338 82078
99716 99720
9680 25756
75271 80206
72487 80076
75674 91630
39977 67244
82967 96404
80143 94495
70717 74830
37381 94916
83509 92477
25934 27284
17294 82457
60498 97632
44123 58962
60692 88284
49796 81635
70919 83027
13542 64303
38726 70831
16061 32282
81329 91370
96298 99771
34295 48770
2034 41115
79133 82064
67019 75134
67567 84678
73390 86733
39557 67399
40823 50975
45512 70867
36942 93797
95766 97072
72158 80756
42712 62824
58621 92587
89727 97920
81106 89283
15968 94173
28677 83534
52783 83190
71360 75316
6585 68703
68252 84458
69845 82871
23116 79002
65447 87944
54692 97629
8538 85785
88968 89545
52655 79694
52092 93289
42741 80839
54483 74708
82412 96762
92171 99456
46301 77149
40148 64316
2296 29654
6698 42579
55199 89969
68095 82570
83804 85498
63590 94144
77229 97546
45456 60837
17909 44356
79761 97552
20554 66673
43268 91919
67425 78059
21678 88981
62172 86731
18949 53184
88439 99417
61989 62924
68762 87423
44963 75103
25298 64208
77413 87084
9123 31588
83130 97478
39332 82019
91803 92693
90264 97062
59949 78637
80414 83018
75816 76637
70381 73552
10296 67770
20111 86832
52635 98579
19334 46193
5058 18608
60632 87701
40284 70018
29494 76550
31226 55483
85293 89595
1997 60400
28115 44813
98056 98804
80199 91063
76218 96068
97250 98329
21901 48524
57560 96079
93121 99168
60994 76847
87882 93157
69169 81700
88649 99136
61827 64061
7973 26023
93305 97971
55784 65264
70961 77281
32772 89046
68684 72882
59483 80904
47795 52307
7137 11096
32599 63452
9830 50790
73122 88014
99596 99795
50887 83580
3462 21664
11065 27414
12131 44164
95282 96816
67384 86592
37662 52360
75509 93884
29389 99934
99291 99600
10749 37689
74709 76760
66720 71059
98070 99002
74435 98830
75433 90117
60215 63111
23418 26035
66596 69309
42647 58288
27209 74817
75820 90693
34134 52961
10150 94055
93948 96387
67162 70897
63273 70170
53326 60870
54248 72945
32275 95237
7375 68364
73596 97354
80797 97124
57089 58775
42687 88351
60019 62424
59757 77541
60099 83865
24698 55558
41015 76022
97122 99096
58710 92513
61625 96080
31776 92990
68361 81995
10264 18570
49298 91255
21664 66706
37910 46806
7516 62266
22097 42246
85372 89169
78572 92165
3210 65952
55832 80424
65081 94625
90325 94224
67449 72289
93135 94956
36350 40822
59941 85869
95029 97672
35038 37249
16313 62779
86834 89292
32065 57163
48770 97768
87154 95442
25340 92569
39991 42604
56067 66630
4847 18152
77578 80629
76452 77172
75414 91948
70619 72158
48377 82553
68648 70693
42111 78556
13588 65367
98258 99175
48169 60454
95838 98605
96819 99264
93107 93893
68916 88363
836 79066
19234 65292
72007 76535
23348 55532
21922 40556
40596 86481
4088 26821
53483 91646
84243 95491
56693 70046
48513 77684
75920 94400
24697 29777
65113 99853
46713 65953
87492 87687
77322 96073
99141 99649
60291 96198
89168 99952
65751 92456
92015 97686
31313 44834
86707 89576
33522 77196
40410 88707
29725 85333
47718 98395
76612 96002
47460 54619
10443 28209
95756 95860
26894 75155
86730 93019
59819 75646
26496 80723
32367 44286
53382 71339
91907 91927
97452 99963
1812 57590
3870 21466
44831 93216
85931 96739
9964 56190
64658 86901
43393 67727
90579 99748
32912 47104
24837 38422
96646 97443
89624 97124
55141 86658
76675 81048
2204 87024
68855 89911
75363 79816
10898 38827
77417 99617
20295 50160
19672 39491
64958 83930
89063 91827
59743 96543
3181 80369
58564 68119
26032 31017
26881 43575
85252 88260
90597 96978
8161 54133
32414 56664
30190 90763
64654 90952
80956 87229
41907 60122
72376 76032
98858 99542
61038 87260
13563 46123
42710 44335
1272 37023
8446 80677
2622 99666
50048 85587
36676 58630
15659 87955
26416 82421
16327 30421
55465 70044
27 19395
88989 97314
16530 30413
35313 68943
60195 95275
88706 99394
28102 37861
37555 54846
70982 83943
40375 91630
54827 93157
75038 92648
13842 65670
11404 11737
70039 72331
28199 52466
54937 86425
76419 86464
28670 70156
39900 93575
64505 72029
83305 88048
80033 92262
32307 84649
5630 11122
97100 97344
81967 84594
48877 87806
72323 85615
32244 39485
84264 89776
57315 98849
88892 96916
56813 58572
61582 91899
23429 86211
66073 77784
80747 84436
29909 33767
85093 98535
43761 68513
66743 87954
20728 50019
95176 98912
51031 79935
27409 91712
87525 98821
45612 51431
93514 99530
82204 89901
21786 44617
20439 68408
83712 91125
23652 55076
63333 95103
67747 91090
10580 93429
66488 96774
856 64332
99430 99902
26948 37033
33679 99155
18409 80338
23830 35965
56152 58665
93390 99613
71960 98078
97143 97734
71580 74036
4619 43811
80550 92796
35409 86596
58040 93901
12516 28412
44085 87153
80830 83528
31224 95504
15119 90934
52363 96088
9705 83929
52234 59341
20284 57723
97194 97581
89611 98058
50827 81611
93174 99923
3340 63079
28361 50423
21491 92902
58250 80246
91229 91428
79166 80417
52411 86820
16816 51425
51805 57735
48838 91602
48656 53458
92975 93546
41205 82392
33513 97984
91017 97726
75440 77163
59242 62795
71633 90512
97029 99478
78773 83932
10060 38862
24325 62898
35526 56064
20413 32091
6198 58916
59377 76153
23525 41076
52152 65923
99741 99751
39324 52721
85768 89301
36529 65305
42537 91373
90154 91873
89899 91251
96209 97916
15826 84324
72193 75405
92375 97639
78058 81363
4168 77823
15906 83462
27888 54730
3018 27681
71056 93557
69182 83525
91357 96266
10346 54437
89870 92722
26191 26730
57381 66463
19371 54514
96704 97738
32163 71514
41267 90952
39820 58521
40320 56049
7056 22493
41589 84142
83883 93624
41391 47038
90556 97071
3985 68558
64937 98571
13717 63118
53067 54166
3556 25851
89557 93749
1900 20090
39189 60884
75066 80158
37749 57269
69560 71697
4489 15190
87987 97328
72142 73860
13690 40011
74156 93446
70309 92091
2683 39408
45547 70099
98413 98959
20504 89737
96816 99800
75929 90340
89535 99197
69295 98895
58256 76786
33254 33415
4727 17900
89660 93275
26309 51496
60173 62110
5858 67673
63881 70592
95210 98766
93944 98060
8750 11772
87562 98084
90174 96323
62282 95181
38705 94434
72679 95727
89101 95785
36732 66852
17734 29131
45853 66287
91580 95861
88031 96286
12886 79407
15419 86091
82191 94248
80586 85507
69465 88605
5146 84783
84442 89521
73319 88035
767 17813
43656 72924
17811 49181
98457 98670
70172 79393
20228 46222
93163 98671
24078 87694
73742 74926
86758 96618
78872 99096
83947 93719
63251 85725
54157 57381
46019 90039
52216 64744
39567 66195
10401 63423
8160 93677
75229 76564
30348 50601
17777 20301
13215 38205
9681 14505
82368 98926
1269 94417
55254 86738
15044 99530
29049 73617
24429 63472
70202 84138
71083 72251
42449 73608
6910 76172
54262 77353
15688 44517
2143 14931
83716 94859
31070 54652
96719 99843
49452 57798
91792 97990
29006 96939
73541 78224
64316 86024
9448 71383
62188 70714
5893 27366
73261 84374
98396 99004
28071 49527
58566 66579
11596 92889
11332 27765
37174 84351
86761 89148
9728 25841
13492 61523
27353 96132
96905 99970
77055 85981
31495 79996
39961 60414
91960 95868
11743 80319
1005 24133
28470 85620
89936 95483
8033 90483
5437 42546
63197 88801
50537 96539
46849 49824
45132 85877
99707 99783
2895 22313
57957 80980
21585 94518
77333 99654
24219 90103
57360 60914
86100 92978
95738 96435
52383 88430
74689 92003
53588 54217
42660 69024
21243 97917
78676 98678
64002 84017
15240 47183
96073 99421
72447 82330
72056 99714
74975 94043
18932 24847
90509 93031
15697 85274
79956 83876
95288 96098
57751 76116
4221 89449
7137 56008
16229 77695
22447 73390
88773 89491
3365 33817
14202 27974
61232 99313
81254 93778
99242 99640
78742 86798
63067 83544
24910 78062
45456 94793
83051 87826
68871 82120
99884 99887
34678 63918
91813 93223
57648 72931
8396 29474
7098 60403
28814 65446
20457 57695
96158 98118
31365 76625
97167 99506
71022 88900
64359 66694
21930 35350
82828 90183
42705 47866
8336 96988
96538 98038
21765 64075
64215 67763
51019 88233
87786 98346
85236 89043
21108 83193
73073 80505
8822 87159
49676 76738
35898 79501
90094 94386
53161 99971
36389 76337
30658 79503
94540 98358
17265 84303
83395 85428
637 8400
70353 74554
91338 94209
93727 98684
81377 95696
62234 99188
43065 51099
55419 72786
42329 87851
3612 73504
57312 57443
64690 69518
68647 84603
72800 90545
4404 80629
43592 99635
10401 35591
65867 92909
32723 88666
82877 96007
24807 84293
21205 86521
87300 93400
54459 78134
44181 53127
95782 97495
25809 85170
23613 61544
64522 72094
67904 69525
72743 83417
23435 74460
97998 98937
33766 97847
18152 20607
14771 58378
39975 95857
38028 86492
56999 61881
12317 20217
3683 35800
48213 84655
51905 55354
86486 92167
74622 91402
33976 47254
15477 19875
70527 88279
26237 81993
91694 94049
25415 80895
59269 68162
44160 70990
40319 77552
24452 51074
61388 93966
63039 77265
34011 99593
57315 60366
41296 80801
86267 97677
74600 79282
14131 90119
28284 60789
90375 96952
26261 72042
88226 89786
5387 55567
1200 91909
69876 97892
8651 24465
88753 92436
45619 49385
36995 81515
29420 47762
19845 27058
78615 84326
4575 73191
50936 77826
90483 91941
88012 90000
97429 98634
3034 72168
3284 44269
21129 39182
12353 23620
39328 52206
4961 87495
51596 54422
63400 74312
68126 90991
20160 93248
22820 71973
67569 88967
37344 89442
88343 89224
9553 32822
79977 92236
8706 18380
15919 77713
10704 69880
15028 35405
71922 98628
78323 85192
59750 93689
88995 90103
3736 32768
43026 99242
95712 96428
6255 52551
45987 68671
53730 62213
76127 84831
58135 64239
62513 84329
45515 83356
86367 96647
41227 54013
12533 30623
22940 99353
94502 99293
99313 99483
56998 93548
58233 71161
83500 91229
39490 94248
87973 99826
74633 82433
92529 95939
46420 96552
53522 88763
22300 84004
66327 68579
94615 96378
65447 93616
95221 97678
35350 97668
68464 72388
62842 84082
52671 65226
62225 71870
61857 75054
74620 79890
45247 74769
68950 71876
48326 98834
44983 93796
51080 65420
87589 93471
83215 87576
50706 83466
40565 71114
25875 68045
15785 44641
16569 66812
14310 20424
10582 11524
87178 92461
27199 78922
5084 42830
73457 96841
67377 72713
51627 65341
88945 95615
16561 68434
28984 42042
53860 80121
82265 84257
9969 60024
10372 40411
19767 56731
17984 52154
11105 15109
94274 95512
20535 21234
43684 70375
76893 87541
36283 44184
17922 74810
65991 99001
60810 75565
95980 99105
10352 41977
55711 80313
15045 43081
77548 78174
52061 71410
60886 83091
67986 69957
87108 88449
94619 99288
20704 37368
4665 97931
35357 95492
35538 82126
77506 89454
54571 62037
67777 77668
6940 78509
44338 95731
14475 74647
16136 48844
24920 53183
84297 96614
42878 64715
44536 98004
70688 76692
48253 53580
61758 84796
69674 78652
87376 90599
41360 46262
22130 97853
82511 93526
63388 74062
97728 98658
13298 39743
48657 76115
97774 98410
65508 79370
4751 63521
71039 81781
83361 95458
64127 75287
8942 92849
90656 93132
6705 66607
8884 89204
73768 90612
22926 77409
54125 99036
21929 31957
87789 99703
53550 54889
68741 97103
89351 95098
76920 84478
69588 72878
21933 84419
80100 88432
13045 94201
23740 90388
3707 14448
33851 50629
92862 94383
63843 65955
70948 90773
11658 16750
90045 98746
22231 69863
57711 58212
71762 93449
14859 46181
96047 99325
17894 77273
70507 80898
73327 95279
88930 92178
76931 79497
8540 28023
39816 84072
44492 93352
30082 93978
37876 50354
23725 45069
99138 99842
20584 76889
23431 95910
47778 74532
19103 76318
94047 94096
87083 92662
98463 99759
44010 53094
34128 83585
67137 81029
43994 79132
87543 91030
72465 98981
95978 99864
62204 89275
86933 99682
60095 79740
62023 87667
68792 84737
50379 55480
53203 54078
14016 60686
80352 99042
48067 95315
62269 76335
95123 98581
36709 68911
82913 88524
17836 91349
95115 95926
78810 82901
78687 94714
75882 88932
34523 95863
53015 67873
12079 96175
93072 98262
86836 95338
67648 83752
41593 74375
85294 90036
67270 73021
78803 90118
59837 98871
87446 90076
14894 91939
62857 64692
19011 98222
7724 69671
27374 57602
6787 54121
71869 99038
19204 28835
23198 93129
70799 96157
90318 96400
73414 96395
20867 63601
40859 69865
263 55969
73579 97449
34333 83157
89967 96610
62079 78862
9061 10735
74918 88802
76640 95876
78132 89219
89470 89773
9997 33930
75046 97993
65373 78267
50162 56950
95651 97184
46295 52134
80872 86257
71314 91315
73398 91298
27017 48466
23004 28612
28762 79453
49084 71289
57763 99731
23486 26844
69623 87287
50626 91748
51406 93189
40082 46937
40555 60640
80185 95008
32522 92032
99012 99589
71492 72097
25921 96686
1345 40455
18604 70228
11795 29395
31087 61132
58575 89891
38671 64208
18091 96542
60847 65226
94680 98569
32677 39215
87302 89878
33478 49956
93932 97364
26468 76672
73126 76375
83638 85397
68850 83066
98509 99036
52987 63632
27452 96853
49812 49908
15405 84484
17969 24261
13652 23645
78191 91031
17952 78304
19909 69469
25688 97250
45894 47181
42601 48926
83515 97583
53714 68300
45425 67105
51962 56132
16986 37922
7876 25637
61425 80696
30719 49611
9118 57690
55802 61146
56653 86420
80960 83687
73695 85974
94721 98731
28901 66242
99269 99282
81702 91513
81425 97229
10805 47398
79818 96890
77626 87434
17139 45769
28540 55191
87254 96228
80806 86744
70226 96480
81933 88866
61266 96244
34075 89326
71754 95444
92972 93528
6459 17416
23837 88469
43503 82339
48537 93017
38292 80336
26563 65456
91581 95622
18966 76391
77846 83289
34707 68608
18455 31047
18625 71071
85708 97535
60646 81307
69361 97505
99164 99457
82197 96104
60152 65148
70238 92579
83645 94761
87628 91073
65392 85925
48157 95105
32783 64381
17996 57931
64838 77104
41342 87556
76903 79774
89770 95811
63374 87186
13312 24424
91827 94010
37439 97579
50992 71005
40102 63287
83361 94781
37045 64013
26896 45304
83196 85533
28572 80621
5709 41860
50216 97034
30613 88907
476 56985
37235 81781
15318 96226
79199 81138
27157 79063
51495 66721
11919 60592
17919 31835
5069 42235
15577 61639
11819 46293
74745 84721
67237 68482
25589 82549
24770 31112
77096 86771
72655 73016
49921 68934
16382 55426
1589 19006
33088 89757
92561 99434
26921 40645
19098 77662
46284 50623
24667 53988
38889 62831
67586 91128
46577 84604
20825 40176
24433 70388
18312 97358
84489 88889
72332 75983
28391 43306
26098 59132
29296 59589
27401 89268
90118 93726
68179 81271
18231 98076
37595 78668
56409 62325
79770 93569
94275 97816
16101 82948
82748 98983
20427 59896
8719 46039
92050 96936
45913 61008
97956 99119
57523 77458
57422 58473
44820 56913
81030 94522
76785 95202
57119 78464
26680 67171
18938 72586
93764 96619
37231 68159
84017 87406
81996 99741
79316 98028
13288 99734
45355 66434
42283 86881
32149 85630
31120 69454
43206 54023
60780 91832
17925 84155
98454 98810
3193 42307
85396 87792
33896 92224
3433 57389
57155 92326
63058 86384
94412 97556
52832 87759
31542 50179
24890 68088
93624 95169
37516 97399
22540 36717
80626 84125
3947 87727
99019 99048
23353 69061
76531 88265
41899 61831
32764 80280
26874 84242
89739 94225
64499 79217
68756 78463
88850 98278
19879 87539
47825 98825
24933 70214
23680 48817
49462 58306
52173 62997
55603 98669
87859 92237
26049 68678
81312 86930
12587 56175
52721 66090
10708 50711
4397 69829
66310 99186
88114 98715
91679 97275
22988 72250
52113 87783
7712 81694
87021 87454
86756 98711
19037 57634
15828 32258
84217 94987
75972 87794
33865 95034
14684 15330
16620 45550
44119 60192
99571 99844
32582 42682
54896 76068
42292 44341
38193 77679
60534 70699
88459 99503
34802 43164
56421 64573
41462 88250
74594 77496
36457 90359
50646 64353
7656 82245
72380 76189
60095 84878
24973 96038
33299 44355
5255 27660
2141 5498
8450 55874
78472 99026
30694 48963
43304 65049
20860 59529
35075 75361
8556 43784
19879 25963
60700 87238
38629 81282
38414 87466
75770 78113
24969 96906
42957 65791
43775 55407
62832 69790
67406 94177
6825 69507
18997 21978
21845 72924
76847 84528
1068 30990
77628 86743
58913 59062
58440 80758
53004 86921
19727 46259
96353 97815
18241 93306
11579 52650
70815 82749
56348 80191
19958 93581
74638 97188
638 25298
49547 62998
1051 75042
78906 86001
61839 81556
29160 32895
72767 84450
49220 69832
1344 32264
57767 60544
30827 75046
82860 83823
58103 78949
48355 49769
10752 65197
52410 58240
96686 98042
84684 98719
70914 72664
28764 86751
81428 91003
50474 74487
81524 95485
23777 44456
60657 79872
67243 72703
17099 66477
55120 70690
5384 47043
93377 99399
92625 96050
66162 89752
10007 76491
59484 88029
93201 96271
93818 96575
62322 92332
48882 66035
27044 95262
41069 80925
52182 71690
30692 48952
41952 97221
98688 99937
70066 98626
73675 88455
7643 30978
38807 64118
48862 90241
46488 93347
97170 99709
43403 63658
73549 91543
63172 85938
57704 80355
20253 58745
498 74277
11899 69890
65130 77577
43431 74697
76996 90233
35280 86814
70687 85810
59548 86320
29772 55870
63803 74370
98967 99005
92823 98319
73746 90633
23008 31066
47887 61372
73517 86356
29243 56355
53519 70426
50236 56523
3613 44869
59762 88945
606 18698
37885 66839
17191 35394
27546 36199
2243 61116
94440 96476
1896 13396
12562 22489
52034 86726
88408 98157
44678 83274
98353 98526
53668 59875
87525 96685
11267 20236
76558 99523
89111 99403
9982 22314
64497 78181
43617 95718
61006 64252
72898 73718
10998 85362
22762 36370
93443 98731
89103 97104
99955 99963
94167 96066
73314 76674
47193 97775
54004 82322
62852 74493
26841 84950
40617 41968
56760 77600
51457 61715
93752 98486
73506 95262
48607 90072
70270 88911
97499 97891
20492 99364
40887 74258
56979 61633
16245 92633
41891 95546
73860 75507
94967 97165
473 73040
8453 19915
726 56931
22182 65372
86281 98536
23381 41968
60552 89256
459 98535
54859 65975
42500 65260
41324 42443
83606 96493
39699 63274
32321 92698
3860 78725
83287 89793
50897 90957
44908 95797
88355 95508
951 81282
19590 88820
25575 26232
40995 78401
45472 53826
17250 96125
31906 49066
75686 80285
10523 70394
71127 76047
69381 99872
38325 49294
16640 64438
50620 89469
27107 42139
86701 88082
20204 56854
51809 90308
53439 85823
2032 55414
35382 75054
58004 82453
35172 50276
19550 73905
74432 96800
87018 92451
12662 56399
24385 42089
35307 44769
80216 95152
78489 91834
77023 77788
86071 92111
89215 98172
20311 88782
69664 93531
64410 88920
78076 95599
49948 95711
13532 34926
23005 58841
22761 79125
58124 78790
95475 95510
10382 76169
37854 94746
56106 59568
35443 96037
95791 95960
88280 89409
17590 94423
65905 98077
34385 62923
54794 72658
35298 71631
17989 65370
88049 90925
67169 73947
36031 54273
92650 95625
1845 52973
20931 84213
80180 83994
20673 60920
85038 86746
21760 67431
48018 54031
79439 99626
34598 47705
79663 87971
79665 95654
69930 71721
50929 72740
15528 97154
76446 86054
62351 82769
10039 52703
59523 86625
19110 32680
48515 54512
26575 60572
68781 69239
51592 57947
64662 96973
54625 84999
4786 93102
57501 88460
40517 45248
78649 83088
63866 98344
82342 83602
96074 99197
29961 57389
57577 94523
40923 46395
62404 66618
12806 44873
3934 62398
23768 33532
92123 95549
76066 81023
53149 84848
27972 81401
7146 7848
32700 40397
88338 96397
67569 98471
28381 33818
80610 88513
23404 39249
52549 99219
36357 41861
61303 97204
91233 98093
63990 77835
38299 56864
32166 88664
38378 80735
75519 96184
907 63947
46247 70206
15411 97715
13719 53109
44030 92828
36142 85317
26742 43839
33828 57245
5457 74156
13649 65682
31024 77631
12238 74055
85813 88203
40193 74790
63418 99015
20749 74820
34110 99472
39870 46265
39263 59068
50836 64873
58916 84286
77371 83462
21696 68241
20342 92760
40581 98709
34226 50714
81981 97243
78488 80350
95762 97004
19426 59213
11504 33181
67082 77208
15964 93605
36499 43685
92111 97054
11148 36942
54597 96186
66189 93490
11631 98992
68494 70692
55211 56516
4341 86636
15897 28101
67774 79327
98554 99083
25244 59425
84676 90965
3321 24711
48756 71298
65804 76464
1456 4545
67082 74908
75657 81757
7968 41469
52984 56217
89038 96874
691 30590
24170 81262
22232 46344
32869 35670
38622 54258
78152 89090
53738 80353
26889 71239
14568 69302
93383 98460
97111 98029
4025 61014
58210 67051
81906 84513
28005 39707
39448 54971
71512 86979
49467 49495
90915 98663
82990 94683
41231 87983
77346 94241
93698 94396
89561 92144
77103 98762
50673 98227
17947 56981
54901 99211
15700 48270
11069 34069
43612 96481
39390 64647
89442 99402
62122 95130
97791 97865
74924 75967
40414 78690
71335 99791
26901 59057
30575 37771
76704 91338
67736 76473
98619 99218
77276 86704
17512 29809
69434 98224
72843 90281
38490 62868
51713 61401
89270 89978
32118 92937
45000 47455
29337 51685
87176 99962
51461 96821
99574 99609
52446 84796
99786 99950
12814 26099
71673 97914
46712 46933
93446 93812
81053 83390
41573 86592
83225 90721
6131 29467
25747 88038
39839 99442
80948 86954
59860 88555
7619 62003
14832 59426
45876 46354
33216 40952
46525 64825
17981 55014
62920 65666
93849 99983
51205 99442
51353 89086
8277 58645
85019 94102
86547 91720
38996 98017
26858 93954
14865 51362
27155 44554
50814 82118
53989 91982
52595 81676
71204 96007
72979 96095
3677 92803
45030 96040
17643 36776
49862 79774
14114 55327
84808 93890
23753 58531
46326 91663
16584 31217
9127 58662
19345 37870
19266 53128
66690 87331
60997 72246
58699 71526
65513 98308
19444 87741
22208 81744
3552 7965
18586 37470
73003 84584
53012 72093
9351 79666
47905 86150
44297 61303
33025 50577
63876 89619
10854 24338
58301 59826
59018 86462
90004 97297
77846 91360
40063 93792
1279 68292
42226 50651
73918 94806
10078 41071
97712 99825
47126 68614
64019 76315
66713 68721
90504 93145
6019 27235
32772 71930
72320 88532
3578 8282
51549 93952
81102 94098
75684 99363
51065 79491
87324 96592
38358 47467
16605 95279
89428 92948
80589 84503
79084 93509
98211 99186
64621 72926
12261 53045
26854 85901
41977 43114
49635 64204
19605 66912
76644 77886
5239 51514
7335 57320
91529 96846
42843 98840
55637 77497
80386 99694
43870 64638
27240 32969
47322 67019
99475 99997
8951 21957
47477 90243
755 51708
63676 92426
45612 81548
62294 82649
28998 94214
88066 98326
73271 95589
27648 87175
61889 74930
61215 94053
71085 74200
14191 37419
10219 26153
6732 27440
21554 79468
72450 84056
10559 62018
29076 48822
64857 96656
57030 79294
27984 46186
58146 71187
53955 71875
40250 50894
82454 89676
40933 75826
91934 94365
94174 95849
76149 87429
94584 99867
94593 99561
33982 52716
23514 57189
82554 82684
19589 44303
65817 81042
56223 62458
8439 73915
55425 93011
2173 19199
43398 48111
11797 34391
76385 95359
13169 48323
64858 84312
34325 34693
336 65465
67286 78679
16049 88761
92308 98161
30836 51896
12277 89475
38043 73233
33512 48431
53667 85422
52909 67725
14625 30175
27865 58981
59182 70279
67180 75601
71486 97836
48598 99425
43455 95675
89945 97033
89602 92708
27632 72873
19108 57612
31436 91912
22337 76565
86514 89185
96356 97140
36910 58818
49237 65180
70034 83618
70066 79819
19391 84114
15434 32663
1069 18221
55261 67246
45024 79905
7095 96906
9052 45498
10784 88444
33364 44302
91812 99521
66381 98799
30961 57764
31293 32312
67825 87256
43385 75330
21609 21775
72382 81127
96329 96455
97352 97493
1512 68747
74164 83169
17156 99557
80065 80834
54061 59753
94104 99804
78612 87232
95035 95305
19821 29340
99869 99893
63316 95762
35073 38355
62826 85591
80089 99022
18318 83479
9187 66674
19749 90784
97003 97330
19245 59395
39802 92476
55876 87641
23577 70563
49717 92333
53525 66579
67654 97924
60479 84334
66629 74038
14028 20280
12895 49550
90942 92456
8413 17489
33718 52917
65543 78744
37345 44813
4140 70880
68913 94060
4430 14705
90961 96049
44269 75138
39013 58917
66714 80110
22340 85008
46487 99823
2255 53406
32211 71289
24242 25100
73497 98395
23519 47881
57646 58004
34368 50625
88459 90895
53199 87032
4616 45714
60272 74881
21313 83408
15446 71987
24524 30991
72043 86707
66833 90510
57840 69652
66368 82212
98114 99324
55446 70467
49845 58861
2442 91897
14198 28086
2693 77338
57254 68765
41034 84566
50229 74119
64015 95249
47867 96473
5128 65975
27302 60582
33958 65389
47997 76458
72585 98480
50711 100000
29899 76499
8924 81112
94746 94809
92746 97619
19932 51245
9556 47169
68996 84053
64674 83112
82220 83750
67877 75019
61016 87629
53102 70400
46138 61623
1460 67038
37505 76359
17470 74977
9478 84147
48100 98944
88559 90601
54808 88903
71601 72902
86408 94103
27040 65237
10772 61929
7905 35218
28243 89276
93724 99919
36048 71808
83556 96344
25656 45285
60181 61792
15338 26726
54524 95298
31049 98547
72706 86425
92335 96465
63307 87208
31057 96914
77750 88070
29489 94461
9267 98620
34836 88430
34640 77470
37642 73313
77274 84996
89276 99518
61132 99787
62915 69674
96258 96930
77710 93731
67772 85590
63241 77280
78876 87676
30756 66812
42506 78696
11470 81833
38401 97335
1469 55875
33314 85517
52886 89617
40399 66078
28865 70106
26386 99864
90197 94432
45905 79252
30917 59589
42103 57967
6767 27959
6803 47798
6140 89281
68630 68709
50807 54722
27836 44870
70925 83617
17624 47934
96762 98064
71928 83311
38467 82049
79072 82486
21224 95440
71066 78972
29473 37189
2583 45117
24119 44226
71232 72811
33394 42024
8315 20029
7206 33982
61224 79021
53955 56395
77934 91522
7844 38923
89313 93859
95317 97928
17977 36363
55486 59363
13071 97314
70035 91807
1183 49611
87301 98783
7179 92235
97978 99742
60543 84854
10036 32496
56093 67295
18445 93097
14097 82221
59415 83751
11510 22550
9969 70291
88919 90139
36725 61763
63126 65229
42614 44677
24014 77352
83857 83910
12378 12518
42179 45503
68871 71509
56838 83301
37311 88264
11586 94495
29396 86965
48055 53846
44212 69999
86218 88873
91812 95398
85440 98536
25895 61644
72338 98168
26958 72696
3525 34103
23500 56114
99749 99957
34862 93109
69261 93712
90660 95509
27993 31680
60536 97608
20485 35370
34051 36774
93518 98326
40937 43813
23238 47109
86952 97784
81513 93032
99620 99882
36899 97380
80466 80717
87908 93077
48060 96436
67442 81726
50615 82039
33921 34254
676 48491
99835 99887
40561 93240
55598 94710
68982 85575
4687 90205
92700 96507
28263 95708
23621 57261
2283 73953
34795 45739
20352 85424
72501 82305
48296 60975
81892 92879
38583 61968
19277 38303
61860 71100
75480 75591
69937 80818
56592 99777
64884 76780
73013 82237
2322 44763
64321 99948
29842 86608
99957 99992
43484 48440
69026 93185
15140 29089
6425 7134
7153 8527
60551 83252
8401 11939
86796 97506
47122 94836
60689 91233
97950 97997
7167 24402
31789 54886
8261 50258
63661 64648
86302 87949
579 74170
95534 96945
78120 78644
66800 90357
35056 55061
18615 52341
23170 43332
28916 70595
77528 94696
93314 94840
80938 84599
6939 45649
96899 97806
62438 96095
36258 58145
11575 39532
88014 96486
79519 82777
29074 58456
98076 99036
77603 82188
93669 99521
53462 59641
64610 93747
16125 45862
15687 23737
27869 58663
96707 96800
21404 36614
81603 86544
46461 78459
76312 94497
3661 84303
7538 82772
83414 94298
79704 86778
22245 57284
39815 78228
61941 97540
63006 92849
21800 56356
27370 32762
22946 60858
3898 22543
5909 28800
66521 95445
23968 60465
61959 78643
29415 54819
11654 69462
92312 98256
55901 88234
7918 33371
4445 55927
73823 91223
54570 67255
29077 96733
53589 84482
67577 97430
88737 91126
29338 38280
38318 65563
18820 74814
6944 51327
63634 92382
10413 26926
6026 67991
11588 52826
79913 95489
16318 95810
94003 99971
81172 90542
28415 88862
65947 82045
90456 95181
21156 98367
41592 60961
30393 64925
16407 35972
78656 81176
54834 72781
99492 99856
5355 19861
63149 87729
26057 35572
11764 91694
27557 91188
80739 82124
17530 77772
88647 89120
69968 82131
60829 64031
93457 97008
92174 99786
98986 99280
71632 96333
44294 65630
95310 98139
73217 80701
4921 75290
53181 95180
14735 26963
73463 77120
49153 64047
77835 84084
78885 98471
84032 95580
23278 98755
26393 60491
62482 75883
28980 61121
59656 85741
85460 91121
56761 63311
3037 32363
50417 63787
53030 68180
13508 17298
58328 63630
19031 45351
77279 86861
63990 92548
8257 60872
12266 40992
97975 98787
76161 83699
93324 98006
56606 67711
30903 71368
36577 57327
79369 88537
76817 88731
62030 71269
13670 62617
34221 94936
62012 65467
32675 75919
85834 96661
51181 67551
37340 89034
2950 72643
45438 52562
20586 45153
96884 99991
65388 71184
76504 97394
98768 98818
57733 71577
12659 19066
13050 63145
94270 95003
52646 92650
40156 48620
16579 56177
39995 65763
26164 73584
37562 47900
25707 84455
41329 55672
49508 62415
42513 71024
75982 92634
54189 78019
94497 96066
83616 85122
18204 78122
30123 78221
5189 97888
48974 67442
53989 87383
10704 27304
57291 98547
33439 89522
60072 68396
82175 99418
6827 74618
18877 94499
99430 99438
98631 99103
72670 90410
55184 84133
84033 90234
20031 27800
2502 82556
76449 79147
99201 99641
47210 54668
40464 57427
77828 80258
31509 50776
89178 97133
43897 88917
57657 85155
43964 50110
11951 32447
27836 63166
90378 99636
73144 94495
13895 94996
34618 94889
37650 38198
33527 63079
23668 57009
63235 85243
19845 70711
22830 43288
26691 28911
66973 77053
52353 65196
82690 82991
8018 92264
37897 86830
62538 63782
77767 95929
39218 72987
19441 50961
57555 57612
30265 85631
36913 76380
65135 91622
80721 91370
4453 14238
56804 66981
91340 94413
12220 55544
16686 89707
69644 99599
68541 99339
17546 24705
10728 12425
68254 72916
99002 99288
32994 98730
51954 89223
57304 66036
95098 98692
56195 81125
28662 92793
68867 76407
76733 78211
27362 68685
88592 99111
99334 99904
66602 69125
86294 91585
35590 83465
21420 92184
96798 99116
98724 98936
36345 80682
54576 59678
64689 83935
46091 52730
11241 39477
17683 66880
47136 85171
56655 98519
18706 62584
64614 81571
63968 69163
67144 77561
20503 78280
51427 86416
39035 43420
11801 82616
71080 92143
27091 84095
73146 76759
93601 99562
98038 99985
55494 80641
68259 73534
4534 9210
14796 45808
41156 57765
48353 60472
91525 95199
42217 47778
62224 88141
89457 99678
20155 78279
34154 79475
17262 56800
25694 29124
99862 99905
8256 75838
74778 82034
71003 92135
97890 98072
47080 55001
33713 53300
21886 59966
8198 81184
56535 82461
1704 34695
13742 89018
86068 96097
1686 41135
29085 61120
63859 86224
41485 47543
54782 76321
3240 9111
17949 96901
55918 69009
65364 79798
42141 74263
12550 64397
7260 37776
67412 72476
55870 98214
96584 97031
47167 99679
95535 98842
69129 79464
73556 91156
976 54493
73438 82409
91595 94565
79280 93431
23223 25865
11398 57473
38269 54063
29687 76390
68161 94095
98261 98303
77006 87484
90305 99078
38749 62767
96186 98669
75722 87476
72219 93615
81332 85026
95364 98223
13945 98935
10132 86949
48567 52805
91368 93961
88403 97287
19000 92271
55212 72457
19836 97452
39177 48667
49830 87601
64682 91564
91792 92724
79521 88130
61321 76536
50621 97913
34548 62718
85070 97137
49049 93727
75596 80564
15783 87876
93606 95291
21089 53727
82462 99736
82803 99073
91269 98714
79518 81629
33854 92081
55750 91844
79176 97635
18932 34223
69826 78577
15775 68413
22225 95984
71478 74345
50176 99875
11733 12420
61604 76437
27918 60499
37923 86866
19138 27262
99345 99697
45136 47396
92205 98550
79930 97513
46723 55346
53136 94755
64780 75998
13876 52529
36899 54411
83173 90321
7785 55078
51929 92229
71378 81402
57156 88241
72770 87480
55073 61031
66959 94265
59008 99627
55468 61267
95522 97610
50151 59410
18039 32039
88774 98087
22047 69904
32071 89890
49528 71422
58941 83499
18415 20595
57050 89255
99702 99955
37917 38003
881 19371
52677 77687
52997 94473
86103 96335
37533 81736
18547 87144
30907 45547
5022 98424
80121 85021
92198 99726
4058 31697
61241 78313
92023 94129
50540 66018
35679 59015
33766 41121
86183 92416
99635 99745
40845 89486
23951 72869
42358 83389
7028 98794
44582 83882
74247 98941
6464 7951
45454 52765
81640 88574
76731 87729
14023 52620
56726 95892
74061 76936
6100 93113
4787 27555
96764 99636
25830 59324
58805 89365
65343 75180
76399 83044
76471 77388
10935 31927
84782 89237
19407 44167
99428 99814
84552 85039
29784 53520
49821 68428
20706 92541
66785 71995
34269 96488
80666 97776
36859 67276
4621 46278
29613 69855
70511 92067
13337 14784
80855 92452
51895 99741
93909 93910
39739 57783
62451 81890
75801 80202
86615 99926
92220 93899
94226 98852
85330 85715
17603 81634
19904 82503
93529 99625
9186 25221
31043 73458
81645 93756
94374 94603
47755 57008
66491 82036
12946 83409
21135 31743
18429 39989
96341 98008
88932 96499
65652 85197
22547 75996
11258 90495
42932 56821
33393 51042
35688 36390
52630 79449
37679 75150
91247 95069
15164 78479
6871 30451
13284 89158
72948 75854
63354 93981
19496 63845
96639 98637
10230 26279
9535 18735
9686 35620
43156 49176
5502 73018
40004 58957
72683 98911
94227 97475
57356 92167
77990 84603
94078 95538
48623 80103
16283 88266
88098 94056
34835 89531
76309 78878
7712 41162
74826 90290
71866 88293
33674 56119
59339 98075
10134 84704
9350 54353
99443 99930
11117 76514
20058 87984
56223 86910
5996 57171
75732 82119
18266 93552
15168 33650
20235 47387
58830 87556
740 95222
79624 83656
42304 65506
69739 77866
70171 96889
20291 44965
34380 54772
57177 68568
72470 77601
73684 75321
1493 90385
87678 97660
35688 85571
85034 91475
28256 58021
58531 88314
60625 75633
14292 68135
79277 87946
81467 83728
18040 82955
11941 16656
5776 88017
69203 91494
31320 57710
42626 59407
34216 78956
20637 82842
96692 98221
22580 92552
19782 69510
88143 99715
60536 66748
35558 54670
17924 55626
728 67587
19078 96804
48645 64070
42248 70019
78475 84314
82232 96388
68872 86348
58737 83534
2349 69424
45108 49305
78885 84752
16922 68274
83074 99655
60027 61160
34466 66976
83404 92103
8830 67388
94300 97701
49458 98778
40474 46152
49725 74350
8468 48471
26744 73326
30870 42968
36649 69982
90495 97317
49363 54808
49490 82654
50780 81379
68751 82316
93215 93477
50685 53954
19046 73782
28529 81387
11263 74289
49210 69259
77868 82028
53907 85628
11979 22934
35944 54053
748 66716
70303 98784
7510 12024
82128 99996
64300 73907
34404 74192
71625 76006
32805 53851
18274 94947
84817 97225
75923 89738
80574 93037
53891 88880
6025 32632
82067 87940
49137 73272
32835 92664
44939 52725
90066 93554
65076 69102
1198 5005
33855 75314
24048 96053
43667 55366
89508 93678
93645 97078
64599 83118
15910 63212
23440 84771
63947 94580
48280 86062
3717 85216
62469 90290
56329 93134
69190 74148
10861 78420
63243 63582
71988 73472
85992 96855
83060 90062
72695 91138
84174 91150
689 46979
79213 81144
62133 95756
16857 99365
93707 96822
98292 99178
25697 34522
53882 93359
51489 60012
67953 75422
9612 64940
71920 91699
45830 72969
73599 95173
28538 84793
28339 60222
89097 99578
47150 53114
7018 19526
54033 79436
6309 14112
64302 98278
36661 59382
41247 52984
65187 73777
74002 84003
49568 80990
82744 98776
40569 61910
76070 76644
18989 80484
22570 60815
31995 82882
83957 98165
87530 99181
90898 92885
8119 60832
83962 86752
30459 53062
45978 72294
59106 95535
56631 57394
31071 61082
14442 35746
45607 76633
80682 93637
54601 88050
86984 87649
30149 63687
81758 94067
15777 60262
3191 90957
62514 79259
19751 20193
8447 28271
33459 96533
1352 69578
97572 97753
96668 99091
81785 95199
5076 6689
31260 68791
68477 88168
90802 90818
69357 93916
79926 82598
12983 19298
40168 86502
90688 93560
45378 76485
80834 85557
54844 83381
21062 59477
19527 39179
32797 55111
81567 84485
26154 86540
77985 92683
44965 53528
1983 71137
96870 97844
62579 68368
67944 88399
13095 41376
48982 99646
18665 28860
14499 48057
13907 91754
5504 71409
20985 68204
53610 73015
36845 46764
43553 89536
59229 89738
95724 96912
37833 98737
12431 87202
22992 26571
34256 95644
53314 72738
63017 69633
52637 56565
72407 95554
41064 99504
53337 91660
59637 81693
9548 70072
59785 74081
29156 62461
70907 86489
84529 91442
20998 60916
80362 90951
36226 96241
96184 97449
983 11994
92177 97178
49592 80112
39256 92856
34530 91246
597 9190
14609 94709
77466 83688
94601 99072
59388 90289
299 34514
70661 89227
45688 83147
58112 61324
70431 99717
49871 69980
94597 97222
88968 98433
7564 76088
89471 97091
62722 95206
47936 98991
19984 36881
19837 39961
37406 76198
15279 85726
59843 72651
82723 86593
30137 73737
23470 74169
49872 74084
23141 52626
73033 82817
7959 19210
88834 94176
66451 96150
80067 97793
56662 80458
18997 83986
13964 74715
70454 77723
35760 40053
80203 80708
44589 76837
48467 58375
98937 99286
81128 83946
67543 92255
45031 60106
96453 98846
56705 73803
28223 76832
53460 78757
82255 97784
38698 97645
15460 54606
9810 72722
16015 63948
57830 87435
11425 19967
52338 67433
88844 97429
66618 77598
35801 98185
16829 58381
29144 70722
10890 71112
47062 56047
69354 70036
62763 67138
76581 89722
36743 69666
67293 87771
67558 81545
81688 84923
44076 44461
75521 80465
2534 14854
51010 62328
5324 65015
96786 97107
94711 96623
89087 89322
40737 43782
37306 61624
12844 79124
9448 38877
69845 99711
60296 93863
70434 79203
95665 98385
15382 73313
48028 67404
39469 68221
63465 72187
39603 51750
7486 8469
86406 99853
98985 99583
43096 67401
63820 69692
74947 95172
19050 19499
973 87732
15425 44435
45498 80651
4172 89993
51592 84931
37967 81818
60512 65768
35082 96871
56194 61819
4884 30758
88786 93975
30206 63862
95931 96784
81191 92674
34827 57492
91192 98777
331 40525
88055 91641
59034 65486
93164 96544
33979 68277
26171 66500
91249 91426
91484 96855
48158 90299
81419 83953
66330 81865
8395 55222
37783 76003
84054 94014
31663 95031
12350 66495
77206 80192
12768 16414
45221 73649
7919 59919
70475 87411
2779 47510
48382 55502
55017 79308
54177 71170
3587 54788
51501 77370
22109 29548
66779 90078
75362 84321
39273 77432
40881 74953
13091 88948
83772 88207
54991 99261
6902 97317
33232 93520
89448 89591
16850 54582
33589 56476
28815 85674
55149 67623
24375 25298
16077 94076
56774 61556
60426 73742
73364 87677
55788 87139
87885 93583
49330 76922
14422 41894
68320 91766
26639 91388
7126 85864
78559 96609
96185 98653
87781 97073
51612 95399
24207 74812
61932 80237
14434 60387
57065 81854
51930 63163
47735 58488
19519 47599
65829 66381
85629 92137
82561 87447
48645 84120
75698 98618
88239 90793
20617 72478
73269 83252
87610 94448
33361 96081
74361 90357
70681 81587
55869 99410
46786 83886
3266 84675
55546 98341
77706 88205
21005 81239
66807 76167
68316 68523
85871 86965
44760 79257
46757 85654
4403 47084
27323 30446
79861 88830
37331 83175
42460 85942
40551 53081
37549 94930
44009 63905
40826 70584
46703 84129
40196 87058
64284 80160
37517 65113
48507 93777
24295 98554
20277 95485
16238 66191
18109 55050
91970 92829
28928 59683
16761 85427
31753 94412
81092 95665
44989 91506
16725 57679
41131 78446
45493 96574
24451 79797
756 18339
87323 95739
20503 95971
74249 82285
68833 89510
76294 86918
15359 97509
51991 81345
85015 90072
14524 82266
16276 71559
76084 98527
96721 98738
12711 97508
46029 61836
50424 62978
98463 99547
23567 32811
41312 56182
34718 73306
4673 54802
91494 96965
44196 68100
88465 92315
23650 53803
88386 96938
47519 93770
64402 72599
73457 93786
4752 47223
31526 48033
91378 96094
72348 91890
71180 84201
39478 83479
27374 86177
62146 90076
21139 62950
67243 88747
56085 59982
36204 71794
99073 99085
74594 86969
16478 63927
47955 60716
48029 89747
99963 99981
57192 65152
97219 99942
45787 72900
25753 97145
57980 69655
81719 86705
49000 51941
6503 32718
3358 20821
27966 34690
99314 99597
11318 28576
79420 90707
11127 87754
36909 83251
66904 70158
13402 36604
65378 97402
71309 80099
79899 80457
43439 86138
20335 44148
51108 69828
50177 73221
2557 44233
87995 88965
93289 95184
40380 76768
76748 77101
86244 97110
24119 64100
24210 59763
99226 99984
40259 64218
10026 69373
95311 95681
95032 99400
24262 31181
87585 95526
84859 96786
75200 87575
25297 70778
63859 78776
96761 98506
76191 96380
36745 49546
99860 99877
23202 64631
45097 70959
96553 97968
48386 70806
24842 99940
55357 78020
76669 98500
13171 95682
65779 69448
52322 53764
62490 82755
27744 77484
5752 43739
3414 96828
67956 79466
25359 95486
92511 98895
45517 69537
10574 70296
16878 92185
60927 65953
61370 79338
10129 94270
6030 20918
67774 75506
12035 53639
13730 57137
47951 61223
3366 39724
23849 67801
44808 49339
12601 18468
20769 27246
40892 61728
93065 94111
930 73197
13626 37516
94012 94275
75858 80796
70160 81746
54037 90756
45043 82401
72257 79206
87272 95418
54377 97021
81675 84748
22562 45825
13255 44143
45452 69090
62410 75037
34999 99237
8767 12413
70065 70234
9778 99293
20723 33365
98555 99882
44307 70878
20737 39406
4597 35834
3679 51121
95364 96266
61663 61885
88740 90972
81872 83458
39831 58137
66164 70068
26701 70939
2303 35057
54287 81173
52599 59655
68317 85422
77630 85773
45626 96996
76603 91713
44942 68405
24619 66051
38564 48970
75780 94693
88829 99706
4428 18158
85358 92299
73042 83174
36901 56674
3495 91734
65517 88452
90078 98352
29820 57835
48312 51578
15832 66421
91313 91950
60331 75816
67245 74707
81307 93440
94518 99285
89302 93759
63358 68944
15686 62495
66969 99865
34895 97844
24717 65103
61879 78214
2658 61652
11820 25296
22019 99192
93873 97348
14501 95159
17403 54535
25226 83239
84915 99498
55772 80640
78258 97961
4251 75140
93018 93608
13401 67995
8663 37965
75427 83124
98852 99580
98399 99095
76814 87057
5919 79561
30675 57044
50086 68489
30209 97059
69821 77394
69498 90797
7254 96953
62958 99257
21996 39984
83079 89077
14605 79346
25769 82359
82392 90316
42678 97675
3237 45104
13986 90174
39388 48272
50237 57922
89612 92928
75075 75743
59933 86230
18195 45571
51959 70213
28977 55474
64506 68490
64618 67127
9504 78641
20293 28574
66706 81782
42598 60225
84700 97943
75395 97022
11332 65039
21373 53701
85288 95264
87967 96636
37194 64558
34025 63303
2096 84902
65557 97397
54706 59883
55870 75011
57942 99101
92679 93811
62550 62730
46840 75743
77044 83262
78060 89737
22535 84508
31957 37134
18335 64922
58847 87159
76265 95529
74977 92753
85840 99888
63316 90814
28153 61620
37467 51015
45042 61948
61033 99084
47855 90731
90213 97717
77288 78878
47982 54458
33973 35997
17679 23985
3718 12379
4238 30212
91614 93720
10327 60277
8543 44587
37320 79111
7627 75883
74520 94738
31957 99582
86933 92116
39597 75690
12250 61771
9883 28335
16865 92010
69594 84702
61465 80107
27794 54676
43177 92501
76311 81099
38304 58056
95033 95729
24899 93492
37496 66487
34371 53256
85235 88494
49500 63298
585 45684
49316 79948
72750 75888
40486 47378
25989 83188
5002 39320
8935 76866
81470 92910
16385 68060
3666 9481
16215 29998
23999 76140
26732 67917
56197 72857
98058 98197
14065 64376
53308 76629
68625 95506
69777 82750
2892 26832
43322 58633
1282 70141
55479 69512
53068 86244
2400 27772
53310 81799
4996 66881
70011 97248
32661 42420
55078 87139
36748 78982
33840 86679
8132 51527
92961 97352
25416 36124
72497 77947
56036 95020
62170 99302
84352 95169
19270 23577
98233 99875
78683 84084
19849 55766
21863 25762
58722 69674
59366 99958
26234 67276
74835 83867
69936 79865
81296 87678
17361 97381
53738 86789
30611 86744
24802 67686
46410 50837
36285 61079
63193 65698
10942 71721
92687 93713
56886 57948
46766 59416
20401 48669
44269 48517
97122 99379
68188 81725
90543 94424
11189 73915
9871 47022
32536 89110
51194 66009
79953 82345
1681 77822
70522 91464
84616 91486
54462 59290
21469 34544
96728 97002
6299 84857
33270 73110
67202 80095
15414 19519
19559 32582
38185 81472
48720 51466
20174 84534
72887 87126
89738 99034
70468 81617
87969 91618
19257 35621
65147 90240
77702 84361
54426 67796
53561 62092
6293 71258
82589 95514
89348 89872
75928 93675
25473 83887
45099 63661
99012 99860
30539 42608
39660 78309
69056 83527
37179 99591
56721 73349
69092 87701
72202 77638
99225 99475
11505 18675
3489 76909
69356 97996
55924 97743
92 31134
26591 48676
57181 91529
24326 25025
37174 99752
806 57460
23401 63964
52902 85281
47633 92478
23240 85013
46139 84609
20380 82119
31848 86178
81851 92691
20726 86607
90357 94476
35321 89667
26901 78885
87803 93227
68793 90887
56716 78620
6370 46810
54799 86581
5868 79200
83954 85741
82834 84835
5834 86158
99135 99340
7426 12246
68955 77344
91505 97371
35362 87523
61343 86050
22742 30806
33572 70704
37453 60361
28633 55882
14083 39392
24493 59348
36255 93607
15114 91713
36502 56632
87599 92002
20990 60709
95639 96753
73282 97557
42377 94134
10491 59915
47854 60242
97619 99744
57685 99415
75983 76011
96227 99423
3184 97502
31998 94848
70369 99730
59239 68326
83271 84962
14423 30816
36369 61508
66250 98522
14443 51531
57600 97752
51675 63834
49840 56541
58019 90792
44665 68314
43091 47270
80884 81072
36657 84247
61121 73899
87739 97113
75894 98337
3923 7934
6899 90067
4986 96369
93509 98846
21981 75074
81250 97297
39141 45216
36947 94843
45587 62576
52598 80131
59540 65945
95398 97115
44949 49509
67364 73936
66166 81527
19656 77959
60592 97846
98876 98999
36454 42353
75443 99922
10924 61067
59036 59914
93905 96238
25720 98777
86574 87153
7088 52463
18500 88417
47041 52449
27684 43849
59813 65700
507 50067
49820 81478
12653 67054
90901 93846
13472 40153
29685 93462
57106 58033
7121 28196
21711 61074
18049 34605
60175 74973
96188 97467
49660 86859
9599 64390
14003 87485
84423 88626
77369 96742
82553 96158
61692 98720
62409 90864
26432 98788
62319 76001
64969 96088
44143 63034
40690 72000
30757 80805
18319 64309
57686 95132
85611 90234
39435 74483
72426 99717
47693 66510
69409 89240
76178 87020
16189 86858
19606 68806
6605 43295
86247 89183
24567 94926
49397 85829
28590 61999
13399 83370
37845 51538
45498 77334
59635 83393
65859 99658
95278 96110
77964 78813
68893 99068
2219 10900
1595 21912
58750 91768
98633 99322
33844 61832
31864 36767
19707 62368
33185 76815
88387 90613
82733 87094
44489 58783
10883 87535
55145 92781
36907 65333
72991 89843
29288 82460
36930 81775
89236 94324
32126 95175
15312 35625
42915 76997
3386 55571
75806 99699
55881 59882
36604 83000
41417 73065
48911 68588
31841 54273
11476 15346
14731 62166
37559 78581
75983 97924
7126 75845
94726 96039
20242 88440
11598 31171
53065 83727
57136 70103
12540 27037
78358 79372
35272 45837
78226 99942
43929 93841
31453 70394
19705 19897
74578 90798
18295 58794
82067 93958
30770 89502
83973 93312
89538 95826
27994 75470
59473 78301
56488 86009
5844 78665
15754 74141
59828 76289
88684 91307
56800 70962
32304 69833
99929 99992
16998 62592
73663 82962
33757 47813
50780 96623
81012 97065
78951 83036
20351 89549
1814 73869
3715 24731
73626 99319
68498 83733
29798 74585
51602 90752
98343 99082
73452 97966
80528 84473
56684 97454
8040 28999
58848 70760
12102 76789
71822 98765
36572 74053
14888 79283
95993 99438
92696 96701
96417 98428
21937 28825
21771 29372
34412 95198
64000 86859
40959 81359
87263 89962
47243 83275
35815 38167
34206 70854
16911 92330
66484 74697
9014 21230
95923 98879
63077 89505
17206 75445
628 57242
13434 91363
43500 46344
65440 96085
10002 90698
78248 96237
39986 73716
77213 85630
93439 99817
81740 92792
15526 36088
81341 88449
20974 49580
29683 74661
9617 45402
89165 95244
53499 83346
32381 98767
48175 54226
28275 81495
99740 99991
23994 51804
7373 86817
22284 34687
1523 36953
67554 88880
19393 88186
78944 93581
67950 85119
67895 79170
57055 92654
66240 96894
11206 88347
26678 59304
83278 87121
20286 34414
6438 69596
45526 57231
4136 24465
10058 63526
80834 91309
48981 86154
7355 36476
70909 99484
80364 96576
27235 71962
63961 74409
11719 71569
90594 93301
95725 98550
88974 94418
74524 84163
82996 88870
29395 39394
7760 94525
4127 24287
99755 99987
10409 96971
52696 69922
32712 91365
46344 66522
69350 90953
88696 96776
67890 69027
59779 87764
51018 84742
80709 83225
88119 89668
36217 72135
11936 72970
75633 77966
75340 79562
36118 82202
31228 39242
33293 45425
71482 84379
74980 81469
25070 52981
2043 41055
26770 77712
37306 84859
48538 89578
57648 89863
24223 95709
40292 51373
93244 99037
18092 62887
29038 38811
63575 80184
34804 42115
90690 93500
84644 93670
82465 97310
59530 81982
55875 66392
52488 56356
38363 73944
76028 83085
82310 94897
30936 84112
76643 90667
59312 62578
54842 60854
16582 44292
81198 85928
95893 96652
4004 34853
41806 69908
16207 83906
11866 94690
66531 89596
67508 78651
14081 46023
78755 87123
20672 49490
88522 88589
3629 24225
74853 98442
37113 44846
6988 16990
99655 99711
35149 63789
85089 96070
58629 80628
43171 65667
85903 93938
61968 75927
16064 84077
45072 60824
55844 56528
20287 30912
45738 72240
69930 97415
60346 72118
47872 99338
68105 95074
20683 68335
20599 82436
49781 98764
19531 54541
14881 23234
1968 60636
32008 78132
43966 93337
90559 98582
38208 43058
7739 31258
63232 70010
32353 35427
35260 56047
39174 97468
14996 95580
52638 79869
61989 71632
36924 86171
55412 57254
67047 85019
272 68031
33442 65412
16448 26539
26645 39324
93278 94363
84864 97916
34596 96874
34182 92012
98821 99222
65551 87806
24990 74663
61766 67642
77727 88527
36091 90627
39320 97426
61121 84420
69175 80193
60186 68562
54639 69180
71421 87007
43648 51252
84321 97765
90480 93043
24650 71260
93795 98729
20060 52771
93312 98139
73835 98442
60130 88190
57793 97598
95887 96570
93732 95368
38540 86333
9152 61480
20628 74931
44160 91040
46962 54856
73508 99640
89595 98421
34723 74698
31243 99723
37974 87119
20374 79226
28586 84269
62636 70797
15252 53788
66230 85660
66693 75778
43531 64895
50391 89524
81403 81530
65320 83897
789 48025
41659 83678
93101 97062
59651 80809
16218 29115
31894 87071
4309 25477
94467 96549
42176 77719
10455 54371
46795 72680
59985 93422
16893 70285
79342 90543
79549 88493
18912 28518
61445 75788
31352 32387
99632 99899
25943 68596
21251 35484
37770 74598
68252 97460
87995 90447
73941 77118
62064 87475
69951 89770
83124 89105
1683 38846
94086 99960
58623 89609
49911 84862
8327 47510
11632 61192
6910 82573
57605 62173
42626 96976
10271 88320
44384 80532
30895 97698
58926 66873
56661 88197
6336 91636
59808 88164
94322 95854
160 42384
46202 55676
32912 35627
70728 72957
10079 98314
14584 69425
52403 90251
33246 34290
37371 79270
35434 88085
44145 46599
8999 12403
64099 70972
59428 91318
10758 15318
21018 70452
3782 94537
12296 50806
60594 80532
91267 99201
53351 64113
96032 98433
22811 82791
83734 91587
7333 79615
34406 82594
38558 79275
84846 86413
89652 93952
21304 67144
35831 64328
81030 89408
19018 21368
41606 55705
81885 88884
81614 93658
12833 75174
51395 59336
76677 86513
60782 82428
79824 85307
67181 79109
18911 61312
85253 92369
96487 96678
40883 52344
49880 77772
38929 75754
50848 65850
14266 82387
54160 93638
33939 37401
13635 63388
34651 79446
86409 94937
411 41891
54651 89564
93847 99196
78005 97001
33383 84313
87785 99272
56939 81357
18043 28608
60263 77767
9674 51629
46407 54622
10672 64020
5814 58518
52867 83878
29666 49509
17859 52000
63935 96061
49182 52347
15031 19261
56067 62554
37574 84043
41903 46504
41740 63428
28440 76339
1426 55598
78313 94453
75852 79935
25930 75864
80694 84803
43230 54032
49457 90535
92728 99351
44000 80294
9476 24471
89576 94564
29840 59067
85309 92044
72095 92294
6836 72961
68954 92724
75583 99905
71920 81970
33819 48661
81255 91407
40488 52494
89477 99345
35632 99607
32771 79155
86953 94060
89635 95544
88384 95212
39671 66055
98551 99266
68109 70227
57485 72253
21642 94580
33760 75823
30483 58378
96788 97913
48151 54380
14016 36430
8133 21111
58625 75732
47657 84129
82691 84495
55747 90047
95551 95638
35721 92681
59238 71814
62601 89018
12211 59421
37419 37771
29455 66202
87413 97609
62886 68751
84892 95206
35222 75018
93850 94026
28303 58158
17303 66281
92600 97975
65056 99802
55945 70010
9597 53751
5083 93012
52493 95277
90912 91705
25035 35447
76171 93657
51079 76989
69394 89158
76291 89179
32827 86325
16343 98097
26865 31950
66426 89980
96928 97853
5695 68260
74824 93336
98843 99843
53966 84140
86634 98258
67177 80927
36471 94232
94278 97697
13523 94429
57897 76522
66338 92605
76314 88976
64126 77717
16943 61532
71462 78246
92545 97177
54963 71020
48216 49617
4365 29462
82951 92754
88748 95009
32958 33424
87092 87776
52348 62504
60853 74558
26633 98961
19115 81221
78690 84565
66480 83957
43962 64082
20089 75623
92575 93707
82749 88308
6316 62551
83352 88173
4230 89544
84772 87429
2260 95107
35651 56281
2258 22756
48387 86526
25295 79319
88000 91962
45620 81884
98711 98800
76110 94328
43698 83921
39605 70838
71102 97621
21795 47682
63503 80154
77350 81710
11387 47140
81917 83848
80790 94791
58582 64873
39706 53669
10457 70127
60739 85364
98198 99721
29392 56585
82576 84194
90155 94938
22956 70354
83023 84097
68600 94144
55376 93142
53538 88803
73745 87939
73571 77640
18114 51029
91932 97954
73712 91753
47676 89708
70692 97726
32448 75888
27302 50662
61923 87863
67765 86860
59415 67102
31328 73229
42614 85615
40930 81010
17854 81082
98333 98612
57262 83756
86417 93667
85219 85566
93764 93995
23591 91966
19110 99145
15274 43756
27658 49344
94081 94191
66972 92449
25168 69000
24375 53055
69692 79365
31049 31677
33694 53154
16876 40547
22033 60160
95994 99981
17960 43262
8573 63389
80190 89727
94176 95160
34841 51929
94844 99422
23715 96271
56673 94414
8480 70873
10332 35712
13614 34044
4020 48831
40587 87855
32499 55924
58093 78981
76173 76928
5443 80018
45339 70112
61121 77335
1208 69639
94837 96193
60867 61503
56120 59983
21046 66866
1343 45516
72214 93606
58653 90845
4607 77248
81049 81139
97012 98427
12113 80096
68391 84446
85758 90886
29415 51385
71570 85187
839 8682
13925 76117
86642 87165
68122 85529
25328 31332
44207 91913
25641 83008
79690 89076
84538 95164
20669 44981
91822 95341
30712 53173
88157 97752
91165 97782
16512 50237
9386 49436
94376 98397
38856 89639
95368 97819
36041 78626
44905 82046
10110 70326
95647 96365
54301 82278
12485 15729
82105 89271
15714 61008
90494 93120
8772 62468
77063 82957
25886 30612
98386 99794
72063 74530
39025 80681
61724 92790
74325 79517
28493 88276
261 21921
43767 78936
56944 95648
6887 44226
79354 89061
33685 67098
15586 79487
49547 84909
49872 78144
84383 90191
72929 84577
28451 93195
38423 58798
98488 98975
88516 93736
40180 59415
95225 96863
58320 58715
48813 60680
67622 73038
98016 99349
80252 91574
33719 82984
42109 47614
7873 76552
84521 91256
50674 62468
77878 99418
17027 71875
75053 86174
90032 92443
4444 99945
10868 62919
33506 53799
84777 94541
3004 95147
20026 44531
71789 71949
39729 47386
29429 57950
84378 92007
39047 83066
94095 97536
16647 64735
16065 66032
56126 69358
16815 18933
60129 74194
70973 85462
96745 97245
84611 96483
52048 70125
23229 51402
30032 85566
92777 95825
31415 71521
44157 60342
51549 95006
14752 30785
29210 71604
5417 76565
20709 86818
5817 17152
45862 97689
46467 54784
98775 99683
74921 85373
41362 44154
96286 98712
63222 68907
33208 42549
50891 51735
14895 51873
67615 96985
85163 99845
39685 79751
57789 70663
58504 62039
10109 77988
99037 99134
24433 60805
74762 81181
75290 91864
43391 91465
28248 80572
70083 81820
48024 56967
99045 99918
53621 60504
74058 97584
49640 82315
81505 81901
63672 80543
32985 57704
15147 76484
41709 43936
74392 82951
97266 99700
34250 64618
1085 21636
32080 97181
58715 95654
32775 65856
14205 77236
12949 36061
42432 91593
38265 85647
66090 78295
30908 33254
82407 91846
95592 98225
25402 88356
69318 94894
73693 75152
48402 56956
86863 92858
45416 67465
13854 23228
13556 83801
87972 94084
91 91025
16161 88538
69350 95524
84845 86746
95383 98090
5695 87356
72876 89052
9886 36928
37093 46737
76035 82861
9565 73597
72831 98886
72310 72885
87767 90649
98173 99174
48513 92579
67599 84143
70595 98785
35951 52083
62912 65585
97660 97836
71296 76592
44020 79909
46533 55563
70004 77753
34802 98189
99827 99838
22530 94494
46830 53753
28800 72965
33514 54621
58629 96126
39299 73557
52196 54866
62290 65195
51666 58214
30109 40031
52986 58607
77244 83734
74390 82906
25607 32410
22436 47948
60682 74672
77664 85223
406 22922
98560 99184
67774 92591
5168 73721
33937 64171
46590 83296
445 16934
28783 77298
28076 46053
75086 87618
39390 73477
76416 80960
61166 93233
57386 68544
48871 66022
12251 30031
61774 99547
69232 86487
97784 98635
86434 93897
32673 45183
38913 51790
14920 42901
94392 98124
40163 56329
33598 69541
91012 99743
29500 56004
31087 84088
56750 80196
1555 28617
7929 65973
48957 56604
82129 88612
2363 81780
66344 70832
5197 94746
3076 30400
80929 95937
17456 66846
5726 15385
16490 73567
91467 99078
33277 85755
69580 81238
18204 46133
26580 49521
9586 88714
38236 76648
88661 93870
15358 72200
26456 29332
59768 95591
19228 72444
4076 75848
4132 10930
89210 91138
27602 60320
54702 99672
28008 66746
73300 90615
56038 79661
58751 62614
11209 92626
26615 80201
65462 87288
97622 99424
32633 46816
74560 83498
68360 72269
72809 75146
46723 84088
18671 42909
19356 42753
52261 55951
39936 93534
46671 84138
64674 99764
81068 81911
3627 66740
32134 77040
91663 95581
48635 55843
11680 92575
33658 78927
88941 96280
1806 66723
48463 67620
79758 98042
47291 75626
44554 76405
79836 99465
90030 92699
26472 74364
24724 65898
24810 54406
24256 66991
79753 97119
56120 68878
61881 97227
17832 32944
43896 76176
19903 97344
57963 80080
65833 66922
87632 94731
10684 56621
58536 64190
79719 83365
90692 93468
27909 32519
68222 89209
49055 92994
45073 72070
82237 88170
72654 79181
79700 96870
91913 97316
14634 52540
42168 85848
12916 55798
62904 74225
15461 72202
45514 48428
74182 98603
88578 93764
75451 91594
25595 94997
6441 85893
64745 91354
3334 30357
90119 98438
4575 37114
49381 75017
83866 83965
5580 42197
60091 92069
38419 46186
88213 92985
29884 71398
99760 99774
14160 30014
92613 99808
17799 94261
18743 99551
69248 70993
3957 51980
19085 47466
84727 92908
84943 94570
3892 54605
58020 84240
7049 87195
98073 99779
33537 50706
4027 74095
22933 49823
36454 97941
41286 90780
19141 30173
44611 70744
51027 85974
8510 55778
70257 95007
28143 42611
79087 96431
63432 66485
41462 91165
23411 64671
26406 35903
86625 98269
78655 91381
69918 87806
60946 62641
77495 94437
92959 94206
72118 80465
25736 41169
56633 91713
62971 87665
44915 92916
15507 81811
98239 98981
78671 98727
42889 63985
79452 93424
88344 89322
94838 95295
7646 47011
68494 79627
96332 98995
85504 90095
14615 49206
89002 98850
81499 86605
35755 46442
89563 89687
84754 87953
82715 96816
4093 64642
59203 93402
40131 77014
33400 60161
76662 96037
3951 48687
14578 26548
97299 97360
20576 24401
1436 74519
61388 83657
25917 91788
33955 66339
80997 97419
2287 74598
95483 97145
85763 97628
61205 75747
97333 97481
19114 87492
44289 45080
65349 79693
6656 20629
77288 87791
76850 79754
16159 68161
79950 97539
80468 88814
59218 59799
85156 87676
6732 48868
59419 89690
77090 77341
49915 52775
93306 94095
43781 99891
82838 92416
55974 89960
69707 95785
94609 96363
12386 40935
28807 87505
88525 96022
57365 74817
47158 81962
87376 88862
83150 87474
61441 62514
96968 97286
57952 98677
4640 38765
55583 73261
39660 45230
11379 53184
59406 83628
64971 95350
84878 91023
71222 90094
14466 92292
71051 91545
83742 90456
59901 63144
25914 26191
62824 95372
18149 42209
88494 93180
85079 89498
88104 95060
91610 93105
39193 94502
99531 99926
86209 93529
88555 90617
17511 67394
80269 95398
28907 79960
1321 38447
22750 76820
10741 62819
63416 85527
68732 78472
22766 82714
32668 86548
56385 99101
16996 99808
29321 50738
64652 80867
62479 66115
49031 56293
14099 75187
14625 82236
25246 39064
79454 88716
94254 96067
22800 52244
55929 93242
9451 70032
67779 78547
38806 78575
26099 60522
47208 86268
58389 79967
15072 25320
36320 54720
61021 81778
17961 62433
56637 92404
96547 98409
66938 67082
55201 87035
67392 89470
27878 92405
91414 92584
78846 86934
99588 99992
8198 71947
85094 85797
23572 26800
80046 83182
91650 97742
82341 95354
14549 54578
62011 94737
2616 21966
11239 93302
23985 74866
44506 75028
70388 84527
80416 82850
44355 79484
80302 87704
55116 89614
43551 80957
19838 87296
36150 55122
2952 67243
6861 28054
80190 86757
22772 62971
67711 84517
32005 54242
34879 60092
26445 90806
43774 99269
70889 88312
27960 38265
9587 47595
66250 69811
71463 79660
96325 98342
33232 52982
72074 75295
79349 90084
91936 92269
88941 92526
1117 85141
50564 79866
28905 53413
43202 84675
75830 98596
95401 96110
39925 81173
23332 59018
35265 93575
39817 94385
31488 41058
43536 94058
74539 93473
14844 90214
99715 99940
61875 66161
24415 96771
81149 92824
13996 22536
58962 85315
50997 97744
92585 93353
25330 67764
70104 89619
26212 65682
30327 54137
19340 81899
85026 97389
27660 27885
63456 65666
82856 84835
68969 70009
17420 25081
22290 87354
89602 90158
13037 80399
4799 53171
19566 60178
50662 64719
25296 94066
31435 63654
1029 74488
61534 93316
59630 77590
98476 99582
16524 80819
62876 79989
45440 52469
11844 37567
78968 87999
30382 39290
9153 47067
10103 62194
46893 56206
51263 54814
56648 61263
17155 50338
46317 83243
67761 78447
43319 72517
51461 65973
95415 97873
93026 95005
2273 22012
56967 73400
91394 92344
5327 97135
41206 91234
79115 86362
11445 21960
70427 73104
38341 51678
61425 83622
34199 54914
82014 99424
52899 62475
40880 48190
34513 97656
54773 78560
11694 28514
75238 90652
71506 98451
27042 46906
13630 91073
65227 67376
46359 67133
60326 81174
69070 96694
72399 84925
49459 79296
48191 58229
19799 46359
50161 57325
15593 51672
4211 53877
28123 68441
46677 64773
89402 97294
74946 85618
69926 77422
92265 96186
59592 85993
90974 96338
98594 99935
94721 97140
37350 86651
54030 71926
74229 94650
68625 79706
36152 57439
7863 16304
16949 87243
10047 94162
99724 99728
13057 13149
71650 88779
20786 53565
35600 38794
64134 89275
34749 73956
79853 90791
56261 90719
60682 70925
34257 62164
37077 84808
62527 72090
94908 99595
69913 97962
81971 95679
52411 75507
59775 65092
35833 39479
38059 44760
49810 88182
69439 97825
65663 92068
34005 92494
3036 94553
73845 88656
60085 80477
23020 87939
30093 55331
76434 90568
73738 74794
22461 63230
17260 92414
65405 81333
96418 99582
73724 89952
46631 54703
56373 75374
97297 99205
87965 95306
86707 99411
25271 88275
27660 99219
26770 75522
61788 81003
24195 85686
83781 90299
89253 94091
78917 92162
34468 58551
68350 91040
92184 96604
47581 84547
5562 74738
14051 93251
15089 59948
17333 20595
59627 94751
13111 35654
47550 72633
56539 97989
87313 92430
56040 74550
25724 74720
50125 69204
62393 97895
97192 99135
78344 96150
34031 39521
5236 48116
91597 99357
55942 58477
64546 77154
30056 86978
53166 95980
15009 24448
77156 99107
43294 94150
65074 70538
62346 73261
90314 96376
13844 44294
3958 84943
1627 11139
17642 73116
68115 97828
58040 58516
14740 53893
88643 90138
38155 84007
18031 26204
34657 63051
50438 55050
20009 81989
43898 77078
58049 65438
13247 30073
2531 85353
46823 69929
32280 43221
50654 60445
26413 50389
42199 91679
45182 73979
86889 93628
64987 66263
92639 93120
22138 81269
57069 75122
22547 73250
19748 56633
23051 93473
78160 94641
81058 81164
53952 78651
20373 22433
7472 11818
97951 98021
16112 72549
89237 95130
17674 88859
97608 99115
26298 31081
75575 93650
83975 92608
43898 45029
13067 34504
36512 44947
64585 72684
55357 64959
28741 39179
43538 65862
56548 64876
33610 73447
87787 97535
11286 44572
8066 27836
92494 99457
89655 94715
21131 84910
45349 73252
27533 97765
95949 96307
40298 95877
64274 69855
34930 54050
86851 93545
86370 93961
36999 69202
42526 74315
91601 96506
16053 85259
15567 78158
70208 85645
75857 91948
80840 86504
72368 90431
7390 21774
58248 90239
12219 93070
18737 32862
24016 62990
63707 83753
6939 64144
81528 84425
96597 99820
35407 69081
94317 95509
42701 87392
41019 69888
56798 72759
26736 57928
95605 96541
61562 83083
99398 99997
86338 87011
40857 88228
42950 56781
52067 93690
29434 56425
40777 67229
56288 70170
26410 42893
39999 92371
22008 36272
33153 86995
99480 99926
25884 63496
34312 71392
22361 29197
25884 52023
23076 82734
19499 40804
40922 58454
17843 38506
83534 99820
84367 90426
92832 99871
53677 71582
20270 54869
16594 54513
80935 95053
8783 23078
22490 84657
28136 41939
38317 72001
89550 94410
64357 69804
7239 74956
6561 48758
94039 98691
92815 95460
3993 70739
49033 88783
64560 90043
42410 93127
20855 59566
67773 89614
4501 53393
34556 62271
61647 91912
99711 99779
56630 77408
34924 85529
32961 46574
94517 96314
7367 36714
69004 97902
56137 78124
35968 37586
89976 95849
50491 66479
60677 80743
93899 96649
26148 39672
77108 77163
38402 98750
28736 72375
63297 93554
69051 95815
22789 44665
36923 48755
55398 81971
85237 99573
43358 70053
70730 79346
58151 89800
35111 73917
25357 49643
83357 90331
39877 74505
27443 61106
8034 49712
3010 58713
46818 74936
92176 92481
96621 97351
54041 70201
58253 72958
43739 61796
67672 68244
64174 89893
84662 99353
670 53494
99195 99982
45467 85090
73771 74747
65544 88064
29100 96077
75788 79662
13282 43942
60068 94067
52308 61797
23140 78567
6159 54147
12235 39480
25174 94163
45443 98090
19877 79386
54462 55950
48848 55041
79500 85653
95384 95440
75200 80541
39489 94166
14739 63596
62438 94238
11146 72932
72668 96383
15275 40825
87103 98185
70397 81072
16324 84915
80757 80978
93522 93829
88276 98538
78778 85068
149 36476
88897 99284
3182 42750
84697 93016
46203 71476
93140 95031
90275 93941
90226 99251
84321 96134
86579 90691
81881 84375
92727 97465
75828 85011
79461 95755
43233 63489
22015 58226
23115 69093
80542 99946
15253 52761
36639 53998
98083 99458
3455 93356
62814 79204
71723 94913
82725 90277
90349 90546
6130 70449
83292 93884
99217 99745
82405 85018
64885 83141
94737 97922
70916 75681
75293 80473
52009 95490
53039 66701
21686 33484
94382 99451
76619 79693
60001 64876
59487 80988
31383 55335
27846 34835
94085 94624
86798 91634
22442 99257
13243 63750
56289 80801
3113 71756
95665 98135
35366 40668
71011 81940
136 81361
89701 91040
14730 58218
42718 52611
54967 81373
46558 74151
94556 99970
7397 78609
20494 36191
74128 80797
83097 83351
15366 77142
91257 98837
29202 71943
13439 22971
93376 94530
9238 20233
61525 89204
6407 22863
77487 99022
24129 63553
132 66668
94078 95270
99302 99519
91856 94182
27653 94536
81668 99673
31498 95547
22961 89221
16094 56998
75202 95446
47594 64958
97688 99957
95547 99721
36707 66435
7515 15768
91536 95451
68113 96649
24653 66908
79467 99759
42006 73359
43777 76181
2091 2550
39379 60434
1354 99859
37906 92113
16521 65241
76443 94436
27649 91917
65709 76904
68366 82421
68907 81508
73053 88686
25537 99459
42183 67210
45505 87899
94732 97645
31250 32661
43845 48181
47005 57586
14725 29666
66029 84686
92489 96400
11643 93641
78458 79804
66009 67814
18957 70344
33620 53763
65110 98619
78098 95107
12194 34787
34470 91175
28328 36596
4458 90458
43368 79483
4221 66646
57132 67725
56827 57484
80885 98426
62435 83444
10463 33275
36041 60229
43685 76651
10866 54614
51373 81954
78540 96308
74129 84572
161 64521
44623 97732
27707 83285
81210 86315
6662 88923
73963 77874
10203 71892
62419 97558
59187 93080
97296 98587
27396 30141
74975 76179
67766 76469
63677 66826
74035 74584
579 69707
62676 65060
98290 99571
26496 42933
39618 56526
37822 89330
20888 36181
23432 51766
31594 74122
20867 60185
84139 87980
73158 93550
37522 48106
7803 28253
53696 60938
59305 97446
69579 86096
73247 86676
25571 77505
21676 55774
22034 36996
99171 99360
80890 91642
43493 85019
73038 99997
60157 66553
57114 69652
25697 75040
40389 84892
8474 91884
57298 85456
45329 64638
26713 54959
84118 91015
49166 60855
72335 93076
31204 88410
72959 88563
5055 54807
27511 67892
98515 98989
10619 14373
37290 59719
23679 57712
72030 76191
44390 73031
70553 71543
51782 95957
15548 49915
59651 72300
38034 75324
11106 19748
79677 79793
17113 37930
84068 87898
863 64491
41986 52632
15710 27962
39031 81197
95814 98852
49764 71361
12243 77682
28628 82893
8350 82035
95097 99330
90570 94177
68171 93381
99642 99913
80859 83622
69414 93639
50446 76000
67648 84232
34114 83296
58749 83543
82919 86690
51073 69647
93846 94994
85121 96182
40614 85460
88345 99119
41018 73895
93263 99652
93706 98724
20996 69884
10123 55858
20171 64497
29472 60932
28464 48296
71204 91545
91695 94543
28095 62096
8194 88352
65931 93706
53530 60179
8598 55394
78550 79725
78466 83691
1540 4755
71742 93944
59561 75686
63232 67059
62905 90877
87669 93061
67754 89054
32613 73287
91269 94023
99733 99921
12504 37755
93717 93937
57763 77335
12288 86575
76856 94945
14822 89703
14533 98899
41633 64825
60253 96703
17115 44232
86461 89919
31177 89511
77023 90119
30087 80564
30857 39536
47884 99391
89369 95090
83021 84287
32514 78177
15157 50656
72577 98190
77162 92305
5481 74786
53788 67053
77853 86306
65500 77505
26347 99095
76304 79029
32216 42046
21298 58898
38717 75590
13464 36774
8256 71968
42083 89207
64129 93634
80726 86101
55981 87621
60731 87593
9915 17088
11809 77420
13743 43969
31371 91556
62568 87315
9196 95827
36110 82353
53253 72323
98333 98717
45184 50367
32873 46700
40668 81051
80502 92585
26582 48001
92610 93983
17825 30037
96145 99402
88306 96083
31915 73332
54648 58223
88987 89161
30734 54610
10855 29159
26432 87757
23208 55130
22315 79265
52865 69164
47922 96750
87147 89596
58157 84550
38661 87769
34565 39036
97062 98301
24196 25066
31344 36049
87430 88488
41003 69856
85598 91606
42184 61360
23282 61072
30637 40630
87326 95485
474 22686
48555 63872
10497 53446
48869 50290
28136 65488
30070 38090
83527 95660
96127 97636
96687 97813
50560 54029
48623 64427
78848 94018
62037 64341
46608 62621
45778 57098
26162 95025
88661 93371
80728 87048
50222 60051
81917 85346
35221 75220
43452 64545
42474 72576
73811 80770
78429 86881
51800 53676
22009 69682
14375 63578
51551 69519
86436 94763
37876 46331
49518 71949
91325 92949
86540 86560
76929 80557
16476 94727
7470 47929
87988 98324
55407 67457
94465 96261
90059 94505
43335 62168
66230 82704
84541 93576
82623 92519
98361 98404
30894 75743
5862 38049
23947 44228
54565 64017
97042 97814
40018 63156
83227 94195
36668 76839
8815 62377
69238 75365
12269 50486
9924 62766
21412 71009
11678 36370
91658 96711
47068 93333
78750 89066
29832 73815
3150 66559
71167 78084
23222 23461
64532 94036
35209 80275
11262 85779
29713 71376
46611 73738
46816 85307
30684 94083
93157 94055
13895 62300
78924 81688
52050 97638
53573 97011
98117 98588
40112 43190
93207 97535
46307 82081
8046 46791
82660 91761
22338 61419
43359 59667
62051 91363
82480 89960
74590 96187
47042 94518
25280 79375
16265 74203
33258 60129
97367 97951
69937 89288
66658 82705
71236 83485
70534 74808
69710 87619
50482 69275
80363 84391
67465 85676
18498 50142
19746 86288
66465 90080
63120 67555
93305 94983
39459 94799
44905 53241
95568 99698
77485 94026
81870 92804
81787 99308
15790 34971
94878 95990
84394 86454
80321 94147
1491 8850
837 76254
1370 87852
1769 62533
96605 98152
14650 68668
7822 85843
63595 67276
25265 54131
27280 53508
64549 72003
34719 82040
18804 64379
99149 99503
99637 99662
39087 73944
75784 79830
77246 98461
35717 40459
47017 94673
71428 89244
42321 50875
27687 89814
29456 55653
18473 38033
91469 98351
10574 52356
17121 62783
48912 56624
27795 84732
4749 13094
23178 23332
78687 87555
46105 95717
19686 87010
11665 94160
68720 79366
75406 91226
14241 34946
45615 80394
24554 62051
41104 93847
60353 69863
12790 72784
64905 65375
15772 62704
8322 57914
84637 97798
93682 97447
59307 92187
72695 86407
14583 68417
6082 96945
65164 81837
29422 53873
19510 71104
31337 56118
51115 67228
27770 93996
86491 91125
59179 83537
91088 99233
91836 92692
9864 52025
44985 86333
28138 97279
42898 88964
1150 86721
21596 33410
3733 62896
52252 56120
88988 93217
65039 85856
99705 99884
89185 90740
32730 61662
54024 98861
11695 74950
59335 96320
64942 73049
81269 89131
66076 69554
33985 64819
9858 63889
45134 69410
34442 51234
19798 23319
82820 98309
83841 99118
45388 77139
12564 83979
88211 89057
75178 92082
79106 92372
80241 99668
89145 95722
49718 71925
15001 40226
31515 44918
70361 92825
85757 90410
33184 38962
19301 57313
74805 78169
47074 49371
11835 17119
6163 26723
79209 91476
92305 96829
27242 71465
18017 78274
54812 59101
29586 73874
94410 95017
54245 82276
38384 78803
57697 76034
87924 97663
39501 70214
19720 29044
32275 55973
41061 93904
86022 90873
10410 57972
79248 94102
9296 33936
81019 88862
80539 82963
39875 65028
80827 92351
79583 84084
70803 87012
22691 71960
86525 94182
83271 93622
29326 77450
77102 93292
86871 98881
4023 67684
34706 51371
17711 61593
86328 98951
59227 95760
82788 95025
8137 49840
24313 70758
22714 77934
8375 38177
6438 91789
21271 69053
56693 79255
18187 54567
20881 52800
23787 86573
5704 64907
26923 31600
10127 87045
57286 92385
97078 98999
17408 96543
42191 99871
64303 90817
59525 74842
36967 45581
44003 57132
71996 77386
66931 78044
85701 98870
83308 98487
44280 58101
1166 4344
93169 99734
60658 72425
88735 95549
80532 99939
68257 85715
43586 63731
6494 12004
83729 98457
18147 95433
59227 95160
15309 48381
40967 75215
95969 98040
83617 94775
37056 41443
13110 93454
52431 96829
37819 84193
74325 82864
9167 20796
37678 69480
10939 80572
90796 99799
55177 70243
10970 61070
52860 86914
16554 35588
75016 95137
20704 22102
89920 96896
5894 40349
47721 76835
74422 80049
53530 89074
13902 94343
92480 93006
34959 54371
62796 84484
31314 44295
95467 96748
53502 63748
13231 54224
2777 24939
63027 65993
29240 87350
56066 56963
7950 80818
51236 90356
35839 56769
12784 41534
26142 57176
69202 74263
56773 97485
96825 99128
15647 66169
44906 59947
66567 78489
5695 43074
47333 68950
18520 68705
31692 59785
48148 93489
89053 96839
78630 92381
68766 88249
25657 61406
2703 51533
80702 84066
32205 72801
49647 70649
54805 84576
90270 94827
61763 89276
40435 49944
94255 95720
32764 57734
96176 96248
21801 82262
48287 81211
62778 69689
35270 81407
44878 83004
27977 65226
78337 80561
47951 66019
46635 79655
47170 69462
34333 81750
16216 34584
92492 93571
72728 83466
79166 93467
69612 99051
1624 87958
53980 76681
37164 67893
44359 73752
39748 59147
29456 53288
39162 70998
32719 34578
34570 65825
45265 78545
49027 77432
45872 80354
95324 98599
453 41643
54815 61924
17603 79874
38270 55645
98117 98549
9834 36671
47642 83605
45496 48199
67037 94916
55828 70348
14175 95708
67479 82790
64507 86074
10855 75823
42915 99919
30343 74730
34547 50149
1775 90241
65818 98203
24035 52673
88308 92177
14920 85123
67303 92178
37622 38152
54560 55840
59305 80514
24622 84489
48877 89839
81771 99619
14119 48453
117 78847
47106 54613
51386 88870
19969 23613
73846 78749
58904 80604
7627 68268
41997 78114
95344 98061
83778 98237
70706 77586
44699 73638
32220 82423
69306 88571
81078 87024
114 85427
28400 63060
76767 77371
13178 72060
7862 28935
69448 87790
41807 84486
68105 89315
41170 83059
86566 93056
52527 88329
70436 79717
49006 97770
19615 45187
68512 82599
87019 92882
37399 44685
5641 39628
48694 93516
9123 30830
64375 67774
21633 85483
65153 81208
19080 32183
40875 94865
84030 94847
49146 54542
25827 69998
59390 99083
76702 90694
60176 93758
3450 38515
19570 82508
14053 59437
89723 99485
786 58133
73624 96980
81425 89600
99542 99605
25336 37093
92243 97426
658 45995
72382 96877
36975 83465
89568 93849
89737 99638
88493 95370
83938 85800
80664 93679
34934 45294
44355 79437
54332 89346
28839 53369
93303 93336
74030 95062
63859 77685
53752 91203
20429 53391
87673 90929
38226 81359
83501 95106
23236 53731
40472 44792
23955 87626
242 29353
68569 84439
6115 34875
67672 82182
37326 83116
46 27424
76297 79507
74235 93303
30040 32086
98156 99258
40304 83055
40995 53959
86915 90315
51058 66294
27706 48608
69136 69978
55979 83274
34787 65189
9015 37579
69685 80510
91416 96609
95095 95509
28534 96974
98324 99670
50146 73185
68487 73468
47358 66136
23244 27518
93663 94524
56726 71665
70532 82883
10156 54563
32549 49499
36246 58685
61548 68244
8848 73620
25387 87157
36224 60294
48253 53808
18256 69702
19889 33625
75839 85016
8617 62892
68609 74698
95169 95843
52597 81881
5494 57910
28269 65033
76627 78030
46964 75180
7673 90590
10138 84179
85923 96225
82311 91672
60890 97211
30813 44893
94757 98165
79887 90235
4803 52718
91149 97287
86893 89490
17800 37504
53469 54475
32491 35608
19937 68492
83016 98035
77997 94480
10762 78756
48318 78748
93127 97703
95351 95516
45686 90513
23971 93241
29286 50728
65063 77548
3703 35710
90665 99069
28882 33846
1945 88590
54385 94363
23034 77762
46296 47914
5646 94156
12533 80401
51098 63157
54875 63436
76194 80553
19592 52046
56715 87415
81037 96847
85190 99833
49495 86628
68175 91594
89094 89141
64331 71201
99341 99809
62519 71039
52505 81540
94354 95000
81954 88044
71427 80172
18011 75752
57355 91473
90141 94060
95055 99871
32675 40112
41411 43769
747 85073
95600 95709
1169 82635
78045 84016
35926 93889
56748 68921
71034 91716
94609 97311
62574 66983
40308 77143
89520 97035
23998 65585
68407 94450
98846 99284
35304 47232
23997 39485
84431 93652
15188 99982
80760 87561
41385 81066
21997 42800
66868 94403
76052 85978
39079 50394
24608 99406
13271 97602
87202 91221
61369 65553
14543 57920
42033 87660
33992 78983
19379 21480
33510 86240
27222 52196
13587 89935
26862 87985
10722 17841
861 35093
85493 94833
96257 96385
77055 96309
2832 13940
37243 92164
29934 94798
32496 70092
22987 79596
18161 22790
69381 93169
26692 83430
47466 73429
78129 91212
26805 58740
80324 92319
7297 25155
89541 95077
43262 90492
57227 69829
25074 67055
70592 96759
9317 15806
87976 91291
82371 97646
56932 77251
93405 99156
16136 65486
30983 98931
94841 98573
26199 88255
60588 99866
56994 61539
12629 54824
65249 80488
13765 16039
92167 98541
90507 92357
32550 68756
29762 95982
67979 71066
52450 97285
37450 46105
61241 69270
31183 79165
41546 67151
32367 80538
2199 81222
18753 21093
94235 98035
91633 93897
90746 99169
23885 67889
1914 62084
22972 88437
65680 66659
71084 75088
89488 98114
58170 93419
24322 27949
8032 35025
74025 74826
85819 87248
27012 75762
10293 17600
83565 91033
81573 84399
55245 62620
35307 97102
11954 68883
92905 99447
27853 64472
4855 52594
43195 71371
20350 58311
13985 15215
64280 65504
17826 38645
73699 90186
45249 96450
17984 62823
97735 98000
25987 87247
89638 91452
45538 62810
57335 79275
79450 94638
46590 75933
44890 74707
72242 91575
59923 71749
57984 95313
53053 75193
87599 95947
41726 74390
96013 96977
4368 18107
32717 84644
94689 96370
69749 81914
53982 54290
71765 94405
18853 36962
62306 74211
2284 98258
36934 91627
17608 80173
58329 66361
21817 75362
89245 98411
79684 85804
1244 6353
88744 93748
92617 94987
43736 65098
81350 92177
61851 65791
15208 82494
26531 89233
87914 93338
56065 96141
61209 83018
64346 99610
90836 96215
78306 87053
70079 75666
44334 83079
21175 82979
73339 98389
21078 89902
95796 97734
76356 92164
25806 37897
86802 88894
89413 93870
8532 58327
72114 96703
14345 44685
29084 48532
57648 98662
85398 87579
60748 90190
35096 71656
43003 62398
15106 98082
20129 85919
49249 96818
99904 99966
96660 97159
73120 81083
74692 95073
5847 73655
91600 98939
97517 99254
33891 50978
36526 64819
72487 72883
31362 63806
39326 88944
27852 84173
9880 71375
89656 93728
63214 91915
15610 73969
25615 94104
77342 88333
36405 56781
87075 99459
90395 97670
12915 32516
95404 96025
15037 59247
92590 99745
72469 74093
20437 87824
16465 99681
85950 96981
7598 30877
9430 71906
88441 89025
44975 79229
97537 99650
90353 91876
11335 32557
52533 75611
30619 81588
27470 38582
97317 98806
31585 67894
85933 97971
72333 78631
15368 35448
4064 24690
22975 94449
33877 77010
84371 87998
81249 95651
46654 97311
24054 90132
38356 61232
72224 86342
30236 99447
54663 81806
37775 73174
98629 99526
38885 59058
86605 98125
76273 99871
72451 83769
64742 80078
11987 52609
74363 75974
41823 81898
80815 86662
55114 91201
26736 55415
83914 97398
88312 91462
6957 78564
91509 96737
42982 93242
34838 89792
80541 81782
8890 26030
34531 65322
52290 82833
58307 66002
522 26182
9740 78767
9235 91758
87678 94865
45050 53476
94123 94897
14218 15101
49442 77586
19589 31212
5593 9357
19261 87850
98420 99499
97923 97979
13277 51480
65165 74023
23246 35400
44293 79231
35146 79107
2345 66882
6668 62095
11386 55494
68972 89689
70648 99696
60539 89245
13632 63696
41991 45028
24374 32066
69398 80520
35377 51991
65161 68274
42391 53227
25417 87966
42767 63065
93308 95351
35196 48272
33168 94284
99847 99972
67433 69174
80789 98848
89946 92158
86476 99322
77472 95610
73286 80684
15408 51258
72218 76637
57656 98852
85848 89197
72636 83436
14961 75794
34437 87131
87340 96898
93850 94667
95025 95936
51805 64321
20292 90452
2145 10241
45201 60095
58594 68831
36254 83757
12033 87389
55167 78305
42409 66974
44996 45916
39605 59666
68632 91082
72391 85849
46270 58305
4953 62461
16890 85635
82352 98146
25143 69569
73975 87036
55737 75284
25376 75739
9914 58307
94080 95030
4695 40140
45540 55437
13095 83048
94345 96650
46480 49185
55372 61680
4200 89352
93681 94534
30474 32570
50978 96515
10654 49351
12044 89426
99025 99609
80557 96592
17598 79872
91101 93552
56229 83481
88374 91922
98380 98506
46997 61793
81053 95983
41816 91181
21179 32308
88085 90575
58252 83431
53217 98245
59035 72246
35067 74320
13026 43644
5368 13962
16099 19265
23471 99751
18527 48622
88090 94111
56214 73913
88519 95903
13742 92587
58858 79199
62271 93595
56626 97509
89025 90902
95002 96561
50109 97598
4314 31673
6851 7571
82905 86318
98757 99998
98465 99357
36544 99169
46587 93914
36135 85373
7681 75436
85625 90990
27153 37880
63115 71716
72684 93511
98156 99081
55672 82838
75183 80397
3716 38304
53970 62308
27243 57505
32902 71511
19922 43430
56012 58387
31392 75488
72844 79764
66975 70675
99947 99984
91366 97887
89959 97241
72239 76724
74706 96668
8083 95305
21102 97401
91402 99486
78381 99705
91548 92096
32115 43192
59589 80915
73765 78551
78364 92340
29957 52018
37339 51600
53030 59587
72767 74815
83064 83247
29613 42756
5235 16629
93800 97748
66084 73309
26972 88553
17235 36382
65486 72173
87686 97090
8785 33551
24704 27051
59786 75158
43329 74626
19354 82623
62051 99301
16085 68555
15771 36732
61439 88684
84119 87255
92605 95873
28796 97101
18896 24937
44236 50620
99713 99714
19339 99168
49412 76294
81023 84868
22827 67060
11199 54394
80010 90035
7162 8145
9805 72286
53025 68609
71712 75200
2302 45959
39231 67909
73971 97063
49225 90897
66714 92170
83266 98059
75904 84795
14088 16426
2453 16665
21246 87588
95610 96725
29526 56224
10616 19554
69749 97773
47468 66976
35519 78679
21348 76572
9262 15525
94905 98272
5047 10343
67978 74218
59915 62191
47633 54956
96364 97662
66432 76322
70260 99001
9114 44001
32062 55459
32025 54401
70090 87772
84401 87027
17698 28583
69112 77257
98732 99730
262 41423
66535 81744
1011 52259
72095 72692
43547 62888
45065 62724
90653 94232
4744 98571
30487 60361
7862 95863
76275 82846
17890 66365
78913 79626
57292 70916
51132 91174
23933 54073
98470 98775
34935 50976
78802 82878
7729 90336
36693 85706
12410 28212
82697 83883
3194 46244
76168 88236
68468 85336
10722 47426
9156 52900
43605 94673
33622 44693
10481 16141
59303 76199
86880 92027
90990 95228
86401 96455
17048 52634
91791 94608
23604 47493
46135 79592
68983 77059
87925 91165
17307 19397
91753 94296
79344 92084
47655 89799
44317 62301
18866 45011
49305 69425
85088 89337
28628 87576
28937 72833
62669 63920
40143 71368
45748 97973
16836 68972
38852 90497
39196 68154
76579 87554
61938 68325
80054 87077
20819 38043
14615 40488
95524 96497
74960 78666
20337 88383
25223 53870
68263 92094
52434 85581
9754 56711
69323 84432
15971 42866
75023 93751
4110 44529
58757 73228
54372 87201
62731 96715
45528 80085
41743 78660
98856 99568
51456 66960
24543 98889
9281 87768
76580 79186
89025 95173
29258 82073
52563 99797
58842 89300
32582 98124
36969 93884
46417 86768
64324 81034
82251 95773
49542 50382
7664 89878
56423 85188
23432 42761
20182 66505
84133 89658
89408 98523
52854 74179
12607 45234
74001 87306
18571 58962
16098 30625
9806 48629
47541 74874
41283 55574
16373 80547
78342 88138
77730 86735
33353 61840
48127 62062
11700 70630
41490 82790
27197 86054
85282 93637
17857 53914
40014 78633
97727 99282
10982 13098
3893 69824
52206 93374
36778 71362
73351 80874
68917 92469
65756 78859
69413 87713
15973 70879
86608 91594
42501 86841
50431 68850
2574 13945
15953 83660
22206 75705
98640 99183
42621 92840
31544 55623
82332 91994
70785 97218
10781 97460
36690 63252
1584 71731
15092 19146
49869 97737
53202 71775
78304 88863
74016 88900
70105 83401
32081 73299
88237 90871
88469 98607
47897 92197
91646 94706
60063 64190
79214 98933
64691 89572
80747 98810
52249 57771
47388 73041
88849 98833
29343 57541
57584 64111
70424 93333
7173 48408
15729 53509
1399 66937
14116 45545
90200 98188
93724 97540
68952 74963
25270 45342
90565 91658
14283 45902
82283 98673
29771 55840
16117 61687
55265 92321
68276 79276
75469 93257
10199 20308
20374 79250
6995 88520
67830 98856
4588 36355
51258 72988
65089 96583
84028 88849
50751 79088
45300 84237
92663 95044
71428 82488
2085 13419
22097 29837
25800 84522
85959 93144
48715 96430
35406 43583
64388 96674
55671 89065
12539 95422
14111 43989
82922 97938
15868 25931
33880 88480
25417 91201
55291 81298
84623 94215
75319 92331
16346 24293
46457 52736
81674 88093
63889 78745
97309 98540
34334 61976
72296 78161
29132 92727
59300 87718
5401 70832
11255 64009
71079 77106
90509 92756
10075 90828
80874 83683
45444 93955
64318 85737
81758 82676
34257 47683
37701 66935
7699 43224
21113 63684
51340 59155
79844 84667
89211 95870
67193 84833
50144 63145
44647 82412
48767 56166
39332 93227
38262 72069
84246 91774
67103 82852
91332 95059
19990 72846
21266 25353
45096 91320
61004 95977
48105 58259
12447 42690
89626 91969
84910 86757
88346 97369
51112 63411
44898 63678
52560 97913
21135 61807
63504 95332
18872 41619
81352 96368
43662 94194
93421 95273
58486 82216
62868 95267
81660 97393
28185 39830
97306 99193
71981 91500
38657 52086
26299 49730
86527 91845
33376 81812
3795 76963
52660 82936
50777 61188
79115 99328
69389 70314
75895 86659
24139 36627
38680 69524
46848 72516
22927 73895
60926 81536
12617 40283
60074 82955
16612 57027
68033 86374
52592 97530
95817 97926
54883 68941
33856 69594
49027 93129
49005 94414
43572 65854
78672 94436
30320 61499
46722 71721
95214 95635
75050 94725
35527 69368
2839 78552
62549 83300
2162 45017
26294 54590
36544 88939
71313 98648
18015 89686
63057 75558
36792 72920
42865 98321
61405 92348
84148 94753
16838 80422
52288 84116
57455 64845
6552 90632
21622 69083
92875 98543
10539 51389
16660 73541
7535 45113
89147 98027
18550 84875
87624 91380
50549 51326
55012 73277
58241 88012
95521 95798
92619 94816
29734 84794
72100 78737
96020 96063
63659 89582
75302 90737
24117 37851
28091 36408
28327 62239
79336 88854
73475 97847
19069 91884
23432 83980
70397 77004
47377 65351
73924 87940
14935 78112
86636 91577
66453 80181
2824 42208
8487 30639
80167 92960
45489 91149
91538 98205
40441 70921
36129 84663
63685 63723
30014 34204
59755 77401
5671 30274
8072 53346
66034 95641
35093 45481
56802 65636
24668 88691
55335 63717
61669 76934
1004 45870
19553 33297
8520 88941
95423 98036
38926 70736
86854 96052
91093 96969
8215 40146
20459 72305
2009 14754
76078 98994
55039 96116
24881 87991
3611 99643
61152 94149
49751 73129
1408 78002
26227 83610
52024 63657
12073 88584
98534 99029
51477 57835
75615 86289
97712 98220
62291 81422
50494 88804
53453 95775
31027 45298
1111 98615
39672 96097
90172 99264
31304 75931
69862 92337
25709 73825
62841 81054
89862 98848
87285 87563
98680 99522
79901 84603
29497 98164
56587 88144
5082 25970
30335 48801
11048 17319
16757 75757
5293 35234
30022 62816
5897 88191
72570 75588
13738 69324
48145 86381
63967 76437
51735 91715
89389 90990
42000 46617
16294 74783
11457 18501
26622 28161
42132 57078
45797 90882
51708 87113
40024 69543
47783 61460
16107 78954
72985 96456
21040 86996
62650 95477
39291 72629
8349 25288
89676 90287
44103 53980
75550 99102
36540 81167
94526 95679
20338 86889
2803 89507
79070 86681
20985 50830
90207 91681
97521 99914
21209 75099
15535 50953
40543 49893
25583 68527
8998 67581
86384 91522
27533 37347
47348 71935
72511 82605
39803 95793
7699 84371
97603 99570
26511 66580
75565 92165
97887 99033
56374 93423
75232 95278
57985 85248
1839 32970
77487 83470
82057 85358
5299 79040
2036 76317
77807 80062
37486 84098
67230 72578
60833 61749
83025 94539
93448 96739
27104 78363
33809 36903
33649 75562
2155 9219
13798 32297
47849 63547
81409 95401
94089 95901
25714 60613
12099 37940
78058 88646
87832 87883
23033 47955
96491 97920
39433 72457
11647 34838
32932 67431
67515 77564
92825 99456
87962 94076
45265 69823
44422 61243
36829 94335
70160 79580
85134 85937
6326 97316
98458 99099
1326 11377
36679 84229
58672 74933
56548 66845
20526 32578
50829 94182
82315 85584
65219 89597
50200 76716
83478 95441
62958 82613
69308 89771
22163 39809
7867 64639
18913 68332
18294 52073
7702 76388
31922 71750
71628 72950
23964 93425
74656 82009
28187 65082
53144 92557
12029 75563
78173 93061
24155 61510
70036 85419
95499 99692
10395 58077
84451 93018
79451 92326
17996 76497
26937 46845
11590 28564
54621 93861
22768 56790
42626 61751
67066 80135
96499 99213
44034 75785
83740 97607
43380 60496
99807 99975
39472 90804
79652 99690
44690 51255
72259 86201
85872 98377
24746 32113
56561 80486
49378 96475
74200 93720
86867 99558
76537 90340
16375 44082
35939 95042
16249 36935
44320 65050
98006 98754
96603 98845
92562 97222
57962 63666
29349 39474
68315 71878
38773 62053
74428 94999
1761 60780
92348 99062
27438 65607
95816 96292
77367 78547
28898 36018
82659 88075
60347 98479
78363 89558
18383 41516
44128 51092
18279 74090
34472 65269
80010 96193
29716 89994
55121 88587
70514 87765
3020 80673
30162 60387
97649 98111
60039 84689
10349 60667
1043 95883
37698 67110
2374 68637
70434 96985
85105 93497
62533 73769
76889 84952
31272 35459
43643 58541
10771 54365
32230 33480
68848 84758
97673 99224
68365 94709
25434 91839
3544 46811
73977 85083
97809 98906
28296 97518
79967 83417
53302 88674
45429 65079
2030 19955
51888 71627
41609 94192
50612 57746
75119 97408
21891 30709
55605 76443
50544 72045
26662 47518
39147 40005
77928 80710
20353 89353
65857 97297
5214 14508
23742 75350
11954 26775
4311 18278
15226 88167
84650 93513
32047 45492
90968 99233
34946 71773
35 91141
60118 68915
47540 84598
68182 83987
250 55415
74228 76651
48131 88469
68483 76017
7185 25170
61792 71610
69985 77546
82265 96757
8737 36578
61085 61247
81889 91614
9203 87575
71928 82493
83283 85999
79062 83884
67066 69509
98837 99071
56430 78540
90468 99276
79719 93678
78583 78907
58194 82721
21679 93359
87232 95244
46223 52310
64260 94048
58562 70731
50044 97484
75397 76910
10944 13971
61224 61918
10894 83118
66582 83849
90111 99086
98155 99667
99133 99924
12615 24387
92077 92504
17898 51824
58848 89709
95992 96057
29925 95012
60204 80161
22354 79092
14724 88567
37674 73822
71656 97085
18813 56799
88624 98603
31350 56156
17243 86344
36942 86621
34759 49854
69865 71963
3136 27683
83435 85179
74381 79793
51674 96246
36680 79965
11259 99575
728 18573
89933 96903
85003 89899
73318 87404
50667 69488
66800 69111
89368 92637
4809 11964
83703 86820
88143 99844
47681 68919
36688 89660
22029 34631
20680 90591
58870 80221
85607 92042
93639 96471
82954 93213
83799 93291
86521 93958
36178 50957
24886 25737
23706 58202
56474 66773
56485 84225
19922 20201
25669 89021
74832 95629
52902 77465
76394 97389
44232 71644
71585 77620
33892 97250
20785 69003
97218 98963
57444 94093
99069 99810
2510 53780
26542 85273
13406 80387
10710 88683
53049 85833
15237 65696
29223 88752
44210 50767
34175 89221
31087 78920
34604 50417
86794 98393
3352 46550
89535 97862
97866 98632
70887 98941
88256 91716
30944 42652
58155 99920
11172 15678
58167 81212
22811 30612
17222 76462
80035 83900
97051 98756
18979 30635
58995 64697
50669 73549
3193 42497
69199 70423
76944 95372
88047 91138
84673 91475
66772 91224
21665 95502
31811 54955
96682 98792
95237 96751
81869 99180
53509 77400
45857 66473
79894 85044
98978 99247
58887 63531
9987 87953
62080 98471
92267 96771
67288 80637
39662 96737
75796 81437
40037 68571
30231 35313
30094 71283
35072 47236
66727 78381
23370 95186
64881 67840
70671 82668
54355 97270
6553 85023
17455 96837
36735 48264
99729 99852
98777 99706
38828 55287
3809 29689
17152 44700
71301 83416
385 87154
41568 76515
10489 14779
51388 57114
52654 83034
59839 85885
16651 84811
78230 98174
82323 86993
13055 82709
52740 68674
88678 96312
33549 44787
25114 28266
91693 94679
81158 93862
35942 93040
9085 50963
45136 89040
7798 29243
6772 49499
45481 74401
37737 80358
94124 99488
7490 70868
91815 95231
2361 88751
34232 78898
59565 79954
76845 77384
9594 79788
63679 79392
29956 87048
74823 89031
65085 93021
85090 88077
26114 43273
81591 92359
42799 43111
54429 69629
99898 99992
57369 78979
79787 96399
77547 78633
75829 96103
5728 10213
51014 77708
29956 69368
48764 95189
39024 89147
86636 86673
45247 53836
27792 83034
37353 79186
67949 68263
99915 99983
32662 34264
38299 98836
21553 82797
52661 90170
7051 92282
23836 49196
83403 97738
25497 38657
62576 91298
89187 93176
68188 91598
19947 83809
14151 23759
3466 88959
84167 90322
73476 82522
73809 92108
22787 88922
60626 97126
80319 96318
76317 76654
18898 79545
93265 97974
71002 89090
76858 91513
64322 64670
13998 19556
30200 73988
56223 86805
38331 62665
91953 93278
95396 95565
88060 97455
90681 93930
77578 78608
31231 42333
44368 54588
53890 91502
31527 65884
34656 42987
63250 85376
1490 88196
94547 98791
60894 94315
72102 94081
41049 44767
38483 59394
42008 57220
46279 77456
3754 29315
18113 51712
47923 53924
33841 88284
97401 97948
71625 93990
63290 70427
59403 77040
31354 52492
88633 97336
48375 83125
17547 97825
91978 94252
36275 58862
52818 84635
41933 73915
36913 51223
20871 36656
8680 28430
69465 77306
47779 75831
51522 56843
74089 80025
78706 99373
11102 44833
44622 63931
5259 24848
40070 95982
79088 84520
28729 44259
94021 96803
36088 43142
27812 85337
38313 67677
10734 68954
43533 77148
86977 92436
38199 79427
69848 72165
84351 87531
95794 97750
49604 76440
5903 44934
15074 82766
9341 27361
71632 85840
21340 70597
38831 72339
14670 82101
65793 74188
64121 77306
28762 86209
79844 81448
29115 89574
90519 91869
79215 94361
3436 82417
26189 77587
97216 99979
75723 99585
75874 92859
19713 86252
41612 98046
4522 44368
94122 97011
56596 90237
77998 86441
76066 95596
30531 63153
8073 15312
39799 55426
78900 91273
93976 96199
34958 38842
78761 85374
7545 85707
55738 80472
19065 49536
7287 47250
99474 99940
27840 28046
43160 63361
51328 84569
87842 88356
21465 53730
16022 89148
38075 92582
35645 44859
52820 86309
96573 99173
73513 91340
70123 96813
50864 52409
96453 97310
7292 71918
39572 92292
93177 93557
99314 99953
4332 96063
4116 71694
98159 99497
58661 93385
77622 90872
79331 94607
38675 47839
74 31685
59836 75177
98048 99371
32153 65430
93718 94598
54567 65654
94521 99055
76460 82184
26431 84679
17248 63995
40788 47604
94998 96159
24396 28023
33292 70689
63602 66405
66046 90787
95501 96648
96593 98333
14483 78669
31555 47104
98252 99344
65364 81839
42251 68883
85781 93832
50534 59739
86272 92217
36115 80460
65532 92935
37492 50559
83833 87226
35684 60719
1220 9457
30941 50700
25550 41534
56912 88189
49444 88673
14644 90792
24306 62028
97105 97656
99952 99987
12363 24098
43204 55287
22546 92707
41502 94796
29283 94117
35131 75961
38698 41426
20273 46088
7986 17645
81037 86786
37448 82967
85491 97956
89018 95818
95671 97362
30441 32364
55033 91321
29592 72104
94598 99301
37585 37802
17434 77878
13832 50000
12810 33265
16232 22249
67495 91827
15614 37664
20440 96417
80008 89153
54574 80010
26334 59925
49437 53942
51631 80958
48893 83096
64860 92382
88855 92535
12473 78373
64927 83315
55400 91669
780 96251
23530 60119
92070 94853
5437 61401
10293 96509
23233 48121
88502 93212
68876 89338
26272 40524
81784 89585
39076 68013
52988 95415
42599 44525
57944 97114
29539 89532
55966 83834
74755 92450
37047 56401
48931 63768
76505 78033
98227 98844
72810 78117
31994 83449
5085 50415
78409 90610
74253 87058
3320 80748
51633 63810
42257 86693
65060 85105
4140 76101
26147 69432
58141 60746
32797 50815
31102 35284
9299 33476
9950 48514
93950 96873
54278 96069
43570 51035
10021 44792
50897 86094
66399 90823
97981 98603
6669 93935
53787 56674
80418 84420
86768 99283
17824 99627
11398 55157
32374 93304
21725 29532
56637 93737
82649 83914
1405 45876
10154 20755
63235 63457
20613 99219
33874 43894
38223 93562
2451 39225
23357 25099
34053 82318
42882 82929
24759 95805
31072 44756
92453 92610
69442 97751
17712 71702
28660 46235
72330 93320
68923 74208
50737 59857
48421 51444
76843 95905
49359 50185
81693 91728
11559 69567
1258 68588
95022 96877
21695 48821
86220 90616
90614 91004
90249 91272
9769 59699
55341 94307
3084 50273
96089 98763
94419 97837
27728 79966
38024 44654
37326 91442
92372 96433
67805 81062
23114 41396
13968 41949
76967 92187
41053 84115
17160 87983
95589 98915
1436 9470
91916 92632
980 66600
97845 99869
60612 97511
85275 89843
14838 75698
50398 67253
27213 55569
4953 37572
76090 94579
58883 80091
31272 48236
6668 34291
81507 97725
37949 80649
61705 96598
67238 91543
58933 77981
59090 82946
92874 95789
20731 22927
14827 98036
15057 54334
27676 53169
34541 92612
35306 47428
58595 89529
21595 88784
72715 86092
80664 92058
17445 78685
84167 98696
21382 35828
89864 97730
2535 69687
39647 66785
59074 62531
78488 95900
50989 59730
58038 65875
64753 75939
26704 53044
44240 82464
46066 90964
8711 47622
2391 37777
83855 95149
67875 90061
20764 85439
80729 80975
85246 92869
55044 90510
22011 95601
84274 99585
80293 89591
92325 94701
39098 61554
42199 71307
54191 60153
68366 88439
45367 69967
99751 99837
64342 84461
90356 99511
27956 47170
15317 55976
52783 65400
68773 79470
92737 99975
1001 51860
651 35212
2715 17733
59325 61631
45855 86537
57 73830
32650 54657
44932 88513
38702 70219
20142 91155
43704 67800
5774 14390
73091 81310
76752 80569
76315 77095
99203 99584
76134 99674
66936 83066
42071 82212
61257 71952
95551 95839
17754 20550
29060 75782
37135 61395
71921 83464
63440 99735
50224 71736
77664 87463
72218 90873
84132 96021
71955 77540
62881 68125
8716 81557
84742 91601
90836 98319
46248 54827
47203 55562
2377 71726
7104 98523
43926 48122
40968 49616
93099 95335
39258 76171
84089 96918
26109 50649
17450 96787
8062 9997
79875 97940
20002 74367
71480 74585
34928 53705
56127 77470
9418 99492
70041 90113
42504 80837
94362 94932
74626 97642
59463 86532
58787 91328
65753 89868
738 18395
46389 76375
87081 98202
93101 98883
47755 65136
72641 86833
10908 47198
70891 81898
62712 71280
2955 99739
40636 79509
66618 76028
94941 99087
5739 41590
63180 99657
32955 99420
97704 98981
28539 77773
43283 96164
28138 34851
90867 98347
13406 91458
90855 97302
57249 70336
67380 93097
80196 87764
75741 78416
16017 72423
9278 21396
9631 59604
93771 99648
47744 71293
91674 94090
60884 63175
82099 83255
96460 97778
10500 94599
8288 79505
43221 91240
8614 21000
65402 80882
95402 96072
48858 54572
13942 58023
84340 90008
64767 79148
81637 98895
26609 83999
53036 74195
2890 83596
13597 66430
76805 82440
58796 82251
90486 90497
91760 95980
10440 35049
40497 45546
46339 56746
33043 56171
31532 74785
71100 77112
43323 68430
42650 51060
23454 69271
39187 65472
78919 83711
43484 48116
32135 94752
81880 91329
86591 91786
69111 98723
69888 91050
75183 90350
20101 68886
18908 76481
42233 88886
68470 69986
48786 83405
45788 93262
1601 57347
15685 30501
12559 13521
96228 98198
27168 87391
62055 81786
15964 67255
48551 65799
25305 62274
69687 82850
98884 99992
68646 71664
74137 84164
38832 60125
35018 86083
38771 42251
2268 26963
18836 78684
45325 95277
95086 98716
733 66641
54656 72938
11076 45266
92589 97905
45535 48167
46392 76602
7630 93702
20936 53287
88073 90668
10310 98106
58964 94262
58240 76738
95553 99962
65088 78160
3688 35337
92645 93850
90149 99661
88892 96879
43332 75398
34143 74361
31031 31745
94033 97528
74309 93500
59508 97923
15223 37972
7406 43504
88487 96922
14182 34285
11637 83296
78561 81221
97047 97243
5449 8640
3783 75876
21615 30456
92011 96292
20946 41512
90153 92514
8784 22283
79874 95849
58505 99153
44439 98757
47606 61191
44686 51352
44886 56929
49102 63298
28409 92621
65699 96366
53087 66525
65612 75234
280 90432
26198 68646
38130 40477
55112 69430
98153 99252
73210 81484
72899 76059
98447 98616
77424 97481
99184 99570
48026 71728
6589 76840
49010 88486
63526 71893
43274 66328
52302 98868
86497 92656
38498 59858
62183 64734
10839 40615
40050 43478
99590 99950
81738 98457
56373 95243
6273 76233
85148 97234
48567 57231
15817 77160
64801 91312
89786 94335
23161 96065
82353 88741
12987 20906
48833 65125
70543 97877
7542 27513
79611 93536
32554 58260
93576 99425
8181 33788
63205 90876
50341 94196
55679 80968
74607 93584
30918 70435
36354 38332
90170 94555
3606 88037
82347 87208
88719 98282
87188 95080
78751 79948
26547 48528
11783 32563
64170 97679
2413 87631
73778 77288
75403 90413
5274 67463
99675 99873
74906 75996
37949 95363
83903 97037
87299 93866
6803 53566
46354 46763
4714 92444
84594 95747
93318 99360
32120 40309
96218 99163
56774 95519
39236 49311
6 7706
79658 96844
83565 97095
40425 66698
51745 60704
9726 75392
86343 92491
63957 88778
93292 96309
13784 84533
75642 76933
81172 99644
81433 86782
39219 85891
75916 92338
27123 50477
57400 78009
20551 75061
29799 84260
14070 89683
81937 91165
52583 77056
48882 53573
64042 99303
53950 75927
67545 67837
6494 38370
24055 25258
3816 64290
44660 45519
89924 94286
54824 71895
22648 77418
5171 90829
30491 36871
99862 99983
92407 98730
93729 96211
76494 77414
54760 81118
62331 68064
3891 70818
89466 93152
58376 99753
64902 84589
54366 66050
51485 95030
56565 95537
25119 87762
395 14087
1414 98752
64481 94078
16228 18869
20069 88489
36429 37868
93690 95967
28766 70490
15501 15820
61047 84386
74770 93993
95212 96969
36465 85767
46556 74333
23496 58224
25998 46610
87652 92334
13833 28146
75501 98417
76073 79616
75893 92237
30428 35153
29654 43428
89620 91520
62576 79173
88596 96861
83000 97752
90474 93411
21996 82790
35442 50557
57483 65254
56176 88728
42274 95992
79997 93692
54957 97597
73177 84615
41534 84510
50547 65466
58614 70433
55656 74452
5508 74382
60762 94115
13785 27139
30004 53733
85061 85201
64284 84700
50599 77101
68504 96940
71432 85154
89581 97450
80012 93982
23678 53004
9396 18414
33211 36071
90443 94266
25803 48974
84633 99267
70391 76495
3860 43106
61086 61923
59852 93088
52994 93186
73239 79006
77225 97595
14519 73075
12887 83068
99016 99167
19033 46902
31885 66243
72066 79968
43946 57349
50103 83553
2512 46638
20632 91288
97830 99869
74011 93795
1448 80888
51300 88647
98559 99248
83106 97939
66987 83025
94290 94654
49037 77007
80045 89319
74375 74677
61010 78492
58861 81854
52297 89753
36757 63241
93534 94757
46665 79969
12054 99241
71069 95800
22521 80785
67031 85068
15934 92768
67331 91662
39878 61931
9602 37388
78025 87848
78691 91655
7912 21518
32163 94450
94772 97724
25278 42154
34259 86257
59925 65006
70222 86681
123 58408
57928 71648
14274 67839
21896 93275
17128 88863
58786 66349
9598 12451
2324 66953
59326 71865
23012 99884
73061 94966
9873 99458
13485 90767
83422 95235
53828 94953
60104 75108
21196 25562
95392 99111
22391 50157
76703 92251
32032 35256
46151 79980
5247 17125
20786 61750
98857 99459
93198 97921
72381 75771
74546 98789
64607 84019
72367 98342
68783 99707
38485 59402
93215 98702
73792 82540
98831 99713
56419 64347
39765 73732
19504 36831
70865 74071
67847 87745
48242 92415
77185 80129
53757 90403
63154 98625
74482 90745
38051 98405
78480 98834
71588 74302
95778 95789
65461 78800
22186 27348
93838 94125
36139 61852
90545 93516
66874 98755
56700 75197
55255 68767
62293 94666
8324 50349
87814 99083
37579 94106
9602 90873
10572 29311
29196 71544
85264 89993
61033 85999
63236 70539
93307 97595
21261 61771
14966 83135
59531 79510
70084 89251
61793 71429
60411 67931
58318 91381
60883 68762
55226 63836
45908 53721
78176 96398
85596 93455
14699 17599
54920 74715
67152 69222
75432 80170
26780 29953
39563 83695
49799 57471
19487 72812
17501 35695
77329 79393
93085 95473
53954 54231
49410 92789
71655 85321
94340 96071
77576 90198
23570 77447
47335 64627
73893 88237
15825 29305
37036 78779
31285 57635
72878 75931
26506 66196
66844 93752
91530 95484
183 21691
59695 72815
83261 91990
34956 51323
60327 96637
31721 58804
20928 25944
83954 96586
73048 94399
5844 14987
86067 90603
70063 75275
4484 77919
97853 99877
26829 77629
62570 88251
8766 16835
18409 85113
52091 60213
53340 76291
3816 63385
37933 74171
1540 12296
81418 88981
98131 98810
38608 80122
52200 62961
12661 64701
45471 71598
88099 91510
39874 75645
66788 73201
41386 73661
30583 95686
47883 70669
48194 76950
49960 98849
30874 96918
75265 86816
96214 97565
69109 71302
10220 36639
37483 47681
70373 88322
95400 96837
40028 66777
46227 98589
59677 78447
92415 95058
50612 84311
16119 32607
96445 96996
56790 85872
39367 79713
74529 90630
60994 73616
84273 92165
68920 85175
40376 41837
52661 99154
20813 23832
9153 23226
5410 92735
57594 66953
45846 59705
7503 84615
30260 49488
38723 48717
25967 55496
67943 89367
45631 72087
4881 42439
35004 77395
49391 65379
75632 87138
66067 81292
64425 77623
91238 91483
26742 98795
11880 16058
51370 70335
61905 64898
89528 98263
74164 87995
50258 84317
69173 92962
62019 76339
58662 74350
10078 71594
44772 90615
59461 87949
46052 49792
83633 95698
99500 99958
1306 18256
29841 50554
52963 62670
28106 47640
6849 76745
38925 94463
51199 95651
90863 94510
14266 90817
5445 96132
47559 71018
37367 55048
64510 82121
79089 87933
84547 91832
19103 39004
36367 91026
41783 73436
15813 80557
88979 89722
4183 19026
27162 95263
66197 70537
38807 74122
42932 51962
30960 39620
64881 66241
30102 65885
42562 44687
4412 25368
76833 95150
9604 53403
80768 94166
56671 56843
7233 14112
29380 47781
69664 95399
90471 96374
96474 96577
79195 83733
50469 78926
15494 38740
45380 51387
46269 69487
64297 87581
8301 57987
31807 63364
83004 94262
9476 73612
40930 75521
53074 78853
35687 39894
80782 93935
96018 98258
38563 84431
26223 81745
45548 85207
2107 84758
67995 85772
77922 91933
8274 36997
14054 97148
49388 78319
14381 78097
92949 95775
20423 44046
33778 85660
99240 99864
80077 96011
60979 61025
119 9833
31768 81673
48988 53138
84612 98909
35106 51420
33813 71806
80520 91130
60855 82397
54668 84222
72982 86461
51342 62170
13779 43439
63316 79632
64987 96455
54634 73407
34982 93449
93746 98365
5463 84903
15151 44464
96437 99591
37451 55553
54162 75632
90487 97201
96278 97769
61730 77891
52239 70843
37687 74665
4876 29167
50566 88344
91967 98129
42880 89630
97705 98063
53421 79918
50239 98887
58178 77069
18076 25810
67792 99874
92830 95300
3351 68297
29004 30981
737 18644
16845 32690
17864 57209
51151 64219
68796 98276
27162 65322
40032 79964
5706 74207
84328 95820
75795 84539
35528 57102
44848 95017
96495 98463
65807 74664
92616 93835
77130 98755
40448 51558
79092 87898
66379 92873
37531 58505
77972 89099
20173 64441
9805 86174
80055 81303
30932 62480
88109 88602
77774 98237
220 77229
42767 89916
25773 38672
19107 25489
9616 49851
28786 87078
35136 46534
84656 89967
72701 94249
94146 96609
59916 76678
90894 97989
76297 79398
15179 81389
60841 85734
19952 99149
46480 65420
68762 76042
81959 92164
93050 95090
38145 89574
57973 65024
29620 82468
38846 71285
99285 99414
61627 90690
86365 88533
53958 89842
74980 97161
91958 99532
89406 98283
8615 46794
6967 98114
75123 77831
94732 95958
74402 81489
54221 61620
41221 85197
46923 62787
39653 88230
47457 79022
93152 93681
40411 87488
84348 91928
87971 94846
31044 35733
53600 81179
54895 93660
48769 72114
15799 27340
44766 95887
36517 54751
348 52188
58793 64946
75617 76679
18427 87722
47635 92180
60347 96398
70937 78386
78987 80026
65639 77610
88820 89580
11803 94243
91725 94064
79059 97028
63372 69627
79505 87378
67236 78948
21181 90538
68345 97088
48809 52704
46029 58176
54140 61106
51526 93340
36200 79990
46376 89617
66295 71231
42764 92458
76613 82724
71689 94603
77251 91597
71148 97722
83273 84994
80936 83677
820 41114
89544 90723
1172 35512
79925 98634
47667 76237
645 62127
20894 26647
11721 63043
68113 76096
49127 83182
61750 73317
63377 84588
75248 90113
98073 98332
92753 96860
78708 97223
36827 93466
16630 76991
63498 80588
57799 58532
12421 25324
55966 75185
30793 86491
31353 92328
96962 98581
46240 61877
78336 90899
95515 96555
49956 71412
75453 81233
69555 78977
83420 86931
19402 45474
46249 86899
74716 94988
42794 82902
56029 59134
74879 93401
40153 46020
4040 29525
95063 95904
16127 96263
95434 97357
7013 31821
59508 96327
5813 39786
56310 93502
34878 69692
24821 77395
74854 91482
88545 97474
26750 59017
32905 42666
40302 43304
70174 87122
65429 90234
85793 86866
33293 45107
47178 90445
83998 95910
31142 67899
27315 86339
95665 98149
20689 44877
80747 88249
78512 96165
48117 90677
22625 84799
23426 43041
45151 47169
4464 74494
38494 49256
95361 99190
80836 87569
74324 76186
52933 79321
46515 98891
88106 94622
82554 87640
49893 76154
28804 55963
69573 81759
55345 85637
54462 96221
40113 78025
24936 43008
39121 83388
49413 50739
92346 92387
31940 41762
50474 98189
71047 99305
58385 60356
34422 60369
28432 57825
33973 69647
4276 99688
28943 64318
99662 99727
19754 57791
288 15922
97767 99275
86284 99455
6463 19907
52789 91196
4876 56897
29120 64146
94388 98546
9395 17717
80496 89544
58283 97376
99777 99816
68330 89540
71041 81619
9468 76886
91878 93029
58209 69659
82771 91499
29605 35301
23043 95798
9240 84051
60250 81345
23131 79001
90175 90343
77264 94835
88633 90580
95182 98931
37132 45124
17591 32920
24902 57165
80005 89672
39850 59793
86900 93195
19628 47060
13819 85853
50557 59636
38058 57551
83799 91057
11058 88064
85312 98249
50865 87744
1768 25241
25451 53664
80899 96189
49511 53628
30526 93202
15460 65293
73478 85253
36868 63330
49335 53333
31764 93647
63571 90546
12112 80322
55325 55366
66177 81243
44024 84148
79378 99769
56927 78695
32685 58434
90275 99444
84814 91160
6501 96106
40396 55077
20955 53658
22334 68377
138 4037
61361 78447
41682 60989
1461 49609
78132 95593
74023 80102
63201 97529
65679 83285
75858 81891
92285 96153
90390 97820
9805 92915
51200 70892
14999 17046
97587 99104
72996 88366
3837 30005
4218 83004
17401 44969
10826 29431
72217 88214
83583 83953
23891 26321
65725 74962
87668 90061
6966 91467
71155 87673
66951 90526
96371 99633
99140 99937
39579 93041
18326 87655
15182 73367
8389 39622
12236 65834
24154 72601
8051 12013
28293 96624
65444 66794
86095 87762
58624 95184
73548 99009
44662 46408
20367 44182
39265 70169
27488 88864
23475 30631
11230 81615
82133 92988
81603 91378
59688 72455
97914 99228
82703 95515
80896 97782
8923 34183
26162 36694
23414 72134
60914 85527
84797 93390
26102 85580
54063 58428
53941 57458
51022 88210
47576 61269
44543 44837
47742 96335
77546 86802
27681 42353
8009 95596
20719 29347
76683 99797
48848 83593
21022 91184
65924 71129
3163 39701
45937 94045
69275 88468
89948 99649
6251 39851
91885 92610
16850 55094
63895 67101
51223 56044
80091 95917
15845 24859
90906 92721
10173 39647
60450 95931
4645 54740
81370 91617
24933 30869
1298 12694
69279 75989
88809 91770
10242 34299
69985 81692
55939 95759
72475 73124
46358 86629
70690 86666
19721 40879
31261 49724
89515 97073
78858 85959
17313 54359
27638 62924
97889 99160
75639 94212
73376 90381
71018 92323
30404 49985
4441 69189
49209 79391
30382 73362
5898 48057
61261 72315
70433 73273
48465 57148
71378 76348
79206 90170
28203 71560
90034 97956
50 99323
85029 95514
68263 70987
32553 49583
96420 96648
17286 96152
45274 63932
48013 96581
28068 68042
31337 31368
89619 99694
48303 61250
28721 37526
97781 98800
77758 91941
58514 99238
90016 91248
29067 67039
57984 72099
24030 54882
13756 90661
51500 84189
59280 64704
33081 75459
27978 33369
5527 26372
32583 83852
37611 88679
26489 90667
63139 90448
53368 54090
76458 94485
40840 76428
98681 99859
18279 83196
24507 92068
81573 90942
34701 79875
99661 99783
94918 97631
42371 47410
55569 58144
76789 91268
71913 89026
34139 82751
46389 88742
75642 76212
3447 50708
6206 53460
82004 83886
97014 97858
89731 96932
38522 65507
42083 46050
58792 60479
32306 55530
66624 69130
75595 85215
48328 70270
56244 96060
13511 76935
27769 47834
60387 79183
80266 98935
34536 72700
95104 97933
90448 91236
34586 91543
82050 83813
96132 96663
16920 58174
59279 93418
59486 98776
31978 63865
33320 86879
95935 96842
733 72412
59991 71396
73888 95437
4467 60024
24883 64589
29791 33049
23457 84017
47988 76673
58357 82455
61706 65009
1813 92000
14507 73976
69231 84681
89240 99671
41935 92081
16679 69032
75288 93806
10664 25106
81399 91270
51295 77308
4220 42536
62177 91988
69493 73988
81225 91494
67888 84807
66369 76085
79281 97108
96178 98294
45792 75727
6080 69159
5294 19994
69524 86643
26475 94025
34782 44510
56092 88551
94087 99156
62781 70704
57559 75561
99687 99711
90613 98481
88929 96301
39972 98842
87391 99089
34518 95358
14488 20785
55271 97681
87673 98266
88958 98424
58553 75556
87325 97917
44712 69520
30242 64691
36006 60775
72556 87187
26838 63614
81380 92256
14334 52509
52060 96380
28817 36536
41718 57069
93088 93873
17222 87150
76072 82148
25360 60244
85666 98746
18130 26785
33321 37585
70468 97192
54930 93216
1601 66123
46407 98293
34272 68993
24828 79979
95919 97072
9593 22616
13487 84570
86366 99260
84408 91313
95062 99049
9694 81771
33797 76487
31801 39729
91614 94602
71936 96396
31648 42663
95460 95600
80871 84339
13560 94777
44622 52539
37242 95485
32505 54887
80814 99059
9526 25434
70064 73684
58634 73256
80579 80782
98722 99032
88909 96627
36697 95558
82263 95494
56139 97967
57620 96011
69445 81805
90169 97745
27398 40813
1945 12826
15340 92928
58261 98014
6202 35313
24825 70529
84346 89336
44577 69975
15466 42791
18207 61377
70076 80609
44870 54575
92715 99366
29694 43849
82167 85300
28217 55874
41184 51866
21768 83543
66459 73741
97432 98704
86651 94166
71505 99332
48079 97409
74598 95534
4094 39457
95156 99820
32149 33490
66035 92993
43273 74667
68166 92726
20731 99880
32598 95023
92578 95175
25492 81433
96486 99811
58273 66005
32262 75192
41961 64265
94363 99811
32816 80489
94902 98319
33753 81966
90790 99093
86833 92581
8988 89395
91406 95857
76498 98176
5451 84387
47395 60539
68255 97160
93310 99457
20972 84266
40053 69094
27720 71477
83342 97958
75567 89919
18331 90823
95952 97543
21846 31619
17113 20313
39886 50182
7894 74897
5011 44417
7802 27416
95440 99264
18848 94663
44781 91255
40714 81091
18302 97437
9407 17715
33758 93186
22026 34753
92221 99547
84189 95595
21980 42656
88386 98652
60950 84513
84432 94698
27384 34901
3958 29555
92136 94920
47065 75608
69126 76985
86922 99664
27185 41706
35734 96464
23422 94598
53332 61768
76689 80270
11681 85010
40527 89101
15574 54488
5332 42577
94214 95914
58608 67117
83260 87381
54656 86886
10834 89573
89030 96387
72339 94208
71699 77854
15405 19569
81318 94004
15887 98847
79450 92761
57646 70581
12267 50013
64577 96187
20471 87180
2781 5863
9665 96527
9035 76420
92081 93166
21118 50665
19837 78335
70373 74238
82375 98300
58791 64649
84674 97009
93800 94834
6567 28053
85535 95483
51873 58052
22242 69028
64875 73777
79717 87083
30712 78746
24565 40890
89277 95506
62515 64228
1220 73395
83225 93538
54264 80696
80130 99569
12114 95442
98813 99123
38629 95244
26940 30570
61441 74091
68919 82133
73109 90956
10624 51626
86297 98966
58103 93450
63638 81856
90577 91477
60675 75090
28140 41233
85342 88952
83211 94787
29570 73825
68678 88397
27901 99198
46568 91843
46283 62654
64608 72794
69954 80239
14950 60539
53740 94209
92248 99332
17949 36037
52590 80093
46520 74622
48556 50812
72509 83856
77260 89757
49422 79546
3460 39606
71888 83966
16253 64437
32588 50261
34667 59833
88947 95074
6031 60022
17778 47680
80404 84000
94844 97170
39402 90074
60900 86750
621 33211
73235 74933
11651 35568
63638 96191
55058 90761
19673 94328
65298 66844
18419 45429
34815 73250
92945 97290
47251 98107
29393 36406
97369 98742
94381 99093
5483 84634
77979 90972
40973 43168
36601 60353
80509 89879
50102 53400
51074 52413
55051 93730
98653 99039
99945 99969
88595 93439
65131 84678
2947 74249
44460 66323
1169 88986
419 28049
62547 77478
61444 74059
26782 29415
25982 99010
10735 14061
64679 93368
76765 98720
61683 85656
81615 82186
69726 71582
43550 60383
72300 97140
15036 92622
49968 63444
58932 85749
49910 96450
49132 90867
50806 63562
91530 98058
69459 97861
30052 92120
42805 53009
1109 2913
1596 54951
65268 77354
49790 49989
17180 65093
10743 71526
20100 28722
89870 91811
63371 98373
46251 94132
43762 88347
63773 80088
48206 70984
98457 98521
54170 66556
39482 91310
97817 98875
76137 84028
40749 77027
49335 52350
80931 90572
23917 32162
2546 99314
92575 94940
9967 25635
98952 99596
42537 43832
20164 53186
23227 85404
43862 84182
24600 86136
7215 47002
60309 75260
30276 66867
1052 67107
72573 91369
99861 99889
3038 47591
44650 65071
26687 56808
34044 39628
15170 47581
20911 32163
13144 62762
22989 60433
34497 79425
67167 93367
19157 84110
62069 69326
26597 49257
22221 75160
55839 74111
28911 63697
45848 61472
39714 98974
40644 65678
38669 60559
74044 91629
90460 98246
30592 30822
56934 63994
61571 76157
77886 82636
64001 85720
71429 87516
73979 93461
77950 86689
25494 63209
66593 69397
42279 82800
79556 97559
52055 93454
52899 60339
35685 44505
79625 81466
67569 77390
22862 87708
75425 88542
89181 98163
30602 62940
98138 99775
53353 62916
71647 99488
39399 80866
90848 95915
67271 72667
56376 57046
88661 92319
26704 87813
16613 97941
75266 75806
85591 88991
48875 72018
65033 95541
46080 79888
98251 98625
20503 77236
94911 95737
23539 28234
2844 27730
25508 40715
42489 89130
48951 66734
47189 71531
55338 59729
84212 97949
12185 48831
55398 99384
92226 96892
63190 78776
79512 89207
82228 85651
47882 84423
71529 75336
12462 94238
25200 59623
85548 87971
21110 70287
11824 25682
83524 96978
90639 99954
85573 96625
70505 97781
98286 98679
9901 66334
6456 65172
25395 33545
82070 86124
48328 79678
16719 79785
8130 9876
40261 94795
13018 57555
89611 97327
80428 82453
4412 79645
82883 88499
48184 90343
6207 53874
77549 82954
75948 77534
1158 61178
54587 91335
42503 55628
47866 90674
95329 96175
92765 97203
56495 82400
19510 34629
9496 94292
93820 99751
23140 61453
23096 36776
31341 74434
87746 89898
28469 75576
73578 98076
29301 95974
57750 64390
87229 93870
88025 88267
65477 72637
80884 82769
99384 99875
21820 94820
4126 20949
93436 98589
57950 66005
65949 96243
64439 94088
91883 93706
10725 91304
22075 57309
13656 85344
27089 46693
48952 94074
64027 72886
9648 80360
51216 59114
17548 58921
11567 68633
70718 80513
56183 75784
19814 22296
71694 90551
73066 73557
42587 72068
63383 82647
24636 35239
24909 65178
62237 74850
89681 90193
95915 99814
81156 97025
88299 88610
52387 85149
84135 92445
91367 92022
93201 95384
7418 91003
54437 65438
36731 58661
86240 92327
85812 94582
75231 78130
25780 64321
38709 40917
99564 99790
81476 85148
35239 71046
19076 91688
80006 89899
62648 87538
21332 24510
87717 88158
30070 63550
82242 92012
13469 84181
1187 3533
50684 53342
25446 28016
68432 81429
56982 84874
52213 66002
81691 89476
1858 19335
29404 92928
96164 99447
56715 71767
68141 82452
67729 69623
40110 93192
14666 32122
66102 88058
33833 80717
62947 80571
97724 99645
34503 68439
33549 77673
18687 44816
28734 59463
25760 73089
8916 83176
92423 96131
16685 44446
29762 81364
46549 86634
96387 97955
89384 94012
41264 47907
35874 41709
43765 92206
888 93787
25977 26016
18217 24800
1988 68738
56342 90457
93260 96255
19817 74212
53919 72776
50019 66805
2895 59679
95122 96568
59625 85778
25689 81845
16329 50161
20009 59236
54577 56178
81479 87566
69305 96649
83007 91058
57074 64985
49359 56781
23172 86673
49568 81693
30786 69205
93259 94299
84584 96954
43086 43500
57385 77283
33616 91908
7996 68003
7126 8111
63648 99521
61490 77703
51578 58265
83607 89624
34952 83206
21948 38626
66 41168
20916 58817
70277 89490
36563 68518
15043 16800
63029 83322
77794 87582
46141 55735
78908 89680
73771 88151
21548 44901
91058 98007
76487 89217
85086 86206
82580 90106
32020 35018
44408 69495
2250 72621
37323 74982
54019 88335
70795 93229
64783 90895
91209 94965
95383 99512
57249 91353
66236 84710
91403 93679
52696 94605
65911 79974
3167 13904
47749 84585
2650 48334
98573 98903
88337 93116
55829 58367
43643 67589
89656 91031
54697 74213
53122 64564
33280 80795
79591 80118
9638 70261
88248 91562
82588 83549
32012 67344
11638 77298
84784 87682
46983 75312
13139 95963
36911 96807
64622 93626
95079 96510
81694 91856
50516 58709
84179 93723
39134 69798
53451 55603
64741 85637
12711 84735
77222 83232
59470 68382
73611 84843
47946 82906
27719 83529
86097 99085
40783 73455
37897 51921
44302 88452
67888 80644
16311 43336
52875 58698
82259 98200
36347 41449
95051 96812
12128 23990
68335 72662
84932 89642
66678 99804
87174 88467
70833 90651
59661 83295
14328 95725
85349 89430
49340 68353
29219 64853
61145 92457
69256 86646
94863 98601
66873 98472
33568 76006
7290 91324
91588 97224
68995 91635
43412 68367
90756 93651
38527 50167
50565 73519
84570 92532
57095 67826
68745 82946
63060 86410
92985 93409
57884 71009
10962 39268
47551 83320
10690 72147
97385 99952
28795 56733
24152 72943
53289 83713
42585 45178
58713 93667
23200 97049
28929 89998
21425 39136
90246 96729
88829 93332
32534 44754
65540 82138
15230 21508
32619 85422
36399 77238
24948 77616
86218 87427
41114 46496
76175 92412
30740 63023
22345 75569
74469 76610
62817 91823
89301 89609
67215 99768
13782 96235
26815 79711
86336 90953
38071 94839
74185 98143
71986 81812
43502 46124
86123 96816
77682 95126
53957 90270
73062 76007
62404 79456
40306 73699
53933 93152
92877 96078
61415 76469
17062 18164
9305 23548
89780 90393
75867 85183
89412 95717
87417 88755
15191 98434
33717 35146
65186 88042
17264 63373
99550 99993
17197 74773
75616 97379
7510 57689
12538 58048
40914 68557
68031 90761
49444 85656
69026 86297
68470 77006
43940 90669
61821 70974
56078 87939
67694 96526
77966 88094
68150 98447
89903 97890
76951 77563
92655 98837
59138 96571
52489 66941
14841 94001
44426 80740
91479 93892
51207 86048
30612 45168
86591 95024
59653 91711
14791 65208
10301 42189
83687 94763
26737 78605
36706 73037
64787 68943
50292 78166
35521 77100
37678 78673
35126 98641
20326 47736
3579 75617
29986 61408
41727 49663
52545 91126
53270 78268
31923 38361
89945 98920
20037 68669
28539 80210
82693 89455
51314 75485
41185 75295
25151 68838
18752 89262
19103 43811
21264 88972
54566 86066
19965 30592
86714 96428
46272 59146
46293 87815
29285 38613
78437 90933
88422 94566
96584 96734
549 9228
29982 83004
47356 79590
99578 99778
93526 98320
58835 75138
83141 96089
45140 77870
50295 72314
60791 92210
6166 50661
35827 61695
68631 73377
77742 81562
73087 99301
60991 63675
45927 78858
86832 92930
99875 99962
6601 58046
95570 98556
84572 97334
28407 95387
6295 55062
17098 93518
5387 89057
81116 90336
82274 91241
577 12080
49220 62349
80484 85838
27357 33562
14301 32195
31965 97802
12164 98788
69517 78679
6005 63688
29563 83358
24240 60754
25614 76622
36706 62434
77544 78434
37361 97632
68563 94784
48887 61609
64410 91968
59458 94531
75350 91884
35814 50144
62171 76307
5116 53524
51682 65940
23098 74783
47867 50227
6540 95010
85515 88698
72325 91211
8573 36353
72651 96583
49090 91724
6421 76607
26262 26930
43632 83120
7103 65864
5809 51902
91506 94621
23568 31106
58445 86514
75072 85258
50263 97893
99161 99627
5713 56216
2860 92812
23889 82687
92790 94104
61712 62565
27169 82856
8340 69000
32391 59302
16325 99661
25738 35996
29342 79817
40463 85854
14409 22346
67607 68290
92394 95910
88574 99988
77039 92382
82713 83031
34137 42320
26770 68844
64438 71298
46494 78166
58877 72231
75132 80898
79625 83475
91121 94045
94253 94944
65090 88674
56586 69992
39469 99445
46937 96990
61755 83828
15805 97853
20823 41259
29906 45607
32605 95616
36761 37515
1426 61896
20642 66532
32823 82735
63863 75122
22743 50971
39945 96318
99292 99643
16094 83181
66940 91823
59892 62092
42545 80146
83602 98092
17386 26350
53435 89902
27133 64693
83769 83939
94020 94723
94431 98242
40727 41114
9840 14867
8588 11081
77385 98016
3535 46018
42302 83984
43130 91250
38209 96638
27101 42052
52881 68591
32029 57461
12564 68549
28194 70158
80224 88101
81113 97509
76224 96666
75750 94898
77828 82091
13539 55248
38064 48081
77024 91255
2260 15306
37261 45591
62545 74630
10906 33698
65576 91949
9367 10723
73675 98312
47676 96416
2709 78838
5697 88418
18293 23105
3678 11478
62494 78778
94765 99097
12465 90588
32797 96433
97849 99272
32046 81344
23535 57060
61873 97497
92259 93215
23555 54257
43307 95297
35071 99466
14133 56452
29121 72681
77080 91781
72528 80752
91551 99206
69533 71063
90710 98680
33579 82955
41710 79895
76656 93401
13939 20401
14813 46351
17075 34488
6622 43999
79966 92464
16083 30776
89111 98748
5668 34081
62312 86716
3690 73120
33761 71779
61986 76571
22356 56128
21499 93567
56927 58482
36957 56248
92987 97992
54409 73627
6831 52491
90018 94787
10834 91947
26290 91854
83614 93187
18957 56039
43211 71545
71809 74463
144 85648
79566 92268
81686 99384
93661 95384
53135 66141
72506 92635
34680 43062
24079 66995
29388 58027
11507 39799
32132 68621
92275 95844
60709 89708
27856 39023
61463 88627
73997 82331
60131 91833
63331 91994
18503 45677
22164 71003
25376 88080
44599 84851
27816 83101
30161 76941
72657 79417
53812 90589
91037 97727
93333 99529
45535 54497
35051 89969
5005 31839
89370 92802
13164 21835
21831 33989
61475 71312
38643 85834
71943 96059
38097 78351
56862 79888
77227 83413
56337 85275
49723 90493
45879 76259
90473 98518
79854 99034
34725 76425
75281 85063
42956 92292
26248 69377
27868 70706
78090 83207
28790 92179
88465 95324
66809 95387
46581 65145
29569 68975
63804 88397
12906 21114
1765 3312
53831 63393
23669 45918
78063 92178
45039 70232
12508 86831
89909 98950
96914 98629
96121 98566
75185 99322
60054 71226
77732 81870
40761 79090
87144 96207
76933 88228
2423 80185
25840 79066
21855 27525
18526 31453
52578 88366
81841 99009
64434 93667
28051 70448
52758 55824
39029 44235
42873 47721
23473 39635
62690 76277
68192 95471
85729 89094
23147 43818
89458 92381
77945 94647
79635 88338
28320 36467
93329 98617
77869 78322
80428 83152
99353 99425
8095 52344
78512 95560
81122 99405
99870 99891
68785 74244
76937 83626
44681 46303
58952 80746
86840 88112
5246 54520
75932 87840
15018 83459
95099 99942
38253 95689
75757 95903
52161 71878
35404 66918
48850 54409
15697 62574
98422 99014
29944 67242
17968 65418
93800 96020
27859 76982
33407 82197
94612 94713
25745 58871
15040 67843
75193 98491
43975 59629
61667 86046
76754 89270
70015 92783
44984 71940
79452 81767
54544 61521
18890 91038
36496 47625
83542 84707
80177 85590
59256 86156
7668 78216
36153 73837
49093 78089
38704 57125
12007 99682
92383 98568
37550 59648
95164 99396
81688 89466
19784 92611
60828 81010
17864 28557
96252 96941
70379 91025
23050 24467
19618 64685
17027 40474
92827 94533
69988 93592
10375 61217
79647 93212
15344 53403
28394 28548
39322 94463
26976 47399
9414 94647
44380 86770
66113 92919
72450 81155
29504 37461
95521 97895
90805 97463
69308 99815
86025 87559
47693 51487
2605 18481
50660 99672
66594 83695
53464 69842
40546 43963
68982 88869
49014 50729
15969 79216
97215 97311
97397 98555
86735 87952
35595 72150
12086 52961
10784 66141
21686 89684
36155 65002
37493 41475
61745 77329
91860 99055
77680 82248
24836 26944
32172 58196
91400 91922
59163 96132
12666 72923
34933 74080
66468 82090
98947 99293
80004 99584
1384 34869
49553 74311
99156 99444
67416 73131
15372 26120
56746 98938
78671 95676
44679 63998
16634 20103
70714 90677
8526 73239
85381 85718
14031 88295
54405 84329
6560 65686
45862 65252
77013 88968
10119 14535
13037 95612
14284 17023
63578 70782
59707 96139
92623 96432
4013 29311
6264 11813
90985 96246
10998 54411
45044 89854
50704 54863
29465 95124
90562 98390
81793 92924
27353 95394
71118 81339
13277 64608
53281 83825
5537 5889
14307 97503
68533 96092
98347 98511
78658 84359
63379 63794
91529 92421
51772 71835
55950 81041
84881 87102
91522 93847
92318 92605
56722 62856
14639 17735
99182 99329
64334 75173
96246 97921
37561 71915
74719 86016
4022 35712
97428 99905
48551 86384
14406 90851
83078 92990
64183 88653
10753 32195
76722 86427
63482 77231
42906 85044
79086 82268
61161 89886
35803 37122
66761 89176
6850 8452
73612 83963
72113 94968
25362 59223
5620 40584
72276 75528
51183 56858
90015 98724
2889 82217
71101 91350
19774 31268
22837 46282
73582 97336
61902 72942
59600 99654
92396 97943
7052 91132
50725 54017
17537 79984
61131 98033
18545 96159
78311 87024
51118 80384
87176 92826
41252 82092
69841 72592
75431 77467
40247 77947
98978 99704
24490 81655
12191 90256
38399 78898
42549 81893
43448 55338
80518 86318
57675 84180
70849 94991
32723 48802
84563 92461
37768 58938
18179 90069
82400 84315
43066 84624
77270 96795
68367 77258
52807 98237
60081 87754
4358 42966
64515 82135
55330 82486
22691 76737
27573 71893
20303 36610
79843 90176
87977 93556
96309 98706
98139 98419
66493 96688
1826 97891
62130 87560
87124 95261
78052 96428
27869 53178
85077 93827
55626 97693
67036 95121
89454 92575
47835 74129
44951 73769
68355 83006
68799 84993
8796 68261
72720 78525
88041 95031
70977 78105
84191 98807
47796 60672
42415 60659
44346 68878
96601 96878
9093 76348
62236 88288
62625 63587
62278 82493
48470 82820
46038 92511
86147 96285
51298 94582
35189 63811
43163 67164
75823 78000
68180 84590
82627 93814
35493 93864
88527 96479
12494 49129
74692 98916
73993 92303
92841 99057
17776 96663
76625 85874
62327 71886
69404 85167
22683 44327
28262 94572
85624 93541
59837 80462
98275 98741
31496 36203
32795 51817
62334 98319
59596 66700
89973 93603
21960 41593
55302 83951
7161 93453
35524 85741
78626 95162
7092 35322
39376 39657
6613 79318
37294 89750
68600 89960
8925 91478
7686 76834
38915 49534
61116 99167
8847 80665
72514 91107
55489 58121
15141 90644
2764 68030
67686 82805
76210 85272
49758 61723
39049 79436
62231 79001
97694 98298
86993 87155
9257 10483
3463 58127
35396 42014
36830 73799
84351 97093
7182 14928
21241 65857
80557 96778
73645 88497
2059 4669
23708 45099
40340 72656
28262 81371
78030 92289
85577 91360
15148 80543
31719 50439
31473 35523
16926 95958
45656 46096
57873 67340
67795 83099
54932 94285
28238 43075
37904 51025
8220 27797
82361 87152
72563 77998
39199 75684
3618 38352
23166 55139
59178 95555
81478 81844
67349 93370
69474 76446
71653 92776
53153 63713
10377 19867
28045 43159
63119 86824
82029 88951
468 1773
86606 86810
70331 84544
25749 77269
39265 87425
34586 44221
96070 96715
57838 78772
44813 77232
92570 92697
42959 60436
59317 60536
30527 31144
16066 93632
93834 96408
24763 91233
70809 73112
64144 90552
77042 95988
39404 99515
74797 79667
60484 85879
19360 34419
46701 75822
99844 99879
30117 92196
38248 56896
5986 61991
79431 84989
49082 53988
7947 79882
65257 81628
47435 49003
476 20539
48350 93161
50861 63140
42479 45713
34971 80117
57580 93896
11816 50764
60320 78157
6064 79024
69716 82104
44264 58316
74657 80795
36344 67512
4522 68875
23450 86587
42562 78173
59348 91752
60962 72219
19471 33726
61500 80337
4833 9869
51921 99109
70989 79411
98794 99335
55790 76099
31319 52659
68901 88887
97470 99688
96468 99682
23651 29293
47994 48351
58650 59355
30668 37300
64808 79142
31031 63377
18817 59373
53493 79851
11012 45942
93782 99595
45525 65966
72330 89989
89078 89648
91576 92643
89696 92049
84869 96171
65331 67529
60768 88051
26540 98865
35134 76301
67210 69237
4509 27434
34941 37829
42246 69093
17702 73834
75239 86491
89510 99680
70398 70557
91528 95121
10786 34562
4686 8346
95896 99685
63304 99335
34691 42134
68804 86106
85039 88037
38434 73638
43635 96303
3496 30847
42534 91413
75613 92409
65126 93711
30599 63146
92277 97216
4076 54469
63507 98871
8015 98813
78663 84924
16977 91505
63837 81593
74249 96382
73255 77923
23907 41143
9116 11902
13763 90542
60124 90682
22893 24591
92535 95992
4739 49223
78434 87503
67226 95158
76939 93520
14964 80366
38390 49741
92611 97223
67749 85712
62959 86570
59084 75314
93645 97838
90338 99602
95641 96734
93351 94808
27797 54075
24263 38812
84555 92118
56594 83475
71299 94065
22652 98759
17655 90027
97111 97587
79587 96009
70358 89780
7012 39879
49384 65965
67721 84819
25925 89422
78814 85950
95644 97837
56685 59537
18164 81341
50786 86195
1335 80898
64848 79857
19809 54252
93500 98856
49530 54976
82386 88331
98122 98389
81805 86864
37789 41339
31329 95126
39944 76325
16331 19335
49175 80350
58767 63554
22405 88613
17634 80707
2586 93547
24307 88990
45476 64563
74691 96635
57347 64783
12623 59808
52252 57982
77164 77747
42254 96035
45418 52981
59413 98036
11687 85800
51754 97480
81003 90799
64765 95147
12152 51775
85872 94522
45704 51029
74813 99182
54086 95911
85349 99567
82082 88952
56947 61069
34553 36922
5444 94412
82233 97958
3502 81983
78883 90082
52764 65255
84712 88662
32550 62871
28470 77424
44467 46534
44622 74948
77535 90666
89577 96719
29623 95830
85474 97774
7579 93626
40407 90030
22546 83299
54876 90531
51385 75852
27984 29192
11583 92833
14819 49585
5554 94520
28770 56442
21488 74363
65205 84147
32759 80812
14380 56302
63188 81330
8844 59270
59605 72993
90200 96056
64821 75639
70407 78465
85191 85370
56811 98933
19885 21143
59850 67478
75781 79145
20459 68151
29336 66548
82131 96709
60726 84942
94571 99690
34935 61859
25732 79005
94032 99395
75686 79730
47097 49167
99184 99638
98009 99780
62917 69617
76648 92932
66551 66716
2098 53585
2839 86446
21850 42398
14866 69828
80896 81847
89322 93965
29711 83490
57681 85971
41525 91156
33001 68718
24610 45662
72167 83985
89219 99015
72791 95875
82913 95499
63818 73472
26012 60100
61619 85944
48075 50410
89183 99585
66716 83443
61042 85569
9928 29152
83384 96502
90674 93130
90131 91679
74142 99934
73310 83739
70232 97175
95644 96869
58576 59189
16265 30206
12524 80632
63116 92105
42100 47698
11288 23770
89895 91243
24359 62853
88287 90118
66572 94753
60360 87306
15879 51442
9395 97422
86728 86985
41225 72191
82120 86768
50717 85237
76780 81410
30772 75396
40997 93884
23152 91440
67922 73196
19373 79495
29659 41191
73044 95596
69651 89515
46052 46099
97758 98827
64257 84122
80231 86936
98946 99422
63030 98290
29713 88107
63551 71871
53956 98217
46232 96516
67478 80804
1006 99537
7689 20462
43710 97063
87848 99594
45517 83119
16972 89893
33240 66618
40607 69721
67883 81014
17314 53976
51886 77956
92133 96006
44332 47569
7573 40544
75102 95749
36546 93463
25635 30650
45261 90859
41647 49023
4973 99159
92497 96921
51517 67473
61679 92911
23275 65088
16254 89007
82646 88061
22214 70980
51274 77505
97782 99401
47838 81365
91022 91127
2260 25649
93895 99174
68149 93459
68959 89387
52556 61606
26417 82411
37323 52838
82026 92857
95340 96769
19284 55026
89776 90597
5600 15120
15310 18762
91053 93360
19258 57114
27844 67332
57706 82516
79587 89374
40907 72729
27395 86419
76400 76522
84002 98499
85992 87143
22665 89144
81529 87064
20724 59050
47394 99147
64733 77432
81391 98604
17718 60966
9468 10592
73646 90417
25279 66854
44459 74552
15283 60610
46125 85138
81054 90682
97640 99948
34078 57156
70566 77683
82516 93168
51364 92535
55348 77405
31723 67964
14552 74368
66697 70755
79661 85101
27201 71392
13126 96855
28757 30419
48350 78448
10592 36860
39957 65332
86671 95821
13724 95376
9687 12122
9355 68075
8866 43275
79013 85027
82207 99338
12072 17319
71893 81663
91673 98884
13489 20334
72105 76554
27217 28288
88708 91650
42697 94073
89234 91311
21196 43325
94681 98537
78660 95835
71901 85663
62125 93206
11361 65445
85297 95025
39322 47862
54567 58971
85500 94085
33232 54744
829 69264
62838 83699
8533 36407
189 51860
62044 84925
22431 73561
30264 47072
64044 69628
33993 91791
97242 99219
55312 58515
90219 92714
81815 86160
24108 57911
29192 82818
79851 97041
86508 99383
76382 87486
4178 44681
275 32342
24512 50142
68097 83580
41906 69121
34495 55529
51364 88502
21010 30606
67856 90526
72152 91361
17176 64666
42385 65705
18011 33785
26928 84852
70867 77312
89103 92108
26274 56035
56281 84884
68089 94884
43665 94476
75109 98496
14620 55768
75990 94943
43867 70991
39335 55056
25865 97947
64010 76684
14934 39746
41941 76645
16477 81799
14848 24237
12239 46482
14831 18634
40326 51246
87545 88128
45755 80924
27481 31128
5305 59096
15075 23135
64607 75491
15023 99094
7810 43835
85032 89780
3287 61561
61403 64074
76730 94831
42901 63700
12668 18282
20452 89445
32898 64367
96891 97552
94419 97143
56899 94017
9060 96956
40115 42687
86877 96628
83611 88927
40083 73248
50022 74518
34736 54438
22806 26713
64688 71967
98749 99797
74036 74301
11087 52784
30295 55659
29987 94530
34784 54074
41546 85514
88776 89924
60442 74942
69670 75988
43925 59630
99499 99828
29921 51715
69948 76376
97760 99754
3401 41387
72188 81423
12878 17535
53090 98379
47299 82037
44353 51476
85231 93643
24248 73161
92313 96404
37272 83388
80915 82311
28252 68006
58425 90284
30366 50453
95371 96834
68044 84259
65730 77746
79991 93507
92896 94501
24055 52454
7283 43875
52517 76110
29152 55368
38629 62787
65387 74805
3089 73434
77648 95117
19634 71855
27139 89591
165 93505
24599 59969
7350 99015
66317 87941
46435 68526
84356 92440
77864 96519
47296 86217
11626 45212
95962 97385
70514 84156
7992 31995
64647 93177
34426 50744
48 11330
7471 90303
53786 65606
94150 98703
22355 77760
69034 87424
91901 98133
42677 94861
46134 71078
75808 84845
31390 88968
9971 10409
6212 75233
49 26417
80596 92457
58427 99467
65983 97520
85953 95021
34215 43437
84249 95075
31558 69619
68365 81659
2760 28937
47411 68195
63715 77737
13157 26208
78889 82429
43925 99061
285 25451
37118 87200
95965 97331
6402 46225
7514 96922
70591 86134
87483 94619
57394 70575
86361 99335
12969 49217
82039 91951
33159 82899
37019 62926
37250 54617
68406 83874
67852 69267
59953 89933
57685 77630
9721 39205
63492 93973
47208 47475
47172 57871
72936 74252
30617 54357
15043 37826
44774 55636
17481 83142
18860 78586
66128 93764
1062 99187
63008 63799
19859 94632
8442 89732
97588 97823
80272 89736
87544 93334
17052 57185
64482 95724
18864 48855
58215 83282
77376 89913
59350 60953
39646 91345
82598 99953
56450 84367
2204 69168
86367 89590
12004 78340
99209 99580
38784 48894
26210 41833
97152 97515
46532 96352
27629 61849
1162 55788
98544 98739
77279 84244
66585 97273
92509 97135
27791 50484
17797 47260
60217 96166
74762 95882
94566 96635
91420 95042
43759 98909
95622 96765
99931 99945
56226 61649
83744 88745
96337 98569
8646 92800
5827 42281
85609 97798
20973 99947
70624 79927
27586 92247
61423 62888
96050 96809
74297 80913
82378 85236
9664 9760
62075 71154
32162 44664
20928 58578
44241 97075
1996 29413
29993 68577
19494 55323
28793 32583
90178 90614
89146 95211
27007 54953
97511 98979
82096 87454
17695 77433
9197 20086
53525 99234
56493 62417
23608 39321
93546 99872
95461 97997
32050 85904
23521 74055
1650 18355
14346 78378
79545 82397
30712 43759
93845 97162
34081 62668
52949 87098
17779 91793
83183 86976
91412 97073
65069 94464
11025 37840
68077 85512
39850 93243
54100 91423
87108 96877
91270 99432
33068 60000
41711 78676
5365 75914
58591 63702
32547 43587
51272 79977
19056 26879
76583 97687
17037 58242
76072 91107
30010 45806
9290 74215
51567 92266
20461 34771
51108 56190
32018 96033
1958 48798
27342 75600
9861 85812
16320 18236
55717 80628
94179 96066
36746 44842
59131 94330
13145 86799
26811 77519
87330 93370
73479 78674
28201 82973
67268 96290
71863 91874
6789 14378
44695 53513
24576 98030
33270 38254
94916 99343
61693 69441
88010 93424
21243 79290
4145 91806
88276 98084
88436 90519
13504 46184
94396 98182
14912 52498
38232 92552
43172 59312
49927 74217
39023 79131
41213 63960
43495 51062
42387 53223
59617 74778
49083 96494
59696 61174
23845 56659
57239 96616
23702 76738
83900 88388
67339 71054
37247 92884
18743 69673
60562 84451
43905 63396
57481 76342
67005 90859
15046 54536
98175 99527
67812 97055
97952 98512
89693 91780
74457 82433
98496 99987
95539 95991
91874 95936
94097 95999
47641 57312
81030 87922
90745 91760
49239 76485
35620 54860
81326 89936
11519 73139
11074 69185
26499 36123
88391 94193
67455 92447
20027 80584
8716 84977
49213 83185
36202 56205
35014 83630
14067 60197
78851 92229
29523 54093
26682 46911
96370 97459
72143 78579
31214 80948
12921 24867
88173 99972
2646 80093
76764 97039
32305 67509
17396 63796
29325 99808
60564 79861
31983 46851
45451 53813
22504 73972
86338 94888
6348 90350
37695 95195
77718 94966
15709 49083
2149 98100
27512 43778
1819 19894
47958 63753
1036 16281
65132 89844
50477 84702
26927 94905
51789 86713
97629 97951
6627 40475
16678 59094
25808 91751
27042 54027
93543 98265
41061 58408
78138 95981
83109 98377
35934 41313
35690 60164
50296 87597
74922 92287
52340 52491
74797 83130
74711 88291
1746 85569
66326 94993
98691 99532
36510 88445
73616 88389
25804 72368
8315 18769
23801 70481
58139 95662
64548 75516
85659 90934
97732 98340
39978 74812
74099 82510
97877 99160
99296 99814
2330 28597
82420 95613
30887 83867
48384 90847
23335 63685
83463 91624
17677 68505
60959 64438
7069 16873
84322 87720
23344 33016
57642 78322
6672 21434
30384 99721
21877 44347
2013 60697
87308 98902
50988 78899
44665 77466
82406 98436
33126 74886
29310 55410
36963 54979
90589 95624
18436 27082
23778 99310
59200 90079
91391 96291
7808 33139
59032 92739
90022 97310
95068 95093
43043 52642
39783 48297
10174 97076
85561 89360
53818 55605
18519 98381
67213 73784
22145 80872
31211 80637
91272 91948
99619 99746
11788 37758
15546 94314
81903 92761
34827 81896
72580 98367
41253 66524
34004 42476
3808 59897
51040 52244
61451 99959
12581 80988
62017 66285
4199 7232
15414 98403
56101 74206
11324 70479
71399 82382
60294 80988
55875 97167
67447 73812
28465 68284
80816 85741
67858 68328
79150 80166
78709 80329
38433 39287
95263 95457
34648 82851
28135 35407
91755 94481
13145 30828
15184 41308
21616 98793
15579 37872
96633 98128
60879 83714
38465 76687
21947 41844
51830 63829
51673 90455
2209 72994
57749 59047
33334 81328
17369 48554
38452 65689
84998 89530
94042 96376
15896 21090
67382 90923
65102 83817
34706 44240
23438 99724
41657 90746
49091 96591
92768 94485
89321 93438
41372 54472
16210 72848
75777 80758
49398 89746
53488 74723
76011 80779
674 27324
92512 98729
40833 80445
68507 76284
97286 98231
6557 21442
95099 97500
59813 87685
62101 89977
88382 93396
5897 58901
47856 98495
25502 93965
68483 78720
37392 80431
21246 64547
47358 95536
31208 76589
81026 95602
95971 98756
27827 63781
18850 44479
10867 17179
82507 99796
89129 91899
37204 77087
26235 71889
21909 76200
91914 98058
62426 85230
49803 60391
67041 70783
2281 57850
73419 88111
69742 96669
73323 95230
62262 78401
21240 59794
56805 64184
74863 99406
34113 85133
17727 56196
53641 66329
80835 81888
29117 72310
15930 70584
9692 92299
52067 93276
49111 97475
49162 70895
9536 34484
20418 51430
81796 84104
99571 99891
42090 78014
95988 96163
22876 52655
36554 86893
8236 64538
31609 72886
93452 99413
61561 75870
15321 19012
19936 73829
34916 73540
6094 42076
94819 97676
59321 76857
39032 51102
39323 68882
66345 75991
45788 60171
52385 83942
20075 20151
61323 67435
11088 93308
400 30320
8750 85568
86157 92918
88463 96340
3965 76108
87143 96099
99345 99728
70117 80165
44977 55997
42674 84768
90415 96377
72524 75318
53566 74846
49226 88050
83581 84517
5775 95938
32751 45192
26357 27191
89893 93933
57670 99729
36609 83172
99828 99883
27837 85631
6253 84224
90983 94897
55863 80200
9734 96980
68398 86366
84361 99583
30321 71675
76638 92514
55780 59465
88206 89415
43848 88705
47870 63347
287 42100
76214 93522
30543 34125
75110 81684
66378 92800
58372 80014
47501 55808
4716 63082
85176 99142
89590 96524
72401 86695
67700 85235
52466 86242
90553 99646
50268 56713
47626 66522
71021 72305
11606 66734
27719 75987
93064 94473
33807 38835
87041 87606
49958 95115
66718 94732
96290 98267
2138 81281
20277 48372
54517 67887
63738 79251
83672 95278
39824 47057
5544 10299
74393 89187
16890 51914
45748 96701
85262 89256
66515 81995
53015 85611
69006 85479
88802 93340
42017 63081
26572 73377
79254 91586
7506 84067
39802 42561
92207 94121
76819 83871
33973 98816
85732 89292
22453 81265
40212 49714
82206 87950
30515 33382
28376 61456
10382 43976
93510 93650
68049 84038
15809 85960
10517 19578
49628 73229
13886 46923
93036 99398
50111 53850
12254 18463
22716 85871
92944 94435
73286 93089
64878 94890
68438 82087
30690 67773
40157 46291
19402 37291
56475 81712
44404 73262
37384 96204
37541 95615
34000 56114
33577 88704
70070 98135
43893 49500
51177 82505
58908 65843
40773 78535
76972 95528
21869 30178
50033 62313
66031 88481
3789 48083
52012 71424
29530 35523
24831 72429
82689 94187
64919 87775
20845 73479
30963 33351
74807 98495
26782 75577
69964 92210
74690 86009
66720 85053
38994 62668
8746 77021
27025 27580
59566 68947
58569 84915
78584 84415
20192 87996
81157 83810
41361 48974
48673 60121
71814 76402
8094 12702
49122 90219
58895 77788
40340 99404
97551 98665
44204 58247
85655 94458
83273 97094
18625 43472
26685 99084
36468 85578
20996 80566
97973 99672
54446 88444
60962 86973
56423 84477
19446 21364
74114 93152
26919 92209
33686 91204
36202 49124
20756 96497
45964 70417
23429 93051
5947 86505
65320 72260
55669 82512
1890 18307
99373 99956
1043 56797
50398 79097
14145 48869
31978 36741
33252 92613
30666 97895
38827 48109
16331 88547
24818 62946
2941 91392
75208 81822
33266 58440
17621 86934
27714 53551
2419 90681
96316 97853
26700 81702
60086 93315
94616 95645
92656 98191
86415 96558
79832 98679
71337 92191
81927 93769
29740 90004
96926 98218
76044 83246
21577 82550
34319 99145
46171 91701
59153 67859
74093 80568
22891 50234
4404 48770
4417 65137
3510 25283
80726 80951
79463 90676
82380 86253
48542 98494
50387 51551
14159 40835
47423 89451
29598 59276
92691 95182
72562 76773
18410 64860
38724 67870
35940 41604
62242 71418
48755 61922
4654 36212
23193 33008
39748 44778
45989 50772
24678 33353
42813 42971
22840 54396
57256 59790
260 97018
7926 99378
84653 97739
43766 43952
23657 42089
10283 44507
91642 96415
77795 83584
53768 62137
2147 17766
22143 73777
16582 90249
48463 97847
96688 96701
61749 62530
57013 98325
98397 98553
17617 29183
48970 50369
30549 49119
63278 93188
53043 97831
86377 91002
51101 64261
21528 48876
51429 66933
81781 92392
53382 92507
73317 77700
58243 58624
63659 69962
2479 53647
68828 89247
57801 87763
9804 16318
64267 71362
635 96062
39764 80385
41880 74332
67192 94682
94588 99844
90001 91607
13021 55620
83242 91744
7473 91514
75997 91233
58642 85030
47554 66089
18940 49142
76181 76356
16932 91500
19396 72729
87725 91921
42938 86796
35955 98704
82503 93697
38670 85785
25359 48975
19343 29931
28359 86447
17738 95774
22625 96745
28792 49964
86971 99216
79017 95042
96084 97359
37598 49542
32061 61638
87073 87441
61494 89464
72375 75020
45232 67763
57644 85571
50905 53355
51639 78581
90886 96210
46094 98600
40143 46894
73337 85018
66388 84841
12080 37149
67358 68456
27187 58285
88494 97305
75236 93124
70189 94176
70817 92192
95612 96904
69700 91175
37481 57286
96507 96642
22997 66348
62542 97681
50125 66151
10619 81958
47444 50501
70328 96739
85365 88808
21794 79123
70721 83770
88290 89743
6352 47462
24079 90068
57396 73343
21081 63942
49182 81876
28178 89509
56770 72446
8499 53880
32538 45798
17671 43354
62473 76011
645 31489
4307 94762
63978 90649
13246 19795
56777 67867
26389 43994
69848 98853
3260 26436
21966 23742
50138 87886
72497 93741
14298 74287
59568 78340
33032 48776
43261 44036
82096 97596
14717 70819
53862 75614
99410 99470
63846 92424
13625 31108
56559 98251
63271 95851
80669 87098
39586 77727
20288 61004
526 33632
63068 86422
22161 48418
35076 61493
14756 57719
83244 91164
32637 88930
81973 95834
97418 97454
30487 56462
11365 81435
26474 79208
44462 86905
55957 61483
72611 82494
97454 97725
1889 94532
72638 82553
9234 54264
2497 53410
68094 89952
92968 99816
25193 38835
96507 97549
54671 55308
45628 78033
27511 91878
7791 27573
56918 75306
62526 87321
31743 56382
78103 90602
59903 82183
74505 99755
11484 83877
5444 17280
98848 99394
76533 87543
73893 93612
47792 50385
41100 88672
98892 99013
93340 99518
13545 58111
76470 91222
77609 79917
71888 93713
81784 84353
2990 89771
25499 53950
10572 97872
33309 37765
74623 91224
83707 98793
57746 59903
76608 92802
76072 82251
66990 83020
8505 90604
25643 89239
34388 80145
27596 53865
34519 75994
91693 93395
30916 34545
68529 92220
94816 99032
21781 59515
87004 95382
16708 26604
95905 97691
99070 99434
71396 93527
52455 89712
59937 90645
68440 74943
11607 45819
15593 27220
32422 95164
437 67936
40699 63799
62131 90537
37922 85701
50267 75981
66388 82982
42277 79499
71110 73476
61415 88615
90499 93872
90504 98818
15300 97102
80346 92281
40153 61613
48823 67222
29978 77773
98894 99836
79731 81896
99249 99858
49857 91888
22322 41538
53159 65614
95132 98754
44042 63762
66801 83391
17825 34796
81921 90552
87515 91032
98185 99900
72862 75918
17410 71862
90428 99134
65132 70886
33807 36253
71903 91895
98251 98581
77263 89925
23990 65709
18390 65054
6370 31211
61173 85828
28467 33699
74074 98712
48366 67909
12382 18923
47036 74687
4380 71777
63337 72923
29566 35423
59230 82361
42594 81930
54738 76437
33707 72496
40269 74195
62742 90354
1613 24971
3181 70322
50351 59922
17100 74324
71620 97353
95861 96872
49292 75099
24556 97471
51432 58073
19011 82543
57638 89842
4879 65865
42580 86806
91636 93077
70217 85889
84384 97501
13599 83092
24882 58427
57431 96717
43568 56505
50289 55938
52988 86053
61930 64380
70210 78982
39535 63345
80784 83949
88712 96907
25626 37403
70584 75849
82675 94626
66275 87659
19630 73566
12874 99717
26646 74256
11337 11422
13478 94128
68993 97742
42149 74932
52072 57246
42954 58668
64916 69254
47906 69759
47785 99221
35835 43840
39551 87809
96020 99435
89589 92474
35265 77327
13348 18044
21321 51464
85868 87370
42206 44961
11327 64016
63975 78193
74152 99395
94684 96159
15889 45440
27229 30067
53077 60826
99794 99799
35215 47302
82843 88214
34515 88109
89597 91412
41149 61155
11101 62638
29372 77491
52988 94945
12824 38747
52265 94015
98896 99355
23192 33967
87437 90785
58993 91876
6872 53875
12730 98596
3630 16378
54211 95670
50035 65478
80918 84156
31750 59829
9646 85712
70426 79137
81452 93683
20294 81820
55889 79238
22051 80558
82167 83014
86094 94076
63923 79765
33343 66686
53300 78522
47123 89379
98399 99086
12552 46546
16348 83790
61450 79636
43951 60873
35950 38838
69658 74312
61595 98370
66090 80220
35493 83239
82322 89428
39942 79403
55079 85635
2601 96754
57180 63437
61217 84040
87020 92156
80684 97007
95313 96198
47729 99930
96953 98200
51517 62601
88855 94900
51964 71626
83872 89376
50015 77489
9350 14759
1423 2126
54318 99690
82128 86509
72472 85546
23370 26885
48395 84484
65660 76581
84887 90168
77217 78279
86687 92532
53204 57081
44102 65217
67328 88850
17784 40777
6343 71733
71740 88868
46938 77413
33914 55905
8131 26794
84479 94914
53563 60045
96315 96887
56135 87202
40403 58325
58157 70169
34790 39253
55321 57551
48544 90974
37202 43548
28350 76899
97262 99567
9416 65190
32854 47146
33505 89026
64536 70440
16224 44736
551 78326
12503 74365
51311 64454
804 10829
66864 92396
11581 25577
72499 85276
92671 94478
43132 81768
44333 96278
217 26740
62354 75097
25545 90489
18644 74599
44703 54700
78825 97809
85190 95410
29913 83379
69929 85328
97812 99119
27470 94051
1242 42599
71607 77948
33289 55426
51333 59482
1450 12134
15047 56024
15253 39441
24158 72104
47655 68845
65565 82380
33402 77109
34045 38795
19069 94004
70115 83273
42565 92781
14524 56285
76203 79111
48254 76596
7852 49131
78462 88294
75341 76101
53141 97191
32210 99382
54477 76312
17270 88936
63324 88463
17174 74995
1916 8323
40538 50078
17513 92175
7896 80836
75341 79759
16544 34649
38176 52184
23753 94496
27055 28613
15536 95867
73496 86355
2114 42013
41885 78193
20112 36817
65491 74987
2092 4411
44930 48896
8668 39123
34756 82299
32745 59012
44044 60204
37654 99020
62238 91612
82294 96664
55493 67123
16413 90576
54803 85525
33549 50215
63587 64060
20995 27682
22442 61619
89958 98070
66248 74095
14193 14398
63904 85573
45059 91819
27050 47120
84319 98459
64360 69627
72617 92094
31086 92709
83952 95118
12713 32900
7618 35690
19474 34775
79119 93890
32157 55673
44837 72996
92804 97438
16838 86397
70524 82568
81979 97545
30971 69567
94933 99413
82893 89092
87783 90706
99141 99759
23164 75448
19591 46707
13858 78714
73978 88459
54177 90603
19297 96401
19500 61187
70869 78322
79914 89110
10198 96155
99394 99439
89670 90277
6056 41180
92598 99604
14511 40341
30592 79170
85116 96656
99880 99972
9203 40301
25012 95606
47384 98278
15079 56829
40260 81524
7941 67383
34693 76801
64841 74416
76306 88741
5665 82134
25888 99192
88343 89947
19784 22859
39091 73665
45003 95924
91561 93306
7430 55864
37906 98253
38117 45442
50052 52537
85744 95490
28600 41633
96367 98030
75714 93063
66517 99207
6213 36881
67879 69066
84801 97059
65086 99094
72115 88821
95965 96493
73698 99215
92484 96115
25251 94372
68258 76237
42058 95047
72877 96197
96601 98712
73126 79391
27788 81148
87073 94923
25771 50019
49715 98917
6449 31549
80272 93195
78145 91811
38796 79299
84187 94494
2850 36622
65286 66277
5881 81036
1590 55153
2185 31708
52351 86406
23123 72205
60075 96223
43769 73874
91572 93954
63226 85512
83933 87722
81773 85118
80858 80883
90204 90348
98132 99734
16155 82178
78704 88216
20176 77875
83201 88975
5005 49262
31548 44458
31969 82704
50266 93590
14653 77656
53052 83254
9153 20136
6471 72304
25793 35877
39634 99303
69435 96693
850 2452
57265 58217
66799 72136
8255 15291
309 39940
67685 86857
51442 79428
22577 23361
74670 88579
48492 93109
92161 96182
19190 69950
80877 81512
38660 40834
200 91579
43371 88246
10473 13528
55515 76549
64761 89914
32019 79628
60367 70006
40341 91865
83849 99239
62517 83381
7396 91194
6068 59801
47249 90677
95862 95881
54255 88165
17285 22101
6881 73095
80842 88931
61320 85692
83890 96167
17182 45037
44527 57761
63545 97410
48122 84615
33807 99037
49589 60961
52920 74217
93155 97322
53475 73563
14281 84290
29940 96457
31811 39949
63322 82625
7725 40603
45096 52749
41452 70749
92167 95679
99878 99908
36818 48780
90232 99369
64129 97691
2057 39210
72556 97955
94951 95521
46475 96610
35634 94598
44861 65396
80911 88121
34366 55353
8129 56957
22514 37365
82175 91944
23526 57762
31143 73629
45512 67175
99264 99350
13087 82373
23973 99800
67439 78539
40653 73130
80082 81522
19630 59112
63304 93500
92892 98305
32631 82904
8637 87012
74999 84989
64985 99119
60293 79081
27857 52679
72019 83918
64058 85503
10139 36990
76171 85609
98925 99869
38172 43895
19654 91445
13967 51737
48419 73899
45443 63622
76862 97150
49238 94335
66858 91431
24099 52134
48241 66866
81490 97094
65267 88404
47804 54183
35902 61901
81124 98018
60845 90505
84101 84393
95961 96941
92464 99306
7021 24941
24094 28875
8737 40323
38144 42110
14730 47526
33570 68022
66392 86777
92388 98080
83186 90639
56534 78784
8512 15088
11880 42851
32656 94377
39700 68889
88904 91904
65160 92434
98445 98595
43143 78877
98767 99994
97896 99814
76878 79488
57095 75057
79356 92692
21987 81877
44485 73712
34905 78365
10685 79320
94762 98052
33599 59749
39487 46793
42242 67358
88541 96876
26755 53442
54999 94823
26862 74624
31897 60544
90703 98402
4696 58650
50043 75850
92999 99775
89910 94103
71322 83450
37370 65150
67358 84066
36822 70446
14964 58456
34292 83286
30373 75279
41452 81502
37335 75894
40207 83131
79457 92471
26687 94517
15436 48096
47151 88273
746 93365
66660 82157
20052 81316
10784 46993
87682 96499
30660 75918
70883 80249
36641 56677
62548 82854
20405 75185
81325 91006
62915 86033
44764 90466
32553 51988
98420 99651
86327 88601
91894 96403
51696 81886
55317 63908
8576 94504
19315 65282
62767 87039
80416 91732
36386 92558
7386 96387
19000 41495
38693 97211
84555 97856
98590 99328
81506 83079
26805 54402
99935 99936
16292 88911
69249 76641
85447 95965
73966 84648
85834 86134
14436 94892
28520 65753
4723 45934
86791 91559
59020 94487
43412 44419
38732 57930
74094 84484
12244 28208
48875 65002
22725 78545
97387 99563
85841 91542
58983 72696
92682 92952
5974 54597
93762 96789
2507 93489
52025 67808
23166 61278
92969 97379
13848 75970
53087 66221
85933 99005
28045 91827
88118 93306
29073 37757
30931 95416
5419 60932
22454 96744
24015 31167
22418 40903
75645 88092
91786 98082
96184 97848
40155 80285
69753 89671
23615 74238
84090 88067
71358 90193
97256 99762
12774 39987
41340 43575
36205 79757
49318 97557
64629 88217
59539 68720
46714 68936
11810 18757
85219 86907
68093 74389
11684 37649
70574 73880
59103 89457
92986 94169
96507 98057
12980 29824
28992 54498
70823 97021
72714 93629
81432 99607
63272 68508
93011 95576
35543 58382
60230 68640
71054 80179
11347 70683
27544 89206
36797 95624
31334 40038
99762 99925
53028 99411
18501 32976
22576 43036
69689 93155
36254 45994
9688 68189
79595 91896
87128 97958
99671 99970
47253 83246
94162 99375
39509 91415
19428 95919
78278 92983
16405 53796
97982 99936
92396 93569
91602 94911
26970 84595
87452 97000
5648 6651
36441 77269
18894 66273
75857 85268
99445 99773
94458 96148
99975 99981
9578 26204
27575 60810
50954 83325
74903 99994
34029 66105
76550 97488
69422 93934
66854 81264
25306 28451
61473 86374
58111 59717
38734 98357
39113 54455
42955 94265
70308 82694
9051 71891
5365 69745
24536 59107
86564 94966
90235 95034
2657 61798
87677 98240
31750 52209
90972 95802
62512 84582
89145 92874
47991 78362
5570 98481
77109 86106
38708 69027
92504 99913
84343 84453
85013 93673
14314 79658
68760 80115
94132 98480
79098 85325
57546 79914
21828 81917
44605 96515
97148 97633
15359 52587
62361 71157
46811 73152
46890 61738
92516 94918
96088 98371
18345 78582
72517 86747
78248 87974
55455 72567
19207 73566
49645 64742
97816 99780
95975 98335
1869 87937
56319 84196
99366 99597
67117 95177
4919 23572
65071 91728
60688 65879
31989 39219
60601 91842
21927 68131
58379 75691
66476 86415
98601 99917
67910 82676
66014 97208
86785 88266
77823 90716
47435 59777
68906 85402
70595 97065
88225 97248
12796 65110
31690 35509
88430 89853
77875 83420
72748 96318
25752 87633
9819 78093
8388 87033
91706 97099
6801 66537
95927 96700
13398 59271
96608 97267
59130 66008
97276 99681
66043 66916
88142 88247
56147 82873
42147 65159
4272 59319
53660 58395
65078 90220
43314 48976
13718 69500
76615 97148
23827 80796
91909 94860
67788 75152
12561 99773
98039 99220
44722 81581
19608 46366
73755 74788
88488 89363
82355 90438
90231 96120
79573 90877
33870 82427
22171 40922
26247 76526
70996 97364
44052 65429
38966 88950
3645 95046
79246 98636
52957 92102
8797 19868
8543 12879
13184 81780
49733 81863
93631 96254
61671 84153
25959 42328
88082 95281
99214 99614
88799 97530
11593 22869
99166 99717
86247 91873
26703 76440
4572 34717
45651 89638
28601 90256
32033 59255
18282 64505
10063 67303
15052 93999
24551 85103
19070 25057
95163 95491
11299 55823
76611 83857
7341 67760
7431 82417
75253 84300
7428 99387
75369 94864
30444 76706
93871 99455
26372 62594
51888 73675
53408 91889
31240 73557
10888 44472
41568 93194
61282 79249
2505 53912
11958 64498
88426 90619
89244 92710
56838 68005
8667 93521
67746 71494
49590 99701
63758 79528
70533 80725
33087 79293
60929 82845
7230 13867
92516 95804
94311 97237
39202 74168
32851 34698
77196 89066
38657 67364
30883 97439
41161 47596
28201 47964
65458 81253
43556 67998
55250 77032
12796 15184
53499 62954
41381 98984
62012 93996
65627 75945
43669 68192
47531 89590
74511 78418
46240 90278
88619 93190
691 88293
87322 99500
37152 38033
66338 86509
82789 95878
89500 95774
68195 83004
7874 84526
86028 89897
57257 67180
84944 89496
47243 60735
58972 95197
99199 99686
48461 77270
17152 60251
32532 40461
52678 79936
19406 75943
68879 99347
23838 75001
27620 61500
71733 88400
64692 74372
78011 96524
88436 90652
9586 21548
39794 50625
17259 24774
14702 31454
11644 97248
9107 91809
56360 99156
87828 92864
14210 93842
7882 26597
49083 60810
15677 25785
59158 66485
89699 95241
30605 56683
62345 91852
49952 76177
92038 94647
6173 36536
34144 75842
87691 91421
13103 85285
26825 83292
69151 85082
77919 81123
75289 93764
99322 99563
87097 92565
2855 77140
52444 62236
82924 95846
73962 94927
47261 99506
4049 66495
17469 49624
31179 89266
15451 45956
57284 60954
3318 22800
25340 95893
45945 85411
37557 60388
16853 41237
60909 75362
93249 94119
24448 96212
12355 68015
17112 24205
92455 93499
31630 42906
19565 51569
98074 99980
95722 97625
9859 25096
30411 46397
52994 61449
41412 69502
26129 75885
52376 77559
48775 81671
43508 58543
88772 96890
26429 50886
45402 93335
42932 75459
23983 49957
30009 55938
33719 63721
45325 85794
89046 90427
85250 94390
93564 94507
72985 93889
23697 85621
5496 13434
77436 83943
8319 56873
41286 72895
73905 79123
58958 75632
69713 74785
99399 99540
82 37878
53790 97579
42613 48371
20600 83101
11318 97710
30152 45327
57712 58017
40387 64528
13954 83436
42070 89934
89568 90569
21147 36979
11278 43747
70081 98521
66484 74556
94832 98796
35683 78758
74339 96515
86678 94217
7526 47099
60475 94683
86960 96576
53247 87765
23179 95357
84196 95474
1073 31437
66496 68485
86620 94597
76068 97120
30016 99918
85603 95712
44714 92587
15962 61234
23331 96155
16193 58458
42615 60045
12741 50564
59709 96833
29425 80156
82321 85294
47403 80598
99339 99691
51191 69213
88776 99009
80428 85205
82716 89895
28613 81180
9431 11217
71535 73570
67664 86899
18038 28454
89131 93078
10130 97394
60757 88793
13874 97851
74686 99073
43014 53767
24315 48731
3258 81845
30752 62416
71718 99390
98208 98464
35795 63626
96877 97765
97832 99567
90780 95127
68284 95642
55895 89597
83741 92694
5579 94488
2214 17546
19741 30322
98781 99454
85676 91599
25280 27306
55253 89805
8270 47529
21232 40086
92760 96104
68719 96194
90364 92178
39477 41389
28512 58273
88358 89129
54492 87512
55935 60813
84051 91551
50716 76952
82409 98467
58946 87089
57340 85960
56423 84756
7658 22569
31514 81341
81325 83774
80775 93367
85029 86334
82511 89947
1000 39773
51518 78511
8952 33170
5438 20669
9765 94296
24088 71774
87482 98322
51970 56731
56615 76136
20367 65697
24697 54399
70123 75266
68272 90929
67533 71266
29463 30393
84235 88124
16899 74649
34850 63530
90442 97363
90732 97244
61675 87908
56056 91599
91459 93895
92794 96431
6299 17724
99483 99885
8930 15508
15273 99625
8074 92996
11759 42393
23354 74105
48370 67078
6260 20975
72902 82123
68727 93160
63218 94993
43549 83954
58132 63383
95338 98623
95155 95342
55530 87994
87288 89056
34193 83282
12332 89388
34788 82868
79763 93888
21481 44325
52540 70843
91257 95368
57124 61341
7970 44837
80589 82116
37367 71528
85445 91328
53730 83360
6676 8775
55763 91195
41508 70030
10950 57952
35421 73331
54407 93948
98647 99160
49752 85997
66585 90408
76473 99221
88539 94847
75528 76397
85995 89859
2447 13883
92926 95032
13784 33125
34503 51890
86372 88321
36230 43004
32699 95469
6813 26758
14735 32733
20209 28641
88203 92747
37767 65445
84074 99661
81952 92856
67138 75305
61870 66965
15966 84205
98847 99775
39611 51531
41370 50108
68768 84151
52303 76968
44028 97162
3934 25176
3382 9529
94316 95259
68090 82769
50436 82173
38560 46327
85312 91945
19453 67314
54600 70264
43341 93037
14639 47756
9598 61134
52583 57249
2351 16856
29057 69595
14642 66813
27344 88122
96389 99458
27676 42049
3430 98611
759 83394
49285 57198
90644 94938
54453 87658
48496 88141
91776 98853
12080 44176
933 4583
15783 34253
47260 93115
38746 88628
62522 82267
51503 58824
36528 63796
88529 89238
81385 87727
12614 71425
95948 97226
48636 79270
9855 83075
73453 81109
45294 94236
46234 83433
7329 61253
31582 99094
13271 77078
2971 87436
17938 40579
88897 98726
97479 98498
28270 40025
77042 77592
88362 93501
93052 97186
40799 43443
98189 98696
7631 54781
33737 37708
97922 99597
35929 72651
94425 95313
83880 95506
81598 88336
41283 93984
42350 67461
33544 67740
21048 30011
81248 84352
53693 55992
26096 86190
80592 93960
87343 89943
98641 99129
88422 97152
30121 40214
82589 88178
42348 50916
64345 72289
5880 32552
75682 88526
57563 71032
61557 64855
25721 68333
34015 64684
75560 88517
6430 47449
28662 83793
43482 94223
50554 74541
91295 99262
65075 81194
94118 96989
46397 97336
54929 79162
93303 96110
43511 93082
43760 63497
51459 66458
23864 94517
87487 89468
37688 51617
49018 97776
13423 40104
39163 49604
69215 69864
15405 32359
50610 57475
92703 99835
69190 88216
28566 86933
64075 72778
59431 67312
58120 90510
33751 58285
42381 64903
95442 99297
29090 50505
77504 80935
52992 85850
26581 79543
21645 26127
55339 88101
40050 70737
38534 80771
24525 64377
48356 71435
50835 82348
30084 66419
3571 99174
64298 73590
98981 99995
77639 80650
52748 69866
3319 17468
88023 89597
61165 77290
11144 69081
32840 51101
84294 84986
68630 70583
87235 96160
4457 76433
46444 70741
66876 79383
78845 95753
23606 46001
233 24509
12169 34652
19624 28683
47307 88684
56622 87041
78667 98071
20351 95254
81959 87752
13555 68600
28991 72230
51236 99236
59923 69605
91944 94313
84760 94596
94878 96706
88689 91590
35942 69654
75248 98440
83556 99999
17253 43964
34563 73121
98540 99838
97549 99780
28134 31044
55222 81481
75612 86020
15872 82886
73943 81168
29546 39123
40092 67139
71710 97855
29511 61400
79001 95600
28477 92914
72087 73228
17237 98242
27078 43336
5108 18409
36761 55414
26624 27639
4629 10823
6208 52713
28635 56123
71495 78358
93153 99179
7282 43395
13222 74184
25387 63674
67596 72043
93822 96867
80648 82672
58414 82746
98287 99757
94866 95177
89739 90062
44563 94116
21290 35994
71061 77129
35397 74285
98525 99031
57082 60639
14739 45942
14268 80068
85705 96472
10071 37160
12585 55545
92654 96200
51607 92873
69577 88326
51713 68321
2988 49982
94918 99247
64786 75706
26039 82919
80648 83535
10829 22338
32915 72589
49501 96978
97754 98020
95928 99149
19235 93669
8414 39052
68066 71006
10240 30246
97509 97649
48978 84723
78951 82191
61878 69504
6753 63532
55057 82372
89808 94793
36745 46245
9500 65263
94500 95043
11512 16448
80581 85321
68115 70663
37606 51496
43909 49225
51017 97069
91236 99466
75643 92641
72016 78286
67094 88999
37672 76506
1667 8232
11222 11694
99799 99987
59320 60161
70759 72683
14102 68288
76153 80573
48448 76104
23798 46403
51756 71398
51149 98909
90502 93986
80312 91017
2592 23596
73679 96379
6924 71348
72676 77698
8616 74045
94124 94477
95966 96201
9820 76330
664 51228
50538 65564
40235 82452
98028 98126
90693 94713
47323 81098
14982 42591
72671 93942
90148 95482
97673 98423
46274 86142
49928 92461
18937 77265
7215 88676
70585 97015
46331 57461
38977 48310
45715 92612
56680 89671
80338 95793
23381 96856
81560 99158
25642 49251
67891 95215
29825 53815
70213 89293
83143 87860
18051 68066
93482 98536
71414 81040
27269 90899
7063 64550
79428 81690
67066 97241
60808 95258
18655 95466
43605 85952
90753 93481
80836 84446
34229 96772
32197 89962
97866 98955
96049 99330
7120 72836
50237 66537
13591 99362
32673 35711
83457 91626
33497 88711
56907 87155
6833 97981
11573 74926
14086 76403
5894 70645
99176 99707
78330 93162
58356 76477
72149 87352
47939 51120
18878 23350
85159 89428
51695 58068
42680 98874
37506 43447
16311 63637
73206 93075
44111 63023
10533 79725
67958 74637
89515 95823
17214 52481
77043 87134
39074 50828
90519 93204
77955 78751
55221 59403
53892 94106
5519 16763
98968 99275
33609 48914
92886 96258
37874 52345
81947 86002
29419 43463
56869 77886
83235 91577
96995 98199
50875 81323
96548 99789
12877 79031
99126 99299
13071 52816
17897 87400
71903 87663
66179 92431
62063 81313
9466 55087
69333 99863
72925 85093
40627 59703
98639 99443
9904 80464
48218 83375
99255 99308
52470 61449
45126 63214
11877 25390
28877 39860
56342 78034
86912 97296
59164 60703
59992 75932
77879 82601
15713 72690
17150 31434
32902 90489
73063 83476
31196 77833
29330 73476
68251 71458
86159 96787
90209 99000
54202 76641
73295 82888
25907 93043
40439 56496
66573 94564
53949 55841
38398 68680
63572 94490
17330 71309
28264 82480
82593 99954
53218 98809
85690 99035
31588 85013
6315 57044
23197 36933
56696 81102
67026 68429
65598 90801
33055 88832
68853 90234
51322 75487
15538 87507
28934 95416
81293 86092
35787 77894
49132 99608
32762 78464
62809 91138
47866 93067
96500 98740
76614 98221
32139 41589
3768 49576
70627 90761
73325 82927
6211 18229
33822 42387
55132 55448
85346 88313
30661 89796
5704 30817
1811 7452
79781 86050
11452 83607
8588 66945
67235 92211
87090 95496
21753 65917
73728 82215
49024 86736
61767 80173
18938 21130
73207 84971
63413 73583
19149 21369
19167 28640
19938 75152
54290 93208
62776 67797
58946 69671
98346 99760
46403 94660
35861 94582
47806 55638
19017 46233
74755 96868
68622 97209
50268 55742
25769 32257
27485 87567
82866 89551
53861 54211
24483 38971
74265 81992
95517 96565
81519 94650
65218 85995
64933 98808
95966 98773
20329 62378
84427 88796
56500 97473
52197 74603
36837 63811
34227 98032
70319 89895
32675 48471
41119 85936
21988 62270
61256 94009
68459 97379
95379 97398
83420 99962
46210 56661
97233 98701
23200 81806
97429 99004
8317 26127
13697 71287
97559 98670
89741 93171
17809 35566
5534 75659
85281 92181
14482 67828
76204 85281
40852 94916
60291 96793
66116 89328
15235 82080
13907 52220
29870 37303
23520 63295
48180 50799
49277 50455
66974 67265
89472 96275
88263 98004
57849 65666
2629 32887
62736 89506
79528 95510
35215 91003
74938 82370
30142 60693
38825 77256
4449 16309
22742 48801
52298 93446
74790 83591
34825 93857
43854 78561
17524 98710
88159 89209
5062 37985
39143 40990
30115 37979
21632 40903
4698 63862
89263 98242
54275 85379
39609 89387
17987 82604
13920 98058
89136 94982
18767 40061
62947 87760
83819 84947
84096 87727
91081 95230
38180 60299
9233 85294
5196 75511
49778 58928
60450 89781
88790 94453
94823 99085
90679 91392
62113 99195
17249 62995
85221 93564
46015 52601
16300 86149
98022 99872
41641 89995
90261 92485
2638 47783
64052 82259
39294 69847
27049 33345
47817 80751
10896 61495
51272 74520
63650 99604
50233 91924
30455 33101
35545 77276
79952 98384
69390 72423
69667 80644
23703 79237
41453 92500
67276 76687
74526 92347
42560 56806
16098 94423
95790 97713
103 39322
4679 95871
73835 89182
53299 81210
1524 76290
56503 96316
49609 83248
36510 63923
48448 76148
37658 87036
67145 97893
24116 72789
87172 96570
16834 24567
56152 61788
81757 82397
17620 66812
54972 89453
1258 30754
34672 42747
1626 26201
24235 75763
99743 99794
69649 92379
88130 90330
92769 96090
62374 99078
19776 38866
80927 82300
40188 52970
7850 70555
49322 53225
67957 68926
71769 86137
66148 78844
1184 43832
70838 99312
1804 21000
4836 21019
52178 74272
29352 47705
6599 51650
9282 36609
71823 92368
75636 86453
58810 59568
71174 81279
67261 69283
76452 92585
12260 31597
95271 99563
43330 59633
6371 62939
28355 91248
1610 61823
30215 85811
11723 58633
11160 51373
84146 92148
47828 59520
45509 52696
34586 72722
45525 86230
10401 30766
12980 97008
6248 91028
44263 95906
99231 99677
3409 41207
12267 68532
80533 94262
85972 96932
56718 60869
17815 32638
14173 16484
26733 70727
17229 80912
85539 91872
69268 97459
94835 96332
87903 95049
74098 80766
73883 78316
63664 89520
91779 94168
33978 67928
65497 89796
76429 91449
50121 61877
915 67999
34236 87059
54380 54877
26557 88574
21845 43453
79779 84234
64166 96021
76257 98902
95302 96772
23777 89137
46675 94726
79143 82908
46314 77239
61412 85311
93058 94573
12681 85046
8014 36256
38469 47579
50746 86118
20338 59690
9582 12787
47631 93382
33051 79454
71946 76239
11721 88032
87779 99564
84673 86324
24846 50637
66157 79300
23849 56086
73274 98233
75594 90539
60685 71177
18344 89555
28410 46317
69531 72243
39123 41624
87938 92608
15975 87115
20477 68348
60910 89339
38540 73925
32706 33658
1662 15343
36526 49117
83537 98757
78937 79861
61620 98298
32163 80187
90964 99225
64060 78402
88757 91490
28546 50203
74520 96652
15309 21337
29828 74157
89992 95470
89051 95551
99444 99654
81971 88616
86571 94622
15228 45748
73369 97248
34879 58754
86413 86685
79576 87913
27395 90371
11563 66082
12796 68608
95235 96080
1901 79193
63515 93544
35874 86833
34461 75710
89711 95027
52124 65619
15515 95773
95700 96717
92473 94191
3639 54039
16273 32825
61416 64526
35522 45584
83090 87054
29840 70130
58649 68747
99591 99627
69527 94998
87889 97711
46297 86069
62553 83814
68479 83553
37763 52109
54291 78755
63847 90578
38506 53540
91959 92703
50131 65572
81446 83623
99598 99623
69433 83998
37084 97231
73593 99629
30597 84215
53534 73688
38435 99214
27496 36170
19902 38213
12660 56023
54178 60804
51000 62736
37918 47629
95482 97404
28687 76826
79042 88086
84152 87432
14113 22230
78622 84130
20080 85902
29715 85048
52920 82724
26875 97103
79061 90539
47598 88817
62722 87918
35062 35762
42877 67712
76525 95934
52406 89947
98163 98445
83193 97698
20052 82135
19303 52371
50384 54679
29907 31805
73308 80764
67478 94399
67496 92586
91177 98832
41641 60561
30521 90495
21394 30419
69670 99626
31077 77397
29973 36798
89590 94818
90435 92213
17296 34777
59513 99713
83798 93882
13643 85776
14659 49749
15741 85281
29787 53250
69997 91627
81876 84579
31320 98741
52910 91082
81463 86656
12010 52653
45327 99275
74443 74947
22633 54947
84736 99867
90686 95694
41834 49329
3200 26676
61754 87941
72085 96391
48123 52111
36656 40986
23275 71070
64110 70752
43024 85701
76483 86963
29522 84461
93505 99253
82372 95799
24819 72165
42611 98384
90130 93142
16251 93183
88797 91786
11450 80428
56505 97091
44012 45377
68578 80010
36974 54892
50199 89147
26388 74654
69602 90077
34515 49516
95282 98347
47891 68777
7292 91704
57968 85609
82071 93960
10843 79172
86026 95759
4417 8061
32065 39976
7707 87926
62002 99911
63866 97468
3238 97272
69612 74867
50208 66838
66844 79875
70525 99479
13972 24082
36186 68242
94841 96032
1863 39199
64115 81974
10570 99689
65486 81172
89516 96354
95756 99974
58774 63561
68142 80118
52045 86806
33186 59032
47845 77684
52197 72494
17912 98310
976 12780
49007 90299
63460 71515
8707 17645
39195 71672
29619 92709
57513 63652
21284 26684
31802 52878
54515 72134
13985 32928
13045 80300
4386 96009
92123 92530
90413 94920
95648 97046
9492 91115
76296 83581
85951 89880
22349 34655
96788 97147
18786 34660
72882 92209
23007 52718
4285 45609
96224 97499
32784 61888
78134 97194
36201 56046
87277 91629
33015 68974
41091 86096
58792 66200
34258 77301
4520 95070
60293 64079
1045 97303
96437 96639
72581 96370
2724 7081
33267 73117
86328 87315
35079 59522
7374 82928
61582 64450
36932 59099
97516 98493
5682 81582
40647 64797
22798 64325
9820 58546
36827 57081
13005 93402
33550 65477
4072 62202
39673 97251
97652 99910
83905 88419
9789 61887
47933 50479
2035 24268
4311 92588
19222 28332
66062 80808
40102 97530
52486 79011
36863 60521
99937 99954
70772 98888
65087 71727
64797 66621
59814 66648
25419 93663
61819 91368
52841 64991
60429 67176
40583 68409
65325 86952
11001 34301
34920 54116
42754 67363
95848 98042
57976 74692
70566 76242
94359 98575
35497 53695
47238 72633
54007 62284
84183 89197
36772 48536
81156 82394
37577 79097
71971 78826
57599 87746
21195 42755
4856 46206
68249 95237
35992 60672
4762 45285
66386 99531
7786 36387
18969 85070
41799 44010
31726 75278
97469 97936
48026 57004
30373 61235
12901 25037
36330 74861
167 53130
73744 85204
81615 83886
15689 40401
78700 86051
83043 98904
44936 93022
60120 66115
85451 92234
14881 67674
17996 21445
47649 76419
2573 33680
33815 37292
53017 83156
62839 66394
14639 87978
27600 39795
62390 90236
34877 64370
57779 73566
76345 78040
32774 77692
32501 63415
20401 46637
95303 98157
19162 97426
65766 75678
46549 62133
86204 98724
91818 97776
44651 87734
47196 99837
98422 99220
13921 65994
25649 74496
3640 9821
3671 25514
63375 84254
39413 85715
49401 98076
19583 43086
55866 91691
54471 98783
16105 63687
48537 77186
33843 56151
90641 92522
93895 93971
32818 59935
87274 89136
19696 97048
19100 71446
31657 34997
6521 28226
66029 86012
495 21678
79307 81128
15150 24507
55725 73137
11009 46736
94171 97577
28679 99648
7603 16962
93193 99436
93335 99741
47624 53901
74933 78207
89444 94886
48396 87919
35322 58691
74579 96538
98239 99085
27165 57273
8253 74903
23117 58692
70648 81420
17445 65420
7322 22195
49417 94627
76156 85985
85362 89094
3114 41403
3774 67019
10595 69556
90220 92940
12492 70299
62339 72326
78988 99504
66670 88841
537 96282
91742 91771
99740 99990
50142 92282
41510 48680
66518 75510
30977 85255
30577 36704
33275 33506
18258 79297
61920 82950
29676 37943
80571 96139
79386 94825
47571 72161
37037 53580
92400 98273
85257 90376
92855 99217
7389 9628
31376 77481
37823 73937
25628 69064
4489 87374
8722 66304
89191 93701
17220 65880
27329 32135
98427 99893
51679 61933
49322 55256
38105 88774
68407 99831
72039 88978
84842 89844
54156 82933
1652 43763
47070 56841
1365 58095
88131 89045
28281 69610
271 73071
96036 97628
29024 47004
23415 37718
78094 86970
9269 84889
55176 60266
62911 84490
94734 98360
74420 90757
71604 95469
93155 98097
44776 52843
22586 87299
49694 69930
23946 71413
24642 74676
56584 92319
5153 18273
29282 35162
61556 95615
55157 86249
56961 95767
15703 72862
61650 95786
31788 50127
59831 76656
84362 99844
33964 41529
71072 90150
21580 86268
56712 99653
72122 98185
32252 88013
59458 86816
70760 77554
96898 98196
3574 27310
6075 51360
42497 73183
60550 80359
20582 45066
73843 91864
34728 91772
13108 36647
46847 87347
55878 90474
57986 76889
57873 97726
21036 68658
23950 74231
58576 67516
21014 88650
27966 36469
50281 76623
53112 79162
37581 96951
3679 51243
64781 98888
28830 66809
97422 97936
98927 99337
11927 15287
70838 78750
98789 99889
48812 98782
6367 46784
13539 25024
74509 95204
91551 94113
81438 97780
28629 89195
41447 55938
80022 92933
73812 98189
89374 95402
46064 62104
74555 91893
50778 77256
30664 60557
56367 67086
15869 59776
41395 50215
62233 79546
36914 42510
60056 61865
74881 89403
90258 97406
49942 98595
80075 96357
83819 89166
49348 82503
55721 76901
35178 54386
64016 72863
28055 87312
1588 7133
1887 86825
9356 25525
37089 39443
18628 64669
62366 92789
19406 46744
75553 98906
23067 64999
13816 93372
29897 85249
57341 72315
6846 79042
43352 61277
89488 98557
36927 65595
64395 75563
77219 79368
2644 71474
46887 89180
18679 72137
24169 36558
34181 78701
7868 69578
61802 68399
87926 99305
32549 43741
24853 98078
54647 80044
90046 93716
6728 87177
41943 80341
86918 93637
80816 90995
73778 79609
18068 43978
62626 80058
62698 73343
72410 80301
41155 68724
54904 90926
25766 97689
78707 91629
82284 82859
51309 89856
62270 64518
59976 67047
6361 43554
24907 85000
83382 95855
28540 73278
31123 56620
90440 93684
27642 48111
65067 85165
25419 82874
37759 50217
15520 67203
3990 15772
45687 80001
27668 97342
39113 73864
63254 67438
21904 89414
73169 82571
50814 81663
44912 66657
15170 27399
32513 59178
2554 86356
10743 73260
50918 65936
60143 80170
59159 62139
15346 60737
18851 54229
81336 93585
86161 99284
36788 74348
82452 95389
24875 82094
56322 72698
95577 97696
65086 78254
75335 95036
60879 96153
32030 95657
85468 88682
85492 85708
67443 78361
79333 84116
85673 88417
96249 99230
64690 73655
25161 89521
71806 86198
79496 94233
55456 81826
85096 96942
69039 95614
34107 34194
30392 83279
14915 70929
70906 88373
3587 76539
86735 90479
69568 69581
97882 97940
66693 96965
26426 28274
59285 95850
22053 48082
9817 77238
79833 96849
7378 36517
83333 95266
38750 86917
11228 49798
49998 75344
38771 94025
20745 61872
85169 86532
32444 41989
11257 17914
55987 62030
7704 98158
95863 99206
97826 98801
57361 60333
51150 95160
30417 71850
82907 98331
46193 57961
94414 99647
37757 71110
2091 30964
95932 98359
25974 97282
47759 75493
35930 48219
32210 41129
89753 93934
16703 56199
77970 98638
34887 88386
26946 75437
18795 52533
70887 96440
29154 38013
31048 35978
36072 60451
60976 75515
32725 65323
22915 27917
42191 92995
14901 82172
84872 88544
44783 93087
84198 93491
15417 84865
50857 55172
14646 39242
2978 82610
63681 89503
98277 98753
20702 54345
91632 96087
95207 99444
46092 50802
9877 45118
52625 78534
21563 93369
25384 43621
46561 92319
13477 24299
50270 50524
97810 98360
70021 91234
60626 64296
59793 79999
51411 53248
74558 94415
15262 89838
8615 44955
1449 74307
77736 80403
38547 41449
91806 91964
96123 99966
4522 43223
21040 48329
70381 97558
88007 91692
80628 98792
2059 2232
54941 79357
26096 94483
76766 85006
97254 99918
68531 82664
40771 59928
13734 51849
7900 84521
8206 82396
55844 63236
51679 81046
96434 99011
44642 46848
46559 80283
91777 95388
10537 43974
12030 71478
40546 51213
69556 90327
64809 74523
18133 86920
20578 25750
67238 82208
98734 99942
72362 78796
38315 60841
53062 72782
12548 34989
40824 55486
12090 87494
99754 99992
76157 94267
68654 73294
25251 75431
52912 77464
34186 87096
44381 45783
88071 98479
34521 93204
54841 74529
70825 90725
85766 92747
71095 72585
42435 63451
95642 99190
40964 89617
44143 77749
14047 48625
26493 78707
57010 94820
13328 62020
99958 99993
82024 86701
53117 73014
10763 65333
66725 95879
97127 99398
74883 98271
87565 90345
97756 99525
19437 84502
78167 86110
30338 71185
8990 94674
13385 60526
1626 37440
9460 41926
54475 98304
40782 58249
17472 61532
27224 32646
66161 92889
83729 98844
11677 19581
80421 95198
22473 67187
10323 36280
72720 84898
14038 36574
26788 62834
4714 67028
25497 49390
80465 92334
10120 52400
30661 76204
36529 75936
93737 94777
48034 83778
56109 56146
69533 80738
13346 47328
53713 76509
14785 59065
12232 26741
31255 34267
51990 92217
85706 98293
52489 95641
12829 35070
54543 66409
45142 78466
49165 50228
15464 66050
7071 87946
62124 65970
69474 78178
67221 96279
976 19619
27848 52288
77341 89506
42999 73689
57622 92922
70860 82962
11124 51808
93906 98478
73111 91702
56015 77924
40127 65334
92325 98714
19350 50788
21550 66966
83723 85105
96414 99399
48656 89441
70842 99606
65179 92186
74276 76406
19908 58938
75299 94660
27051 72756
55814 91125
61458 86795
66898 90291
1243 68606
13678 70521
56884 96360
27011 93033
38643 51981
99292 99805
86738 89657
5198 84027
88492 96861
17865 86103
29857 58140
699 79943
90541 99288
97117 99804
90113 93220
38967 92778
99240 99894
56284 87030
37871 79088
56744 58408
23641 73173
55663 62502
34223 65573
98106 98272
92611 99953
38084 79589
40475 99904
63499 65212
22462 59710
34565 82549
24264 66234
78761 90277
35647 50296
39632 94389
31268 81965
1567 37856
29660 75398
78610 88057
24477 25782
78855 89161
93246 96395
88204 88524
52310 68135
38442 86885
95091 96842
95080 99335
55456 81708
25651 72499
67621 87108
15672 78892
26135 98448
67900 72899
90019 98312
37909 41167
10145 70920
13607 33521
18920 24684
45630 82744
59952 87583
64707 86702
84188 88406
44068 59036
23509 46905
24275 80774
41213 75588
45299 54510
94817 96058
97850 99072
50870 84600
11181 14652
27254 47801
81862 88142
63881 97947
56979 66725
96207 96709
34274 78752
50343 55478
29986 53919
38029 54700
11100 18144
60092 88733
96370 97413
54647 64737
73704 84654
43641 58747
36003 81901
34803 40223
97950 98674
66355 80177
18800 33133
80514 89775
69960 77533
21235 30685
62100 88980
68333 72667
84414 84904
28972 63681
43242 49403
32171 50885
38881 77795
60866 73803
72841 99199
23398 35643
10322 77099
17294 44029
76544 83717
48858 85442
98780 99215
6608 74230
8950 48588
24134 55994
95616 96300
12929 78043
81006 97800
61735 75088
97552 98378
69185 78019
22954 45553
96527 98614
805 91137
50068 51697
21671 96388
89771 97855
33006 86107
39537 49207
74885 97436
2630 65774
57673 90329
87251 99915
85913 98834
59012 68491
95657 97171
76890 87723
71074 75791
78282 82768
79482 82825
25281 35369
52429 98881
92980 96862
42056 95470
54867 67193
26842 29569
4836 75152
86866 87417
74389 78481
54858 79547
71757 71890
51600 99607
82808 83745
38219 97317
54354 94460
89279 89926
74760 86024
88977 93446
59350 64392
83982 99303
65161 99025
1452 7839
6703 86467
56783 58622
96803 97641
55930 84336
71905 72686
25032 25283
69946 77891
42360 73454
9816 29601
28641 56894
82241 95239
21052 54173
26053 55478
42131 59362
71981 92977
32290 48923
81146 88809
95533 99299
47790 58594
72691 73901
22992 96416
1798 3047
30024 36267
50053 63841
96995 98572
46051 97957
5364 21492
86143 96846
99980 99998
67125 68833
26118 51407
84407 97430
46425 99408
17636 39167
61488 91666
61860 78224
37425 83200
51772 76778
10956 73388
49526 63077
10008 96128
74185 99849
76699 97105
10811 43076
16711 31598
58299 70900
87820 95011
10701 36147
4578 45345
53391 86790
12472 16686
35732 38305
84960 93505
48995 60214
826 66050
58902 70554
27400 77419
38262 65695
60109 95730
31527 33151
70121 82841
26211 49674
46604 72700
96046 98422
25073 79102
37286 82943
5956 48121
26149 53772
3437 96943
7440 9354
66482 73655
82231 89246
61202 90641
18817 56698
22097 76675
19745 32992
60551 83526
2247 46112
44201 70573
16351 73233
87624 92206
12641 29200
48970 62508
13353 92756
16719 33032
65024 73519
30458 36459
33889 65561
66773 79859
35373 84553
86938 87282
3651 52864
59162 87545
52098 56611
15731 98206
95066 97152
56204 57413
85006 96004
49136 79764
93683 95791
88803 99143
71747 99414
28297 95858
32693 51313
12451 42019
6914 89016
32772 56743
57167 72735
56460 61858
22886 63663
30950 76162
65787 93820
93690 99911
95963 96122
65195 99966
21209 45894
45821 82384
37380 61652
50765 67892
22029 71707
6967 57744
10165 80915
92074 98190
66632 73841
54489 71974
63200 70259
52425 80309
15482 91838
98584 98696
25941 55893
67318 75478
9145 86534
64012 67177
93638 98126
86138 97118
36687 99112
58573 90766
39168 39182
80372 81657
66202 96336
52240 55334
73487 80741
50995 68312
808 71690
23609 28734
30331 47442
42834 81774
83698 87607
60108 70959
94927 95489
9511 67596
7215 71573
59061 74326
12604 94835
96365 98055
33342 33409
76275 94855
26414 36413
30992 89325
7548 44366
76922 87485
58437 65154
22558 70148
40327 73140
45179 80294
24284 68774
41731 85545
23795 80834
86646 93844
72797 99313
32600 91294
49868 76524
30444 61701
36131 83917
18946 65656
4127 60956
30382 60777
49011 69123
1329 55350
47297 55929
12068 16945
45419 80546
24876 48789
2347 50186
98713 99469
19909 56186
25068 81838
71366 92233
51706 84538
82581 84321
78082 86570
93489 93779
42450 76767
44396 65733
72532 90405
8855 90051
39672 41145
63381 67195
67854 71536
70663 82148
45240 98525
67145 93600
69698 93322
56185 91936
74880 87362
38455 41932
1469 63829
61327 77036
79612 96676
70989 91137
54319 85541
27594 92571
48792 91909
90306 92784
1175 10920
1212 46299
6558 62108
56925 70738
51221 91037
80239 95257
20128 58955
86913 89964
3692 22690
98604 98811
6095 22772
54460 68584
26395 31910
63265 82238
55293 79483
13084 74421
91090 94094
25762 71620
65886 70390
24792 96351
61052 68793
82963 99204
25658 74320
67713 71085
24356 32240
87900 94569
58417 72053
43383 47526
91883 93407
56451 67665
30298 51381
57455 92348
4009 85382
33852 60208
59710 84213
97083 99114
37687 73260
54031 65978
95012 96106
68807 89194
65629 72476
7819 25474
37216 75279
13574 27753
38693 84035
97560 99795
25555 79738
83583 96895
68536 84663
13075 26550
31006 72386
54993 76283
91832 95430
5028 95753
18012 68502
5304 32023
5148 51293
84258 99958
87852 92270
66531 72390
46957 97904
66724 88649
69631 99376
67309 80178
66593 72613
25684 53386
15034 16968
37899 85939
99172 99399
78423 93660
72668 88752
22068 53719
40667 85776
59443 71110
67774 93401
49268 94274
40411 62250
36196 61722
34210 60131
39538 81367
64592 86821
9611 18777
36291 87469
2979 33142
23405 51297
34511 56188
35238 90429
74765 79736
50378 72250
52880 72594
45831 94705
56208 78542
73489 86816
91593 99924
70463 83455
16636 22013
14896 49090
96302 99727
54076 67362
87721 91605
55834 81974
47875 60737
65625 97879
51744 96687
17836 33208
88425 88773
90147 93218
89580 96295
80780 94480
9426 79002
18609 40028
59574 71191
63360 88033
39965 93948
76891 84501
73977 85229
32569 67496
85515 99583
39413 69047
70739 96978
37616 52149
46248 80965
3991 39990
43138 96774
8949 58409
51993 69038
16194 26752
66466 90877
98171 98458
94587 97453
27105 79448
61516 74685
13362 32632
76110 92922
7340 97840
4556 14117
9043 83318
76526 93649
72834 87266
77533 94713
85902 95277
22674 80550
82902 97580
31699 74143
58322 77050
44589 73545
2779 82821
89011 94336
53679 87339
57730 73345
14048 84145
33448 70961
39392 48367
62924 91630
58223 58404
74413 89957
40539 51714
85528 86975
41069 96166
47945 85503
52382 92880
23057 73055
26109 56138
75497 94730
17544 63734
28092 82139
73971 80899
63039 85111
799 48031
92597 96812
78242 90835
96393 97846
49524 81316
62963 69475
33097 83555
64969 79303
22989 64760
19054 75631
35737 40084
86443 91003
48754 91024
47585 87261
98353 99987
95806 98729
81379 90285
24835 52275
55984 90251
55044 73304
47559 65200
11374 95605
71652 87547
94104 99868
20971 64251
32776 90320
80893 98961
92730 93871
44025 58599
89459 94838
8326 39021
3821 27909
9837 54021
46794 63356
21684 64239
64352 90302
62560 71970
89244 98545
85991 93881
38546 70840
86851 95526
95735 97618
36578 42262
77916 85298
14717 74681
73070 82652
84221 99800
82751 99572
11231 23551
83370 88011
24900 31724
96609 99828
84107 84324
43778 90444
86447 99054
26836 55070
88654 96808
26363 61484
10330 28827
92468 96832
21428 96545
43905 72986
83012 89010
47878 84747
88615 92519
22378 92764
21092 62030
84257 87990
14803 27955
4170 37525
13592 34437
43025 98992
81982 84703
64602 89150
49684 76661
13481 61728
52034 56761
43898 83141
1710 4400
36134 48377
5290 41832
84739 90224
59075 70026
27159 28822
79385 83271
25754 44979
37283 73329
92647 94466
44922 99030
33883 39926
88438 88506
25870 66851
72905 88393
87598 95767
12751 41267
91906 93588
98022 99789
90819 94663
41008 82619
29707 34472
20989 36679
40997 45727
48576 89837
49640 94880
36651 66954
35293 55201
6237 20375
28746 46725
35818 71814
23691 81549
79224 99390
30405 79544
79132 80070
69608 92554
93092 99480
44105 63160
86397 92417
73364 83476
50111 79187
29226 68510
14000 93446
19668 55993
38931 78052
24705 28698
25693 94217
99376 99977
84778 85117
71706 93010
5503 39639
14614 44311
53698 59430
60377 86052
95726 98100
33160 35044
13767 14788
50854 92463
5574 44918
53479 90903
36605 87258
55028 76491
2430 58991
89141 99426
956 54952
55965 65339
68287 96673
47297 49968
38342 42603
63298 84957
74422 87650
77681 99549
68244 90565
99542 99652
77316 79946
81763 88217
88008 92087
55379 99505
69603 94709
66201 68164
26254 39233
501 79384
84617 89518
68427 69528
35310 93354
65366 92479
79916 87524
66753 69743
4060 37879
76538 83541
44762 68808
30764 41451
40238 40363
60992 94958
97967 98173
59038 87672
5210 55264
1790 12566
91872 97790
10547 58531
50159 98716
43421 85412
4388 12459
147 61595
37368 79976
65139 73789
96921 98076
86601 89599
96931 97988
98843 99639
56191 98791
7479 96848
21779 94425
30405 60653
6994 53177
45960 72737
80568 92537
51465 97978
8052 60425
81518 82964
5674 80773
63958 83990
71878 97506
75324 81598
25196 32898
76027 82187
28393 69317
10158 31032
87899 96624
23613 69353
61770 79027
38865 82269
52081 72673
22768 26892
12311 81462
95162 99768
59636 88796
76132 94493
70981 79323
89733 89901
66204 89503
61687 93991
76141 93771
68711 84641
85784 92922
21452 52602
31116 79453
60234 74794
52739 85276
86365 99823
75605 81284
48183 85318
78689 99636
38551 58213
62469 66819
16103 96599
73749 77471
11174 67270
5534 95363
78625 96523
31800 40249
78085 97289
26461 82677
60159 92733
22159 51406
4577 49612
85687 92051
23289 47372
67182 71879
52328 78301
15102 41342
99212 99890
39108 89383
33960 54387
72806 77066
17371 88669
59361 94127
15126 18373
82976 94581
16005 75280
19065 98199
36223 86985
202 10355
80447 92972
31562 97075
48286 81194
70164 93005
60205 83490
16186 79764
92894 97983
79254 89990
66130 73874
55498 84254
53230 55470
7542 54160
73940 82739
66464 94089
73532 84712
30852 78315
92267 94199
51683 52123
10095 59083
11816 84303
48599 96423
20304 66839
99583 99720
35158 92519
20018 53926
50780 66236
96761 98890
43047 62427
34310 40575
91749 97739
98384 99973
50069 91042
67690 67914
94456 94570
68755 94565
15223 22703
82987 84820
1536 9620
54405 85961
60918 81917
19520 56536
9187 34789
82335 92323
91978 96170
46098 97103
82809 84243
95669 96469
80207 93479
62779 79191
76704 97441
40391 71711
25905 59317
86621 96104
67106 69149
42969 42972
67368 95580
47782 84292
96336 96508
20944 68050
78747 84437
77363 90515
29222 60479
31998 61036
43550 83118
57158 84234
19671 94295
26395 51710
54803 87346
11658 12924
52824 96670
42191 87071
60379 92860
82228 86395
94046 97868
69254 84528
7610 52005
73281 75633
23091 70257
20508 56193
43862 68013
32748 82032
24894 59443
31121 50766
70956 93529
58234 72623
66450 89976
47083 83367
66059 78014
35095 51409
82681 97437
854 71826
91777 96282
79321 80513
20374 56008
55274 97522
76804 96756
26864 93422
42599 73178
95491 99464
69318 77803
2492 67953
38703 40623
6346 10033
53046 96315
70855 72633
19138 85955
72089 74373
28705 31860
49521 99544
68437 88984
61985 98870
56588 72406
53437 86989
30641 91619
75412 84023
41979 88466
45420 55140
4426 55286
77455 80801
48686 74855
44973 46527
34067 78355
92998 95818
3139 41567
66665 70393
75235 79287
88169 98586
31910 87871
49266 97189
33848 75828
76820 83111
85192 96581
3542 48329
22182 45670
66817 67148
12227 73652
40208 44840
71944 98019
28551 56901
88379 96543
59613 89122
65021 74031
77882 98768
30584 70199
91315 95189
23737 93157
37286 90352
94978 99850
21063 58343
63808 86983
37264 91372
3001 82187
33603 84895
10199 86972
54350 77595
97944 99484
41691 47446
5050 74821
7891 64520
21145 29569
5807 92270
83906 90260
29950 56364
66443 82021
85607 98705
13459 72588
62158 92381
66164 88065
71000 98996
68850 96989
52967 77221
89814 91453
73772 82621
12216 50515
66317 81673
19517 66832
21892 88066
81221 85840
80086 96640
75266 81499
56537 95576
98743 99919
60311 94023
28418 48086
43405 44702
25026 76879
77917 87386
65010 82829
29742 41002
32200 63893
80825 87044
63157 91791
32626 62706
94612 96207
5116 15257
22876 92775
39081 56742
65210 66089
56357 87490
60485 99356
42238 60692
57288 70862
26313 88161
61206 97129
52320 80541
32632 60853
18558 74293
94174 94640
17439 29519
91722 93907
8994 49138
31531 90121
67821 94464
12895 33290
47777 52729
92419 97340
11582 33095
5883 11704
86107 91977
71905 77173
835 40673
95150 97147
17536 91909
79153 95238
55628 76852
22900 76316
23398 98834
41682 68142
67711 95634
46496 89496
57145 99269
57277 76259
67020 76129
39712 64649
3742 73931
2279 45276
97278 98267
12808 73950
5954 73660
16996 19140
6297 85598
10049 61785
63442 71372
86439 92103
16803 59564
73763 92401
68288 82023
37285 72320
9238 18449
1108 81076
67562 80080
6488 80821
17372 40001
40385 94185
98775 99970
13354 24333
72657 85674
15791 30406
77427 83715
48594 92226
87958 95125
6623 85431
95642 99634
58429 62357
51265 74627
43007 64416
19744 30637
5610 56456
37269 91377
11289 97174
98691 99930
53990 67643
31498 67649
85441 98775
77543 90361
26035 84152
42676 53723
57088 61388
25978 61361
79098 89513
58126 87478
35281 52713
24127 39339
78999 99351
12478 86817
90605 98626
93596 93747
42208 69251
17881 53561
16398 23512
91003 99888
99939 99993
57462 61018
49940 92160
27986 30757
83443 97817
84179 90541
34075 41516
10832 80776
41452 87399
29148 46776
23424 71187
22883 25575
76490 77375
40924 90281
52385 69283
25978 53289
87645 92003
79400 94369
17805 19463
2676 97617
19218 77515
94033 94538
66917 87545
20533 24103
31241 39569
60284 83361
17743 72671
84260 88499
43323 93752
75222 97145
97138 99123
91459 93531
93417 97773
21480 69491
53244 97241
73015 84242
89526 97802
2058 69439
20090 67388
5772 85707
53736 94256
71802 92895
45935 60320
37503 41919
91144 93720
17032 19102
39533 70398
10427 78172
12475 58154
75702 82298
50940 79765
74308 85101
53562 71423
6062 98444
77045 95322
41866 69007
61245 64965
81190 87855
49642 85244
2393 44812
17959 68101
96346 98577
70161 73972
41413 81336
78077 99117
90572 99294
94441 96537
7485 96907
19537 22642
18050 43091
64926 67007
16610 38856
11218 41757
98901 99172
47488 92301
73611 90373
26398 62891
16769 82047
23830 25050
85665 94073
33982 62440
11327 16869
44165 92902
37154 91218
94601 94619
55202 66749
10198 39178
85127 93775
30189 96262
18917 42279
13406 77748
37380 39725
1646 2697
71377 75111
36541 66753
621 4558
32983 89689
2091 46975
94224 97926
79345 83924
94340 98477
61994 82466
63095 65464
37482 37667
89184 92465
39435 48975
34533 85730
91271 92829
33056 69938
33380 44290
12109 72744
88366 93167
6645 73424
21641 84622
6729 73897
76091 87204
20693 65788
66497 87550
59678 91893
31085 88730
69752 96610
98815 98821
39886 86733
29612 95243
77599 91076
84955 98874
5393 51113
38055 51438
54214 74857
75325 76757
64253 83634
65305 76689
25009 75190
48334 63039
4189 48361
88888 96290
62152 98277
40375 74443
57405 78139
60074 93163
99795 99937
98371 98389
78844 95009
72057 78814
44214 77939
49359 61742
27422 61188
63163 99562
97229 99975
45570 93713
91876 93241
68190 74975
32306 53861
71949 73495
46583 61201
34836 99289
4818 22440
52589 66255
22220 76218
11038 85032
27868 42619
39258 56212
61223 67163
70794 77466
41724 86658
98564 99212
68072 92328
15534 86975
67486 79629
27041 69663
92507 98860
91806 94582
36186 55002
80382 92543
93314 98050
92023 97329
53197 70875
45070 51350
63180 99416
3704 61640
88243 94719
16949 60732
53349 86229
77159 90404
62035 68706
24440 71447
60994 74236
17924 25560
57064 69423
42338 64882
47120 91283
20708 58890
12498 95030
21528 71323
27901 90781
33761 89053
97888 98594
80813 92309
1640 30732
34568 65578
61182 65314
90387 93000
59689 83823
14180 59941
41766 63589
99735 99801
32478 77009
46653 74887
70854 97528
2456 13213
79764 94381
61963 81966
15482 62121
56748 90720
44677 56204
32514 69142
66066 88695
39895 50121
45141 55655
11469 23320
89499 96893
4687 40673
66795 98918
7000 27476
69145 97014
51313 58007
52179 90140
41277 56101
33422 48500
5633 32498
10625 95090
42230 43263
71198 91044
90271 92230
48669 69876
75546 93224
61658 98581
65838 67885
383 54817
63117 88624
6171 36232
50275 70493
92325 96151
87247 95972
87349 92936
34310 44465
95055 98352
50974 52532
405 55932
52743 69867
3352 95292
87953 88714
13362 97624
9287 60606
66489 66962
46549 58103
11411 19198
86422 91308
39305 55759
12459 56147
31030 87026
92759 97495
86185 91763
38953 64970
39830 92928
51978 67951
97258 97491
45013 56994
25703 44126
92860 98686
35754 58580
36952 47012
854 73375
46420 93763
46287 57520
83034 91834
29183 77317
36641 38236
43178 71674
98777 98864
21904 75908
89074 92825
75611 77261
50762 87116
20236 33912
14183 59638
11799 96534
83060 83916
11265 25839
36459 99307
1331 54919
32167 84893
9789 40168
60780 61032
83874 92829
1174 72256
89032 92142
94725 94881
28484 50467
65409 75846
84 417
46568 96858
70597 81038
59481 69123
36070 78831
47604 72377
76240 85869
72176 92333
64798 77871
7335 71201
9483 86988
33133 58534
25592 59627
82322 84128
34823 96903
42857 55345
27283 94607
46735 84742
87265 87752
82702 86520
52591 96482
90636 93946
42250 73111
49509 53838
14735 77489
51663 52025
12191 20446
69944 97471
20529 23981
12699 39352
63011 84187
8166 31376
1404 15656
59616 75333
99839 99983
19918 41529
26535 92099
63633 71516
6355 64488
42537 67050
13164 93192
14085 33701
62538 97204
73327 92177
23759 65361
86642 96518
32737 88239
69577 77695
2233 72844
27553 79858
93818 96577
18938 99410
69328 91196
28685 52450
73611 84926
68832 85401
36301 57339
22287 37226
93064 97290
15996 29807
20003 66454
51852 70924
25230 67276
89318 91685
88254 93922
7790 28938
98811 99094
83869 87792
92807 97313
90018 90363
16149 82564
99282 99369
16369 53929
68517 83654
37088 98637
15738 68230
51887 93251
47142 64753
25640 65299
44907 88281
46842 91351
88059 97813
52920 99273
42831 73419
72941 73580
65547 99435
35538 58377
92650 95135
66101 88256
59647 91884
99777 99898
65753 74000
99432 99724
30274 45600
55719 87450
39937 40499
66022 71071
4794 55951
71440 99938
21641 28998
89365 98353
95464 99868
1025 14017
1425 51649
74564 79168
22344 49092
45469 64854
3979 79448
15089 38671
2837 29271
91139 97978
75288 86641
13350 62632
50547 64422
34505 93457
17116 34841
79515 81281
61363 79109
23167 73367
12908 12932
35467 72994
57412 58155
78003 92548
3480 16118
47295 90331
64461 67525
89223 92413
63358 74722
69003 79776
41642 49873
94362 98139
26967 47280
52112 52482
59559 99341
16432 72855
55494 95462
95427 97277
66403 68731
55344 65807
21033 41552
85701 91595
77594 92413
20813 25901
31495 89940
42906 55231
8998 20687
84450 94404
21183 29418
99162 99322
48992 99102
72174 91723
41262 84032
25888 32941
4134 80097
67670 98168
35050 46709
85695 90894
15671 92574
83766 99801
55126 71197
20746 22030
71355 82887
11066 42946
97564 99293
44344 66745
265 42417
88915 99107
82319 98063
67530 71137
57536 58610
27112 42396
30481 84274
72144 79670
611 45744
60350 68000
8542 83791
97166 99290
25467 53342
4758 18392
91615 98054
95361 99277
46971 58874
32274 66331
90469 96164
76507 87970
81162 91903
43276 54660
86118 97203
58704 74398
50367 74948
95471 97509
26132 77683
37963 41632
37352 89576
39476 68908
31920 81997
55292 59347
29127 98748
31606 54565
98305 99363
20845 85996
35092 90037
42952 83006
72777 73482
88934 97957
65522 99844
71016 90107
11927 47020
41199 68467
88350 96593
76443 83971
20996 23876
78786 79942
90778 92596
16938 86249
51429 83977
60673 74594
61024 64737
63470 88896
14064 96455
92239 93718
77767 80633
87777 94499
37813 71121
18959 44301
50077 53943
29014 97146
99910 99939
56664 99413
37429 82471
43954 47074
84146 96263
96115 97433
19054 37393
89880 97437
68043 99743
88063 97261
72195 87436
45468 99633
39445 89080
82687 83039
71383 92540
31674 61216
11625 80191
49685 77441
50720 70183
99233 99987
71603 71733
25908 40884
7010 88491
82631 90718
46037 48990
24208 48046
38125 65459
11124 17233
93171 99556
55531 78457
57483 57624
16823 70739
450 33614
90299 98538
51819 87862
1413 86588
74596 79998
34658 42294
62517 64354
73121 92457
94672 96591
46210 61761
36052 71586
65257 68675
63065 65093
38555 74239
27508 53162
27364 86740
53317 60247
11080 78741
37291 83876
15050 26134
71535 81679
33456 81514
56233 87817
62983 72283
71780 89118
45129 91215
35148 88546
92149 96678
80629 92750
37971 60339
54026 95885
34494 81127
44787 91984
78631 82669
44758 98527
18900 61499
86623 93454
42755 74143
2693 22232
14054 79579
52078 61589
35790 70702
81499 99437
27170 69804
59650 65165
28143 54725
37459 60937
55194 83535
72060 92473
50274 58865
26787 57643
12066 92380
13408 63210
25643 91201
25831 64876
11528 55867
80432 97657
68115 71430
93244 94202
75423 84789
91950 92859
25538 99487
62270 86296
71067 72131
64317 69244
1314 11695
82616 94940
58017 68982
89766 96785
2188 99090
50175 88118
94464 95134
95999 98296
37808 42100
31204 50507
46531 56743
98311 98953
50899 76680
84884 90587
57172 83556
13216 72453
10623 36926
83235 83762
42786 52998
74671 77735
89979 98154
59191 86824
84134 84840
20324 53966
23157 84741
43313 85406
56972 65509
84841 95500
95474 99023
92858 94427
91333 99031
74796 81434
19326 62955
48570 72925
56341 68977
47461 94046
90500 95683
96511 98460
96279 99479
89570 96634
57178 97336
42416 74224
93705 94214
33082 33565
55534 64519
85751 98707
22352 83688
37143 57746
48708 54585
68185 93872
58456 64940
51881 98200
21620 71494
23141 74487
74611 92714
71848 95505
72336 99067
66447 87842
61325 90474
96442 98340
15903 80332
29873 92392
43821 63244
25493 33870
54129 88142
6911 26724
2211 60506
21136 27056
8195 74899
41182 98688
54241 70202
28948 50333
93841 94947
1569 4259
37709 44934
96239 97855
81734 91741
69643 81557
54280 68310
17408 60796
11428 98212
18986 62869
1463 15016
33589 35676
49192 90004
64914 80162
20364 91279
22595 74598
73247 76702
14136 88564
41369 56465
84488 87700
81622 83832
93334 99761
19461 60970
22098 47389
21882 23046
25770 47304
14137 56497
18984 28224
89431 93800
69406 77439
90410 92173
55358 57512
94484 97443
73506 98832
86803 98440
12188 41889
91418 96129
16368 60230
15071 98333
95598 98662
50511 60353
6511 36844
99156 99968
96014 98315
70541 75375
1965 39033
38976 89976
16994 57842
20886 91269
9289 16702
32398 44654
36110 61385
57095 97877
48696 54046
65035 98354
70495 79280
14418 65045
19345 41945
42253 70716
83035 90219
83708 85531
58455 70084
32857 36460
73192 76407
68499 73549
42162 94915
45210 47941
83626 85522
21252 66138
85830 92447
36947 52038
10041 11803
48483 96054
36581 49647
7346 12354
16587 85165
93951 96695
1119 79071
63691 79951
67854 77880
85483 99591
866 11964
21142 94136
25640 41343
35061 79709
7257 37286
26898 83404
35635 69750
78289 97599
65975 99590
93842 98233
33882 79902
54859 58749
58975 74755
71300 96059
85901 96105
42552 57192
78823 83216
28073 44423
38286 80599
72079 75062
86975 91170
49559 78278
94115 99493
23071 93091
22660 59783
77265 82843
347 38306
28706 60706
13371 61431
16306 90282
16559 45077
76368 98044
75299 92593
93130 95867
22612 61960
28554 66689
98643 98862
71027 74307
4853 45713
38677 54171
12567 86231
44873 97168
35495 45073
64438 77030
28012 37895
90055 93361
75253 88985
21167 86746
73957 85788
78545 96299
1526 6627
44560 59012
13549 56528
30430 72355
83619 97406
41877 75946
21945 62422
19156 80906
57812 72093
79022 87214
57713 96712
92612 94158
94479 97229
39920 97652
549 81596
29834 67954
22793 84811
69149 78544
1676 58844
55297 81456
9882 53421
55546 64283
47478 64671
99887 99984
40830 49347
42791 65525
60646 62977
7622 19594
5258 6917
6480 49696
74758 81233
64146 68890
52175 81627
29282 54904
84875 92319
26450 36910
81118 92342
23905 80569
81867 93856
21430 39571
35404 36886
93724 94156
38092 61868
94322 98230
64990 68450
26503 39257
5358 93024
37361 83281
54434 85934
52056 76015
2532 82148
87529 89081
62406 72682
57591 72864
53468 75498
53788 72267
14658 18698
13528 50140
52149 63279
70782 71148
74954 82887
73027 80863
49014 97928
57424 68716
84128 93605
82792 99590
45609 84185
27437 76260
270 52071
33649 40438
65583 78607
75515 96727
60675 77507
43113 89435
36451 36643
87957 92533
757 97708
87831 95061
11220 46486
74564 90346
11609 36064
26500 78458
72023 74050
36741 38850
98776 99733
42854 75243
4043 74292
15738 39540
64031 91538
45850 62938
70845 85286
33535 52742
66696 79593
65296 69991
10201 71796
50413 99747
89117 97331
41932 79268
25152 52946
27198 56445
42659 64808
84643 97468
5728 58957
86059 99242
87050 91302
89418 98760
8638 85767
50557 51620
32495 52030
14262 48591
70627 80484
62980 99951
88754 98874
33085 92616
90008 95215
31477 69708
91748 92534
54106 65384
56277 87184
98731 99333
25077 37980
455 55883
39841 53654
77971 92407
40459 74407
91313 91964
31166 46997
39489 80952
77950 90888
19934 51314
28025 98976
68916 95876
44349 81206
31942 40593
27562 83283
84436 85353
51134 92398
56384 92607
70844 73128
95278 96505
43223 96473
58259 99413
85384 88696
52658 98349
65426 85942
90963 92203
17098 20427
40633 96198
44159 73768
889 95349
94386 95757
78607 92040
10818 54131
80477 98863
78501 99726
85940 95249
84637 95412
59427 94790
68048 87524
53902 66448
47009 68217
67006 73297
73435 81406
14104 86559
39829 44113
48970 88253
77664 90676
95496 97006
7276 12771
58865 81375
46207 87928
56017 92436
98448 99755
88191 93705
39956 81867
4942 71715
94542 96990
3769 69601
36078 73114
88721 97816
6751 83548
45427 63388
37292 61370
46895 53362
82520 98973
29565 59347
93436 97037
14238 57442
77958 98228
46883 81816
21169 27475
14329 47989
3944 35698
5719 87411
39326 64603
47900 62721
65349 82539
46502 73399
13731 78164
51846 96167
29367 35387
66901 97326
37502 81768
69397 90945
44332 49489
23680 28594
24443 82463
82777 95670
12547 24487
82349 95378
94115 99396
6599 70574
43722 89599
95513 96334
30451 63688
28570 59148
50249 79185
28601 84916
27036 91417
97119 97271
33184 81373
9997 50303
97253 98410
62455 63792
34150 87511
29318 68166
66689 80057
75955 76861
26695 93331
66063 86865
32987 70566
5765 61996
95293 98027
51003 65743
99155 99871
76659 86553
81953 98231
27244 79991
10560 92289
75291 88302
65249 97554
37865 90633
32104 44284
91628 94371
87632 99516
56034 90612
9520 18174
68041 78672
71721 91804
50449 99958
1340 14237
42921 60366
6951 9607
56713 64314
52504 58480
36242 88388
99732 99788
85070 97767
30771 83639
36026 56247
33907 81437
69504 79604
41233 64671
12257 71730
50031 92870
21958 68083
25197 49454
94323 97663
59579 77264
86154 90852
720 97143
1172 34233
43066 96412
27539 65738
63262 80595
67283 71488
74742 75832
33960 96399
22304 54166
41863 54865
59661 83929
14740 39650
36664 38845
59602 61084
42401 96779
8033 96717
17583 82362
16104 67505
83605 88269
52956 67432
15116 50150
30230 50182
70547 96175
33331 82726
56984 89919
48048 62277
66128 99418
68547 88404
70205 80074
17274 55853
58448 82474
87173 88322
65924 74661
73129 89086
3731 57162
17960 61237
80388 83065
70052 88997
20436 20667
71057 72586
17887 40498
96551 99672
76960 78362
64888 83070
53583 64310
28939 30790
81744 91930
87114 90911
80012 98333
54919 82722
41330 69671
11502 94539
31733 71934
70863 88993
98552 99016
29618 68262
60699 94329
85473 98207
38112 49402
65600 76414
84493 90394
87978 93687
96617 99458
31636 53131
57857 83234
98691 99091
52930 69405
62031 70063
46338 79194
51419 63056
72042 96206
29654 65467
72717 93881
30788 77372
37547 49482
93678 94349
57181 76207
4316 99605
45535 99507
80662 85248
69517 94153
33232 86438
80715 95286
47260 76813
61378 70075
39954 62044
83563 88205
47946 96313
57964 62976
32127 91175
99149 99572
48835 54382
8720 17070
81804 95876
75716 99235
47834 51780
62305 90474
85703 95765
32125 35828
30822 48419
43341 54240
43647 88313
34239 75047
45023 95185
20080 37619
98492 98849
21803 73912
68672 77772
94107 97925
32711 62259
88641 91399
74087 87293
97770 98327
562 32093
26531 42097
85525 93500
86951 90008
39788 60673
44709 57252
7863 69716
22678 46463
22261 56768
12770 90311
98219 98528
96259 99927
57571 94293
18932 92691
59071 62873
27330 89217
27973 48255
15618 61747
31855 41381
40647 87902
43425 51124
42454 79434
25911 82776
78078 95692
32100 55453
83625 87450
98828 99727
43522 67993
6084 85367
58986 82231
96223 99561
80002 81988
95070 99928
42720 95141
21936 94690
30584 51451
82509 84501
43024 58149
17379 91657
86407 96176
29859 57818
30580 32115
10789 48285
45464 58988
7585 54329
38401 65160
42452 93986
80312 95202
9785 55304
9091 22262
68154 83432
25946 69341
32143 45313
94140 99765
77738 99096
77498 90076
99077 99253
56456 72678
311 37528
11959 80100
63530 69485
19082 59745
77285 79164
31597 61667
93166 97922
35554 85248
23598 67784
85151 90574
72015 74486
5797 55493
23052 38835
56517 79274
69447 84817
26153 46087
74632 81636
98900 99445
89232 92281
46821 99001
32423 59531
38433 39095
62457 77175
56134 76947
58019 73823
4267 22714
25087 94332
62651 94964
1772 22697
13238 68277
54511 93920
81470 82349
65511 98743
1506 26241
1801 76651
79159 90670
35494 77983
96341 99169
84438 85220
27516 48014
39187 49904
79860 97190
69150 73634
4344 36870
38019 98876
88980 95545
2977 32329
73334 76936
34676 99632
14986 59801
36188 47272
59558 66624
69696 81394
78642 88058
60535 80820
33659 76061
79940 91689
29450 94024
64169 81047
31370 55621
29682 42693
8442 19005
45899 76931
34707 35040
83111 87036
54977 73422
63135 94003
26019 65503
2920 52844
91949 92379
18817 53885
49335 98028
43602 51769
11160 61864
94224 96037
80430 91946
9993 67510
1726 33244
22402 83258
19515 56903
38605 81813
90976 95143
23399 99787
83575 84224
90839 98384
67397 91078
46783 62415
89358 97860
36068 73310
48028 53089
24143 89378
86527 98243
44812 64211
13783 74149
25863 33128
29347 58786
38063 46428
20303 50364
91342 94325
31098 99098
94689 99636
40534 80084
97057 98956
79286 85678
95151 96597
63305 69720
1846 26527
6689 57103
11084 22743
98029 98114
61962 82388
94818 97762
63026 72589
56251 97134
21838 30491
97954 99089
96780 96781
17719 34220
98144 98826
63926 67971
82930 90811
96110 96322
12244 40931
66476 98493
14044 45091
37468 98654
31936 70743
52896 96490
64289 98897
99584 99641
62510 92712
57108 80720
92136 95050
11003 31785
31883 61258
93290 97672
5458 73292
66183 83417
42406 99080
51849 64986
43925 58980
35795 39195
49751 77433
85621 97294
12046 30741
10398 41743
31460 75061
62202 92462
916 52902
22521 66333
70828 85975
72316 97386
28185 75515
97841 99504
68175 98174
36364 63985
87088 99535
96528 96793
90678 95360
13596 90222
47399 83247
87826 95531
77873 89970
53956 78697
72384 93339
61296 86020
87736 97059
69013 80393
39719 65843
64075 66413
9879 98802
86722 87820
66885 87631
46429 71856
43461 65191
18629 35892
44097 94333
26516 87764
13338 86456
54797 92498
67297 72790
63599 91812
46496 95790
64918 86527
86704 92887
44086 49082
22462 49270
77976 82431
15970 98364
49594 62955
16872 44390
34717 53248
57991 95141
66601 73453
11427 15435
22731 87487
5614 34574
68941 90302
27447 69759
41499 62575
6405 25481
55546 97390
61990 79008
86697 98239
74282 79341
95920 99244
99556 99573
42917 82487
71649 81186
42484 90878
43579 46130
70018 81804
66479 86199
35317 58400
46540 95722
75363 80500
28818 79629
59112 83026
55146 76260
18723 46190
38010 99679
66169 93981
40879 43573
34511 47363
40373 84663
32257 65273
29575 93423
7289 56639
99588 99987
67214 87526
729 74961
76463 84192
1580 33341
15112 87576
87673 99267
96486 99688
81946 92513
28835 94266
16018 65756
48754 77867
27633 64669
27202 58207
88469 91842
9139 79393
43788 87187
34827 63587
97924 98483
76139 89271
12137 76767
11328 44502
80128 83628
54522 96768
38912 90870
83574 88425
15684 46695
28925 31551
75751 83314
6316 11967
31535 81074
77293 89183
8121 19992
5022 33526
91632 95337
78583 98976
56231 97639
73201 95787
46254 85703
83662 99965
41001 60117
71582 72331
16550 29665
9039 70779
17829 78746
85598 98382
52794 87995
5663 96673
17184 76568
97945 98248
28147 83552
25213 27046
12837 30145
751 32804
75644 89715
35881 55763
85463 90202
20849 24624
74726 80553
45151 49496
40207 46473
63821 84475
49699 61330
13593 29466
3029 42147
1465 60131
17793 51194
18571 38762
99753 99814
38405 65210
4042 37312
37583 50741
38410 67590
44899 58441
79267 91070
6182 10978
10853 41688
50607 80250
2204 24772
86812 96178
9707 15230
73477 87986
39066 75519
65903 96306
11288 82759
85028 89432
77618 89432
85903 97015
38909 50597
66479 71002
80293 91850
23379 43861
72269 97725
76773 96280
93261 97082
31890 78772
22460 78565
75556 76926
72559 77621
52356 91058
17572 65096
92972 99820
98291 98683
53116 61654
5013 8738
76882 78159
66889 99539
3210 24327
8162 68778
29395 66022
3877 15376
52691 91876
20353 50441
71373 88570
14889 17854
30709 55533
10323 54312
18136 79818
26341 64746
9885 13475
85883 90610
98566 99023
71494 72612
61598 61708
45231 60106
30488 68375
77200 97937
98624 99986
34839 74165
13276 51223
10055 29036
30225 51628
1947 45731
37439 85342
98141 99258
5789 7144
24649 50335
1304 33730
33777 64274
98998 99993
45787 95985
57829 82521
21613 71542
25852 62316
37164 37763
71375 88470
51168 87746
91513 93785
22524 24368
31210 66893
24698 64602
91996 92857
17738 65256
91056 98432
94362 98009
5335 39483
43334 76830
78207 82722
70767 80586
21663 49794
14538 55718
29822 32099
51442 96473
68207 69049
90505 99447
32313 99836
54130 83576
25884 70252
99361 99375
12700 20758
90624 94082
47793 56186
1340 14830
20274 57872
97875 98962
14114 23399
33478 90008
79272 82585
64654 75682
36179 93753
48975 52988
96815 96908
8383 90706
3531 86015
76704 85208
34826 60516
1377 47231
75018 96806
35604 41685
86216 86520
17905 49314
70410 89213
76850 86536
40879 62138
44658 74894
84116 88357
43099 43100
56112 96128
7344 53330
56918 96029
91889 98386
86118 92436
56960 60815
9971 53255
33714 33758
73067 78676
91489 96574
83672 87405
70049 90174
95323 96581
85928 96594
69289 99727
16202 32951
83674 86086
64769 99270
38575 86250
38737 56797
19406 53125
45382 51379
36599 89320
30204 43908
39419 65350
60500 64991
75081 91162
29278 93266
20481 79858
13301 82080
22594 90102
61979 95728
48481 75413
78917 97377
8986 17810
29524 51337
84004 92448
70961 94127
53602 94639
88216 90017
91910 97947
73256 77913
84680 97268
71312 82893
55740 93221
32293 52478
46175 99003
44763 87142
88987 95330
85426 96768
40599 82631
84938 89920
2908 99376
33490 77921
82976 87017
653 91534
75901 81112
51506 64298
52990 58981
87396 96898
86661 96411
63384 88027
19561 49850
38476 85285
55773 60504
70425 97263
96759 98781
42649 46491
29727 78941
40434 45225
27736 43952
80696 91821
4366 99940
25368 84630
13714 95250
8144 62549
59072 96581
1614 28338
86387 93315
23372 35295
17740 27784
48437 96213
55613 96701
11943 85079
16010 63354
53203 66676
87439 92485
53420 98978
34022 71101
6811 68064
19654 32291
88632 97823
64685 74788
57171 67212
51466 84379
49565 51651
52989 60600
37686 55753
40869 59350
43720 67667
46792 65460
63562 78638
23701 76085
19714 35376
68362 88627
2757 9307
78208 98782
26736 72791
77916 97828
19252 62242
20414 50247
43487 62258
91395 91676
77246 90246
41 87862
8618 30742
62457 62940
50120 76552
57176 84528
35083 37088
43013 74783
20672 94020
67330 71683
6492 51448
80463 83677
43395 57957
44357 71816
70982 82271
72470 96901
80189 89352
93479 97875
70900 96178
83479 85578
55910 73038
20960 22542
98967 99565
74180 93738
23665 93078
35180 95139
21033 42352
3751 9198
85683 99554
20406 98005
83812 85768
23605 75153
92747 99580
48941 75407
32333 35758
8734 10542
99581 99969
91482 99054
66382 73705
19960 94902
35066 69112
67451 78540
83155 84120
31905 91817
27557 51196
63889 96381
7309 83080
77928 80888
58605 70133
83430 98370
98216 99358
93018 93111
65394 76260
21001 55255
60176 92336
30897 49127
88556 89703
93657 94879
22242 77186
91809 99723
99499 99607
30739 81936
81872 93531
54938 92433
30628 69170
63185 64232
46258 75015
631 22787
28230 88039
35138 68009
92317 95517
50650 57830
25658 35477
63473 82370
75857 97565
87176 95888
17571 84224
69247 95746
52967 58420
47163 90511
69196 79869
65005 75010
110 20192
4099 51837
92170 96130
63327 95430
87624 95464
37736 50397
59965 84760
44764 95663
66537 77074
89687 90980
66280 88374
8342 70636
58064 79393
2851 86230
46893 72734
14360 39767
27677 46134
39182 95169
35715 49679
86159 95633
58035 59093
49637 64674
77110 89744
20082 99500
4587 84386
38077 74397
21268 47651
57125 69598
74472 94918
72793 98172
77031 88969
33937 97001
20144 27851
49098 50059
95542 98643
16215 39704
41216 48599
69570 72027
51866 73079
67652 69788
58184 67133
76931 78132
49776 62211
76948 93740
90806 98591
10123 50072
59049 85526
40746 84958
73753 74346
54463 90428
80481 92182
88326 98918
17262 31620
11234 79345
91471 98459
56240 84883
73023 76669
5996 15946
29670 61309
32844 87959
42755 71755
21577 65880
75809 96259
99839 99912
31450 67362
96375 97162
17793 31384
93066 96518
47438 62278
49829 61398
65493 85999
8652 52809
67243 99970
88211 97717
89689 99774
6822 73986
61844 86049
70367 74512
51393 71069
24132 33852
7330 60594
96760 97107
70561 95591
82783 94117
58082 74425
12622 31174
54563 67625
50234 64991
91001 97863
89772 97881
77467 93694
41462 65964
30332 55108
59691 79356
55291 68050
87204 99070
60732 82684
68746 80726
38756 40403
35132 54768
72091 93008
90511 95396
73337 78095
48917 61403
70295 76743
38957 80985
50731 80247
64464 89400
30254 77320
97251 99812
49747 69574
40914 43136
12097 57842
85016 90541
26269 62175
85171 89223
51129 81021
18184 81648
68318 84522
78148 78514
62843 85513
96774 99392
70825 91752
71115 79114
26679 73746
56986 87066
3841 54656
99738 99904
20379 64404
54765 62347
72113 81687
21884 24748
92833 93325
21425 60141
92058 96701
55873 88739
23372 67756
60974 67107
7158 96602
54687 56121
70903 99807
24182 75890
9410 88048
99079 99612
95894 96942
25069 35155
47032 94444
47381 50069
4645 53263
17244 82982
74435 84562
88531 89369
28856 38668
58993 66153
33824 59432
39560 93101
83960 85247
7318 46173
28091 45099
86583 87583
7985 84427
20397 52222
4715 14060
65030 70952
26070 41164
72369 75020
64990 92278
41091 42457
8851 82160
96520 97899
82760 84751
8468 72495
39014 71602
84694 91733
31470 37912
13276 28380
29969 73342
14312 96055
15076 60181
76353 90669
17982 87441
90245 98082
91289 91890
18032 36232
32494 80066
66968 85864
83471 90343
53598 93673
92498 97049
30599 50216
38845 53158
68722 85558
10870 35505
72675 88361
88363 96031
32977 90350
75089 88470
21938 46891
68377 83542
56799 93487
35196 90210
13924 91648
74787 95512
73595 88373
40850 52816
97954 98850
74445 86961
34198 90489
17564 61701
83591 90906
5739 92360
10928 68926
16576 73067
37523 63359
58710 66540
79135 88810
58669 96259
73838 92220
5331 92903
53605 76449
19475 83850
85661 93656
41378 59741
88740 95947
70717 83632
65231 65434
19668 47205
66577 83389
65067 79236
57026 57036
46570 85618
56478 75657
11159 60317
58604 83127
57250 85514
57824 74428
4682 86563
20081 38416
807 66986
30911 70914
90408 97907
15136 57675
93532 98902
25680 55916
38812 70813
82471 85601
13126 65810
16611 59129
79127 80150
53996 94296
41158 51510
31349 88685
13239 21584
1288 38228
17950 35867
18759 41174
28777 63165
24382 29814
60699 90456
54440 55939
55159 87237
94111 98259
23768 43709
92966 93644
63439 76964
22458 24082
37461 63598
72039 83478
21716 97425
14129 57357
6720 7720
85891 94411
7872 60728
98023 98599
75308 77680
33568 50269
98471 99593
18933 23837
69649 93422
33858 34709
78053 85002
15459 16176
60066 96397
13529 70579
95709 96882
28107 34433
20412 48517
34796 68694
57920 72439
84349 98529
93897 95008
90242 92729
2180 78192
92032 95867
36030 84468
50394 87100
47447 80823
22952 48347
81236 95388
31030 76737
23245 32416
5734 93866
7372 97648
35922 49866
87644 88133
66343 97556
36013 72623
52311 95483
79975 97918
95551 97144
12519 78596
92067 97441
3984 87411
69111 93359
56119 72327
9492 83598
88259 97130
37278 64460
36075 67859
93793 95401
77716 99668
78198 89236
8821 15761
36877 52495
94234 95227
23258 93477
22968 36554
20567 92568
15656 88627
32200 90373
18399 70212
43099 47784
76556 79241
53942 71007
24917 27613
16892 22523
43343 62089
67942 91292
12607 94999
10944 46939
26626 99595
3812 29174
1357 35998
77370 96140
47986 93649
33138 46273
43246 98326
43745 88509
58699 73139
79908 87026
46425 69934
92158 94872
1269 16391
29234 68867
40917 44464
45807 58995
31190 42705
72473 76673
59450 94755
15694 89470
57818 64873
77281 82996
43638 56059
62566 98235
57800 90352
42885 42976
24762 67011
12854 46029
75920 79282
2148 77152
44640 47864
84994 97835
99930 99957
57111 57204
94645 97456
75023 86750
66557 92941
75154 89272
75002 99612
1741 36257
10705 63868
79390 85100
76372 84797
41186 96417
135 35483
76036 90004
90557 91482
62060 63929
69534 85452
81766 91837
27979 99073
85279 92252
73165 93501
53757 85942
88153 97498
83114 97107
21252 60788
97474 98182
29752 80343
98796 99941
27744 98217
18907 86178
8287 63472
13628 76149
83079 85151
5583 23720
9434 89633
78198 92566
9796 81444
92262 98948
9122 57362
88047 90094
65319 67525
14288 22635
59733 63531
89720 94822
76478 78495
22409 96158
71505 95868
66273 95170
28389 79049
33692 98795
10663 88732
30980 80389
70091 85478
90402 93335
92229 97461
15490 38738
27166 74826
73988 76278
72000 85057
12210 91521
90558 98515
78179 96247
59630 88878
3794 58233
35183 55987
44633 69003
87649 93229
86436 97742
23209 79765
7554 83539
13295 37971
75023 96933
78402 86954
55608 88129
32684 75891
10059 37825
49171 80637
65471 84753
94406 97711
90264 92047
1536 59053
23464 57843
49670 91548
90296 91375
45318 85473
74962 82366
3683 79737
54412 80559
46997 84864
96362 96959
4708 47439
77597 80328
92164 92511
93833 94029
72923 75772
69589 77327
30856 62832
82818 94468
50778 63319
27010 62773
97001 97787
37882 84257
88874 89361
67218 72231
78308 91779
33960 98063
58399 88995
70273 88756
75084 93141
88526 96026
82330 85722
10774 35734
84757 93830
14165 28828
20196 53568
12192 40038
60563 81688
37906 90128
92555 94716
26647 74099
96827 98085
76072 81714
56757 99703
45651 57044
13108 47173
84194 91813
96586 99269
6627 84726
61482 89832
8670 84544
50306 50379
35928 90785
53037 87869
84044 99259
74740 93550
27188 68275
44565 97366
20969 42817
70839 90720
65416 95486
21599 67632
59217 77324
94640 96557
57735 83286
78838 79114
69930 86569
83708 83725
72845 87608
31562 34628
89444 90218
20853 86195
35658 99826
25432 50110
92657 95830
94664 95172
10337 24182
24112 43151
63700 66802
51753 57489
53565 73651
20905 93383
50547 85961
73087 75488
21376 61929
53805 91225
5588 65423
78237 84815
72795 87207
11728 20860
10412 30077
99160 99572
76346 81204
42399 70013
19791 99376
66102 69687
70862 87184
92908 97137
42986 45414
91081 98266
84919 99249
68883 88242
92553 94205
3648 60984
62684 84452
67554 86247
98255 98259
30476 41725
81910 86929
36450 71296
4142 36967
83201 96960
27075 53812
5316 97952
12115 21799
61507 80640
14602 77219
13345 60920
38131 86013
17119 44170
34920 86379
36207 76919
2583 58040
99731 100000
62251 66297
52978 53838
2003 85871
47069 97209
86633 90257
78125 78871
69138 72252
20187 81206
5139 26900
37373 60268
77257 92831
61383 71768
49165 49913
72820 83955
3766 11659
70395 97611
61425 80427
52478 87108
7863 75222
15070 40714
61966 79614
46586 49289
54659 79520
16621 94441
99091 99276
15785 55797
66312 86743
10848 94771
93941 98133
15729 45909
55519 67733
71069 86720
12658 39323
86277 87205
75376 81827
97750 98360
83144 98245
16477 67914
20518 90734
88263 91513
4832 10913
78444 84033
42359 69234
62942 78883
23000 27699
27961 84940
74384 83732
96401 99380
32452 68472
31047 31671
21480 34494
25514 76798
55627 85829
77785 79415
50027 83189
77368 94913
73484 81126
87759 94259
71200 76305
95937 96428
60032 84986
86198 93811
32915 55809
67212 75097
31840 43693
75172 93038
98735 99272
59986 67685
29964 99050
89760 90077
59850 64382
37510 63413
37350 97579
16597 36092
94263 95616
5805 83005
64943 89814
85908 91423
68262 99647
68124 69913
17646 48140
3621 19797
86763 87811
27077 54934
73617 85473
65323 98315
96551 99120
99882 99920
16949 24082
16684 37494
39661 43983
76191 79808
56349 81681
52476 99288
61254 71420
26222 51128
20177 59992
49458 72762
71328 72927
60378 67580
18888 41978
1274 84868
2073 89591
92533 94186
24993 58523
56278 63303
64623 88530
93925 99235
69863 90371
99924 99974
42995 85390
96974 97409
95598 96863
80504 81639
13249 73997
94965 95492
93871 99489
31805 42186
57779 82307
66850 74204
81461 83353
31403 87754
33715 62875
11055 25539
21069 40055
87053 99461
34943 48765
4261 28451
85626 98772
94064 94198
35930 77625
97212 97411
18027 33523
38344 50618
19038 34165
90757 95055
3483 23476
41831 63909
65205 73138
91232 93584
85924 93130
26397 93773
56276 90559
11035 56422
28983 70845
87077 97351
13920 81113
39260 95390
23798 87705
83119 88930
80751 86458
16928 47234
98563 99629
55859 93295
3622 77032
94692 99502
8835 87362
67091 84110
26583 32910
7654 32880
60165 97448
9622 33529
25166 92666
22056 42049
3238 38747
8560 52315
33852 36294
93141 95155
2173 39380
68235 71777
45768 75309
37021 59924
56114 85080
41205 61686
79787 86711
59469 76196
52159 57451
97010 98461
49969 87719
10682 99874
71303 79800
59595 84667
23140 66263
43176 77285
64957 99785
40472 89684
9393 32007
66232 67373
25755 80305
31200 32919
97069 97854
49292 76683
40416 99103
99521 99741
59915 68902
68127 90499
78325 97803
83526 96862
93619 94641
52829 93028
59931 94518
10374 89502
13679 32445
91092 92313
6927 78673
75333 87561
57208 62020
23470 83370
76752 90052
21318 79842
80152 87639
30963 54390
17011 17544
43225 86663
74582 97001
89660 96820
25735 69541
9560 81652
91656 97735
70875 84204
35041 87793
9096 21624
19175 82987
50215 75812
81876 91990
82833 96562
51323 51689
6818 43715
52887 87466
27381 79532
86754 97659
32804 86519
49460 64386
54062 92065
52935 96714
2157 22063
83523 96041
29206 54525
97604 99816
34179 61006
74015 77362
75809 84034
46549 66071
3822 68357
73595 97920
80070 95730
51872 77720
73377 85990
26970 46627
58561 94890
13332 73993
70843 88495
20973 98104
28618 54493
70179 75877
79890 97286
32362 83898
22619 27178
86066 97129
93395 97443
50846 57904
32627 78804
3335 70586
6948 63997
32170 78678
8927 47315
14895 56753
11824 42094
33584 82067
84661 85958
51260 96037
45868 87341
56608 89224
87183 98843
93124 94389
97492 98550
58551 94364
45116 83072
93259 96605
63998 77491
64112 93814
57806 81554
30616 38607
26025 94652
2602 83585
62941 69986
43547 69962
40753 81016
15247 81010
31069 42313
56961 72558
59669 99953
20972 90620
35646 46743
61460 91369
84794 88033
21584 76574
4122 72591
9072 56846
58643 99897
75361 87674
84465 87718
77075 78857
5427 43465
36737 84904
95729 97490
86328 97350
90211 99766
20916 61619
68974 91770
92184 97174
83640 92959
45104 91046
10832 78170
88308 92200
65349 96414
37284 97875
12835 35623
96677 99807
5032 29982
16749 97460
85112 92435
20908 29423
16866 82898
2575 47586
45024 46650
29444 81045
51788 86641
21351 37164
48099 66519
75859 82178
24492 92047
11275 33238
52197 79107
77010 91218
48068 88888
94087 98812
81546 83080
66553 74311
32880 66361
75704 86317
62436 94443
56383 81939
67707 88199
91416 92606
63506 90467
49962 95368
87015 92055
68119 74003
42280 99469
68704 73792
37116 89732
2057 20935
97414 97477
81480 93598
35212 74187
80270 97360
20079 62009
10848 23685
11350 99552
2025 80914
84575 87078
35363 95826
9693 14137
79324 90592
56017 98163
54576 89051
28371 58455
56706 64684
9348 67187
87937 97924
33354 37438
94791 99022
43710 51210
62859 67647
72261 81365
53795 67786
65558 70100
53577 67609
71891 76020
30053 71875
82094 99944
50567 53291
91981 97874
84427 97977
82608 91501
79005 89049
64767 99294
34479 78760
67459 85135
12527 18883
85275 99048
56297 59593
47987 53735
63366 76047
69952 80406
98712 99907
95705 97149
79605 90751
57729 71617
91544 95391
9284 26742
78783 98434
70562 85125
85464 88391
53217 53677
59500 84174
40139 55182
13387 55742
85148 86234
54996 88501
7226 92145
33439 62107
77376 83800
12403 49405
2846 62927
30291 46762
55298 83720
35494 60018
47791 57234
21856 35878
67920 98951
78470 97426
91128 92759
70221 89211
88818 91059
64659 96963
31431 60582
3839 60864
80058 97151
87168 95624
54435 80495
42927 51235
54790 68029
66396 89783
68378 75562
22817 38452
85418 95594
90260 93403
8003 68073
40038 81460
91648 95493
14351 97483
92465 98714
39929 88843
32221 63169
37421 95670
3966 36563
87064 98345
50973 89218
63226 97746
21404 99272
33299 94063
40388 43612
2225 35101
62099 65973
28223 83270
3335 25717
49580 53070
22416 37448
57979 99392
61546 74636
3515 37659
76395 89355
72016 80551
76806 97940
78227 98488
11990 48841
56846 98119
6453 27152
42003 86698
99170 99226
19062 29138
22325 25330
73505 99348
87361 94128
45277 74350
87377 99575
32616 46085
58188 82818
4933 48840
92237 97476
61147 78737
35350 46155
5795 93294
9328 93583
34865 51300
92833 93163
30178 40705
86998 97929
59486 62729
85890 85947
50698 96771
10534 40897
25596 66199
91771 96823
38175 40709
37610 81470
16391 44602
88023 90753
88521 90754
25498 81706
72843 82138
46585 62839
51228 95289
41258 75336
67060 84303
69449 72208
55493 85172
74162 90610
36413 66958
37460 73110
13121 51644
96793 96799
22179 52401
41402 80951
34745 72400
22211 51378
55799 79992
77285 94554
31248 45245
56558 63333
91109 99814
77149 89310
10072 29745
89592 98265
23812 79657
16620 24173
56164 59642
96647 97637
23661 74332
68415 84713
40442 48897
62429 65086
4806 94945
53182 83155
74404 96262
15503 66078
65298 88914
37519 86497
32522 35718
59037 68503
20072 81633
79063 79454
4134 38600
11894 84371
45460 66306
73010 84558
99739 99988
97386 98606
47270 61614
20100 68815
11962 66594
15560 56704
11994 83873
43179 59881
33978 68531
50842 70224
25376 32492
48392 99026
69131 83273
28402 49192
83946 85178
18972 82020
83226 99865
12506 36400
89000 89349
18596 26575
57009 61154
90415 97469
58283 61002
43228 79963
30993 50685
6001 44304
43760 91173
29078 80902
86154 94616
61532 74680
44332 60529
85275 85664
59420 63108
45279 46603
98611 98890
11870 89063
33178 71497
46060 95141
4753 43419
37354 53166
72834 97693
20765 53259
9737 56193
40519 40979
16680 93798
57685 88279
27299 46504
36563 86989
67968 95614
51402 76903
49435 88383
85015 86544
64280 82389
91327 96590
35947 46570
47365 86984
54596 90904
87496 93927
97395 99812
15145 99859
33597 37426
57210 78051
51518 65422
50403 91194
76353 96461
11006 93145
46856 93691
7339 87998
6334 35185
80363 94763
23757 94307
53413 63240
55495 70055
90792 96157
74680 75208
61282 76988
68052 87642
53186 60144
94128 95135
75215 78504
29434 86691
78165 80688
27116 70459
28831 42231
42415 65842
28084 68942
95603 99953
37447 68811
33945 37427
21079 97792
68731 83625
69266 92099
64353 73253
31128 51708
20128 68897
78485 98483
50435 67463
20698 44055
80375 93673
719 35977
6852 56671
33537 84717
75141 85448
31019 72068
40086 41039
14293 74639
36843 47470
10560 65049
28930 77895
21736 84280
10894 76208
8766 36784
34064 65667
74064 95209
44134 66126
8181 88993
85023 90265
50562 79782
27090 47787
60249 80230
38021 61924
34832 84816
58782 90416
47423 48797
80209 93269
87946 88024
38785 80669
98562 99972
82071 94778
31853 51743
66198 85696
6359 11235
47237 79454
81768 89041
48396 49953
79889 99432
33354 66966
99569 99750
54344 91612
20193 60111
62407 81650
75117 80887
84096 88936
34221 70626
3833 68297
93574 99902
5547 23746
28378 89534
47921 52307
35744 58630
13500 48428
9237 33312
5332 47174
34314 59042
58688 93013
20075 28396
50039 92823
70932 94017
55449 84387
29385 89938
12621 57317
77529 81972
1643 41064
92115 98809
61697 71784
62283 72923
93481 93615
48546 66733
7879 11855
39990 61480
88140 99247
39808 86402
30095 79089
59596 69031
44155 65060
34572 57417
13938 52310
56097 64666
98065 98526
44419 89698
74755 83447
37707 85199
96810 98203
41743 86876
11276 83441
64681 69754
49740 54333
66362 68959
26237 96747
77021 86330
12931 88077
9049 19695
16059 36452
62133 68731
29095 35299
6599 19259
73436 87813
4639 67951
67739 78458
47759 53010
45346 74485
97526 99893
66939 70988
58666 84409
78590 83030
47749 55660
83897 89066
74938 88753
78797 93977
23432 79718
85820 89183
4266 54885
71019 73514
25959 95049
30938 70501
90739 91804
31950 32326
95831 96948
55980 65512
87216 96718
69743 89926
47014 68952
25408 30335
38350 82857
2341 54937
14562 16773
74459 89162
19788 54242
90863 99919
76487 77642
86210 99196
15841 54934
62760 64845
48705 54244
92110 93263
15439 32247
17722 85820
43478 48973
95060 98001
1065 56094
95784 96563
2290 79749
61364 75872
63476 77684
59896 66532
29280 55567
3800 47696
44221 70469
68842 92648
99849 99924
92995 93205
18798 19501
54886 56712
21897 70460
35133 76661
12544 59903
55899 85885
25461 31092
60388 78065
44673 88036
15566 88840
47361 97251
21799 25362
6369 25490
85684 94666
39112 85118
6514 71203
36924 56366
18064 97183
98252 98619
43223 88086
11867 24347
44287 66665
86140 93682
56871 67441
76582 94294
66964 75191
32571 56591
2998 60653
69429 79930
84789 91792
38532 57442
27771 73861
94664 98539
20258 97253
77971 95882
50262 54408
45366 72958
40913 51613
61276 99050
11916 84608
66210 86556
37495 90045
73777 92439
58452 79803
16159 28473
11579 32624
22990 27092
23099 46245
76692 99552
34122 35554
99590 99646
47155 73763
90327 96920
95714 96543
89690 94493
22894 24635
38152 88765
12762 91379
93060 97426
98076 99378
40959 77379
12572 75081
65108 89559
23458 88020
46471 58241
70759 81762
66524 70168
8409 24797
12720 95680
66672 93180
82852 84873
36688 70123
24290 35700
9443 86788
90821 91071
32101 36449
9691 39006
12794 53626
74512 83386
95572 99952
6627 8454
73016 75760
36564 84822
61717 77691
72663 94197
5278 92154
72688 72746
67484 80731
79977 91391
40211 86989
78721 82138
18981 97539
79385 81352
23867 82904
98062 98645
23555 64199
96075 97543
20679 60798
32744 98557
71355 97861
59284 84180
66528 80211
2079 46381
21753 31159
12563 28705
74301 88905
65859 80637
46467 78647
94037 94056
88640 89573
34859 45892
39437 47447
50017 62495
63684 94076
33650 92998
3880 6197
28895 85665
49206 84669
64019 72641
29818 55109
37120 86717
12748 78151
15471 27419
4871 31438
85798 97078
81173 81736
14168 27818
12933 85418
48767 84445
25103 28772
41318 63377
33432 53729
29610 54406
77055 91888
11103 59435
67709 72579
64153 88819
19961 70415
71118 86546
12696 20850
73763 86067
46254 50988
54836 61663
13579 73464
91576 93180
22174 61080
40496 47621
64572 85604
54698 56761
68691 76932
75269 76525
52206 73229
35242 86764
9536 14369
12194 79275
9835 24740
41888 68637
17348 83908
20459 30245
5739 81414
4563 54964
67848 81871
98260 98271
54724 77733
61989 79301
11064 20250
92622 94538
19528 89585
24764 71375
69364 71156
16583 97774
21167 76922
18207 64972
53082 71098
8289 84568
98688 98960
41697 80163
49568 93289
50589 76453
22845 82155
55555 85950
60107 99074
8972 48809
16134 19561
17620 80609
30637 93904
30708 94638
63795 70393
24726 57955
59374 93759
9669 79697
4189 95707
40843 82058
70922 90231
65341 68634
51459 61538
99275 99495
45915 88762
87762 90638
84861 99583
76375 88070
79563 81258
17758 69574
36121 61976
29040 94791
16852 73685
82821 92415
84070 91248
153 77511
20299 77544
25961 92686
44237 46478
49730 55071
76997 99086
60586 91419
16293 35543
74847 96423
79891 84152
96829 97298
32006 54219
37337 49757
5308 88568
44770 83805
99794 99817
66307 67980
165 5656
35372 85559
76916 78180
70527 71797
59631 63544
54469 98870
94223 95724
22810 97925
15628 91297
61312 79232
42456 77352
11664 70270
56491 77037
85877 90654
58775 81143
67851 98594
77912 89084
88924 92929
15475 52289
87823 89946
62504 66690
55197 55810
85379 99980
36102 88336
88398 98681
16154 76510
21337 63785
54945 62203
51395 69879
23081 99492
83180 95409
89034 99923
99347 99362
16096 75885
10469 25609
8435 79207
91411 99251
18649 68451
44094 81427
84097 88587
35086 83518
94538 96738
73428 80709
53904 65154
11453 13266
76366 77549
58541 76800
6986 63904
85509 87845
81300 98055
633 20940
52465 52622
68983 97613
39787 52465
60286 85806
83323 96228
34737 77689
50285 84955
34781 48720
88243 88639
27429 35441
10312 62991
69539 81738
98444 98803
56204 73947
33099 94779
48064 60454
53940 98455
11697 18926
21327 83289
74325 82946
31977 48395
95856 96557
92852 93135
21544 58710
53155 54478
58954 91028
14360 71531
50352 82087
42568 75662
90403 99579
55624 67128
44186 80299
12698 89007
89163 93756
85580 93925
4896 33606
24032 24437
55358 68684
83740 94166
98169 99190
12738 81749
3140 63556
1151 13681
64778 67324
4226 77462
35188 85471
18500 44194
14198 28759
11821 53241
35132 44627
79323 80969
78354 90513
67725 97105
7873 86199
65562 86099
636 92199
37260 83774
43641 91198
36586 97053
67985 73570
79257 88294
73462 86170
70438 72624
60052 90018
25805 44118
81190 83827
28912 73548
93377 99754
77288 77334
77075 90908
36238 99711
42107 59129
28044 43871
67337 77988
13674 87785
55428 93843
3382 79678
96211 98311
86376 90505
60192 62656
57218 77091
44978 95989
34165 41646
58575 90109
52349 59334
60872 78751
28077 75920
3089 15091
27159 65028
12444 55469
70078 87921
64635 92141
64787 86415
86908 90937
55269 94058
21090 31941
53531 61859
98887 99599
47726 69182
59860 66368
13324 38837
77523 93077
25291 98185
11249 74464
36788 75771
48828 50569
88096 98339
89527 97826
55996 58646
55463 85000
45986 89030
71369 95902
10926 69983
16434 66364
17516 37905
7995 31398
88227 98162
60690 64181
75331 79742
80097 81593
17723 85502
84318 84786
54126 76740
3894 56845
65631 66494
18119 89663
7845 81566
13599 49895
52005 73625
97011 98403
12734 64696
61123 83975
63696 89611
81424 98964
19883 90118
21117 96917
61642 62329
46327 62223
65708 84071
26195 33202
68331 79525
22970 69039
82198 82782
18086 68298
84366 91222
88612 94908
44962 60668
11001 82182
83399 92071
23809 94290
38173 91921
31923 47971
52684 58127
37520 82274
45398 79889
39451 87715
88893 89862
77261 81337
28216 56784
56873 99252
80032 91556
15407 94020
77019 81122
57615 57950
80183 81213
70206 75260
99864 99931
17880 59247
4196 27696
58493 58619
29522 30529
8985 94309
2762 27079
29462 52213
94144 94319
31382 53351
55084 72116
96696 97511
93692 96119
67755 80840
96337 97098
48402 60646
43432 99323
86020 97065
13942 75437
37678 55989
37717 94825
58876 70331
34026 61821
65220 85429
38140 92720
60921 73786
15249 66794
52568 85647
57901 93246
52827 86893
44966 50159
28259 48129
92769 97789
94482 99684
40395 70827
15425 18139
71455 85618
49000 95430
75854 77346
56012 69864
66088 83163
27625 37081
34975 62711
50423 63581
7189 32149
50080 84249
61760 84553
55380 85195
48999 64002
28449 67648
23832 92608
96630 99264
15183 17921
18039 19014
18000 99112
37408 77451
8839 14816
75554 76349
81721 82555
13372 62651
8583 63245
87451 88368
93962 99339
35997 51271
7451 66905
47512 76854
43188 66825
22587 25541
8133 20394
58641 61910
97756 99779
4863 29973
91353 96773
21058 21388
82855 88591
52712 89208
32406 92802
41873 41896
76987 79088
22643 61880
74575 85217
81173 91260
45869 58691
41683 48904
81663 87107
21612 82524
75912 91821
18838 77820
47239 82505
23667 82620
32265 53402
48375 96187
36773 82068
9865 88357
16076 49438
45001 78906
19836 25337
27919 41890
48342 97838
61185 73077
54264 57036
90351 97876
3743 46926
89834 90101
12902 44935
21040 84196
13020 15620
25079 67369
65197 89010
86419 92330
28500 52820
2474 48227
64853 97575
47117 92130
75365 93979
18154 62393
1176 41637
73550 91055
31142 38621
38458 69082
5460 48032
28870 45465
4099 72129
96387 97311
68951 81276
91860 99287
38429 99085
22537 71711
27391 53097
6986 21086
33147 91988
15156 19230
10626 17088
89934 98776
87851 98017
79359 97112
88870 93541
11948 16372
52415 80769
73338 89439
44910 60184
93847 94199
37388 94269
47587 98159
44598 82213
78282 79539
54212 92535
40751 77257
51819 90960
23 71304
83513 84977
46160 71193
42526 83328
78864 87914
73606 75374
46450 99703
49186 54879
5522 51220
59213 74673
39520 66825
83626 94772
11906 37208
25487 54291
76758 78663
73430 96126
89639 95000
20929 57272
87037 92511
22113 37639
15424 28345
66335 96970
62899 93962
52982 75713
99241 99802
25426 25764
81603 86552
30382 80144
88447 97570
24541 90809
34019 76025
92371 95084
58697 92938
52528 56150
11694 40034
74583 93900
3378 23175
1239 42665
69767 96256
59298 67598
40893 86472
21183 84313
60930 69162
7253 62820
34178 87051
43802 86215
52014 60015
9097 89996
43561 74921
6604 99688
55161 94590
63854 77998
52574 77516
37186 52653
78261 98093
45786 48675
45151 99183
46958 55162
26514 89532
61953 83990
61071 98721
19920 50361
61385 94964
73230 91814
52484 56972
87264 96898
32533 65073
7375 66185
53511 64167
22948 74095
42835 45112
99337 99628
67955 87140
67933 79330
28027 81177
61193 87452
81058 93966
72595 89499
61001 79629
82432 89356
28819 71753
40238 51661
26983 39136
82274 92161
20694 84157
58153 80623
26713 63968
88972 90426
65866 97359
45773 55143
52278 59016
3486 21340
89119 95471
77860 97408
59814 90502
38641 69025
7940 60189
77938 89591
21658 81245
10321 47355
4615 57467
81353 85496
35387 38567
78625 84744
92610 93945
79616 98019
56013 89029
35962 79422
92121 96990
30164 30938
56526 88200
72494 81712
59083 91061
4408 80177
12738 82694
93667 99405
44546 65538
60179 98270
47205 72912
99687 99692
62339 77125
72232 91226
43599 60692
40260 64688
14908 78417
92766 97829
5513 76923
32796 59173
40300 93818
22822 81051
71270 85750
14529 91350
78348 96397
19718 60397
38903 44546
46480 63550
59868 95579
33716 93111
22439 85448
76536 99448
77236 98833
77003 85597
68300 95669
92647 97293
74999 76450
70088 78472
60863 75548
2670 62817
85832 91299
85945 92954
21501 29930
51609 94334
69377 93868
56194 69522
10864 99650
32964 94723
92140 97297
28358 29900
21272 43386
41188 66443
26931 82123
4345 70248
94709 96478
14239 84081
78734 78982
18645 77676
76259 81818
92265 94189
4851 96367
91862 98820
80340 80709
70298 70579
48657 58943
35088 98369
45288 89019
67655 95122
31857 35720
84150 96667
6454 77746
13224 46555
24926 88414
2881 72559
24957 29806
32536 63984
65139 81063
46199 89114
5102 57812
12861 49834
26019 71918
19738 61819
53746 83250
87845 99511
37775 64547
44120 59564
2288 76942
10831 36712
49386 89611
92393 97646
16156 58227
50460 59646
26276 75132
20518 36327
35150 43407
18073 75399
46464 82687
2549 15711
246 85505
10613 84019
88402 89809
14154 64566
71719 95764
19194 96831
74122 77895
45343 72587
22488 86072
45558 54163
89219 92397
79525 96410
16684 96431
40313 93294
92149 93249
39963 92315
58936 70081
54405 94318
24714 52058
47736 60289
63142 67354
49202 87248
27656 69651
4596 42167
97099 97495
5087 50875
22643 55536
69425 70347
82713 88018
19507 20552
40031 99642
1647 37878
60582 94750
28855 69914
309 33240
37035 56806
67235 71866
30122 30648
60950 74978
77852 81974
43925 53653
56021 56482
81608 85198
59278 97490
39113 99619
75499 87904
48093 49401
71473 76911
67788 89259
85489 87500
56734 69831
84854 96950
84557 93923
77664 84526
13615 60009
9740 89029
47682 79380
23177 35794
48891 93418
70060 91468
3569 94964
75681 89027
90325 90529
94947 94987
1632 71697
71753 92974
41247 65372
30731 78022
64683 84158
59290 66461
87665 88577
78469 87151
92741 97019
23817 91509
85877 87743
12311 32997
21160 46062
53857 71993
70345 74147
1196 64285
59840 65860
29285 90997
25805 54325
55782 55982
99131 99157
63067 92584
26227 95734
35393 77544
11894 97921
15987 19433
68527 89191
82334 98028
99648 99767
66445 96814
64206 74434
29993 92463
90900 91703
62995 79710
91318 99457
84216 92173
41309 70178
95865 98979
53104 81197
98979 99305
95096 99032
73027 76984
9479 95920
46441 53114
46084 60473
44868 47710
13065 46798
36759 85315
11367 88154
75585 79287
84819 96076
66204 84742
34286 87846
93038 97256
40611 75111
4379 45062
36168 51651
16548 96420
49589 65593
94060 98807
85156 97588
68704 94001
48375 56820
72351 94711
70534 86612
22931 87665
27312 51260
70336 90394
13826 40891
30703 84447
97226 97422
9256 94929
90293 95806
17622 60584
27645 42111
90220 92948
64506 81877
16722 34993
21645 48161
62461 70631
29556 54686
18131 74966
92829 97256
62132 94280
36823 80140
50474 50808
71480 96967
15297 81638
43341 48584
77414 85314
4874 82507
20410 43614
93173 96476
3353 71404
8790 14355
90330 97134
23208 71158
39531 43605
91235 97921
31629 88198
70810 71910
60283 81452
94265 96587
23100 43395
62053 82119
22340 72171
17798 81040
32970 77709
46861 90574
32669 71258
76553 94314
99480 99664
27558 93149
31768 99554
52102 59120
84979 87006
23476 38052
1708 88530
89788 96195
18081 78283
42700 92793
81371 88750
65736 92590
1619 75936
62326 82163
51525 80156
7152 19810
83163 90000
11467 55045
95486 97892
80628 87202
43154 54197
94587 96828
11374 25521
61383 62260
44066 81058
27301 99682
35916 38680
30626 78908
46106 82293
97997 98291
46143 89769
54018 62352
91753 93403
7280 43255
65826 87621
67236 88358
92112 93769
40190 43875
53942 67529
22503 35892
86047 88431
61813 94290
60483 66762
19238 21260
25568 86345
95878 98386
85787 92917
84514 86371
51201 67009
35278 46325
23867 61410
29259 57033
55754 90791
69996 76211
56698 82740
83063 99089
6180 77135
5665 43564
83442 99718
67596 92454
75778 81215
71013 72196
50547 93480
6956 20520
54514 71645
62379 98310
33920 35163
42435 59923
23606 44286
36094 71381
75693 78708
25713 82935
7903 63852
86211 99075
73300 90633
44288 54104
63765 98611
46931 57152
5691 34688
84517 95436
94348 94851
7532 72388
40004 61895
98895 99863
17514 74384
36340 49397
21264 54435
73427 74365
17969 25099
31332 43787
94813 97439
15240 60514
92216 99109
40055 78517
13126 81803
47700 55665
59920 70092
448 23561
75823 88848
60804 96290
16261 99431
10549 22477
58449 59265
82299 82616
17691 29160
61657 79396
64744 98274
80392 92940
23906 59844
90415 96608
46769 70743
9657 41015
60627 74563
92647 96826
48342 70229
30398 39839
96417 97252
68901 92766
39581 95760
37229 40935
14000 89668
10922 82864
13099 25865
38055 89193
3573 32910
69475 76681
85690 99018
97248 99009
13478 25178
36312 97511
44151 49601
19244 70037
29314 54070
18967 42759
4981 23397
89963 94651
1373 99978
37124 95784
74487 75119
85969 95085
92216 95618
50744 77045
83696 90347
20492 70603
60043 88365
44447 73653
28316 65963
59235 95928
31063 80856
1692 25049
87473 98451
61725 94387
82267 92321
40916 90864
79594 92805
60436 99225
57756 85596
65585 98945
51430 88596
40769 74556
28535 34216
74106 87994
33842 82740
49553 82846
92994 97976
37867 76716
94671 99408
83852 99624
61491 69941
72186 77641
90630 90928
32267 66426
75063 78252
67452 70953
39449 56797
75700 88623
78680 79577
51861 65909
83023 98204
52467 97690
9656 83186
73034 74096
33493 64308
71438 95875
11330 28949
18239 79446
68875 75892
91875 98575
9569 40430
26247 26377
63519 84887
1565 42399
454 45590
32873 92005
4915 70922
56483 58604
53705 77016
95468 98790
13454 53909
14451 74248
24635 62980
78569 94470
4728 91072
58426 78186
96408 97454
8695 13022
11778 46186
729 66267
6197 12131
23574 80486
97277 98801
17230 70913
32003 93224
58873 73348
23466 26797
3494 67747
41424 65837
91374 97825
85320 88039
85738 90188
85434 96074
42090 62218
929 17379
11425 29381
57628 70760
10061 39707
65597 79638
62924 75415
59170 67864
27702 71004
3495 65791
65770 99836
86348 88308
85122 87548
484 6706
96102 97597
2231 24039
47450 82530
23464 71730
9385 42637
56193 58050
20364 92295
8800 13989
98038 99431
14898 82612
20779 32148
71066 89667
68410 91737
21408 30302
94956 96205
68916 75714
55073 74625
25125 66967
69251 87871
50879 92603
15376 56691
36908 57469
92506 97732
33236 81507
47108 68503
7276 74247
60720 85449
85321 99619
97711 99021
42435 99178
68425 73271
63543 94696
95202 99912
70948 87809
4895 69136
29705 49005
38559 47521
11169 81502
16337 94798
49526 70848
52779 61189
46983 52410
89248 94688
23905 40043
70261 73538
81500 85530
10883 36736
590 2585
20637 40091
53071 64494
59918 89647
53081 75920
57391 80199
59628 71373
35938 61892
23322 84038
42572 86959
975 43839
18171 69415
32318 95984
45917 94997
40623 57257
22075 94621
8498 42755
54238 97865
11213 79794
62974 66858
45959 99726
8249 49884
59651 83683
83729 93407
8141 72605
41008 74242
22946 90718
57650 66973
21211 72356
36049 80859
5589 11602
32214 83468
61950 83740
53014 64989
99849 99850
38515 49299
33832 89805
58546 60458
15494 27863
37921 40313
1047 16956
63703 68320
61909 97747
18715 94940
58924 79322
73707 75988
73635 90896
43223 47334
93891 94687
36629 63644
3154 29269
12255 49960
5925 81656
28761 74819
86986 95211
74501 78599
64617 67197
33580 48056
20733 49998
80825 92280
78255 95587
14131 14327
34030 99337
32055 36829
91900 92035
14486 79004
90932 97400
94996 97045
24312 74851
54337 79211
81087 86607
54418 59806
51033 65785
73613 92083
89486 97942
16925 79016
7398 51193
90586 96078
44032 94742
43648 74173
10846 91793
88452 94176
37703 66179
20347 67449
12333 75148
79171 83463
66870 86395
5406 71747
85416 92575
6570 49241
40063 53449
10629 16278
57504 77650
16496 44233
6383 62663
11383 13027
98843 99659
35739 47467
1441 41741
42939 65189
28126 68995
49681 58163
41991 75128
30342 60202
30242 59375
56422 98359
94473 95832
89227 98795
46161 73107
72003 97700
55825 73231
78335 78428
7087 17012
12239 70657
57641 76071
86246 92519
97667 99834
16014 79225
28968 39585
37878 53697
33846 41082
95508 98671
33510 70082
84106 89895
10262 90693
85717 93929
98704 99056
94086 95773
47112 89413
13290 84192
90615 94938
28223 51874
56293 75934
47086 59186
48446 57756
92838 94746
72749 98153
11091 67442
62252 75503
39490 89342
55110 88767
397 24396
66275 69390
32070 56954
47597 59354
11035 24165
43961 48779
73307 94069
83258 92212
7643 75617
42925 66703
6945 11495
54488 71518
91887 93647
78549 81592
33380 78261
87623 99377
37661 41562
93114 97401
90383 94935
49400 81085
46281 58916
37795 78693
41659 72383
64929 71078
96371 99165
54698 68449
648 89792
3782 69581
20931 77439
40597 94483
41673 46480
1725 49003
82553 87229
66444 99205
97144 99069
50352 62233
64204 88727
45401 52763
47149 75335
16975 40829
81516 85557
22265 43790
98689 99104
17706 80167
39586 87066
16894 21731
38748 74880
48404 65271
23826 58575
94217 99360
8589 50707
66224 71343
86903 90493
85674 95302
65895 75066
38519 97745
94058 98031
62285 80142
56566 67409
59628 62333
13787 34873
83689 95612
61622 86781
10497 85936
78981 89555
17942 34504
93852 98254
28955 52017
52174 79548
58097 88825
86353 97573
85626 99711
22857 26796
85000 92223
96637 97902
36620 39688
21922 47915
78552 84437
39513 46554
63288 84327
71104 98773
3742 43240
37685 81336
83775 84078
47800 54791
98832 99144
39232 39722
63866 90079
17959 45756
202 15595
52916 74056
60224 69966
63417 68531
57766 90229
82538 91843
77166 98929
15405 69139
3330 30843
97805 98796
97901 99859
8172 85731
50355 57459
78752 98082
1779 69775
69156 82158
29022 33683
69981 87655
19021 73147
24941 72228
50945 72802
56474 62332
26469 61031
80296 82682
72278 92056
35073 63841
43468 46659
98390 99343
74609 79639
79950 87771
67666 96724
32243 68214
92951 93025
96102 96476
43492 88535
24329 83702
89470 91593
13831 14472
80111 90848
97364 98054
79388 95023
64267 97133
70779 74406
94066 98174
13840 14337
22766 89918
19898 94277
65593 94991
29595 54172
79034 83165
13347 78210
39314 47412
57571 89785
86485 94888
123 93890
55890 60995
47092 59552
36079 85676
88911 97703
90307 98042
89804 89959
1359 60890
66249 87623
3243 78280
89733 91872
41395 87730
6374 38089
20299 60162
26643 66636
75713 77935
905 55084
56886 77724
65695 97695
60011 90997
78893 79974
49059 74109
92909 98747
22999 23237
89194 91549
54914 64232
95544 97566
54394 76718
37490 82727
13077 80168
54333 98437
16162 71123
95952 99670
6842 22390
54520 92559
77519 93159
74724 77810
85250 93745
28872 69942
53401 65344
49500 83809
69194 81856
4198 54235
9374 49824
59254 79454
59327 65305
67749 68665
18929 83635
44506 65150
91126 93340
19881 34759
71658 73432
31937 63283
93108 95476
55234 67717
19471 23815
29305 38784
36484 38831
49643 53109
11600 37049
60457 61292
11294 56912
95994 97537
15200 57427
4888 82709
96878 99274
34705 49779
32712 83491
45446 56926
993 94227
60478 74638
75221 90076
11841 57810
10339 76750
21714 31483
87864 90085
39355 79170
55113 65837
20654 93155
42002 81483
70333 76239
27057 66234
67279 92271
62947 90287
1449 90473
39170 78509
55835 81913
6613 54089
50456 64198
74366 76385
92911 93504
69265 94405
10804 80435
47685 77509
17725 91902
6632 66380
90983 91494
93937 97258
52511 63838
59184 65095
60130 79869
48176 75731
39441 62822
25856 32853
41495 79795
27250 99069
96276 96705
44119 59461
50615 82667
51302 92450
68714 83607
8531 21681
56945 78801
92308 97508
47769 80950
37267 61616
11391 83776
22495 42653
25085 43785
49760 63567
80271 80896
56064 68947
43264 47024
47933 92485
93689 95396
72120 89395
69747 82729
63261 84198
42223 88019
1098 58355
29239 95535
287 29730
92025 99794
49554 76177
31910 71395
75161 79938
61532 82117
2555 19361
77910 78495
75073 91080
63928 89031
28175 59547
49088 49211
74177 95976
40597 84914
85563 92460
89871 95376
33044 53447
87969 94087
95934 98420
96839 99058
57891 90627
57186 85939
84703 84886
67386 68050
1467 23164
48702 49630
13025 71612
21143 41389
67180 67203
73341 91363
92634 94353
1852 13796
48078 90938
21782 38565
41610 82624
79778 89870
63050 89193
57629 77265
627 16422
45318 46313
23922 46314
64121 72659
27549 60744
45087 58863
25262 40830
64542 81252
47379 57413
46770 81892
59956 68548
28067 33381
57405 75964
36532 43088
23682 99685
42834 91670
66970 97428
7019 16129
25462 63685
86396 87772
39550 74030
41729 90528
61453 83663
68997 80919
36809 48540
7425 83649
99651 99956
81399 90006
80896 81176
69178 92838
50227 50849
5520 69173
83787 96923
64146 67136
2208 8530
24056 89540
46456 47864
3628 30249
4449 11720
79622 82209
13693 70582
35765 45898
10603 55292
74505 79795
76048 91327
32264 36888
30329 61771
81063 98817
16467 80978
98415 99810
74943 92553
30931 50243
3433 27314
23920 76372
92372 98346
77504 86731
83880 92223
98807 99115
86750 99857
50337 56922
93966 98158
91448 99886
65117 94966
3385 21753
2406 64491
60754 75801
65370 95680
72710 75536
74855 97111
99912 99960
33981 48996
64115 98413
77469 96474
85725 90694
53079 56465
29875 83509
68767 86177
78735 87330
77326 94548
22153 79720
46109 91243
76307 84908
68578 71999
68611 91050
69418 93299
47241 49560
88410 90509
6400 71020
82189 96888
32046 88908
7770 30704
18333 54728
96574 99081
20014 73973
71966 78280
51566 73394
35429 74773
71100 79574
96578 98083
14908 42222
94247 96764
64051 78503
71198 91596
69614 93649
1361 50410
54730 68983
61887 72345
46680 91105
609 14953
51210 89332
78023 81923
28007 99802
28133 33310
40877 91608
70330 75150
98568 98589
21998 76113
27656 31067
66001 94047
5880 47713
10558 84716
31392 82767
89274 99166
22863 24455
70078 87635
17091 77386
73346 86022
69290 98906
81661 82909
88369 89000
5784 85927
31624 45058
68410 69555
81781 90520
40627 90965
31402 51094
69422 88901
41156 47794
973 75410
82442 87683
25401 97373
22231 99283
24531 48435
72926 89339
74923 86361
1758 5405
2794 32991
90086 91666
93840 95059
15095 95279
10917 73398
12024 71481
27553 96141
63450 64884
5325 83402
22948 66584
5308 93635
55125 72836
19444 70381
90764 93271
39647 68636
39223 82666
42482 75926
3106 43362
60033 81207
11684 92131
50522 89515
82110 92794
99964 99998
41477 73363
41818 97684
85268 98106
3495 97541
2189 99070
10861 24544
90059 95905
11846 44778
99532 99576
91060 94467
97120 98864
64582 78330
95193 97649
92530 96164
453 35373
92285 96710
26527 95661
62028 91512
61042 80085
28785 38115
94590 98699
82481 85382
6617 90957
29176 63202
30336 45412
83124 98572
71515 92360
3081 72396
26364 69642
63733 86378
14981 91085
1229 81417
22005 89134
45887 97491
60943 65911
24890 43507
40203 90563
66669 84360
92919 96265
34035 62981
65088 75025
78368 83798
21795 42999
11286 26787
24571 69930
60991 71567
98050 99938
12744 19304
69353 70649
66327 87998
7461 17005
21089 66915
77395 81551
28960 78118
74346 82891
36295 40347
59249 87700
22418 39871
75608 91653
98837 98968
75000 80353
50978 96012
99036 99449
78779 92142
67760 95715
8187 45420
63313 96952
46334 58128
54432 64313
10804 45474
50432 65579
11874 96004
40990 65364
73222 93537
85668 93538
87220 88258
58765 99834
94945 96659
46525 85350
30581 64673
40224 48092
32361 72576
24585 32256
55847 80563
94328 98622
88737 98051
71827 78478
34907 35110
25191 54764
60196 60873
56709 68647
87269 98558
64441 90596
33546 99873
82271 82724
68728 90758
92185 92306
76518 91035
24410 60786
4545 39352
56388 57492
34476 44527
12141 76402
90687 97521
93815 97150
80072 80688
11557 18278
14188 97041
69478 70345
49245 70108
18357 79057
21745 34460
57501 95233
75406 76718
98978 99824
81536 97089
98569 99294
77570 92213
23206 31267
47086 64991
42683 65094
26426 76488
54784 64229
79180 97920
39936 79585
64451 67194
74097 96166
93643 93893
89152 94415
80541 97682
46298 77110
95011 98537
14796 84977
44847 45584
7572 59756
76329 96706
50546 83279
60866 66179
5045 7240
86892 91304
68829 83289
14281 51285
16470 17812
28029 62570
66761 91989
21859 45866
49250 76251
68880 84261
36600 88063
40217 49668
7211 52596
6411 18927
25682 92126
64363 90438
40978 48788
19905 58905
84578 93784
18600 64752
7153 14678
57756 71496
28939 66679
89967 94729
44652 54417
9173 57364
96567 96929
91002 97502
28689 61833
78884 81063
53839 67905
42840 96665
85929 87560
10224 97181
71929 94701
15825 99410
77853 97337
92665 95949
28723 71169
35797 63350
82305 93809
83897 84264
70984 99884
64286 71561
77122 81683
99598 99889
67433 98265
30055 78753
63716 80736
50505 53896
82503 91702
53336 58200
89566 91758
41207 51528
61022 71236
23197 48382
32964 52844
85150 96981
81534 96464
54521 77688
49206 72960
6660 28890
4637 85766
92156 95603
35278 74616
61678 78552
57398 90676
99522 99555
42813 50434
96318 99007
29732 93726
12600 18408
13451 33519
72621 87373
98736 99191
33089 43316
67914 92937
92431 92445
99198 99422
9674 19103
3241 61992
75912 90276
39569 73735
11359 52573
31863 62390
88002 89817
89487 96331
31290 61147
9014 36089
92795 93497
47534 96646
64448 90963
43030 55057
33642 62118
49901 96103
85798 97347
70677 82442
73363 98562
23435 25003
47882 89309
91338 95822
59260 93781
69002 95548
14542 96494
29093 62129
55832 66741
62246 88656
48119 83342
85139 88705
28821 86786
5472 17285
63502 69265
62164 85570
26241 39959
35062 40830
46168 87526
412 87858
19584 92667
11474 73932
55494 97928
31110 49170
68929 94958
35689 40404
16513 98654
12346 45980
970 80255
13541 57860
48924 96881
84273 90013
23746 27418
99611 99787
31460 76407
31638 78830
84391 87933
3791 42896
58005 89776
89460 97745
86661 90683
63301 98382
26344 79919
60923 92517
84830 98870
63027 91345
498 82867
78449 91153
40976 51124
10807 81616
29246 91349
10270 48030
79264 90019
32537 60701
50384 79520
7267 45583
43624 88725
7835 29331
84808 88623
65532 88066
33588 45062
44597 95455
44108 72086
55283 65962
69257 97058
64528 91363
67525 69586
59410 98720
52859 97961
44084 57930
23063 38799
39333 60633
65251 84569
13002 37057
40150 61953
21936 34549
92196 99660
42547 79550
10176 38269
56971 62849
78445 90233
79702 98604
22169 86683
56171 96803
69361 89981
51827 87855
54964 62013
9946 10710
26878 67497
226 26949
87999 95560
40851 98751
13209 76025
42955 52707
5966 71717
91370 95276
45644 95606
68565 89250
99152 99919
54584 99329
21400 29786
46217 49370
19553 99645
92065 98933
94133 96712
42835 97844
7967 79718
27439 89072
81431 97381
80210 97686
44067 98152
53495 63897
81699 82819
53100 70317
37546 78654
29293 73986
97283 98486
20432 36896
53726 79502
67926 83034
69411 91696
34843 66690
39965 80047
4016 73674
40251 67812
81215 88302
69638 85797
99320 99975
76226 99403
74699 75883
94896 97570
25863 76925
53643 62592
24506 61268
18431 73402
88100 98368
81183 88585
32021 45679
72419 76291
77825 97848
555 56857
72817 95959
98569 98923
5865 17279
52272 82096
62518 70646
34737 57384
65078 68862
60282 88681
48885 56639
2559 66714
64470 88033
76366 80661
68783 82119
86257 87864
26963 72683
32016 83837
26123 52011
65311 86182
66398 81922
88214 92541
30807 37935
8426 73167
28370 80922
93445 97925
56325 85732
35483 94260
33612 51044
76231 99747
18111 62816
77311 87463
52350 99119
22553 26093
20534 58529
35119 66169
87576 96900
62797 73556
23100 35216
59824 92906
31757 35907
40689 54825
70452 96542
37665 64582
47545 91861
32866 46026
33238 39436
57045 90121
39407 41495
88137 91786
80673 90025
40821 69455
27629 36088
37881 52841
21956 79670
52006 99836
25975 62183
9627 19731
52363 63765
57965 86190
73778 81470
81855 88646
24127 64984
46193 96295
73214 73784
13896 42772
83423 97853
71708 93305
81320 92943
23074 96704
2138 13894
74104 89436
97870 98297
36117 37323
52035 74475
66058 87781
85508 90504
34262 90072
75331 93819
5537 14525
72532 85752
13328 19359
59774 80204
574 52779
51532 84244
127 7935
3171 43632
8138 99939
18641 66202
35821 65376
26676 88495
26867 60465
8741 23521
84061 86112
52271 55972
11028 52217
3834 41381
19080 39343
42396 62574
69067 74532
53152 63420
26883 68140
91444 94285
67115 67456
14807 60063
87041 87883
26537 39934
37212 71028
91508 98943
37625 72299
85560 97730
26324 74296
10762 87332
13562 45317
55972 81546
65414 87593
43530 93998
37817 90326
97886 99162
86906 87423
6982 60336
78072 83012
69388 99025
23576 76601
87910 89397
69583 89913
72989 94976
58286 95156
18993 63773
69398 99899
59276 81157
70236 80060
24094 60952
25014 94286
65149 92480
13641 74195
98595 98875
44261 76072
91877 94660
69475 96935
37752 39526
95242 97370
8981 62520
39850 87942
38708 54143
56144 60776
14443 57539
19425 53242
77335 85661
26052 64728
37068 48739
10234 41123
97316 98116
94280 97112
489 80134
98850 99880
65129 99922
61358 92746
77796 98381
86301 95144
13786 77476
862 77112
41683 65126
78023 92101
9612 38573
38654 71072
53644 60197
30680 69298
33135 59461
32741 33352
7107 62093
86858 96577
65350 90341
97872 99912
44030 70043
95865 99372
80040 98097
26497 49016
49157 78868
9149 77330
20209 27137
40547 52466
6339 17432
84152 88234
919 53744
69628 81150
69940 70383
98697 99464
49681 62255
26709 95286
71277 92094
51714 86493
21415 31334
27361 61182
94761 98474
80984 91446
76280 87855
76743 90346
88682 94497
37072 66323
59582 80210
58548 67092
87571 89758
83066 88386
45828 51412
99664 99988
7841 94528
47016 48520
82141 84250
90005 99098
26393 96032
5443 27854
44754 83047
45180 82785
72045 99952
66025 67433
88884 98033
68851 76143
72187 84713
34194 68216
73331 79972
93027 95769
95819 96651
11748 29136
489 9144
77764 82137
46966 78472
59144 62345
84659 96178
19646 50055
83892 89494
70386 89738
49820 80843
6263 88573
62595 68709
63545 76634
86208 87360
40320 99854
94722 95173
24644 48250
24962 99673
55691 98454
14578 73507
36874 85399
27882 53507
27106 81045
8184 47272
24970 51976
81599 93397
23093 44564
69085 83610
76526 85076
91144 94625
76911 83009
56112 81452
33322 79729
50062 52034
20365 60986
65449 70761
53707 98634
36174 92097
49798 97838
95005 98636
55132 73078
28178 37584
60482 78449
44761 91127
32073 73604
61881 77018
33446 69901
71045 85980
85842 97204
87761 97132
94369 97748
68746 88867
53786 91625
59580 79700
26885 78709
82842 88484
11795 96115
53464 89516
77454 81034
78257 86912
9182 33951
69377 94637
65012 84864
2344 25206
16935 48791
90682 94542
40957 81403
56059 76056
74815 95520
52407 57780
4998 73375
4606 9403
91152 95970
23328 52068
30936 35109
16072 46174
54586 98176
46762 85855
19477 44130
70296 81737
23258 72135
15582 68676
28995 87442
15680 19097
28413 52404
6147 53696
16448 24420
92965 94183
171 72523
72780 75618
37599 49942
26145 44453
62881 64186
56527 74068
36488 43787
41367 84967
75108 79755
83847 85672
70153 89454
36655 91424
11077 84102
47227 61826
956 4523
87001 93387
99593 99985
64687 95707
51980 72004
30801 75517
91800 96762
73592 84314
81743 98675
2847 55875
22778 52736
85716 91086
13756 82023
94641 94694
43236 69286
60048 61900
32159 67207
41956 49575
5488 83539
56322 75445
18225 97140
92869 98323
50484 63356
42914 92812
19471 54618
68736 94974
25031 85576
20488 67597
43755 87236
11161 32123
99483 99642
12023 64442
30012 30374
72160 74232
64999 89805
3294 34111
23770 60562
94803 97952
10720 63192
7326 68193
52220 92477
4356 56777
74457 91430
3586 16241
86419 96535
76438 90026
28166 83812
30542 41369
67872 75610
69412 80341
91715 98947
61397 88773
75920 94505
84374 93270
18008 33621
88306 96812
8478 87859
6872 97662
5509 53246
71371 86288
44747 87379
9446 80576
1868 72771
3331 35385
74706 94159
57410 58249
72047 76643
39955 75951
83672 93351
74063 95149
29660 48821
64398 66668
48500 60711
75875 84706
65655 71706
9045 37436
29171 66485
79742 97409
48747 87390
93246 96497
32261 92820
63509 89828
92346 99499
54108 56883
25196 59741
79814 87887
52058 97667
56859 62218
65385 76090
40135 81617
57056 70777
62410 62660
33164 38048
54742 92344
828 43045
11518 60913
71689 86230
69018 95578
73375 95346
23959 51473
54939 60761
90717 99477
92904 99247
24999 64662
42951 69947
12309 53512
25466 98575
93501 98942
76739 96681
91136 95637
73322 94593
93004 93982
85772 88247
63598 65480
1492 97034
50990 65970
77304 90463
66485 71958
74950 88555
8592 68790
57490 63204
1834 17412
59673 77465
17711 23322
48789 79610
40158 99923
26417 49951
64581 76347
40114 56972
78062 91703
56001 91768
92110 94768
23664 31198
88476 93878
71711 87436
9073 62120
72857 81046
3615 18434
69431 95645
21956 83907
49610 53955
99861 99999
87090 98093
92972 99111
52057 78578
66869 76834
16530 87498
28119 35661
80943 97383
25736 74040
75751 79087
18500 37559
39220 72739
712 64790
47050 62922
45173 48505
73041 77046
61044 81588
79526 89417
4515 11340
42512 54232
17952 78604
80931 98967
44673 67375
98767 99012
88613 96723
54892 84839
81889 85873
50772 69506
73672 80656
57984 64898
1760 29242
21049 72059
92556 95125
84309 95596
32160 90704
52252 85563
97306 99641
71851 80223
10566 71827
25263 89290
63959 87950
35640 49994
77265 91811
19085 69711
2819 73212
65138 66492
65504 94597
24168 76718
22846 82585
44159 75063
42500 58058
80231 84170
17742 27790
97807 98184
69488 74090
95844 97663
49268 68234
44454 81767
25568 75930
27608 53197
81059 91617
64448 88392
68814 78607
49495 70172
3186 13839
84751 95832
17027 63014
8490 14399
86866 88592
52271 68765
20632 23088
64256 92686
84354 97287
14135 68817
6261 57953
60109 94172
86738 92496
10168 91836
83056 92493
4135 82455
22071 59468
6586 94712
69837 98768
86231 97664
35492 96451
85945 91143
24996 76345
2897 84654
70990 85535
77486 93414
64081 68954
15963 75630
11924 33643
11827 12701
54134 90331
56528 90282
42404 59889
67172 86867
69772 71886
71511 95964
31122 62069
87643 89762
67420 83872
20723 26177
76876 81901
1530 24550
34481 66027
12268 28957
22033 58122
42292 83395
74218 79339
7553 8807
77748 99374
42616 58418
88973 95978
50848 74080
68140 75848
54717 78517
52635 97535
54495 56044
7583 68680
59874 89361
59030 90200
19850 79103
83729 94226
16327 20269
45371 82156
47142 51406
16204 70144
31025 63271
67228 84531
59050 79144
70339 91797
98226 99541
95587 96431
3741 62320
86728 95233
78280 87695
98733 99995
3995 38073
72046 96255
51628 67575
46984 92430
87859 95159
2670 83922
42114 61829
76261 99417
24735 52675
12996 18244
65285 93372
86713 96494
44683 64220
2149 38477
22310 23256
39534 42213
93993 95483
66317 76827
49408 73824
69376 88018
87483 98994
55487 83841
47528 51481
71759 71886
91266 92441
38175 57981
84699 89921
30481 52803
65803 71300
98581 99975
52556 52919
21534 78784
95750 99137
28927 29495
39844 85917
99324 99560
1312 7414
60101 97345
32847 45203
62275 65416
31245 31865
61542 82775
31040 85511
30927 40884
85280 96006
94725 95168
58376 78480
55423 69943
77398 89812
2903 51445
67589 91136
70403 92252
72021 83168
83022 98456
38460 97282
10334 63692
82327 86939
87447 89875
34911 38543
99822 99850
378 38314
64131 71732
75659 83138
12049 19514
24961 75280
26325 43759
56732 97843
49208 61174
78405 81599
54038 59592
95879 97782
5234 56416
50872 65850
73602 84869
29945 72754
53817 88149
78020 96484
26675 51862
71172 77316
52274 59898
65047 88035
53298 60105
19156 64834
10764 33930
33861 98035
87541 94677
18428 41030
89092 91930
87555 99411
92835 96381
60882 82948
71337 82463
62963 87689
17523 32023
96010 98623
52048 77303
12766 17363
2969 89734
5069 11231
92008 96240
32803 71795
46936 92357
71301 80496
48665 90135
76260 84347
26951 36691
51323 59509
69488 87797
29671 48689
11101 25304
30224 98003
60997 78049
61755 98612
48561 73477
66953 86414
18873 71660
96358 99291
2910 55061
27655 43348
8856 11191
188 35679
73237 98582
93281 96098
19180 32361
15181 79021
39937 60280
61633 64730
44616 51523
98450 99196
64472 68708
38591 44105
12074 53235
11784 12583
23528 74716
14269 47299
72191 88806
74235 87131
97320 98480
44597 50560
20973 47889
20511 62486
37326 74921
28238 66324
78360 79725
61678 90811
25510 79703
93256 96130
48409 96534
1850 32021
83255 99625
40406 66327
84510 91930
98709 99962
3998 74881
72235 88660
62593 99556
1731 3265
61270 74214
45042 46524
19793 71765
13291 85203
78545 88460
51225 52721
32107 49395
99924 99998
94939 95183
83178 94361
49160 59975
55178 91794
39176 49027
47964 80826
44427 76050
58555 77668
70569 86353
69563 99261
26419 60950
88027 99370
60797 95001
39769 92802
90054 96526
46711 79252
2055 18247
1679 26010
95122 98894
26505 51548
40549 59394
95366 97941
46030 85465
99972 99987
95275 97858
12670 34610
62910 88737
99844 99845
49439 51964
55872 84836
10974 33607
60422 94112
91881 96234
44276 52749
90333 98736
71536 99363
23552 46448
928 82408
66065 81820
66621 70303
27953 80387
87583 95969
34688 81209
67618 74360
8180 17483
36135 89742
7913 91775
50223 57593
95264 95855
37662 43007
40810 92140
48716 89007
90441 91792
37889 81212
64419 84765
4522 73227
75954 85248
50043 74211
22017 97384
44836 51421
23201 54600
85762 94232
63802 83844
21264 28000
5133 37264
73136 76484
1202 9020
41301 65738
17279 71356
32333 49678
85156 90962
59476 87366
35973 69501
33379 55722
27850 98362
83616 91970
12038 86906
49708 96673
11623 58123
62220 63485
52279 67282
42777 59621
29322 48009
35877 40033
58829 99911
73952 80582
33388 47503
88880 89326
35940 99124
69246 86509
40900 59387
73007 95234
55127 60641
69986 94739
74144 98817
56078 88088
16125 91504
15121 54201
20155 83548
70109 76516
95773 97449
31780 40508
89087 99227
95921 98069
44493 95746
74027 87376
31697 86838
21227 71633
70834 82675
26900 48139
20233 26658
94525 94768
7722 18847
73906 93932
66402 84760
12250 35382
19809 99336
84447 92844
30569 75965
74957 95679
36535 92164
94925 94946
93739 94051
63787 94937
91291 99963
56295 72830
77333 78515
97712 98187
32010 70987
3266 42645
69000 75410
40893 90855
18710 50649
83335 94639
94340 96494
73548 88203
46935 69862
71185 96034
89406 90707
55884 65135
27857 40545
74523 91548
21696 26331
95832 98543
14088 79657
27061 81968
40552 67452
92332 96132
38123 77879
60240 70943
65603 92077
95745 99446
23953 84017
13701 30086
72496 97479
48959 53995
54257 57020
94854 98216
51340 72068
46530 49443
33642 82441
67183 91230
42175 43165
57016 80739
27805 44033
93682 96685
29417 75269
24255 52029
81100 97096
17436 65754
25644 90983
12 83425
66578 74861
17976 96760
5279 19176
33877 93393
8348 14322
47010 88262
44289 67064
73105 96993
50760 95608
25439 90211
91315 97270
16156 68120
57870 63626
23239 62895
99805 99886
37322 77921
92241 99107
38106 47330
35094 87318
85014 99036
34245 49144
17080 68623
50213 88256
63857 66299
80408 90668
3571 12370
91709 93995
52619 62667
97942 99936
79359 90412
3817 61418
25718 43684
11851 24233
70732 71039
15041 18289
85873 96588
41582 74502
72693 97571
90807 94718
27382 74398
95737 99219
56506 84886
48412 54564
64849 73059
33824 84640
53736 71502
44785 50483
58079 89354
15549 43310
6738 81974
32754 74183
45394 93413
1940 7501
55093 60786
91060 97335
65097 88593
91684 97557
33866 78465
77639 92300
86015 90467
99178 99550
45826 89637
83550 88210
21228 25326
38564 47334
45763 60089
51325 84189
76682 86405
66722 77554
66463 81452
61736 71283
74227 82685
69235 77673
31310 95903
94950 97879
10786 59174
25819 50782
33249 72751
12680 78837
50607 89515
27156 33084
34680 64733
90273 97521
57714 77916
65012 74038
98957 99092
69512 76422
90288 97631
27546 29826
63284 76898
44568 84502
77689 99906
507 22386
3731 69914
71244 96345
94843 95534
90401 99539
68490 77264
66780 83616
90607 93725
38617 82049
45847 84797
90881 99149
66751 78854
82618 86830
22183 22949
17286 96052
95459 98285
18577 60589
19987 28725
96850 96998
19545 98456
42249 42582
74168 86563
86996 98828
66162 69579
28878 74758
21142 30655
28369 49576
48172 48541
76112 80142
34596 85981
43849 85175
71792 88187
95898 96778
9633 49792
67053 89713
22416 69628
59555 76530
706 24430
81708 84646
84237 84423
59546 79168
58026 67898
19820 30631
83057 95452
34777 82524
74337 79136
18460 69416
5087 96550
91222 93613
13674 53400
7751 41428
8239 32673
92303 96723
13702 39169
56680 79289
74687 81284
53086 71687
37830 70496
47402 56396
84043 98608
76681 87643
95500 96297
93657 93980
44762 79046
38741 55317
23179 80489
83520 84784
44783 49763
63648 98511
54214 95020
40714 53292
41247 41322
27405 69467
88300 94830
1093 13651
59134 66536
94619 96828
70588 78078
81925 93020
11275 16723
95375 99608
46207 94699
7136 18460
71765 79166
515 89125
85667 86241
32086 50813
6846 50335
87993 91341
18781 73932
80700 91691
39160 84214
86580 92776
54101 81378
89700 90892
47242 49807
74228 91870
99204 99239
36635 98487
44181 68530
24377 92768
40889 68600
94664 94852
73107 96805
78336 87236
99624 99835
23273 32351
81003 94086
61888 90562
84167 85758
55728 83604
55923 63894
69970 94970
38926 88979
74107 91242
28952 69595
20793 38378
84579 93600
97051 98957
71650 90761
1837 16653
54932 97494
64958 88810
29576 33614
30695 93350
12877 70456
2916 28321
31079 51073
29466 29705
87238 99096
24790 55491
44687 98744
63765 93403
14568 88234
36864 62031
79350 92986
25558 96398
51850 79193
50308 92794
57616 62154
24301 73587
52099 85888
25439 81027
81218 84990
63741 93536
86556 89786
85884 89666
68942 94037
93767 95983
65122 77420
718 14626
36728 64817
67541 94441
69430 79366
46735 86770
787 73006
23837 88889
84018 88670
5993 61386
72696 91301
42237 89736
95528 96278
50692 94435
43971 62996
10131 76203
34683 95524
38188 91850
52514 86065
57128 69379
87066 91670
93200 94031
83025 85597
99505 99710
40893 83593
81492 94783
72892 96918
98201 98243
16886 53456
22778 66849
18906 25090
33152 33722
5898 97931
43662 75976
90455 92505
27569 59293
19065 36695
74479 77720
3287 9750
39943 54860
65221 80187
12548 63974
23245 44824
56145 68555
19389 84636
74009 87044
93263 99315
75026 84908
95440 96232
14321 84352
43864 85390
68067 86238
37192 75542
39848 65917
1982 32350
42807 92702
94534 96645
92894 99063
1842 44851
58218 70700
84995 92819
41630 97216
66019 87245
99456 99990
8952 61818
86120 92509
14069 34981
63715 97953
84822 92139
91577 98935
86320 89824
97815 98830
92373 95038
80387 96487
21411 29673
9067 61141
2999 10890
80452 85212
51019 64875
20587 75944
80885 92884
15348 47809
64584 89072
25310 37970
16234 22135
79618 97589
9819 25455
17777 34180
94456 98691
51609 96556
4691 69501
31735 63485
58004 84898
27861 55386
39902 88131
55482 76821
23916 53105
97839 98507
39016 57661
21620 31415
20432 60490
31420 81067
17032 86909
15340 97205
7763 82981
28682 84645
3769 35987
71647 76071
50264 83738
65862 79429
47678 94982
53383 62588
30579 41411
99391 99783
2116 42391
23041 61925
99957 99980
90007 92395
74779 89585
69668 87007
66578 90765
19025 19783
80768 94351
70864 73324
37245 80772
52024 82562
44299 57975
52594 79000
8922 27188
62581 85795
7994 86912
27735 99128
28076 51712
29130 55288
62448 80768
8507 75264
25877 90764
97523 98740
51402 96947
95777 99715
98446 98590
46336 81084
29668 64010
23152 40364
68702 94263
72375 86241
21745 67919
96180 99184
48627 54181
48126 92510
6395 76054
30296 44059
65603 94371
89417 96158
64172 67428
74764 95894
92830 94676
26930 58302
2397 93186
36330 78744
81116 86864
86449 93729
43436 57496
36103 57912
48110 62401
43220 43853
47098 61275
67200 73771
15884 58206
44717 55980
80062 93626
77905 97736
42965 94902
64874 69951
11783 35472
58361 93917
95003 97643
14455 46810
12403 50054
50265 96763
14019 17738
74979 83575
41314 99839
63590 82686
63383 83857
80048 87345
51925 59696
99961 99974
97641 99381
23894 70809
17480 81309
33875 61591
56514 76325
42846 93902
28927 95146
43434 67011
31363 81665
80322 96454
10389 55411
67086 86573
71009 92877
8732 26043
3753 24954
90494 96690
18936 26019
88969 89792
87120 94421
32136 50685
94019 99752
69097 77319
20594 26372
92181 93518
52176 74073
10367 75230
98687 99700
15523 83601
2826 93138
43639 93197
99582 99789
56197 97921
6199 90122
33392 78146
72868 92965
9673 30263
61253 97290
19882 62246
77977 91859
99490 99884
17130 73371
81720 94020
60537 93827
47347 53937
10510 32579
73459 78663
55264 75221
40840 53345
34002 96810
23567 63515
86908 96213
53399 71948
6511 6599
56889 70741
67704 70731
78190 97301
39788 41138
90911 99928
3964 41405
97363 97754
73572 83230
15511 93523
84589 95079
37313 52322
80125 88893
16102 54043
14629 70088
12669 92461
40412 89606
38641 92686
72293 79226
30595 43423
99339 99546
60024 81127
64415 95725
95310 97943
17216 23080
73338 78437
96638 99731
67656 93046
7132 90045
45168 57274
76190 83812
6824 65321
9419 49071
96862 97757
60025 79793
19673 84410
19998 30746
93189 97475
31813 58137
32333 93578
72660 83943
64378 86286
75556 83986
12502 66163
50896 93300
82905 86850
57938 89391
18718 44825
64986 95123
68791 78024
74037 96540
49800 88004
2270 5857
28947 38339
34808 81581
33470 92360
48850 99733
75466 95640
90319 91210
46706 93963
83532 99952
60002 68727
17424 76521
53540 58580
80475 82438
53087 81834
13138 45793
25033 89251
10216 85432
10151 88788
59498 99159
46295 69848
6282 51193
39905 47749
81533 83767
6264 10025
25877 30790
24408 68436
81254 81394
81277 84183
36000 40856
69758 91409
1613 20837
69946 81641
57459 87895
11484 49508
23664 82039
22884 56966
1759 53033
67315 75258
93154 95023
21423 72198
14284 15768
79513 93176
45051 90459
1310 65067
15599 58330
83602 91538
83074 99641
21804 45426
63116 87718
2679 6892
40423 49160
1991 95835
33356 42858
71281 84760
87726 89224
21475 49203
66654 95326
74982 84020
25480 69109
66881 86306
70414 97603
35563 57409
54709 98545
97033 99831
19881 28016
47594 80081
68254 99230
51701 85695
46597 54692
77901 81988
84388 92109
17364 84810
77701 81401
6227 60540
59451 89477
80932 87022
99716 99731
55943 70516
18023 35907
46267 53434
27393 53759
90948 92433
64038 82150
57914 61547
12823 56882
55895 96230
13422 82072
24686 81335
79888 84886
31919 92150
10563 97335
54445 90170
33833 60898
58753 68471
86504 98125
98684 99896
54183 80819
87769 95912
26545 56631
73730 88711
73624 83899
69704 71875
38716 56017
70587 71365
3278 43348
15538 29859
3800 76861
56215 94985
68627 85179
99202 99633
88754 92939
37794 47537
17973 50922
20490 57624
29702 87722
80242 97510
56034 85851
70609 76946
24405 47574
37717 54581
45612 84908
15465 72448
54147 77556
76446 96889
60341 93871
65216 99694
73494 92059
9014 33357
89119 96593
76936 97868
49754 60704
74913 82638
14342 23545
35361 39746
31122 72531
94758 96967
56847 95006
82847 96113
89628 94206
76329 90755
22561 61655
93553 99886
14152 24832
17524 94858
50286 50908
70757 71593
5920 44573
55421 83598
25669 61359
89628 92183
31659 46073
609 51091
62631 90648
15931 52881
56107 84249
4908 19281
97284 98576
48866 65092
60145 74680
7781 84098
10300 22661
8165 93619
60525 89318
39522 58141
66618 72319
7352 65015
64903 92586
67282 83299
58997 84090
22240 39239
60153 66459
24070 47208
83634 86013
12126 28893
57797 94078
56484 64435
83364 93271
2433 37812
13716 32975
97534 97869
23376 46698
89148 96560
86588 88489
84764 98419
51614 73617
51547 52146
13175 15425
91068 95146
72319 76948
6398 85562
31811 77263
37963 47911
45814 59572
52472 91925
86652 91401
63142 76438
21430 62803
91892 97255
19759 66759
51441 56717
44827 73611
80788 82015
4617 48284
71036 76375
75641 79405
54299 58310
55079 94879
66619 66680
22886 82913
10376 63327
5572 15620
63727 93389
83595 84310
61662 95051
16038 82933
75854 81541
91867 94317
12650 28119
17063 20282
51109 56308
2101 62955
82894 97558
8504 86406
48443 91211
33420 56709
67097 68061
30857 50142
67861 97029
28853 64956
23785 91893
12685 41747
95744 98832
28633 65028
29264 78068
99942 99992
36969 46870
19962 51232
84686 91169
76020 85936
85564 91261
49663 85295
14047 60606
30888 38715
47581 60025
89953 90287
47126 86746
48915 63928
39583 39978
53884 64989
32498 45000
6969 41387
88245 88248
64303 88104
34383 52009
8540 44313
46044 53421
64543 79762
83404 95120
69431 75505
49749 78270
52241 74320
43664 67728
98006 99176
85693 92849
56645 68465
2552 61819
70505 73400
34331 67441
53133 96595
74643 84086
93351 96945
57547 58975
34987 91937
14304 49176
16395 38045
76366 99533
58450 96388
17820 82290
43515 58967
32497 52330
22 91573
45211 80147
10727 21075
81728 97688
39667 57426
22026 57691
56905 92991
76637 86734
57260 83342
27861 86044
54665 97864
42072 89007
23473 25106
13715 55466
4711 74973
7565 81970
14140 26027
59025 65307
36259 52351
68942 82848
89900 92186
83912 84361
61809 99844
18790 74665
64870 84328
37399 49935
78627 80315
31129 89904
78194 86128
41774 52287
5221 59764
98491 99002
70816 71932
98751 98762
2002 16228
58295 74325
74805 81754
51006 95187
8335 80425
20895 94785
47169 65918
67034 81581
88880 91926
71426 81375
97427 99916
39313 98205
18410 75094
78724 90390
80452 81900
62486 81835
64437 77847
44809 53022
74048 79545
30618 32054
46353 56832
88754 95613
51651 93800
2662 74682
51076 68098
7627 23193
81510 91850
29349 81213
45638 73622
69604 72326
94262 99289
93939 94192
38323 66703
73521 84005
88688 98729
23371 62515
79288 90488
99323 99684
61636 66336
65531 90978
52188 58763
17829 73174
82920 90033
38779 74043
11204 99982
66640 77467
69867 74662
95134 99424
48483 65258
72549 75781
73052 75471
5234 17561
71199 74417
46784 77452
39197 47842
84077 95353
52854 77081
5127 24861
36071 88463
90900 97566
26333 82836
47052 76077
81876 87515
58598 65255
69891 79895
66688 67340
13047 31916
69518 71145
77943 96506
19517 20508
35813 40209
88279 97676
88328 96337
60542 77972
85733 97721
42783 56255
8139 84002
71721 98116
85030 94707
71858 94436
65707 70278
45871 53727
4131 75477
96185 96729
89757 95684
81995 94685
71418 97365
40101 86187
16107 47820
26030 94527
59483 98300
19457 39793
64934 90960
69296 93962
16183 38656
76624 82501
2615 78566
66595 75301
13260 42157
38831 92745
5558 84593
34669 39615
75694 78877
9360 39914
73182 96601
98383 98830
18907 61297
43306 45887
19975 91896
43383 71799
63827 92346
39489 69585
12548 27188
58292 76660
9972 26941
75265 86961
14226 95283
98312 98491
29152 85334
30766 69880
89277 89548
58863 85443
93781 98081
6186 76839
60750 99106
62191 96115
13282 58518
45161 90822
6961 82388
5805 84293
27848 95367
74774 81457
47868 95263
52228 67987
44402 51983
84585 85214
44920 67471
22720 93934
70587 99294
80324 81619
62538 87705
58962 69845
38419 88593
74166 95390
83314 90735
46591 72925
52959 75030
65760 97332
15037 18307
90697 97347
75946 78536
61999 84271
95955 96859
48785 81013
1564 58549
20095 27024
56767 93930
26421 48620
78094 78682
25903 83861
18681 43980
50791 79561
18593 83193
72782 91306
9956 57594
6021 11502
17446 26284
78643 88144
80775 93168
9910 14652
87188 88133
24945 54092
72738 74372
11975 66066
12624 63402
52868 84773
98310 98886
29059 31806
5029 69524
19105 30887
41204 86240
620 86497
63349 76698
6834 93054
45891 91819
87567 91660
40510 52367
12417 31605
91312 96879
38184 41653
55986 59286
88027 95864
14066 29358
42927 77799
43951 91543
14099 49265
31416 99132
83498 91746
46014 81094
97086 98312
60908 88159
81918 99180
21999 77508
76374 87873
57226 67192
85671 87865
981 96975
93596 98856
10554 62577
63624 86197
64367 84533
35796 90868
67500 97303
39910 86955
63775 70017
84120 90546
84235 92302
94757 94928
25616 72941
54897 88245
952 2839
14897 92011
54927 65741
71559 91070
42397 81055
73202 81125
94019 99425
61789 73387
44681 95723
83370 84757
49598 50356
82007 90567
86411 86590
33839 77761
92147 92208
54749 61634
1787 95869
22611 74856
32817 34356
16424 22987
84605 93907
10766 91282
67008 84976
29383 97712
36552 63814
65186 65950
79984 94966
71838 82848
91436 98389
39 99854
38566 74606
2714 5554
85975 97971
37482 62324
44408 58405
94729 99895
66955 93755
65436 94798
30809 49351
63239 68489
76160 86895
81702 93065
64880 73248
71794 96615
63069 66089
52399 68183
32905 78638
64455 79614
17346 82945
28423 73144
8755 97572
11883 40389
51339 95150
31650 68839
97026 98376
40477 50471
66764 85079
17787 88640
43943 64861
75575 92469
37137 40871
65709 84301
19556 27197
48057 59054
54804 88600
60476 69039
72821 74604
1770 11477
59503 64549
82710 90856
41383 69958
86101 96645
21157 85203
14029 27137
67795 87628
71334 75944
50400 56181
25272 34317
67374 75303
62837 82174
15769 92585
59506 99508
32314 37351
11497 46227
17811 41135
39705 83395
65068 73639
58612 69781
16689 56139
48301 91716
9143 32521
6610 91649
8650 90246
99106 99657
11130 52200
566 15207
80380 88798
80127 80851
19836 44897
74376 90471
35342 99367
77125 92103
39370 84081
30507 68495
30198 78321
10062 26908
80865 91532
88367 93328
18122 25728
3207 5106
62032 82533
2389 67788
7951 74393
5461 47235
85854 91955
88115 99819
67945 76738
51996 89639
1891 13909
36629 81505
83337 86087
10249 53122
32143 69619
50762 59201
54149 88692
71145 80058
27226 77368
13684 68728
53473 94590
78754 90549
18606 83464
56892 71848
97179 97187
18774 98176
93681 99269
6490 63867
57428 63470
35359 80542
81493 93378
98238 98780
76919 82155
16649 83686
55016 71389
51445 66502
80319 86043
22575 39636
9289 26739
99448 99996
40995 93366
78602 82594
41195 64604
21322 99658
81285 81729
31620 75261
80360 95762
5475 56498
48236 97277
98540 99317
46962 62770
4144 19614
95712 99018
89549 99371
97476 99241
16406 84402
56635 59666
68042 90277
27766 81401
85843 99707
33033 33931
10063 59295
10095 40035
61672 70145
99241 99522
96158 98034
45008 68336
77652 91485
18844 73174
8860 78022
17437 63267
83139 95717
92117 94770
53126 74828
53718 63613
7874 64238
69250 95792
3418 22553
77891 79010
57843 90782
77651 81182
22302 43276
74334 85932
31762 79304
37209 88977
37663 86908
11052 59445
67230 79869
4082 13925
40398 96573
45775 99420
21797 31245
65156 65609
51246 75695
47355 67814
26103 48352
96524 97867
52559 62320
25467 93767
10377 75886
34025 95672
78080 86606
83355 97675
17383 72342
73573 89793
77521 78366
70549 88043
86661 94670
60135 77012
70365 74841
45292 90800
8408 85596
4204 41889
44276 49571
1501 93370
1973 44878
76385 83685
73493 80171
47667 77160
22778 59635
51356 59204
51271 80767
33135 92267
32892 56017
89608 95783
15638 65528
87016 89249
47095 52442
98242 98495
28757 69603
12013 57797
21799 27229
23274 69544
13510 54492
15470 57485
69193 75486
31362 92382
86913 97642
19286 35412
12078 28722
61510 67377
36537 81069
41662 76053
54488 72389
95226 99100
37091 50098
37225 75853
32949 51670
75598 75686
81148 99583
83215 88975
18389 36054
23292 82074
10946 49276
32893 96856
61945 94392
36400 41779
83532 87124
40487 95134
90411 94164
56060 84971
98075 99089
72805 90966
65691 75138
54311 83881
61688 71829
78802 92556
13951 27700
50999 90360
85519 99825
88476 91176
52997 55955
66884 80348
54376 95117
425 64136
74473 78274
73027 86461
13022 90847
28526 79690
52493 58322
86757 91578
42779 89957
1010 60431
90055 90139
49235 67935
7369 10667
46142 57326
85546 94569
61637 98924
33617 85006
93792 96981
24273 60289
95939 97385
41009 44557
65323 67377
64242 81214
74462 80502
38758 72290
51155 73793
27949 70227
61863 67063
46700 62683
5162 70930
23157 66878
50537 55457
87780 89776
54430 58410
1329 37523
93231 93865
35760 50120
52787 99561
35740 90025
41239 42229
54755 75166
99136 99674
42075 93695
48843 67839
53839 96899
2568 17859
25762 85329
60831 75275
76743 88368
77274 77957
78861 85033
92484 92685
65150 84381
28676 34609
64121 97847
66065 90515
21357 62647
88302 98691
72080 91344
76431 92511
76997 95299
21581 95283
31942 54514
80090 85264
81096 83810
55555 75468
5946 53605
2026 53896
10248 36119
85129 95505
90132 91459
86932 87830
54237 86872
92891 93521
89582 94609
11653 17706
53343 66673
74065 75904
26464 66979
10205 94825
85447 90202
20674 35988
30322 44218
31849 58360
12094 18280
24034 66311
66123 89872
40161 92466
85162 88861
82637 83081
23590 49681
66217 70361
53978 94146
69186 77043
79978 93884
18463 56786
14547 41048
6071 21823
73481 85676
3696 52773
54801 76375
15688 64436
89182 93286
4774 53339
67814 86061
30047 53663
39913 41115
28644 93385
84104 94092
80972 86208
95136 96678
10711 49402
40837 87137
12551 12914
42267 56062
50240 70343
89258 99094
64688 86600
74262 75675
58001 95202
39133 72265
30640 94911
66301 86221
18640 88143
4267 18142
41585 62935
50623 70281
73176 98633
19161 97171
25558 52508
47045 89592
94644 98187
543 61033
28711 87088
19884 52171
27677 65016
12027 34820
35367 97754
21701 28508
96301 97326
45697 50532
33921 48845
26415 75138
73660 88063
39420 48268
10311 47012
87385 93976
43076 60988
55235 63546
35228 59921
55523 58535
11298 56042
37148 58973
98346 99859
71174 88978
13414 38905
8362 65399
28114 56522
13961 22336
44590 84090
67377 67490
33295 95647
3053 37989
67264 91404
3254 39517
11957 66103
53057 99773
65476 88867
63018 95872
77564 94688
33413 54167
49777 64465
74265 82870
12610 45601
94433 97044
50340 66787
51611 67525
22540 83352
43954 49954
62557 79035
38283 55957
53973 55585
31159 80199
98571 99156
76753 90136
81966 82351
62181 70570
56656 81270
57582 63138
90177 98834
17479 36472
11169 76570
45419 86578
68192 77318
17592 89568
31807 60249
93850 98977
50781 88227
70777 99971
17605 21565
70793 81442
85134 87990
78804 93974
44630 92580
2644 52420
52956 88027
98941 99278
68555 85828
31287 53933
4877 43443
77144 85762
14410 31625
79577 81873
26140 98507
20266 97671
39339 44902
84103 97601
68094 70071
84886 95472
72956 84419
86392 93684
86288 89699
63697 67044
38331 70605
78807 91615
76526 79622
98439 99041
34046 79116
2098 51020
9006 61492
1973 60299
73010 82322
66646 69071
13335 14880
86364 89141
12676 45269
43994 83170
98469 99013
62669 66018
7912 36668
9485 33623
66996 69497
914 76503
69148 96536
59460 79477
49127 69588
53782 66340
55118 75452
66813 81612
4731 22317
25673 95812
47807 64946
8348 95877
40257 74618
95137 99215
78319 92811
58694 82487
5106 50525
91516 94304
43337 90457
4791 31581
61907 63273
64814 71527
59732 97428
98575 98938
98615 98670
84072 97229
97389 99527
37481 80065
46494 97373
67101 86914
26188 60917
90322 90636
60830 94411
29218 69296
62168 71732
54691 75399
2126 86350
80220 89063
91456 95185
74225 76222
60570 95491
77800 87694
50808 99903
83603 88389
28325 46245
94284 95346
11753 83070
62789 75171
99723 99785
2463 80014
21360 48726
65275 90062
57043 74596
83437 90815
30030 55343
68272 82657
46301 96258
97 52240
5625 67946
60087 75301
82629 92946
64433 91527
35479 90064
73006 90207
17321 70475
23767 99686
88274 95986
33018 54834
44141 79378
88386 92116
63903 78588
14216 49309
22100 29948
17768 37919
88127 93836
94345 99131
15503 54501
20486 35163
76943 86715
56114 57571
4806 99885
35628 98236
36368 99995
20859 67229
5173 86933
86638 94384
7538 93093
35488 95062
18821 66428
67868 92123
66036 84816
28717 34522
58075 71612
81307 90593
36204 52922
29404 92962
25515 75625
29437 44171
80305 89216
58525 67688
41504 91405
33444 92897
94934 96243
24222 97423
69584 73971
39598 78036
30114 73546
71174 97151
17798 49196
86749 94295
44511 52719
86214 98591
41983 52214
38589 62071
44337 65767
64241 87905
99374 99912
93154 94060
51581 96129
68173 99539
69018 69726
43502 70436
67020 92964
79199 97417
88131 90235
88317 99013
9281 19114
50568 71555
48721 70137
56253 61294
90034 98511
34364 86115
68251 72164
71225 80169
3658 79438
20132 69803
77257 87762
75236 76348
14673 71232
8161 10010
18579 87761
21705 35015
72006 87969
45615 81462
70934 71150
94844 95679
19596 27558
43743 87468
93784 95309
24113 70567
35764 52301
83034 99885
81483 82993
86114 96751
67888 92858
51759 57738
58520 69454
52689 99577
88982 91201
2897 33446
25744 77637
86699 89193
40487 74533
10644 16487
4921 49536
32788 53418
68016 73127
5021 79600
22862 31111
55302 95470
59608 81540
28501 97380
33385 34666
10697 70807
21567 99675
15293 92381
7423 97813
98447 99302
91505 95879
92129 98466
35093 59292
91234 96847
73953 84709
26532 43079
63768 80925
28079 89630
47918 68992
39927 53393
28013 95434
46583 95985
17303 37137
85011 95305
16594 86410
78527 81778
66589 81839
66111 86039
5880 15174
70243 79596
35560 44014
26047 48671
66928 81187
96965 97084
26419 49995
62973 99611
48322 70954
87854 99814
20476 73960
88174 88307
4696 65128
2162 83391
10588 88946
63765 84651
81180 94878
35458 45890
12389 34272
88649 93769
75265 79720
51867 66887
40063 73375
93845 98719
27096 65756
11731 12444
22849 67496
9784 69999
91376 97893
78164 79997
28696 75366
74572 99681
75415 86997
43746 55031
17726 20308
53659 91107
41410 71139
49936 91248
2150 79729
75595 82695
47801 56340
62526 81148
23121 86217
23612 61839
20754 28357
25668 29825
60347 99169
18361 22909
89328 91582
10864 84701
89711 91942
69502 71271
92477 99753
43120 65687
76394 89215
65207 73629
85389 94658
75897 83901
53917 75618
65440 93005
76601 78503
16931 52715
29941 48737
79817 93240
98339 99794
75530 86532
99361 99853
84964 97075
15176 51021
66923 81566
37624 50255
53635 98550
81004 84701
33898 98485
33953 34856
16901 29473
42605 84826
35652 99111
45457 81331
51802 55550
72705 93349
56149 61197
55511 57271
73609 91068
51239 81329
64359 75888
74884 90359
34097 35306
34216 53428
78857 99905
4281 23639
8465 27439
13572 64244
81517 87443
92574 99914
84101 93265
90787 93068
2394 19548
7778 62197
17712 38985
11257 68450
38685 56000
38089 75761
29208 67327
65118 65591
80975 89928
15718 95333
85054 90799
35806 46144
52671 98776
48672 50994
85335 97115
34496 66820
1469 56680
40440 83902
52738 55094
78568 98707
68056 76944
80390 90744
6889 67487
10956 42103
75499 88877
54366 79190
68990 97130
98081 98232
30532 85052
90720 90958
22825 45286
28253 36080
52495 96320
61847 89462
21803 89611
90793 96419
27569 48793
71560 95985
71460 90050
57187 75697
40281 49121
39039 86184
89479 90780
36455 67828
44976 59397
72387 87636
87447 97075
92298 93738
32476 70034
3989 63762
51933 99397
25654 36039
79607 80436
19570 66094
11587 74425
33371 91415
5144 63571
90871 98157
80856 99504
76320 77888
41114 44645
32265 86502
26488 30621
90097 94371
27106 73963
81658 88435
28273 97434
89311 99411
17156 99317
62145 74738
99600 99690
95643 96103
9527 80682
5793 13432
18291 22059
45217 71317
60122 77558
1861 59404
55642 64673
55472 58212
36045 97278
78033 80965
35776 86355
71298 93155
51924 65517
91543 98099
70245 71737
27896 73626
15118 84621
65363 96933
35805 70653
21219 78202
98382 98459
22946 23784
35055 83193
67192 74160
89480 99121
95972 99590
94510 99175
47792 68429
91050 91308
34020 39825
473 6194
78548 82850
47162 64376
57951 94344
65083 82827
55372 89505
14938 87393
92829 97696
31698 75042
37861 68345
27262 67494
64448 78549
9832 64222
18985 43045
15792 25718
47830 76245
2949 65924
51031 93001
8501 56600
24493 87898
25866 94038
29707 87096
81877 86335
65244 97461
71072 82833
27264 63019
15523 61027
44177 51228
13864 85624
28443 81975
98317 98319
23744 65114
40075 67042
40882 70515
32506 32743
60794 60923
77452 84776
28462 36537
84285 91905
89302 92142
28659 92725
88172 94169
82553 99061
98695 99944
82920 98270
33002 56580
38464 70475
30766 78067
20477 94390
79625 87828
66751 79103
53407 54126
71869 98935
64719 69626
23114 89909
56970 64110
24980 43051
42708 73879
91848 95669
34789 63077
16865 52158
23512 81871
99424 99599
27659 86547
14383 70773
49569 67538
93131 99118
80387 82495
34014 38674
56376 93079
5717 53155
87561 89742
17393 42529
74505 92775
53168 94474
51812 79873
618 98315
47229 67554
19905 73139
66123 70830
7790 48283
49113 96906
20488 36568
37107 93143
79258 89825
57389 62102
72153 94854
92645 94497
78041 98152
63812 73156
89279 95451
95581 97390
69575 94972
49255 53333
16170 74531
21855 86003
73247 85679
32926 40414
17954 56723
40095 63477
69033 93441
50422 54545
26815 66135
99522 99571
6853 40773
42199 83041
89991 94086
36506 54165
33846 98990
96836 99761
72846 73285
46257 53482
42542 76831
31240 62189
96358 99665
10985 16444
47493 63002
87357 93296
56261 98587
23964 29382
20126 68802
67640 95931
20953 65721
40586 86102
79062 94338
24942 60002
16484 90353
43001 91835
70201 75107
43575 74949
54526 68241
187 20175
4249 12178
9951 26611
83135 92788
95522 98659
75997 81502
64548 72263
21721 53055
56040 80158
24572 24747
89758 89880
59479 71865
39842 61148
81179 94382
7565 41953
93998 96668
8003 86558
71547 90169
40521 52975
84406 91935
73374 95533
9249 48093
81770 99327
50198 50647
77690 87386
17817 64308
49826 94060
71935 95061
6741 63649
37550 97841
30946 94467
16495 61769
87537 89061
49777 77522
18179 35587
80032 83858
93480 97839
76545 81005
71256 72707
19322 75928
60549 78986
18476 79911
12258 89294
40797 98602
24925 97786
14778 16387
90489 98641
64856 99830
10530 42740
43934 85812
19379 77066
85744 89190
98723 99655
64181 74436
55830 61252
88870 98880
94794 95815
80866 84275
24222 29774
91883 97754
39913 57568
60055 87985
88756 97884
57700 88580
85937 96898
3371 87885
65118 75062
6684 80916
70425 98803
68353 82796
16186 57234
15037 40585
93281 98517
33258 87534
87390 88994
92884 95570
22780 76218
57854 66056
19718 56947
80171 92320
45413 90434
77800 79301
40952 48227
93218 95442
99605 99872
38635 40482
60073 94165
38290 79981
79368 81062
9658 73696
63137 67914
51518 93101
18819 28890
62446 79003
32438 90288
97664 98915
95483 98670
64542 81240
93490 97137
49382 83314
64814 72514
76680 96166
24801 83493
36621 75310
90134 99631
4714 96619
40431 66320
29109 34182
92803 96259
87801 88986
13045 89261
94198 97195
19094 23007
74062 84215
9824 71060
89548 99899
75610 88658
10049 70114
85963 99946
14815 88767
43132 59439
96813 97397
87684 95228
70496 80255
65006 78002
12401 42112
15201 83980
51195 75959
4593 13170
28030 87941
32625 84236
30008 36573
27012 73699
93817 95492
97063 99435
33586 56828
39923 78193
50273 78004
57365 67378
66267 80378
71778 98908
57255 66529
90367 91843
43671 70022
22058 63001
3726 96601
60751 71595
53688 73801
244 50981
70132 73927
87239 93748
15103 60750
63424 86848
18382 79234
81376 91779
42901 64126
64643 74067
33946 88232
58159 99409
47164 49451
66512 92491
43676 76354
51358 52504
93441 96482
62830 75165
56472 82677
44417 47419
76948 91070
10242 26883
75832 94609
43883 98432
83194 94871
21628 74803
20548 37547
29460 33038
88451 88737
49271 51518
45518 72244
91508 98448
76651 83041
64029 82917
72214 88505
22911 45020
85624 86802
22961 44198
71233 75843
58943 73465
7512 69890
38536 88744
7323 64438
98638 99254
96168 97407
10830 68677
16685 74274
8691 62145
20929 87859
73820 78305
1652 4474
82514 96778
29939 55308
9453 41327
40978 66632
5603 89216
15097 34264
82966 85599
83063 83593
399 3640
74764 79993
42109 55909
70508 78368
13981 61095
40433 48421
98883 98902
13290 49679
29244 90951
24497 66566
9486 74346
5406 53259
79212 96559
11538 35221
57812 75786
25916 93020
63232 87650
80732 90478
75904 96584
88602 94691
1520 40580
26599 42666
7031 75799
12001 55791
48262 52566
8928 41885
4501 77705
59961 70517
53937 55817
60148 96107
94126 99439
79798 87336
44362 97335
45018 58027
87541 99207
86742 87494
80284 91311
18426 20999
66655 86243
49947 52979
15180 82595
68791 81483
43202 88320
49312 54106
90776 95165
12584 60174
89727 92271
48468 77696
92954 98722
33157 85382
56571 60786
69556 74216
57530 91134
1963 75547
63749 84013
23704 78673
37325 45142
94471 96017
23792 65718
20509 33202
59252 95975
71938 74044
52597 67371
40009 62905
552 34224
58862 68854
62967 64315
44859 92038
49837 93795
26906 59399
53966 98977
32900 78654
4499 14907
26010 77452
27471 27640
63401 71443
33617 41431
19748 48834
89356 92062
19507 56020
56905 93144
81551 83887
91590 98257
45294 60110
97949 98762
25278 50978
62869 94309
6553 17136
53331 80230
94384 97263
48430 94682
47647 84092
24323 91626
76188 77333
40611 67457
25320 82568
84206 93841
89633 94850
59039 83107
10467 17525
98713 99490
9854 22423
68133 96440
26000 86163
58260 77246
48707 74929
76137 87236
92390 93507
16358 58919
44719 68301
63772 96621
70835 97315
68301 87094
24858 47264
16290 54753
22318 98862
48095 92430
56171 66681
58333 86706
55775 79532
41062 59964
13967 78112
47720 88692
93981 94163
47245 82589
66578 94310
31195 97895
72399 97864
27068 77704
69877 78731
79699 93997
43926 82820
89841 92855
53116 65844
11297 54026
22356 37409
25986 49319
93715 99831
85816 94439
83446 88951
83890 93929
51798 72775
66606 98746
68408 94551
80764 92087
96539 99169
492 79457
2205 40239
14869 86273
90182 97727
72563 84723
97759 99485
36621 93145
71409 82002
36587 46625
6543 89225
72083 89638
66945 78211
21675 48506
59936 94386
83809 84324
60768 75510
48174 50200
3969 74342
62203 71144
46107 57605
99977 99993
67931 94191
40593 46027
83071 84043
32596 67030
48633 77069
10347 29180
15455 66023
43349 76258
36790 67867
87405 91461
23175 88482
40417 51078
29386 65330
11377 62673
96253 98391
93923 99350
74096 75697
85257 93516
38833 80804
46443 71032
55706 85209
69703 91137
90453 94452
94944 99240
27029 96992
73067 87445
86227 91349
89541 89935
95985 98373
49744 52194
9099 31272
43097 86194
13939 69001
70607 78564
2344 3633
71280 80953
85055 96825
24599 56156
22978 72580
47242 65224
48446 70286
54850 93242
47996 83527
17424 39561
5590 95171
65377 95619
12581 82412
5849 22130
60251 91870
36701 50465
78331 96514
64551 77644
34120 66495
5870 10080
82561 88402
64116 90833
55273 56217
95683 96792
91774 95113
8353 88843
77839 86393
30165 98745
48217 82200
59227 66140
3375 92240
47963 67556
15052 20644
70706 92766
98841 99045
56015 71697
92968 99505
80301 97010
70396 77074
75445 83322
16145 83824
13982 37867
47194 54575
75734 99050
99655 99860
80608 89165
85540 95793
14284 32836
43673 86101
47791 79161
73133 75182
70940 96058
23595 54589
72582 87367
30308 53280
74181 86570
93269 98322
1246 58272
10585 26662
95998 96496
84799 95552
45130 81966
6431 49531
53634 69493
81124 97291
45009 92391
48174 97152
28814 95424
55185 91421
48088 63265
96363 96804
62188 88377
99747 99807
96254 98377
11606 61632
60674 66722
59174 76776
76265 84587
40722 53619
21606 56392
86064 96666
93356 98902
1132 80497
70377 99860
5344 32171
87139 95291
86157 86952
35855 99851
50960 77139
70498 86692
45317 82064
55428 94343
99766 99877
85953 94195
88627 95368
28463 62498
92290 93125
75659 88074
72452 98878
91174 96701
51436 81425
5610 64641
86535 86806
7714 58146
65129 65806
38558 88035
14449 33906
66104 68332
23087 53244
92873 96914
45910 50668
6254 93442
13994 88872
68282 99801
18364 64364
14275 51350
49547 61296
97327 98706
87046 95815
42841 62722
5049 80128
18454 27599
98121 99930
22546 24214
37723 48521
31802 54691
32431 81474
572 18926
72136 85369
34010 59213
25069 83404
19507 58785
96376 99087
51665 91261
33954 72866
69823 84653
19523 25101
58279 72411
78785 99629
55052 90890
58528 80372
31676 50468
70768 98979
82531 92547
20614 42556
72730 81217
30995 88188
81074 95467
15167 43098
1348 24880
41514 49618
42629 53398
37327 45026
39673 88066
83561 94280
22015 58034
77254 90443
23701 37436
69202 99240
71917 81032
17126 34346
99981 100000
36034 56684
2223 29817
4916 95836
75072 75929
13371 54209
6206 35070
21833 44756
59747 80241
30619 94644
28635 76440
72209 82067
6871 62150
14596 47606
38295 72783
53801 90788
65965 98985
39373 61868
4114 22462
7995 37485
40530 71624
32583 60107
63724 82087
82096 93975
42720 68927
74513 96137
66248 94048
37750 70247
98904 99326
46855 73847
56622 75371
75475 79396
51028 79911
84063 97476
23234 90138
38357 90412
95614 98947
57263 85028
42396 71858
44894 66895
24931 85862
90621 99845
5606 30779
40117 57647
79297 95755
36687 55720
23804 63011
17483 35911
22305 83781
72514 73251
69677 92059
9493 40341
65649 94348
87473 98409
59578 60871
66410 73783
53389 79501
81548 88988
58350 95105
6935 49573
17554 49547
73516 78509
46482 60828
84723 95323
12868 20058
23887 36701
2775 53180
14148 17418
99925 99962
66675 69751
68892 91644
8474 43852
18308 66176
84757 87382
56280 78820
42511 47160
25532 79657
51406 79833
16406 84595
14641 25823
9110 51445
72870 76783
57242 76196
87945 92926
66930 69513
74049 97826
94923 98638
6514 84691
30300 74681
187 86641
28430 55847
19487 97671
68820 79769
19390 66411
3732 29375
91143 97176
64338 96883
12791 89799
10027 78363
51912 61201
49968 99214
24956 87493
68680 75206
48250 73472
59229 71281
56604 72451
29433 50601
80347 97622
87742 96993
55186 79493
456 30960
368 60702
96655 98351
63901 98657
24620 96193
12818 55014
20303 65729
24852 26854
3523 19191
54476 94228
76084 99614
12518 74190
40203 57484
14611 73442
52396 57908
1310 93577
10910 32201
19452 51209
99186 99900
53327 62513
62192 98327
7241 90211
86783 91377
44972 74719
40830 42865
68331 78595
37239 55705
12402 29547
81514 87014
34580 95375
24095 45594
5151 9636
71561 87864
37010 95734
17069 19897
89873 90765
97206 99048
20210 40311
59906 61613
27107 65764
5782 11225
19350 22918
95899 96702
45644 94838
34039 60693
94056 98566
15743 35181
98789 99720
37205 75339
27723 63382
2905 25655
28659 51829
49807 97611
84514 95035
44555 63818
11545 20830
21303 70258
50016 95899
80589 87213
35905 57303
84943 99334
593 6333
2887 14355
71912 80440
35789 80350
44945 53843
49588 94015
44024 95681
76754 98905
6721 78025
74624 75009
47092 71825
46812 54230
98556 99525
49759 81979
2079 35719
65587 89382
16240 40767
91879 98323
2922 79486
99502 99796
3272 28133
20324 93877
65863 76931
66015 97580
32702 44788
84612 95999
38156 91833
66352 68905
3134 34853
63728 81865
90732 91520
743 27193
57584 74000
3952 41116
1553 7111
15945 20470
21277 25924
52658 80870
95671 97478
75992 99677
40985 55349
98809 99280
44831 95376
7610 94938
95701 98113
6507 69225
86328 97485
23480 49225
51834 95542
26469 99043
63722 65776
29568 46590
37207 95656
85781 91713
57954 83859
55258 78397
1795 69985
11238 77822
74554 96654
98326 99106
29248 98951
59049 63521
47652 77376
6523 33390
45385 94817
47988 89717
39295 61168
57105 59994
82746 98147
67074 91702
9636 78037
28924 69412
34804 40321
71221 72457
63416 67094
97220 99507
45094 56717
33007 54386
35912 57411
88275 99753
25382 51356
57789 73934
43777 82689
72349 88314
51846 64553
61047 86743
28964 78883
91535 91976
69602 87332
74875 81874
30018 92595
43861 50448
46081 86128
77349 97218
98042 99655
74833 81629
73508 81224
9139 25651
10479 35565
30878 78349
19598 74874
54003 60172
31612 40406
49357 89502
21923 55858
61946 84028
46869 64760
17260 81177
24433 83173
30724 34500
91293 96761
3912 83068
42048 45103
22025 97731
10382 83262
25595 38379
98719 99359
69720 77432
67706 76987
79249 86816
89655 93933
9175 25260
36550 59935
32441 64094
88877 98771
48321 60714
27105 88976
81701 89306
68860 82768
88346 93941
89286 91047
55022 76578
1901 21358
43017 97378
11002 80231
12555 43184
41207 42794
92073 98441
19881 68883
72845 84571
19272 43761
66120 81943
21740 43742
88656 96525
66359 77042
81333 82258
75350 91789
55827 56756
38529 62532
82443 87264
61668 77137
25497 90250
85713 87602
57363 94335
68041 76626
12289 18028
29388 33453
96635 98064
70544 71309
66639 69050
96688 98619
8893 89964
50508 55950
55730 73924
29346 49604
85450 88903
43991 66382
33746 73554
7262 25505
26032 87171
61605 84247
71005 71294
34382 80463
10195 63050
93735 98374
61692 88627
89188 89394
669 98833
61730 71854
49703 85594
67334 67472
57496 65704
89026 95632
98925 99348
98007 98305
81121 86833
98510 99928
20653 47059
66189 98850
10111 54272
70853 98702
62243 91373
24696 68143
73928 95471
64442 69155
18681 72317
26692 75766
58385 67780
4472 40294
15054 27327
2253 90350
93273 94268
22349 98236
24649 30581
41449 89194
62812 83595
92947 93223
13004 83833
76394 88325
83742 97161
71820 82091
80874 98665
68596 75803
28439 60643
98105 98517
33782 46134
7161 93764
43205 89121
97009 99323
96865 97654
81247 91198
5238 60810
24039 94368
27061 75630
45935 58638
31669 76204
2673 27749
45518 81852
32366 60741
61684 76404
46272 54532
93420 94554
31846 85606
8840 11971
65564 74211
30292 49459
94119 95057
55492 61661
43593 74162
12581 62955
73330 86639
92215 96600
99802 99949
32553 60998
40100 83320
76678 87917
88818 97994
20269 69532
94306 96231
97298 98465
76505 98765
27078 86149
87634 92601
89088 94950
93548 94880
16110 17457
95811 96155
87775 97403
85957 96287
64928 79951
53579 57240
62264 86988
38017 71879
9966 21907
44829 89986
5929 32498
48039 83388
88791 91322
37709 78168
89397 94678
95111 96856
6354 96843
89517 94161
59196 71774
46310 80733
66445 93591
43238 71662
59458 91767
22670 43549
87529 95847
89855 99870
72873 86708
6227 31855
7490 36818
23281 99917
60384 71667
9816 27582
88316 90632
76469 94797
18752 42697
78133 88567
98607 99123
42286 63691
21652 55019
17778 57432
11299 89569
41133 98965
27111 53183
25016 74456
33744 66277
63580 69471
73597 79310
99441 99858
30981 62161
89884 97472
85246 94584
67479 82725
49762 62715
94725 94878
66301 74214
47568 67890
51078 51724
29058 76266
73466 92560
24340 41124
43688 89413
44120 81654
16758 72006
74440 97576
23218 52367
39265 49131
97368 97531
4297 34874
6465 21605
8139 63682
71835 86365
95549 96913
83357 98719
95080 97541
70137 91182
15164 23758
80951 95065
23911 63042
3422 64335
13852 53628
79636 91883
90966 95264
20527 68450
70460 83326
94997 98505
65216 92829
24874 67017
10012 99103
87632 99880
64226 95891
42211 87590
6910 54299
27848 36349
17192 95316
15691 85158
98573 99096
78476 82366
19387 89440
19472 48349
65654 68108
73261 90430
86910 98933
6970 39661
94526 98985
45958 58255
73283 85333
96639 99327
30703 47070
35638 96045
58980 75764
27272 94344
9589 62324
37943 69434
71438 96534
63425 90446
61639 96776
5199 75403
88797 98820
46520 86678
99695 99852
51387 79567
4537 5910
92720 97713
15114 96077
85036 85726
94761 94814
2592 6827
96907 99214
25514 29190
24439 30020
735 61632
16974 48302
11529 73479
56757 61095
99811 99919
74262 99164
92649 94223
60769 73283
37323 62912
77802 81383
28812 51541
77418 90425
46153 85574
42099 62100
54605 74978
51152 75105
66918 77621
11429 64983
20016 38270
285 98298
73428 90789
98444 99611
97364 98067
7330 39868
56787 77352
37852 57285
77252 79730
82848 96685
95922 97614
27046 59658
3596 70671
18039 97500
27366 92332
83932 87133
47378 48643
13288 93001
34422 37772
59253 74901
68703 92781
9604 35792
79494 99533
44012 98779
69143 94967
75299 92565
31218 71931
52874 77698
61735 85527
68550 91799
81607 88649
56364 89640
38596 65710
67079 94878
12844 49117
92719 97272
65839 83207
49949 89366
21425 97653
10891 54031
67145 69804
33391 69151
21964 69746
57798 94635
25508 38179
57627 66584
24798 79086
61145 66112
28032 33420
25763 85320
70485 83257
51348 67126
14129 69016
2107 48884
1276 24279
86691 93466
23202 91731
53694 64300
85943 96240
74712 95448
67738 79363
45366 89206
13756 32064
87662 96949
65235 72497
65479 82300
70812 75998
21684 30305
61179 88152
97051 98450
84245 96713
57090 68980
75875 92223
33328 52367
94847 96708
83290 90852
27763 75908
64113 95270
56794 86212
80201 89470
88533 95542
77361 84403
6315 23575
67655 83976
56569 85219
69211 77150
73609 74808
96076 98023
11308 72515
85759 96810
84533 85436
28577 96200
50321 89951
1962 48534
94438 94714
53722 92320
93560 94377
35652 94243
79706 89319
54514 73910
67228 67888
79863 91507
10672 42619
54172 63540
59810 70753
56863 88181
20972 85254
15338 50162
4786 5035
31198 58004
53742 55990
28654 88727
7708 54013
16113 21247
52487 79712
4541 28012
65092 91476
91476 92582
8089 76593
44789 53234
67649 95838
60181 65518
34048 91952
75492 79415
66642 94269
90231 93609
55595 64049
43535 52470
38531 64829
20530 75671
15852 71979
41437 51928
46181 83732
38255 93786
69469 92462
18848 23631
20500 26023
45987 55949
42420 87352
68949 81177
54198 76135
61890 94761
20907 49093
14149 76653
3644 66833
24530 45108
95942 99471
64138 74994
38902 64860
2225 97210
62328 98039
67211 94152
62509 76956
92915 99065
12625 92844
52765 66571
77150 92786
92978 97036
88547 96241
50031 92872
2923 32680
62852 88386
58146 75657
36721 86295
2455 99192
48872 86488
7757 72785
86917 88955
51179 87874
64355 98627
8996 50895
80402 82440
92488 99069
23420 74813
68381 69349
45044 96895
96785 97693
34071 61482
32779 43866
15664 67232
76909 87799
55548 62897
20906 98613
66647 98537
29677 87611
49905 51010
46136 81016
9358 19660
69367 78168
39780 72044
63841 82865
85563 93793
78355 95449
51369 82469
75487 83169
56171 82936
37578 80277
7596 62409
10762 43770
91003 93249
48217 51972
51443 84697
94629 96923
61287 80594
50119 74790
30870 94643
70001 88948
7889 66930
9371 55228
65630 97975
20162 89153
20594 89972
27577 66656
1039 24534
47555 88742
81979 88912
6643 91613
28712 62417
12575 38100
46142 57478
36722 53748
27954 45078
42614 58817
49632 59654
37083 79489
79974 90065
90612 96823
72152 85969
41921 83037
40790 86382
40509 51267
55244 98721
22726 28117
65637 86277
33784 97573
35845 68459
58517 79307
23784 54474
28413 52466
78814 83997
6689 31681
9820 41116
8565 78623
69103 86551
76953 88793
97599 99546
14170 50938
78571 82942
99810 99979
74902 78217
53727 53927
95433 98457
32676 65083
93779 98775
90306 94314
8250 34926
83591 89683
44660 80133
22414 30904
8715 65817
57251 95807
52028 78217
59753 60556
66771 76865
53306 56134
97126 99356
55515 84429
17250 77820
4905 54799
10466 77109
69681 89281
90596 99092
21567 41042
69081 87185
73118 88982
54210 85526
41054 50123
46297 60039
67292 88251
79691 97400
54641 92843
32452 89251
15715 42120
85192 92722
15347 30801
83668 99102
69778 88397
38929 63690
7905 60340
65188 78025
41698 63446
74456 78010
66051 81092
22007 95251
35306 90561
15773 32471
4450 33712
89496 91139
54637 76804
97592 99094
67171 91930
69963 96836
18101 37637
8215 81564
22220 84036
39916 55924
31560 32556
60967 95828
35140 97709
24454 87426
36929 88622
29635 40119
91362 95865
15582 36314
3312 67247
55009 76543
57509 87902
68108 73435
88005 98533
63259 91683
75746 90398
89119 99272
27633 84125
38137 95684
42605 44694
92290 98516
31708 84227
43037 69761
37671 53071
78377 98548
16165 93760
72346 93412
66694 91688
75022 79489
98961 98970
41066 42411
20775 98338
23901 71288
8092 91639
18151 40313
42207 77087
52633 55581
20188 76883
36867 51968
24288 97117
90115 93638
26047 34710
99168 99880
96435 98223
57071 97069
66911 87842
93137 93159
23768 91018
58219 99490
96874 99660
84273 94316
43918 71087
9129 60188
99225 99330
52681 80845
43247 76327
2297 22487
76693 89724
780 80056
7306 52294
87882 88768
77230 85589
71365 81526
57838 80119
64013 64327
11028 58037
10319 34281
32681 50943
30861 92485
81026 90363
83877 92669
97622 98021
5233 19493
80938 84612
30996 33328
74425 79245
91383 92654
47634 52586
53435 70450
8130 81319
66495 85992
2120 66056
17215 80808
77004 78565
46375 55822
79821 93664
5797 13372
59407 84689
81996 90497
97999 98450
63461 98099
49407 90512
5700 14126
86553 93282
37776 63170
85039 85268
78085 89420
51997 61015
38177 61366
24853 60593
73408 95424
5000 53055
93447 94923
74341 92892
36516 95788
50378 90485
26757 77328
62252 67536
40823 48667
11015 62401
57664 98373
57164 76572
96378 98585
19328 53521
28569 69791
27809 30479
39394 60644
2047 58098
84874 86246
73521 75946
74981 80215
52879 54392
44307 84229
78232 86506
18961 98547
62604 89578
57898 58505
35527 40619
42199 72001
25184 46549
59771 78237
25168 44191
52248 58741
66459 95343
11212 21365
75959 92598
81740 86455
39132 80890
99240 99705
74782 85681
70666 96213
25538 56008
58778 74482
40190 53972
32816 51401
73306 84088
91032 92032
80467 87674
54934 74573
90101 99260
10288 69912
61933 92096
8084 28584
26854 60974
36598 76512
77337 78663
16040 17639
28440 80764
58346 67955
42427 70509
56631 92721
7660 14311
7679 73884
8540 37866
12745 34021
2115 81723
94198 94804
91542 93568
68991 82253
83 78415
94176 94524
29019 84114
39581 70456
61581 79823
88560 98567
97515 98922
28519 88536
95360 98999
82464 90613
66973 76430
98584 99219
41311 51070
48231 79216
97943 98773
27123 97059
98094 98510
9632 58437
73506 92580
53993 74305
54648 66136
51656 84444
14785 51998
68803 76566
28677 82969
49382 55114
52131 71001
24702 75334
69569 83138
76652 85434
65804 78453
27070 41229
66974 96524
43381 51911
57304 82110
46786 76994
61161 95774
97482 99412
14948 59179
41650 92601
60854 69438
41868 78484
68517 69850
36994 75313
20769 98241
38224 51053
82228 82837
44866 48413
59885 72132
95088 97351
24736 69439
41766 62230
33955 66887
43515 78115
48750 83629
12314 23782
73389 88063
82214 98205
78700 81294
43265 98047
62626 75652
74757 85689
34497 70202
71250 95481
61795 85360
35351 77952
26877 67977
72019 84833
53328 68590
61269 96724
11958 69782
23002 79544
37069 57165
99993 100000
64734 84457
97421 97875
49659 61194
72306 84938
13380 30803
97057 97606
30632 46741
90438 93944
4547 69669
87701 92222
71946 73774
19480 64441
84219 94836
60621 90573
24953 34130
4125 14486
89538 90512
17993 44768
40273 50299
45284 78579
80913 83852
66665 87002
92932 95605
11210 41599
77521 84622
64180 87682
45704 79114
10608 85635
94715 95726
71483 73567
60381 98657
67087 81310
17787 51670
95808 99858
31456 85085
56381 73039
40577 64527
87486 88377
96484 97861
13476 19692
74928 91292
84063 87522
86023 98631
81283 99128
71267 74129
97193 98130
46856 50377
25434 56433
34177 81838
53359 64640
8150 34368
52486 59052
89845 94353
89942 97513
55508 63052
74201 88525
3841 54352
13180 81326
47028 53852
84134 90232
86547 96251
83722 93944
29565 67774
77038 86655
68574 76746
90218 94867
4348 25178
4505 22880
45938 96424
82456 82926
3196 22099
47971 75484
34109 53704
31656 61463
68387 68646
81240 96657
12800 77578
44840 69747
72263 97549
77009 98266
99778 99876
15042 39597
50312 88408
55335 75053
28985 91002
83195 93751
79396 92880
10960 30935
56700 70116
56285 59319
41588 86088
62970 71048
11344 46518
23458 54943
55097 87824
50883 97431
8796 63583
6708 41864
94992 96311
4228 43280
76955 96840
69477 77004
95349 99909
82664 90801
12052 61524
59103 97372
36074 82131
84308 97971
41393 96239
98862 99236
51312 86849
19821 55487
9617 21369
15463 19038
93897 95704
18996 28900
42569 87022
17722 97242
21998 33145
96586 96634
66249 98615
36312 79836
21764 82934
66023 93950
58473 91559
7975 27041
79716 85380
90734 91041
42488 60796
27921 98669
97786 98816
52902 92032
67273 91318
89934 99670
98928 99846
948 17649
77621 85788
87697 90873
59056 97602
8679 96940
94958 96600
13324 97513
80544 87899
88966 96456
29305 72619
56069 91319
48320 76894
48656 77619
86548 97696
16269 83066
50494 59549
95013 96018
11099 75374
30006 55003
79060 88640
75983 77756
54944 69838
43759 58188
90853 95297
20099 77532
28257 47727
89544 91458
70464 89389
38721 80805
41946 88414
9571 35767
48759 56175
26124 96280
21454 52734
45614 75053
58510 99690
46243 52686
65805 94719
96652 99047
55090 99052
68148 96556
19814 56970
17745 55663
49630 81986
17953 33803
28399 57825
70504 94262
71116 87509
27834 37474
1165 3704
7810 70944
411 35634
34703 86415
24529 69333
78520 98210
56491 59360
52731 85847
31198 90675
98242 99372
11476 59507
25118 53663
96471 99631
35001 59065
89839 96609
21669 67786
31264 70838
54534 58683
35079 97017
65952 97612
78464 91680
89352 89860
663 69343
6717 82922
35187 66882
85862 89319
5181 17467
18599 79899
90804 99591
43529 68579
38686 89914
69619 71860
32120 32531
3796 25328
84334 99573
95914 97081
50504 77592
18188 84146
76848 99071
75372 90113
69352 82618
62256 80412
58089 81239
79937 92154
36768 49594
70054 84380
83376 85527
82683 99773
73823 93369
36176 98323
51580 84928
33515 88997
60381 68575
81179 97674
1589 83806
94415 98897
37161 51940
97284 97672
59171 61028
28331 66763
12498 57425
23375 35868
96077 97932
45744 87484
70982 98636
59022 71957
47526 50097
53665 65319
87171 90163
9081 31765
61231 80725
29161 48412
15148 29000
20336 47693
85046 91079
80248 97110
57791 94580
70039 84026
53463 70657
54341 63294
20835 69180
88803 99150
51848 74192
18408 27532
18656 27351
32510 58922
14304 31444
6649 99939
48145 51539
4217 99138
736 96734
15720 55127
70631 97658
7951 26383
65838 84633
58031 73844
46600 74641
40114 53694
34167 36029
86212 93688
39382 78364
40035 89697
47404 48188
50923 85151
74138 87174
52565 80589
5957 96111
80627 81360
6116 49019
52137 54778
28861 49371
35639 99081
85067 85749
73935 85118
49695 75501
67096 81060
75880 97495
67458 85592
95241 98236
6403 56369
53757 78307
2084 97001
64917 65612
37460 75505
12128 35806
75674 85951
8531 19836
76831 82456
65163 75085
86860 90799
32992 59880
65936 84806
31427 43151
92533 99489
37440 90893
43890 87957
12701 66843
21917 90877
50819 68966
61223 76691
46949 78584
16279 17413
95736 98394
47957 82561
15416 99193
50442 67701
66780 97248
37870 61012
82234 84937
42567 49775
71095 77676
38468 57075
48625 91346
41190 73151
63464 65779
81799 92550
35416 44540
1951 13471
29568 97035
55855 59453
28437 82395
40419 67037
31232 89230
22785 70188
55703 91190
67977 86573
52729 64406
34031 35979
65840 87724
67848 92219
57287 70372
48544 72636
86354 97435
6394 81017
68596 80700
79251 86615
73287 78677
69582 87775
27186 74505
80083 93371
27228 66066
23212 92982
80183 89125
80088 86096
80181 98371
52509 95751
99608 99639
54086 63183
60510 90155
77627 82486
16813 90025
86248 90438
56119 81890
66745 95172
82775 93056
92415 94599
90731 95628
41216 48166
47743 77170
92093 97922
21103 82689
38773 63031
39899 70364
64930 98286
3419 70979
12386 58970
52037 86642
27412 97037
88355 93028
85504 99800
81991 82132
41299 61162
70084 73565
25232 30441
37190 64563
60101 62743
35672 77403
37435 68362
56978 62677
15286 47346
33261 77304
81466 94631
38348 83210
68580 80086
92476 99718
60296 60827
85702 95695
15928 18750
74919 95060
59632 85114
31435 39101
17557 98478
21042 95833
67211 89510
53241 85391
28314 47225
43411 65791
25207 63333
29362 60937
96133 99249
11714 94588
19571 30057
30433 93603
77170 80674
72619 92701
42245 54910
43605 53085
29064 38646
22069 83749
60558 66513
68889 76438
38746 64099
54011 84553
13354 79089
84818 90726
85775 91543
94554 95903
94518 95305
65577 72703
20467 47547
49528 96573
68219 92079
82727 83660
67577 98351
56066 80665
17934 20504
61781 97541
47489 64948
64335 91135
21780 74263
52112 56017
65120 86611
26550 38311
2073 41074
55348 92218
88581 92206
50438 76360
52933 67852
45974 83039
69556 90668
57325 97510
26218 99572
90779 91876
78925 88877
79177 84794
34935 90384
40884 90265
84584 92473
7644 8481
50218 95363
33325 55388
47713 62290
73246 94261
55467 77176
51105 60085
95547 96999
91878 97224
10790 37671
86775 88658
8596 59020
44052 75521
36667 85822
922 50185
23758 58348
48682 86338
17880 91715
75652 76535
90175 92552
63891 85588
32602 89368
42895 60197
2623 11032
62563 71895
71786 82511
51916 79218
41042 46847
87115 98608
26467 36624
10449 12433
79492 98211
45628 78369
64920 78466
36272 61925
59434 95094
61887 72238
75186 85381
78332 85590
57778 83525
38871 70081
64888 72022
29089 31575
56538 59224
32218 74310
54444 56102
20902 33676
4144 14461
48714 76617
9411 9634
71288 90681
79318 83210
37960 40584
91344 92267
91905 96957
40447 47316
93802 98744
93456 93808
96554 97954
72528 76984
82592 94011
2066 85245
9593 52120
41937 75803
9815 42191
71114 75733
20346 90465
60164 64652
51118 95724
17081 99296
74399 87867
85395 97978
26093 95779
28633 64704
4549 91147
88867 90052
8660 46303
4074 30275
41296 47781
47345 72509
85832 90916
66508 70894
51623 87755
67170 75308
5319 88824
8541 53598
73633 89783
78010 87956
27593 29467
93306 98424
16749 85747
90857 94272
28998 46004
95192 97496
32586 44914
49161 83516
64107 69360
49670 75635
57472 80718
72369 96151
78170 93289
64347 64980
3252 85588
63241 73881
93287 94644
57940 59303
51624 59584
88929 95682
27020 94146
79420 79498
11359 35914
4518 85532
34324 67218
71112 80250
59302 95609
22878 27404
35478 60820
27444 74524
36736 38624
5862 9183
86889 87173
20732 87614
29869 39133
72057 93103
74838 92699
23244 35032
60480 99134
94406 95128
23555 43342
75554 99345
89269 92978
37681 79052
42221 94179
54858 71881
4969 23315
16555 16659
1550 84262
84775 92697
86717 88783
44026 53661
28364 64810
36196 43641
45395 75427
95195 98220
85794 98058
43115 44756
50797 66489
50188 85415
43587 95275
55890 85012
28204 47593
78009 87513
74710 74755
94553 99449
4050 60792
62396 89673
99766 99848
66057 72832
27891 77833
90573 98051
559 95412
39221 51977
40011 76269
59546 91997
54353 73107
1364 26804
5182 28586
50930 72756
16761 32419
35824 68821
38610 49181
7548 53507
19754 63089
10523 69379
29577 57516
2238 97668
69444 87027
71023 86179
96689 96744
71639 94652
65038 66091
62072 69686
4185 9579
8272 17660
17818 28285
1071 81552
70333 99341
11138 36841
70543 94381
80565 81358
75596 82890
29841 37266
1769 74356
11848 92027
5783 40576
53603 59696
97060 99370
84610 96410
51727 96862
53140 92006
92120 95884
56984 70717
56306 57532
63950 90789
92153 98571
57615 75118
63552 73343
48215 90012
56765 98627
20676 48058
68736 70419
4297 46920
66234 84706
99116 99939
3823 40568
52031 96074
27167 35601
5675 74463
37471 71144
58858 83522
68158 77317
93051 98611
52868 95698
13451 17564
80988 84653
84088 94346
60678 66534
44318 48965
81663 85505
42186 93767
81214 97095
87154 96663
73006 79595
93858 98049
82601 94081
81865 84783
78640 94344
82498 97260
49691 95199
49902 68494
71910 85299
59611 79528
37359 54950
61536 99813
90009 95161
47334 87314
94465 99032
1410 74780
18387 59070
84297 84416
64238 82224
66364 70386
38181 81094
76836 85879
12670 29906
60039 79250
26698 33140
58947 74843
97508 98329
74332 89074
1139 96650
88315 96392
67432 84445
10504 34218
56428 91419
46903 65157
755 5058
70754 92557
14848 38577
8266 12778
7462 53227
64281 73504
20849 53959
66156 76857
44684 83831
10563 76162
93913 97086
21899 41451
82582 85577
95012 95818
78778 88464
47799 74567
54602 84091
55049 58813
11748 34181
83799 98549
97416 99992
40326 67979
41931 59687
35492 57701
40877 52388
38779 39538
16280 69901
58658 66950
80528 90103
78450 81942
80592 80725
73044 91171
35879 46404
50034 82051
43381 76524
59609 65022
35413 70559
53420 56466
3446 19664
70676 82676
59120 78885
76108 79683
48831 67732
3380 84241
94250 94273
92284 98933
93467 98969
30283 88780
5065 46236
14311 85647
12070 63442
43952 68304
25634 44404
94447 97690
26464 88911
26580 61307
15706 89890
5651 42666
66607 77336
42145 71919
91616 99243
45048 97554
20569 68199
30103 90517
69907 94017
15140 84107
4889 6315
6986 94263
30294 48302
79401 92311
8710 75021
25628 42489
24392 60932
92132 92753
88692 99269
10810 42562
21572 32649
40348 63732
57468 83521
44850 60648
49447 90216
11877 87774
30393 76832
92582 96047
40559 43665
89867 99769
56025 61204
84005 87219
10925 45914
27300 98376
8038 55700
40259 93909
84698 96021
30054 65393
14676 72733
14575 84677
68449 73773
30854 84691
36731 90001
80686 91279
71678 97350
76956 79110
98373 98718
55379 57991
68242 75161
89403 96125
65248 69846
35070 48612
46884 77659
47746 49022
90 13221
33580 41656
57382 89472
29873 39308
78836 89523
90480 91397
46205 70467
70090 79184
20208 54310
40651 57591
98699 98989
69768 87010
2838 47781
6072 40774
48574 61110
89674 98948
26303 38898
51973 97271
95359 96311
53353 87653
40805 87010
73930 99853
78444 92162
2715 52297
46248 76875
15644 50029
89077 91324
40764 47973
22460 31898
60779 64643
25482 97029
17028 76741
92176 95859
80869 94110
42391 75106
84730 94620
83762 93337
77235 81135
75539 94803
87719 94546
79647 85588
82304 83665
69926 89471
26248 32799
74271 81122
50834 63357
15986 63644
20296 28323
45319 68474
91630 93292
25929 39251
95446 97400
19471 77617
16717 97806
96599 98961
6164 59075
79886 86435
52177 83477
56504 85545
16083 36871
97274 99918
21066 76917
86579 92818
39012 51838
98612 98885
92235 99512
34698 61940
5437 24601
3392 42906
20374 32614
28032 60757
62750 68789
98287 98771
14969 16301
80646 93197
12892 96875
83385 91094
28427 31451
34072 97402
69474 69995
80064 81630
58942 98422
48834 71923
65784 69533
72529 90406
37025 99801
71230 93443
34781 69531
87965 90527
5466 38552
78661 97897
51297 86017
7792 92706
99739 99754
5342 61760
45361 92485
69588 77074
88799 96601
60547 83214
60220 85246
84478 88014
27823 45431
56917 99432
89204 91703
66890 82939
21613 35535
14343 19621
75215 87807
75521 81572
80079 98568
8884 66849
66616 92435
26907 39327
28646 96803
49701 87280
62570 90378
43693 73010
40165 56734
71476 82284
56086 99898
7183 19029
55825 68489
63469 66792
65088 66746
74996 79037
68468 87539
81318 85320
30018 38631
49528 53537
87708 96647
1832 3402
31519 70589
30629 37507
88313 96424
60374 87364
47591 88814
49009 74741
68832 91754
51725 87176
74982 85576
58064 69444
19732 87737
45770 96671
77729 87740
67792 99089
52980 56665
25431 61096
45869 59703
14774 80896
7738 32948
61824 94493
22975 42558
5528 8268
75420 93619
23324 39169
47169 72122
81925 94267
74394 85260
34950 84555
3800 86081
39220 98249
41377 59599
12221 76720
55753 92173
65861 76832
1127 9282
11468 19490
20588 66168
48998 80630
11950 18535
40811 64639
4639 23537
60178 74913
59475 91907
93265 97576
92515 93685
25658 95701
66914 72582
63058 79281
67869 84683
30354 35248
40104 70404
36720 49820
52257 70866
24462 71044
80963 95167
53379 72782
34032 46950
7654 29512
96728 99951
10105 13382
28827 66200
71185 75502
32640 51913
21500 62262
21388 61951
26698 40390
66469 92236
46349 98491
28488 84327
56516 63418
10497 96771
57396 90955
66111 68035
53231 75036
32380 62431
9487 63518
5105 60205
15437 97486
36152 49130
83182 85412
97747 99098
28743 76924
51129 87623
4238 72837
88784 91931
18303 33977
99373 99988
47012 66329
99727 99743
39848 99906
42168 64837
63493 89307
22285 65780
69947 71336
745 48518
92238 96881
46919 85501
96341 97798
84803 85493
43024 63049
35812 62492
84239 94704
33924 69238
66975 76210
14002 53247
98888 99534
32091 69932
85393 94668
22657 70317
86110 86288
84260 90175
20173 47840
75438 85434
68633 84895
79793 90590
6402 27504
96881 99238
56907 99703
6963 85794
34210 70034
7879 71507
60128 81974
5163 70349
88406 89457
83226 90988
31118 81126
10638 82803
11210 18635
31457 43406
48935 71354
7600 89802
30828 43935
88552 98993
67825 97889
34974 68224
85091 97039
75355 93357
22023 56479
90047 90956
23178 96844
16628 46771
1699 15016
3797 76279
81959 99022
37569 97509
71749 97251
19243 34273
79905 90285
13022 96096
68741 72782
19385 36463
57730 82888
90443 96384
49059 86328
51781 53367
83522 84754
74101 78571
22004 62501
62675 83767
33352 58599
17214 65452
58503 99206
34937 75125
7913 68599
36299 64896
85040 97935
141 78037
95716 96378
49416 88029
70357 92608
76271 99253
67497 80600
94650 98324
47431 47692
75562 99223
44517 64197
94721 99256
80152 99847
38197 83176
25586 62489
51434 54949
5324 67031
24918 94452
45321 53694
37244 57774
93573 94169
65941 79792
57886 81683
99084 99788
63478 77074
35327 90255
36531 84265
56057 68706
94502 99998
17275 86790
48595 65923
3927 99630
43729 93722
61450 96437
37666 95348
27221 77416
97445 98937
15958 64883
96387 99781
65063 80167
1869 95285
17749 23294
29196 43838
51875 94897
77196 80235
57042 67735
4062 6178
80370 87542
62915 82402
20114 96420
55879 90983
19557 23155
20867 78612
40178 86997
27354 59204
86873 93163
93813 99394
13908 64246
32497 73677
81400 89809
18390 98238
59443 77423
75464 88673
97207 98520
84850 97684
88485 96856
32082 50239
96942 98658
1571 42085
91004 93179
1663 8258
16041 86965
11394 20103
86336 88129
54866 80151
71124 77952
11561 60011
15991 32176
61916 71260
33324 41371
36819 49125
16009 76955
13458 46059
5640 42187
51171 75886
57869 83068
56576 85983
13419 45724
82328 91909
1024 30816
11586 51562
70034 97148
48665 65057
48098 94652
39822 74539
15987 41373
87872 96129
90687 97072
88890 90127
66052 93053
74497 91600
1020 58034
81350 90889
51609 54317
69880 87782
38912 90520
42507 57086
82668 95652
98571 98678
71852 81460
34364 71883
96517 98010
84169 93380
88575 97268
17904 58983
15404 46736
95973 98780
17151 27907
85625 87750
60604 69279
52857 98975
23459 64462
21614 72194
30142 74637
87843 92557
8330 96771
20214 98321
48985 78584
51702 98583
60245 90260
74678 86218
68551 96154
33429 90910
77 87384
78699 98121
75474 86216
40559 66167
76728 81227
84276 89290
68933 70454
47692 62747
55868 74947
14421 38155
27208 48258
81430 93291
8319 83918
53087 59646
83068 86257
14282 66991
93150 97481
95075 96191
52382 80181
39541 90171
60746 98854
764 39894
83533 87750
98626 98703
28158 35149
9412 70122
16925 19201
60741 91866
26163 65008
10046 82004
19814 34695
84583 85337
19765 85400
36146 42515
39785 81913
72364 96780
51141 68088
40247 61160
72711 83366
15075 94113
26981 92823
84904 97359
5079 38126
8948 64353
36205 55925
79665 86013
65751 92571
16972 84967
3060 59539
38903 45699
89933 92692
80399 98994
64741 65710
34259 63541
6503 92669
63181 98027
80404 84441
60413 87686
86459 90123
25951 61892
35381 97118
3943 8801
65752 83712
82820 96056
57982 71069
15285 72850
39060 40298
83922 88821
17296 52903
78375 86993
62027 63836
93819 94298
25101 76273
28749 47715
3739 74156
65871 75731
78386 83341
94659 96818
92112 99623
78079 91342
85245 97555
9163 17295
2187 75553
39439 50500
18871 72553
98281 99574
49196 63799
26197 59021
20077 53967
18850 89985
99122 99981
66948 76666
69437 76124
24497 63042
81534 94288
66441 91815
13603 23483
15143 72614
23304 79226
93272 97985
35905 55648
74947 95190
88620 98534
45971 66340
43380 61427
27912 69401
38755 52007
8226 17318
21609 73122
17787 97361
63667 95638
1541 59351
76529 92309
52210 65985
18336 18364
97239 98315
10425 49924
73727 75555
6058 13501
32197 54051
86518 89308
67840 77313
82362 87174
93227 94230
26626 66369
39230 83561
83670 92258
97957 99233
92347 98158
33543 88349
31198 76438
48493 65043
63788 89827
20760 75286
76377 95111
73946 93332
86524 92900
70609 99038
16030 87825
68997 71064
53513 58065
40326 66781
65049 98825
26526 84494
63511 73115
84661 97742
8088 30717
19894 80613
70332 71884
81935 91954
24796 83333
49839 96276
48843 69537
9435 76857
35737 61586
65703 74114
38223 49140
9578 49346
24485 82050
97625 97659
58034 86188
59080 85150
3098 34738
33413 42670
37852 72020
92593 92745
74572 76954
96469 98737
72591 84064
3161 7451
72680 73395
1793 46550
68566 76886
8063 51828
36649 39868
23177 30231
77546 94460
70851 84448
67668 83633
63575 88474
18633 90957
70769 90167
77516 98423
78254 81348
72050 74031
83437 98307
86349 93154
51673 91172
28521 45476
40690 71365
84677 94277
24922 35991
2144 71872
65948 81294
83610 92229
24388 46467
67109 95984
46960 59223
23872 90704
21800 60945
69638 79913
98710 99016
30021 34370
39644 40936
35195 96449
69687 72369
39966 41772
76436 93053
67427 71100
94825 99090
25905 45896
30247 77277
2069 89724
34000 55694
6711 77094
87152 87986
12308 74992
62317 79346
6204 20473
31971 54692
40145 64576
8573 83778
30467 88174
60413 77150
61471 71725
95668 98594
3566 8505
44365 61070
28849 32931
58636 78852
7824 57548
17196 97555
34007 62643
88942 90657
17624 93117
13968 71994
19873 37969
83031 93455
49327 57420
17641 35312
39442 41772
18082 99231
2900 9706
39839 55295
2847 93178
50465 58379
8590 94020
16422 35191
81249 88163
73368 99511
86474 86789
90882 99261
32501 65398
22806 58749
72623 96328
69255 88650
93800 95173
88847 91361
95599 96033
41890 42117
68116 76502
58822 82729
48331 55158
52174 91615
23481 90962
25178 28346
78156 98425
2796 34911
73844 86392
31815 39936
62486 78805
11234 80326
43375 86852
89098 93757
95958 96461
30648 30800
55101 75364
49508 71575
17237 97358
32756 86842
61605 92448
30707 45194
3656 10028
61268 85896
24763 44945
91430 94753
38932 59819
40714 68324
86580 88759
11638 51468
96098 98864
33239 45836
80523 94081
26818 82241
66128 94126
62920 99514
79825 89011
82107 85172
637 74796
46998 91675
73100 76961
55932 71442
96299 96327
18883 62290
99046 99343
65868 95979
51041 93526
62229 78068
84784 93492
74275 96000
62292 72404
84330 92328
27811 48423
94029 94425
72412 98567
8673 14321
92872 94202
58239 90252
48945 51068
41367 70133
20713 42677
93314 95117
42848 46164
12994 92572
24105 65029
26858 52416
89285 96191
92487 98149
56174 88529
10686 79081
65239 71275
86359 86785
96099 96496
88687 91659
69903 75560
60202 93484
58897 74737
71824 94678
33135 87155
3932 20889
486 22916
8263 99703
74426 91116
94191 95395
62861 64098
70317 86994
79194 97175
74263 76948
93177 93318
43705 91663
50423 97108
67990 90959
29483 57987
96131 99767
86228 93443
95123 96763
15886 35244
17005 60561
39004 59565
32238 32253
34816 38203
48416 88454
95111 99822
76903 93251
48381 77019
73440 79149
65027 85431
52021 96448
33462 44978
88014 89906
43340 61839
98960 99814
95239 98786
96843 97495
41856 74126
93605 98803
61194 98348
80238 95574
67732 72228
78413 92201
84340 94821
48964 52616
53544 90345
70731 99276
15679 83039
79972 82286
95966 96605
51137 61563
85609 86225
65010 75320
26586 86033
16234 72420
30626 82741
25626 41506
46208 68007
31786 38345
19940 50173
68701 73864
25909 45744
74524 89572
83178 89146
11444 58340
22199 86150
36507 73125
12878 69724
72056 79153
17977 42569
14234 59169
35683 95717
13863 38605
50218 58063
98644 98819
6865 9795
29381 32309
18468 29774
57626 61950
12837 13786
1390 29293
7728 58598
53849 67238
91696 97087
85775 87113
42404 83935
63675 76972
2618 37373
93391 96708
79607 86449
41686 74157
264 90486
15726 33617
55554 86904
54687 63403
94145 97309
43101 45887
14628 19944
97413 97898
84937 92840
7075 81289
76595 77388
38105 48457
66674 95992
62630 97166
56437 72829
37304 47791
80668 98237
38368 69485
65422 73253
54529 90637
26087 57786
79732 93657
47703 56497
64382 68962
44605 70653
47426 50072
76966 83114
91133 91469
46142 91719
26497 41407
7295 89638
95747 98349
11923 36602
59794 90566
49898 52104
53318 59417
2543 12477
1742 21587
86633 99856
76309 93091
19337 47743
42073 72476
62266 94129
41987 60902
3669 18507
68935 95640
12399 90274
87375 90589
99201 99861
80787 86789
22083 77803
30881 39082
68361 74501
81599 96909
84674 86021
5994 44757
34756 38456
69200 94034
59361 79327
63005 65870
77859 84380
22425 48137
32437 44821
82120 99722
8991 94802
44480 92432
20357 63193
71520 72467
91663 93369
5211 21179
36379 49002
79714 84536
19048 44866
16446 65641
97372 99760
49550 81255
52482 96896
59015 75544
19428 59770
90276 98697
19836 31151
74036 80955
56970 75597
51295 68142
729 12654
3146 48388
15016 48692
82855 91855
70312 78797
98576 99366
75204 79748
48800 66915
81904 96759
83657 86556
54665 64388
22419 65709
22872 95324
76608 82978
44204 91860
71011 93525
57594 66201
39029 97000
92984 98914
36943 57531
3135 43394
49157 54649
92008 98581
13736 85289
30859 59807
34489 78728
27707 42289
257 68864
37291 80427
13153 78481
42921 94107
80062 85027
37107 69275
59652 74095
21169 73449
93224 97525
89246 97748
1997 22692
55190 55945
76041 85652
18955 59494
12495 79937
27560 98357
31613 50261
93975 98681
78209 81952
66462 88687
61478 68406
3537 73859
24024 48058
57094 60639
52468 79838
98097 99888
82213 82279
88469 89555
71621 96151
9100 24582
75620 77852
39286 69641
37996 77559
13477 92411
40525 64425
43907 54130
83165 90127
50302 52730
75550 86023
2306 23920
70445 73946
7801 33756
27365 79286
71081 77474
73655 77004
18176 68924
38753 75080
71639 87062
23638 92927
77005 84331
48817 74893
78762 91059
97842 99553
34824 96185
31169 78527
24381 33679
96516 99664
16465 34558
87455 99159
73997 86139
59194 64516
67785 76674
35648 78112
39437 53853
26170 43439
9198 84393
48925 93627
30708 92331
45907 88728
91213 97082
14722 97778
89267 90838
21800 59681
32521 94305
78995 81033
49669 85634
75734 86085
70356 91011
25153 53811
68036 88189
26439 77818
53920 71357
67135 87664
68312 82119
82529 90817
80037 97451
56282 56659
22661 70685
28698 60494
59765 78862
43510 44228
93764 98265
2325 91901
34436 68371
96510 97028
94832 96249
75065 88466
72005 97657
79819 94547
13727 28553
34445 46232
87317 87500
31822 74608
21323 64735
46591 86790
53838 69108
60974 83084
89887 98403
32159 42087
98178 98251
63644 65735
26135 65694
84927 95058
5225 19513
98076 99288
42096 71036
97851 98551
33047 68613
67933 84542
40703 75616
69829 84333
54464 54616
90368 92438
85894 94626
80688 86131
20313 37302
44989 56423
58775 85485
10409 29403
20656 97484
43519 78404
11364 51025
88709 93649
41619 81718
15385 36653
1866 28456
96482 99569
7642 35301
84723 91737
90603 99309
31413 71692
37144 96446
10452 31422
25838 70753
20328 64637
70077 89109
70736 74145
1029 54477
84837 90385
46086 94700
13953 64525
90663 98626
65604 78203
28315 45165
65916 79657
65604 98929
80618 81143
70161 79855
59035 98952
59280 64803
3297 52252
5834 66215
63528 72345
74021 85127
23344 37749
73887 82457
24036 39234
61021 65915
81095 94662
5803 12885
18451 38873
85267 97208
15356 49360
93971 98190
56732 92938
58212 60102
69197 74229
86482 92953
41930 92391
29696 68069
84727 98293
25841 41882
38509 52163
74596 80850
24410 80807
59552 59834
13463 22277
31596 34321
30361 89865
40690 63521
32377 81929
88930 92052
95658 97518
64534 67300
98000 99349
7362 59835
9861 34466
72409 90051
97731 97920
55183 73509
64870 80019
23983 98331
78308 91470
98283 99962
60170 95972
18011 51700
76491 86085
79456 86668
26436 53404
48241 64620
24763 30356
61164 61418
50422 95166
63028 82718
9850 81353
99863 99941
24727 33375
6323 81600
67098 89632
96762 99703
92814 95372
64600 73817
90053 94333
65380 80544
36395 67526
97601 99144
66738 77277
74966 99784
43090 55271
58919 80162
4436 59366
27382 93431
67136 97685
33370 44437
65826 76298
53798 89613
60839 88592
14391 43011
87669 90574
90989 97162
49603 86108
96367 96636
85331 92088
79290 94591
50046 64332
74091 91017
87869 89602
56975 85907
12084 45536
67755 92544
19250 83055
24338 77496
70813 89136
11439 95414
50457 71177
48111 70870
34284 85392
93566 94072
79926 80028
48640 62527
81729 97780
90063 94871
31681 96357
78395 79544
59801 69075
48878 82380
21754 97013
30847 41166
3035 75626
55279 90414
87797 94502
79288 95560
97184 99997
60046 63204
35615 96400
93871 95946
98928 99459
17105 80877
62274 96316
86572 87902
80537 83365
37529 46770
75828 87397
80764 97104
43035 83864
88561 96749
690 30761
32738 34683
3243 39932
42364 71594
28105 28628
58345 94790
4547 54230
3307 49342
60921 83470
78367 96102
21981 84730
24625 65428
86089 89408
91558 97157
9055 52271
80874 96246
7536 21369
7595 46004
75820 99562
98684 99992
98820 99667
18440 69405
78951 97618
1740 43782
89400 93614
58991 93017
72740 73062
58604 92076
94953 95239
38267 43797
87978 92953
6383 44081
78574 89311
21889 70043
25137 97093
4987 26927
17629 43227
34884 93007
97944 99622
39974 68925
21674 96386
81631 85455
34502 99102
78243 95105
68195 97524
81540 81845
96270 99042
41564 62203
15671 18452
51934 73013
48259 55147
15116 29594
70571 92344
42112 51331
642 82621
1248 40586
29559 54508
10273 31107
94341 98839
64926 83431
32456 61846
75291 98627
96183 98119
31036 42222
51938 55194
99191 99700
83512 86286
83813 84366
97544 99097
94253 97235
85323 94974
39754 90858
8271 22692
31545 31578
8593 63174
15462 83716
13688 72255
45509 61521
11538 31254
8968 81908
65512 77983
67942 86697
79028 95787
73855 91027
17252 53796
44980 67898
7754 52570
49256 82272
17584 59383
79176 87450
19819 99771
14460 51268
6562 73594
73876 92549
50816 57106
90334 96045
64213 82349
39488 87345
42995 88761
63348 89876
47270 49600
22869 79103
45406 96234
32324 50361
34623 81578
37082 72827
80396 98870
36591 58769
60197 96578
76178 96438
71688 86345
58588 87751
41514 50741
71394 97384
18695 93056
80531 95932
76125 88619
52322 67366
83515 83813
9493 85977
58837 72078
96657 98477
49017 50604
14099 19352
44455 97930
51687 57766
96327 96564
43184 98569
42786 52602
96945 97708
18923 72455
43906 57698
5648 76291
35207 99451
89896 97507
99733 99957
6321 78337
10218 88410
59359 74703
74938 80253
18027 45297
77479 88241
17407 82776
62893 90671
71318 86668
25149 65210
44442 89545
20003 32726
22019 90655
71710 85416
4322 31878
87476 88134
79249 85178
65364 76151
81635 85804
3503 17388
40306 60446
11948 50252
91618 93707
32726 33053
50164 58157
21629 92463
32864 58536
98101 98688
102 46895
37769 59360
37721 87523
68127 68588
51100 57900
11491 66665
85866 93851
35797 60417
42184 44276
78579 82191
10548 33565
18867 45664
94424 95570
28967 72222
80750 95567
68964 95168
73969 78986
58170 89724
37045 78484
75044 91384
29359 35682
60428 77239
77568 97992
7879 48653
68831 92231
30490 43918
87917 91745
82840 87271
99018 99643
25008 45482
83397 95020
79652 85057
14819 61944
70295 89219
9132 93688
38312 99794
59953 78332
94420 96564
8259 34637
42231 85670
50415 76164
25797 99573
61136 89550
87339 90472
27618 94660
64392 65866
38559 62389
49954 92765
77692 99053
91883 96531
40863 81144
80757 89629
34005 37702
63781 84423
24145 70252
67694 95700
9872 87606
57391 69195
63341 85631
71061 91151
18458 72158
56822 81375
59036 62673
1363 95952
80058 92406
92153 97655
16031 83651
40011 53048
30188 98352
73445 95329
57506 99413
6360 46998
94174 94705
1198 66906
18175 49226
28565 64486
98703 99850
85148 95647
98253 99669
4745 86331
67912 75468
70958 81090
44030 52597
98058 98252
83127 96779
95591 96279
44899 79796
91715 96358
94352 95544
74355 87455
70578 87696
5149 60294
26374 94318
33359 64795
97122 97674
85664 97888
76820 99901
39562 90710
17221 49521
72841 80491
8565 59319
19633 83438
67422 81671
16634 72378
31610 95521
77577 84746
32263 99193
52596 68906
81219 89571
59466 99360
19462 93581
84657 86562
37615 68031
16262 95610
66069 97265
85117 87098
6243 18807
53879 96766
21198 31279
73000 76170
75191 94237
5665 10908
19889 89700
72762 81670
76422 78558
99898 99967
16273 82499
90750 92117
51638 61730
65835 81218
26817 30013
51483 95886
81878 91540
61016 71482
77682 80983
88757 93275
7012 98100
99624 99934
36865 63065
59509 71834
5635 84172
17808 94893
81934 98404
56786 89092
45380 75107
83052 86966
10393 50856
41307 90930
91571 97614
97659 98793
51332 76717
67461 84058
67674 73228
90692 97386
60133 93009
81413 88352
43795 79543
38758 71660
6788 45443
22221 90116
75075 92026
94902 99012
71242 78547
73504 83683
98932 99142
26974 69542
52538 78903
94718 96586
76789 91128
46952 71349
47400 52186
42591 95237
14717 29175
62098 74884
49321 76885
27015 81056
71177 75279
9344 87030
40311 42059
73332 88096
15780 63981
85174 94835
71485 72693
14132 44978
37813 66520
6538 61842
16341 90430
91838 96311
69867 80626
61598 69162
84507 85355
77454 92390
91867 98843
27961 29636
60627 68078
77507 79732
90327 97529
46080 66522
2261 67100
77953 83287
69674 79601
28154 67959
19838 21916
74804 82548
17016 72394
53815 86094
45214 68161
97151 97729
52262 86612
20101 21361
67242 98481
68605 71152
62443 86672
59177 82331
29007 91089
43478 64049
52284 82529
52790 80132
38754 79076
75928 80613
78636 84141
10806 60357
24893 59778
1538 52482
11557 26675
98455 99193
28827 71791
95887 96051
74105 80413
67499 90992
58590 73833
84795 95703
43932 93692
79053 79173
12463 19904
7894 91951
73158 82587
2755 90999
97382 98718
41475 99102
57024 70841
72304 79814
75600 79978
57701 84406
16663 97338
3055 93138
92482 93224
6102 74682
47438 47822
9072 81522
53977 87296
84164 97835
41074 49867
4585 52502
21608 71797
9498 65345
64958 89840
81493 88141
72883 89390
20952 70985
26574 68445
49604 77545
59553 98901
81499 97278
98086 98309
27270 38327
15127 41370
17132 98473
29913 80880
97015 99611
76989 88970
43566 86662
35961 50775
16389 72013
70941 88648
34388 77194
68996 71040
60656 84394
895 26860
57783 87179
75305 75908
49035 65214
9668 45529
64514 97261
92955 94111
78470 99549
77668 84740
655 75746
2219 46279
25837 70543
71718 76204
73634 80159
72749 90302
80993 94083
27892 37869
98395 99358
91223 98172
30417 75148
5607 55728
81970 95820
62573 72484
29615 68946
29887 31220
77237 77261
61431 90778
13852 26655
5238 92779
29094 73676
34323 76561
45693 65863
10843 64336
42904 59317
33988 58583
73417 88522
67304 96841
44462 93207
77894 96163
35931 47285
5751 28039
83828 95951
87288 94409
76031 76165
20518 60659
22048 24767
38192 86486
99558 99603
26099 87663
26157 88672
33285 74144
90195 95764
47472 99973
13836 62081
22397 98808
79128 90166
41539 90975
65246 71454
95227 97901
50862 76110
35148 37584
17400 92399
60484 70249
61504 82109
59471 81894
27743 37425
58822 80636
78024 85273
21513 63974
48566 89804
24975 37001
32827 89898
99527 99835
93921 99078
69768 97231
24162 37836
25936 38618
6627 57025
60170 98614
59300 90649
11628 71093
96250 97650
69936 79819
94404 98413
17179 26692
39442 89496
29993 31385
28480 38435
9631 78883
54454 56661
42098 91694
29368 44234
65423 67028
9817 95730
20187 50235
24102 39980
82405 98115
63731 90232
30901 90570
44455 84807
94052 95256
8197 58695
13871 36222
78631 90153
409 67351
24532 65387
75773 83719
72824 75701
21313 71518
41670 93803
4061 97628
61551 64308
50803 66447
77147 95101
59632 79060
7195 75048
96472 97053
32120 55062
27372 98087
22213 51657
64667 68967
55275 97589
61977 67874
3739 96695
80253 98216
23806 85809
90761 93089
49738 57998
12747 88304
93963 95062
96149 99851
68637 96573
48663 96304
67920 86635
26893 47078
13491 94743
43840 65380
26549 39284
90942 97548
85444 96139
79783 92925
2049 63349
91836 99694
52306 62553
24698 90342
64952 65467
2257 67047
55807 67652
25984 44037
51653 84211
6148 13633
36915 63450
58134 70349
44722 58121
89579 95814
19785 99111
23365 25933
71729 75633
57277 77768
62346 66632
4885 49179
62802 73018
45767 57992
40744 77075
30624 84341
53323 96896
40652 59696
38011 68817
60179 75170
32126 34513
92873 93810
1745 27862
85349 88634
65510 76956
62781 68017
15750 73116
25626 64624
10823 32277
87619 90624
6503 7315
2962 51464
73435 82612
26255 64555
53377 97162
42327 93241
6146 52689
4798 19978
67327 77202
14439 28091
44503 78093
47815 73973
25889 58962
31567 69034
50060 85330
10217 87206
84315 95091
47989 60739
10962 25093
17120 36259
99260 99897
39439 86918
63488 71754
20848 91598
34793 36659
84219 94992
23173 90904
78843 91568
50483 54818
65614 76659
19142 82281
62232 72675
86600 90102
2142 71984
93731 99630
2716 74278
59671 92075
4873 46312
43061 47897
92009 97279
99565 99845
49655 89987
67061 78359
29286 76665
87000 89765
85368 91659
80820 96452
49202 85943
8890 73586
44493 89285
25965 93861
55234 75375
73564 86974
95096 97994
10519 22704
1957 92017
84373 87541
91219 93907
74061 89199
36089 84319
39416 73864
44192 51039
66728 73472
77263 88009
97675 99325
31650 87112
53894 90668
77492 87974
8709 76879
15050 60527
37660 45933
88731 92708
45170 93505
25273 41006
23668 33557
88242 95858
21133 55211
49835 52554
52697 74340
85259 86835
67112 69841
49422 86982
74099 83673
92980 97870
3920 65096
51806 55277
30074 31768
82294 82541
89226 91930
19007 24242
90004 96336
33019 88270
30303 62152
79607 88584
8480 68294
78518 87155
81033 97486
53708 56544
47029 85931
71808 80928
88324 98091
55046 78283
14093 71973
32999 45251
80192 95508
44652 86492
7399 14190
89333 93417
36792 86672
36021 94245
78715 83832
52778 54241
71150 77166
62586 73732
82764 84552
80352 92762
67463 97923
71195 89506
76459 97623
85899 92821
24242 39929
21886 37375
8018 58416
51561 73957
61753 86244
88260 90043
78491 99508
42647 44217
35306 37251
34149 61449
76517 81831
70167 73011
14974 29710
77627 78414
48121 67522
58392 85817
53268 72047
351 30547
72793 87205
49982 66974
42357 67590
84241 92563
88360 98116
4099 86453
80729 86159
94093 95045
49517 70183
98405 99832
55560 87359
24392 55616
50327 72132
9931 17674
60197 85662
83572 94744
27026 91566
73695 84801
1474 82505
64113 92363
51524 59735
72789 99900
125 47913
94063 99471
79743 99572
9326 64120
41603 44894
71268 88290
57193 61466
53809 72810
6932 13863
43284 90240
13779 50432
22511 60201
19616 28620
61507 68473
23613 63937
69350 87038
27158 90987
47634 69775
64807 86571
44185 54612
34232 74577
83378 91252
13486 47578
68067 70620
90726 93389
30903 73986
72849 76944
30552 57895
24121 67028
30867 34174
57666 77914
22414 69633
82761 91925
51754 85559
91111 95946
49929 67716
22741 92065
96976 97801
81419 90034
4196 79314
19406 69940
72827 77824
2014 69439
71664 98694
50579 88557
13489 72853
14511 68018
14265 86375
62027 70396
92085 95433
74958 92883
18511 27007
9578 96049
42653 69825
36087 59569
93838 95731
12164 44868
65631 93392
38922 39371
87458 90299
57920 85666
10353 79344
46872 81863
47344 94861
23016 39197
63725 87898
98639 99042
37712 39640
75726 96587
17691 49894
35492 70477
79330 87106
44862 96071
23072 33933
33287 48571
56799 89986
39650 40746
78132 81264
8313 20894
34483 51149
66281 69510
95669 95955
70262 91995
83929 89269
54935 87038
30489 72984
50695 71182
5002 99074
73671 76396
90815 98974
83092 86179
9745 48590
88219 93768
66424 79883
22341 90548
77582 91922
26876 47877
30261 41098
21301 92729
52435 97721
13162 17407
73946 75154
45519 51350
72795 72980
40750 51207
27385 64014
55941 83159
26419 41936
21109 37064
29658 35414
71644 74429
3358 54495
75849 84024
65263 93296
30417 50733
40151 41560
50553 58641
24615 51773
39987 64027
48503 94013
42600 46786
49656 74906
19722 41998
69421 79409
39133 88719
46615 84864
58593 64241
89850 97824
45940 96156
16556 91108
60477 72413
37997 85282
40652 62299
21217 73808
16 90733
67527 74655
5244 93153
61843 93989
94394 95268
29182 94139
18781 71901
85004 92495
48792 86552
68300 86992
96767 96854
48688 67803
78796 85678
51834 73986
80390 96550
33630 63924
12381 81785
74859 89273
36129 94268
7683 86587
87587 87801
11460 71470
46477 71965
4463 90451
74563 86939
35668 62076
99738 99855
42625 52316
60916 76909
48935 70759
60487 60673
41028 47284
99049 99704
60067 68031
29906 89587
80826 95632
68105 87268
30594 37052
99203 99654
91499 93046
1052 16828
25975 56978
41921 70552
51761 80086
50731 87052
21513 49549
93453 94612
69299 92745
73107 83275
47722 68797
96319 96340
95343 95702
50228 78072
37748 75328
53607 68601
29700 56177
18925 31148
28696 39409
24917 58343
18043 71678
31196 85093
71389 76831
76800 89732
27077 52708
54805 96155
42754 78500
60614 89872
99762 99982
14155 69155
31618 40650
74749 90542
51005 90090
55691 79338
48723 66622
89569 92608
59501 68069
79341 91149
1626 30249
8938 86573
5842 41642
45666 88600
82229 83900
6962 89956
26375 79133
13411 95620
53212 70481
84666 91771
99769 99911
18477 67425
13258 77790
214 23418
79495 88836
74908 93788
57585 95664
64389 71582
84714 85517
13460 17109
33491 81876
68557 93839
30813 65693
55419 92553
10557 19005
49989 64265
86792 89368
13405 30038
34159 95048
90509 90759
70558 78171
4163 20656
31142 52221
10135 82301
70988 97931
63938 85269
57777 75844
84093 92262
61877 96576
77863 97231
90445 92916
79403 85585
65428 93291
2033 54498
61435 89766
47382 76675
49895 68312
99465 99910
70698 94922
19999 47443
94886 98146
49836 55014
83131 96394
10791 56655
40494 48433
37777 50209
1057 28291
44899 79179
39442 51179
48472 78902
12577 93241
16766 60461
81701 91918
56515 61547
87540 92627
56817 84809
72599 97036
91555 94287
17775 44572
62378 98250
88186 89759
65591 82978
66475 92386
9008 99765
11997 36217
67418 97547
80965 91996
65287 97402
4903 65864
47627 76760
20855 25080
92300 95910
32027 82488
95236 96926
1832 19147
45743 96842
17879 54928
76161 87829
82301 83832
34148 97685
96413 99975
83757 85562
51789 66572
75594 77168
66474 77253
69922 93337
22701 80864
50038 84806
84539 86517
9803 58984
19640 85494
72162 97433
89095 93374
72104 76723
1870 86232
56163 68813
60160 91531
41530 53138
37999 50114
73380 93575
34246 72744
898 17376
97387 99454
98967 99934
75492 91041
32194 42803
25616 75064
24351 41608
51952 82859
40423 92550
82164 94535
48167 65668
42512 57254
685 18635
71531 83883
95566 95664
20188 90722
99187 99742
48981 71942
63527 75790
86684 91634
92483 95666
38912 64342
84132 94495
70496 72394
71986 79973
66478 86858
58251 65214
44692 58205
87979 95416
58627 60706
41699 93540
73531 93080
90781 93578
78352 83351
65337 76210
19626 93178
23512 64572
35281 39643
36577 37690
57111 60962
90953 94975
10326 11198
9269 87028
36712 40270
77751 87970
22289 99394
25922 87034
942 42773
33436 94378
56329 74198
8066 8181
71478 80172
65374 80288
97778 99850
76077 84456
97160 97533
40394 65829
77423 99083
4925 36059
16886 32739
86926 98105
53699 71040
77182 84237
91245 94158
93989 96024
67409 80850
61585 78439
73435 73931
32289 35624
47080 54761
5324 43028
54283 76104
46982 88553
49362 88383
82679 83476
93970 94426
42862 78041
89284 94120
59473 94789
87510 99658
81630 84453
66809 79772
40086 89529
8114 85244
37979 92628
71595 98410
28262 98411
12125 27193
80408 83016
90902 98442
28299 50552
26296 57094
77215 93054
8995 28627
88085 99687
74025 97521
51601 88699
82895 87585
95777 96766
45835 92328
87471 87749
87622 89108
68620 79229
37735 99907
49235 86245
25020 65853
12093 33596
53564 75511
43611 81507
42309 79859
65794 77990
46109 89833
11001 19765
6446 90566
49946 61063
23844 95340
50782 92430
41971 60252
39062 97844
17512 21213
85180 94171
90403 95501
91097 99628
6449 85953
95626 95847
86505 90541
80702 88960
46859 51319
68205 68891
96870 99377
40162 77195
19839 91154
77513 94699
26285 86359
15565 19223
64165 93897
47673 92130
39143 44677
60605 98947
8124 11485
92095 93004
23806 89745
16838 95668
2918 5421
41531 65417
89931 90786
43349 79846
37194 52601
49027 51397
23560 93080
36297 99304
20463 27931
23050 56867
17902 81827
86149 89844
63584 76544
64157 92952
66933 84010
81026 96971
96407 97645
32525 58810
58398 79375
38277 48799
15122 87480
92421 99924
16198 84528
53270 85669
53102 74812
66191 72910
66378 85397
45751 76916
32655 59163
93016 99671
25714 41635
52517 59765
17513 26865
82258 89568
60910 94609
42457 70829
70196 78251
87215 94273
91497 98243
65389 67305
87400 97995
38868 70252
99911 99920
7801 66139
46368 50678
29695 84807
49082 67288
70734 94632
42311 43560
18214 86200
25171 35522
8421 89230
7622 68968
84227 93765
80592 80734
4634 67584
37429 38604
11029 92199
91757 93298
84119 87760
42275 54532
75720 79644
43174 44459
18602 79940
37112 83593
58633 68877
16293 87088
14090 63533
76810 93279
6099 18475
60929 62634
65408 78633
88537 88547
71446 80536
55503 78678
30306 92908
13159 86679
36999 72252
13653 98449
75045 87639
62791 87011
63470 94481
2349 43947
22711 46854
56735 79506
36409 39227
30156 63836
82368 88084
73939 90802
59615 68833
45985 72488
66090 91813
47210 77146
72055 97547
31653 41450
72842 80589
36233 85132
62924 95728
17473 39025
27985 42849
3801 79661
47411 78486
77200 93046
55240 94373
23080 56334
55650 71231
17613 26415
76818 96765
73084 90593
95553 96540
40360 43069
98282 98516
23387 40970
56804 98215
6939 18312
91679 97469
71300 95480
37433 42049
60219 86093
37636 71984
23969 53485
51372 75485
35048 46039
34184 87836
4135 24160
66281 72471
579 5569
38939 75092
38361 53624
38934 86210
31497 55280
1294 96401
4800 43832
95745 97392
16215 62885
33962 37214
64836 69054
59495 80653
68179 80720
12939 29853
72359 81618
89992 96495
94879 99703
84915 95847
79896 84806
3151 90822
38684 71097
42069 78916
93012 95300
77305 88300
1206 41153
39802 93807
57893 63650
27678 72468
78209 95819
20185 60064
26982 61189
58746 62711
10196 35639
61177 91122
23631 34125
88161 91166
89814 99925
56465 74410
42779 47726
12014 71001
67472 91670
32213 38301
51659 60897
99926 99930
14407 70335
892 56597
32883 91780
13044 53595
23986 56226
71153 88887
78535 84906
87202 92554
19525 22053
26868 74552
43732 75185
12411 72360
89480 90746
68209 69472
21642 44253
81265 97904
4114 63706
30738 32536
58094 78812
30688 36763
67634 96325
96003 97570
35743 53901
26569 92010
51701 64875
97393 99019
90345 95922
90365 98116
2667 87667
84044 94660
64950 83110
47314 57338
6093 38943
87337 92531
5738 58952
46064 64511
26062 83046
83589 86908
69299 96302
53684 96393
14566 16427
93673 95011
32480 38966
34057 73840
20006 47884
57882 69583
70819 75240
42277 97978
31650 54407
66200 95990
98318 99691
16418 22325
55741 88709
61169 82195
16478 69012
34346 76050
11539 80401
52803 92346
62095 90029
77399 86596
12535 65875
94936 98487
62918 70814
90395 95891
33122 79627
81041 84918
17125 68611
42453 99125
38943 50356
35873 54150
29599 96480
50516 72141
34733 75509
6356 38558
50219 68594
97948 98974
63039 98888
4663 14676
34319 68664
86336 95786
74466 93882
80929 88435
5036 54870
2201 15739
12569 93547
22814 65680
227 49857
88378 99880
52663 93199
73235 98138
77779 99212
20178 39657
89602 92237
28316 31220
72007 74994
55709 80280
59740 95818
53040 54509
85266 94102
28960 49282
51648 87480
34113 34308
16244 61528
86028 86339
46120 59995
67162 82485
72523 97789
47244 75018
32282 78336
96586 99216
18205 25993
5810 63581
89749 95608
24604 80945
5513 78355
60911 65275
77051 92843
18039 76821
82699 89550
23006 35566
45071 85274
48372 60588
63986 90443
45803 77810
90623 95544
30267 95106
80176 80437
1111 13663
96227 99234
59646 66608
2080 70519
61275 99211
4394 95510
95421 96634
84435 95058
69901 91083
23335 28414
13772 94160
80825 98369
94686 98280
25563 54396
78573 85133
50183 84614
30183 72493
67529 70761
542 97203
40893 47858
90747 96709
85267 88413
98767 98806
15686 91009
81901 89594
98908 99080
74148 97540
98531 99607
94080 98951
32681 49121
65892 80385
51802 78529
90748 95715
80322 86011
69437 91395
52380 78676
91207 95167
69349 76930
9966 86845
4414 7842
7287 57721
99303 99651
20696 83547
14065 89185
68760 99182
21470 89958
18645 83387
30504 42988
38376 42894
78163 99975
78803 97312
22611 65597
25680 86931
29332 37988
18871 52906
70777 74832
31009 99600
88271 89507
80279 83996
97237 97441
32496 57190
92718 93103
3857 7022
99318 99782
78826 91800
11629 25467
85205 88797
96739 99792
65340 91147
86051 94730
63155 85780
63379 76118
37608 95726
90486 91702
35550 60024
8000 67950
74267 79567
14249 75819
30683 72219
18444 72218
22622 87609
49479 85571
19105 57700
51477 52974
28937 61948
91944 97837
96842 98199
41927 87209
19051 20232
12520 69593
74238 91131
75663 88922
32847 41983
96619 96933
88532 93098
35308 42340
13142 47971
62095 68187
35744 93763
90602 91293
2643 84790
59708 74670
96658 97613
80056 93409
87335 92541
60739 94695
81838 92643
31367 98382
68050 71242
70175 96464
49411 74175
93150 94234
52185 73869
34929 76762
86247 90147
42899 98142
65996 66917
17177 50398
49373 70317
34133 90190
51905 70308
65755 67684
50080 80097
60318 97408
20611 88638
40180 87656
53662 59327
20425 73920
23048 24516
14089 53278
63061 63128
24523 40302
75705 97854
44890 96123
10810 84559
92844 98528
4726 39643
83755 91492
14034 53051
65885 85372
99976 99978
47503 84484
5452 18627
79796 92612
79901 95966
7928 70263
18539 87749
32915 39326
20642 81466
18370 90059
60271 65725
24833 33912
86201 92614
34001 49422
72009 84771
96710 98620
55493 67272
2502 13819
25408 40527
15645 20651
47966 58468
7496 94007
7133 32965
37643 78561
10306 62260
78309 90976
43457 69886
63214 66401
34175 42354
13720 94337
14668 51659
57997 70187
31014 63231
72454 85966
24529 71942
98034 98120
55005 71145
84636 97407
93530 95101
42786 95164
70892 85977
2719 21772
48206 54684
53562 99467
30761 48272
7586 81518
86437 98497
94132 99133
96072 98597
41769 44692
81390 91939
10025 44080
84740 89052
53362 89207
1647 70187
91589 93619
31942 37427
99120 99416
37510 77269
23426 98707
42982 45370
7124 67532
78358 86279
19580 23940
87418 90726
46743 89840
40047 55760
9068 88721
49348 67588
96475 99726
62943 79450
64282 99789
33743 50227
1857 4037
51001 68125
18017 32256
4021 99320
96074 97269
5788 22459
27586 77886
30771 82303
66607 71937
1832 84342
1359 18078
71947 99093
49107 95152
84617 99782
79051 88166
90859 92344
789 2804
19290 98918
52016 91977
30245 31699
10016 30768
7307 76743
85022 93418
67294 70150
30012 54624
56686 99033
86283 91968
58251 67527
27670 57333
75371 92235
68782 72912
1499 17468
20779 54816
2804 60375
97599 98728
17280 51785
4631 22415
77015 84405
16335 57591
22768 63259
33063 68392
18258 64659
24040 35320
59312 81990
14997 58665
29586 37687
10779 90808
73271 77020
24042 65825
31843 34896
35621 81231
95223 96269
55788 88657
46560 70893
22472 77815
30819 32035
43269 49337
66869 78242
10898 15973
93140 94782
68845 83478
13291 41786
96136 98433
80475 98310
61420 73316
9300 46986
66828 88924
51182 60483
51953 72332
25037 85278
49871 73394
45943 59805
44457 54245
11836 55030
97888 99882
90942 97571
50153 88207
27130 30444
11621 52447
21470 99313
50933 93820
1862 48709
96812 99315
91310 92501
33151 78735
72940 76713
4525 50000
95375 96931
87933 98703
97504 97885
93376 98979
45432 53268
85419 97101
59966 64689
8495 12430
84329 90269
23964 51646
73255 78512
37024 67716
77114 88653
21056 97489
1543 29266
61377 77321
57060 94294
82990 93078
46954 89234
14884 98330
53737 72041
35890 72261
3232 43295
71269 92156
64758 68443
72342 81972
56525 57203
77724 97340
39042 43094
59917 62046
75825 80976
72884 83597
79040 89229
84126 84763
2611 27363
22908 26345
783 95790
47923 69636
81002 94660
40244 87965
17850 32166
31112 73588
76136 90807
85027 92800
15813 41948
60661 82120
58389 98462
12489 33284
18661 40799
71728 87854
28303 54843
99452 99676
16961 17420
93845 99574
71853 75838
71972 96344
38390 69934
19509 36059
53994 90455
12233 54665
28157 32515
15127 61368
40685 60037
91147 92472
96844 98549
83017 92562
53198 57249
52730 66887
69731 80403
31009 93761
98233 99384
51779 55905
45972 61991
55064 72657
24640 62977
15450 86695
83123 95920
89965 91075
72934 87494
24304 64789
18555 98160
31242 85651
67991 87049
28926 31217
89665 93586
6828 60424
44341 67365
2442 57305
59754 78577
6565 39373
6368 12287
97558 99317
97773 99316
1474 5241
36766 70545
8670 98399
53392 73829
35035 52270
23696 47842
22057 52100
54512 92206
51185 86914
80000 85006
5099 15136
73052 79047
56033 91464
33714 33832
7996 93105
85755 99870
20247 52766
77998 95216
16109 74492
1258 6215
15946 31698
98962 99805
25197 82610
24859 29648
13668 33115
60250 87318
58318 94025
66734 79474
21274 44164
6124 75739
25137 59774
40470 89547
80153 80929
75579 88727
45440 98420
56053 89234
40841 88449
60858 61280
78457 95886
49024 63607
91798 92845
89336 96503
73055 96258
52918 76129
23003 41069
68201 77445
81270 86195
88610 99037
66202 69246
17418 44075
71391 78328
73627 83318
92010 99364
24882 53794
19886 92168
67241 85563
3353 69726
26776 93390
84458 92081
68087 88865
30108 85000
56116 78153
7932 64630
30295 88723
18463 83330
89501 91201
99249 99748
36530 65692
24595 37423
79214 87853
5959 78771
17027 96402
12024 62825
72954 89910
26017 47424
34848 64752
20164 65613
91137 93039
80505 89709
46221 95336
6891 93530
51563 84982
34294 39953
13991 28126
52122 72674
4008 45298
26739 27790
66094 86438
4820 57560
71704 98330
48732 89485
57389 93568
89598 98369
12767 13349
87513 88182
49629 91035
74635 93004
89020 89865
92298 95969
21133 34783
21872 74592
94396 97948
76265 96754
26885 47102
53471 91371
37910 81114
3749 22533
67748 91339
96174 99677
42110 91960
91793 94831
24771 36311
32204 60725
89786 97024
25721 66231
22071 22282
9885 94027
58197 71154
50730 55975
16672 23947
75638 82653
91020 91916
51787 71521
31612 42561
20274 23863
96919 98019
2923 40746
85502 91270
51831 77479
75960 85127
25285 60875
42058 63567
54445 66136
54649 73841
53777 74551
6879 9282
64067 65517
30898 76273
59512 84613
20016 48089
14325 24880
78459 82562
1392 86244
1252 49701
44270 94258
36165 72526
18425 44874
1076 29221
29813 59870
65 6591
84931 99780
41610 61279
44791 72344
40626 51575
69733 83065
52245 98314
19072 89478
13706 36529
44394 95842
43446 88812
44443 51781
42908 73099
24988 45343
35442 68950
26199 47480
86979 87125
37810 91333
69032 82471
80138 90650
87179 90643
58146 67037
94648 95642
90172 96004
68927 92781
8709 40078
37030 54984
58719 90218
5676 31840
68081 91658
36017 83993
52837 96552
15758 20688
23036 40698
33486 69638
87589 91348
18535 99612
69500 85088
21181 96717
7080 51313
71003 95749
48622 75578
50693 70979
20014 84948
2003 57062
36866 66619
73501 78508
84064 91844
11008 83282
59341 85459
71352 75385
23550 24662
26282 55486
49462 85177
46819 61151
68139 82073
28530 85271
94579 97539
62268 82373
466 2652
29203 43166
91036 97248
81720 92720
82301 84746
26640 42853
33388 83433
18250 21724
91916 92971
55448 60639
7006 16497
69859 81206
88098 94860
43997 93253
6435 37836
26092 69688
23662 65239
90310 90340
22975 34464
40823 96480
62150 75466
38219 93971
6501 40020
39129 41273
52600 74374
90147 93766
109 62744
42889 82055
87099 94395
19105 75299
46241 73218
89932 92949
28003 28519
86902 89049
2889 27500
65626 89139
57316 71847
80294 88227
7491 86791
74883 93772
32297 89405
99537 99715
84771 93004
96595 98387
45062 67781
42186 54686
96944 97478
18489 87936
98097 98513
29171 44179
6267 97456
98674 99760
40185 77930
86259 96498
59463 97807
2221 74830
49304 66735
24720 38840
52602 68150
82494 86929
61355 93573
59905 99973
93026 94899
34325 75733
42905 45658
10667 18347
80432 81504
34356 69727
38203 68152
32563 99926
58636 62498
5210 66402
22789 97423
31998 34540
99603 99644
61314 87170
49670 68852
96807 97850
21508 44116
58990 67849
87494 91332
24218 40009
16024 77121
73430 78030
75498 79543
34774 59330
37499 77839
31464 54151
21783 79425
75095 82675
24160 33064
20271 75637
97048 97842
63487 65719
32931 64683
91173 97839
46699 89296
47580 77011
63747 95246
58757 86522
98867 99657
71570 86773
6696 57864
5370 53226
28519 74476
879 56233
66467 90575
4403 13164
99078 99173
15616 72411
46096 62852
21940 98486
38740 69754
73814 84665
43160 66178
92383 92977
78896 99616
38596 67473
83927 97376
79261 86822
43364 63491
994 57395
26449 26714
56270 68906
42667 94317
7388 73531
75133 76380
52670 80229
6207 10688
30439 79653
39712 49913
69499 86373
97046 99171
93819 98231
69402 84151
54075 63698
75989 79020
63922 98291
63835 95003
15257 81113
23726 25842
44995 65943
83129 99624
28088 96437
50041 77023
36164 38662
16978 26862
16540 35958
5143 88983
71635 77622
44689 60359
56266 69697
56313 62670
59044 89991
89905 94126
39639 68919
34247 99117
63859 88210
45534 81720
71288 72141
86702 98180
7060 37634
90947 91412
55879 74052
71913 99099
25094 33968
17428 32561
40366 88587
29397 70912
60184 99926
2416 54485
59724 82281
95693 96663
66749 87852
59449 66168
23858 67289
19191 58639
14507 20918
54343 62342
54966 93599
35860 52902
20270 97266
35403 68508
90245 97816
94475 98599
93120 98840
66558 72687
66054 68795
80445 97965
65840 75523
10263 77093
23352 40661
10575 57017
38608 47064
29974 78407
7965 86873
71587 86074
10556 52659
21287 91662
29435 83382
44141 60666
59703 86884
67176 96868
61657 95000
26887 79158
31702 41704
10818 76024
24445 47336
27241 48564
83299 86557
23519 78656
91602 95799
75519 98136
27284 90776
19620 56312
48988 77072
53695 74699
31419 35471
65900 82716
56389 67659
29830 94123
82041 96276
68986 86201
20378 21950
52061 96887
34375 48050
82035 93938
52129 81258
56198 57436
52661 93302
54360 59934
14066 92679
89338 94634
69750 89683
54531 77786
51566 82783
71365 72668
91461 99439
98179 99775
41684 77609
53238 83246
81039 92907
94311 96462
7808 28915
46177 80957
81161 83865
36337 40064
25468 66772
9505 83031
64221 83848
77104 86824
52428 72451
29796 40990
66658 81078
86196 98490
54513 73179
79114 89010
88299 95584
92933 96204
79731 95218
38916 90753
72222 96596
95745 96673
94332 96997
25906 99469
68601 73674
87289 92856
72881 98460
43343 58294
93569 96512
18702 51009
78873 89209
63900 91946
99192 99287
72953 96032
88385 98111
53372 78307
41372 79784
35142 35707
79653 88397
96151 98694
83129 92529
94703 95986
54569 83827
89781 98439
96561 97944
30711 89283
39126 64179
51845 67663
66105 81722
8190 83938
67717 83717
89692 96991
21352 82441
59351 94533
31150 70538
87333 93398
64090 69752
8506 74567
86645 89997
98156 98441
25852 85486
92626 94510
41408 80360
22756 32054
4665 48548
41929 75043
7327 25304
3799 55149
24868 66913
73027 83165
44838 52116
90187 98111
83927 91661
38253 54253
6106 56611
95644 99021
2120 41856
80438 84438
72808 85574
69493 82434
57539 87237
43647 73668
54860 56912
66348 94875
32812 55212
96559 99518
42706 90806
8042 60881
45222 88479
72966 79659
89805 96531
12860 88147
49919 85296
58798 89479
11275 63352
20306 90220
43018 81310
45328 62816
28155 92643
1866 43442
51602 75663
54862 79453
76047 89542
99684 99985
17913 49741
84953 86134
46999 79559
55315 71620
21747 75980
38427 69549
80262 92278
15499 67380
16769 31169
296 75045
43811 73914
56348 82633
3983 65260
75283 78101
62760 87014
12822 80650
8508 57458
93865 97277
17623 90312
18616 85790
19431 83067
19415 36935
12821 73229
48401 54044
53918 89664
36581 73704
90664 99603
87080 95544
3174 81363
35446 94183
57775 59594
27902 42609
4735 79070
16446 75375
94826 96685
40244 59543
81072 86110
61885 79754
92489 99750
17400 72556
74249 99457
10055 35150
83932 88871
60415 70415
54593 66638
3304 61541
2021 10543
67701 87230
8022 84029
85957 89090
47353 55185
48327 53060
14736 28126
78268 93586
78086 87840
19877 45471
11689 67279
34367 56519
21648 83601
83040 93963
33988 64653
36687 91590
99144 99734
33557 82539
97596 99718
33732 97796
78686 90289
5027 85367
27335 97464
22605 63510
67918 78027
54653 79391
95363 99711
47125 50545
70618 77289
84750 90326
5712 93676
85169 98023
15350 82935
67691 74935
4556 14032
71250 91823
89225 93173
78797 84168
79034 83187
38828 77063
418 55512
10909 65343
52222 86352
54442 73803
7366 47605
832 72724
34600 42017
22116 65723
41386 62187
64073 69865
68732 83363
14205 57360
43671 99697
16168 59286
76035 86384
64848 74652
852 33931
24995 87309
86696 95828
36045 52854
20503 62920
62962 97597
91808 99601
20339 50895
62580 65842
99982 99992
14333 19958
84140 94457
65274 75696
21612 84760
58076 85330
18621 82737
41381 60906
73794 77255
35199 49368
34763 99587
50016 80936
83025 89578
38467 39792
58991 86195
76912 87555
63439 98589
52692 68707
15425 78045
27626 98367
74550 81224
29598 91721
91730 95740
74086 95618
51382 84313
76527 81709
19475 98560
5868 93364
40041 42836
1843 22763
38083 54060
25156 57104
38076 41589
21591 84574
51477 55350
16505 36539
50314 97497
27275 83356
88641 96089
80249 88716
56377 79112
7750 96219
97817 99386
534 73120
38642 58682
70941 91615
94439 96749
48908 79762
28155 86893
28468 99369
24622 55577
7045 57214
59034 90203
17319 36396
93816 96390
45092 82442
52845 91554
5185 46460
13565 36018
17702 72316
61560 77797
63198 78925
3156 84346
86864 95557
11107 66720
24964 70715
50193 93493
71265 87449
37395 51138
31433 77044
76866 93947
74679 77629
85955 95024
93221 96135
47638 78397
36624 58092
75280 81160
8052 93735
27852 56477
57008 87599
69368 82065
63004 86408
95090 97290
87048 88786
34300 42284
45267 89662
66398 99931
51154 93972
24656 89536
23395 74855
52576 97352
59249 96054
81105 97440
50826 72083
70968 92847
19536 80778
98691 99359
62702 63601
61099 97973
3485 60498
74973 94629
3217 8509
25317 62498
67546 99926
476 46160
42546 55470
23870 99448
47584 82439
84466 86296
80582 83756
41451 74181
25192 41603
33378 47693
60084 89543
73085 82794
98911 99649
28353 70526
96450 99595
58366 94704
25980 45489
38904 64126
57560 99891
56898 80487
17714 70336
21763 24834
44734 45819
99754 99840
59331 96232
82543 98341
7537 48883
37995 70001
52092 54677
10580 85472
27859 32457
1657 96467
79658 81293
65582 89739
8455 28390
7500 42647
24110 76607
1666 6408
76805 91988
48040 48264
61918 82328
93242 97639
36454 98810
59271 69934
35210 73696
12568 63042
88752 93335
30116 55588
2069 4381
94878 97006
21775 98460
68473 99040
40681 96458
45433 96498
85591 93785
25278 45336
30549 37755
8210 79545
66376 86969
28041 68321
83194 98031
7249 46830
71899 77466
9564 17043
70288 95130
63249 78329
83569 91803
9674 89899
50701 71514
75460 92110
55581 59591
34281 97900
40199 69047
74824 81091
39833 53234
21971 78277
43621 47145
54536 88239
25974 96503
26647 76290
56275 99906
94131 95626
50257 99771
11755 69863
88327 91565
73994 86201
84968 99273
61218 80663
35462 84414
70982 96280
68822 76195
72497 75039
33575 84556
93843 97086
93163 95835
9730 76521
36051 40470
16737 94540
49847 70360
46662 80247
86142 97898
93431 96593
53385 74973
99580 99867
10627 25720
24581 91506
65574 92566
31853 71622
54635 69310
28119 48509
50408 86205
9594 82515
61857 64205
41734 49500
24900 35791
1838 84732
57044 89702
98988 99111
84880 90063
24258 97608
93036 94222
42081 77159
25467 76951
41335 79407
18523 92094
58942 82402
25884 38062
20519 88020
63880 74111
14221 93166
89297 98144
2233 93984
33208 99753
8995 47546
4860 24184
66932 98445
13051 56377
33828 65570
3205 68341
49637 65905
88869 90363
95877 96045
28916 81352
20112 48067
54946 69010
23627 96168
99731 99936
97537 97577
16559 35224
92904 98039
99775 99980
43854 81368
6914 22506
30617 80172
78520 81400
81202 83699
15314 96468
78571 98292
81426 89197
15244 86873
25252 45230
74506 82573
21757 93344
53619 98681
46914 92450
56239 71662
35662 46382
20236 99304
59732 83904
38950 43164
24728 99436
37910 86402
14099 14624
31670 81803
20290 59624
45684 46863
55827 87072
12500 44416
82227 82812
23512 45375
25306 57319
82573 83934
86744 89436
2465 72703
97035 99948
8516 54188
92800 99221
55997 85690
27434 29496
53198 95325
1304 32356
44090 95832
10361 57803
94685 96956
42443 79819
78472 80612
60839 96325
28848 68007
74446 81014
37606 96202
26289 40789
299 52121
85461 90467
28557 77848
45110 82939
47759 64951
17611 84877
94958 96243
17591 72019
74224 92329
13668 42362
16303 62863
666 40386
42407 78571
23588 40673
41823 78964
92464 95420
25993 49386
85792 93311
88046 98716
55573 72960
94629 98908
2152 52635
84115 97732
44061 71615
94592 98761
97863 97926
55147 65030
66540 97596
97586 99240
9295 76067
42794 48884
90120 96076
14408 18082
36970 83928
83530 83686
15866 97042
77142 97482
84075 84604
91857 97571
2349 5295
91688 94206
46098 88937
17060 19378
65017 65205
38646 38700
26520 99811
57140 70293
36836 54477
25891 26809
91595 91930
83839 94483
18741 50348
36106 95472
88086 97637
58574 81360
52474 63969
2213 32518
16585 97802
23928 32434
31483 64804
66628 98229
96849 97681
93988 96771
65856 96636
76220 82031
75618 94842
18018 54791
78854 97803
72264 83164
1001 36748
70774 72489
85053 88452
6295 63687
23128 83382
69697 73308
32834 71849
40813 55164
21 20748
13031 59076
24872 71449
6721 27091
74987 77698
1010 70120
79722 88490
18707 55712
23574 77071
66869 85261
53398 97256
78026 79863
16697 39393
41902 82847
31470 32239
52870 70296
2011 26195
90342 99396
27297 80435
62801 79119
34541 74612
88496 90526
9359 31174
84969 93511
80479 93528
15986 67437
61490 78910
70952 76985
32432 73567
51295 97158
42764 73724
18972 56068
7250 69973
68427 92478
73547 92949
73710 87860
43446 92674
4134 27831
84194 92105
26118 70112
75863 80375
62964 71088
2142 24986
47245 90926
89479 98539
44028 91794
21501 50347
24774 74651
13794 97483
75795 89500
38691 41126
64164 77566
43551 72334
69463 79614
76909 96415
23673 96145
18903 54257
15952 21263
26913 91970
89654 98781
89812 95535
55802 67393
91423 91513
37938 47678
33588 88041
63090 75840
67014 69519
92065 93583
2561 22426
73221 74722
89696 98758
15826 23740
36322 78420
20687 29908
13189 33384
11418 57172
52550 60136
35407 95289
62373 78242
80177 83579
8641 87345
99862 99902
70561 83019
57554 78091
42477 90516
56468 57135
87270 90379
97364 98044
73128 78227
21437 61530
9746 81762
98499 99402
66941 75161
99155 99672
20832 65031
83608 86431
62729 68223
79156 84315
30840 53655
76239 95674
31632 63633
94554 99018
83354 97986
43201 46059
50580 90231
26627 98088
69804 86647
5361 86083
43297 75358
16399 18823
80703 95988
89883 93633
17521 36979
49444 83219
5036 57453
12174 27235
85890 91578
81685 90325
4557 48200
55880 58562
81612 83044
7676 23700
77943 94108
11708 33541
20425 70652
87567 96834
27976 99410
27660 41122
52578 80368
80428 86116
1730 68105
66091 97278
82715 96292
77218 80053
77995 85877
1386 50597
8528 58835
21967 96204
25838 34143
85811 97089
52214 76778
29948 40374
85034 90896
47320 49335
45755 92483
44422 98630
33368 56255
77543 95431
88139 97853
25780 59582
87538 96273
6245 12888
80405 99685
10896 23733
78323 96652
41506 58050
29894 92444
27725 65040
80498 93157
98049 98317
26351 60601
68385 76716
65449 75583
20093 46200
18283 43824
76704 83158
76258 88326
67807 92686
93373 98507
58198 68857
35162 45808
78844 94476
27097 77261
88871 89795
30144 82103
13019 85590
80348 80722
99787 99878
56187 86756
66667 70570
75342 81547
85227 94949
85982 94693
51480 57720
45191 63649
12120 20952
99050 99098
38288 70863
86468 95516
97732 97858
29762 49314
89630 94748
52116 65311
65920 76725
59378 79768
14168 33285
67896 84931
70192 91048
98316 99633
57727 98816
35736 82195
60271 68235
97147 97782
34933 40998
35897 39567
70940 96693
51081 93722
34499 40402
54488 62644
29850 46678
92631 98391
16514 24104
41018 48925
25822 63250
92027 94362
5310 66296
78819 94572
21821 80361
79923 83479
27304 89938
49710 86678
39879 88284
52789 62387
11703 18859
27883 97712
35190 99353
40550 44103
59442 75150
90829 94437
28392 83787
60263 71503
65361 66120
79757 95835
27661 93632
24575 89854
29226 82981
57019 97763
62877 79909
53227 90352
78987 86804
59978 77761
41963 99774
44042 96796
52238 72244
54419 74547
62186 85335
44373 77430
19004 80353
71039 72787
42679 49386
60965 65576
86894 88465
97889 99223
8696 45457
53828 76631
15466 25289
59967 93162
53092 82819
682 64810
55363 76521
14623 96336
49180 70481
29434 81066
46809 83762
87054 94695
95829 98050
16093 67155
67488 99801
84904 92387
539 65695
29097 40026
44882 86646
6894 84751
28165 70375
74963 87958
80338 89574
31713 48845
1591 7690
71800 93057
10093 76119
92731 98603
75927 96177
72611 91126
99084 99445
57243 65185
41055 50073
28207 87460
46157 96483
45250 54427
85581 98543
37585 79953
88930 95550
54681 96702
44966 65351
53231 86012
97575 98096
4110 11798
98495 99807
90107 94867
16176 85075
25969 57121
87452 99045
52705 79324
62357 92381
78160 81833
11186 13350
58146 75815
41834 69053
37435 86780
38130 56385
9271 27708
59618 78084
19148 55916
80489 82206
30551 31585
46051 76851
77294 84616
25773 36214
67799 97652
96355 96841
60771 84616
65634 98275
99568 99816
8843 28236
65002 73469
36307 52611
55631 80278
39832 76279
16464 76180
85051 87140
97427 99418
35296 47660
96218 99784
10609 49896
39587 58185
55717 56088
13353 72952
60911 70423
78294 85151
77604 78445
51445 88851
59287 99114
47263 74041
54003 87580
18671 88425
96966 97875
18858 49494
8941 63865
51475 67954
74623 86760
13847 60952
37601 73557
28591 34305
81131 99973
34052 57300
24150 49412
2281 40368
7769 86305
79285 82440
5681 60993
6444 66782
59868 79138
92932 99154
76701 91923
8354 59900
69788 96266
67629 95506
25512 67416
19885 67059
69617 81815
81965 86021
89143 97879
11331 94907
87355 91597
1400 75385
96319 98764
65425 78940
57697 74489
5024 31732
62905 96655
21686 96916
14287 33063
93715 94373
29170 84054
28373 34513
45819 60812
64715 96652
12878 71832
12125 58108
55832 65118
54748 98157
28906 86709
6207 75526
8860 26696
61559 66161
62634 83192
26520 45931
17129 34911
68667 70696
7254 51877
6997 30867
55233 93441
26823 35375
34525 47478
69257 74700
87697 96968
87835 89244
29040 75046
940 97211
48917 93831
52404 66138
47821 87750
44648 77342
16003 42228
80708 94385
67638 90913
97994 98631
27913 78996
89151 94836
38223 40037
89976 98665
26917 92377
42465 72717
91013 94432
43966 54014
35966 46028
60246 84007
20246 31271
82286 82993
62 8757
42505 44959
16352 48075
68457 90898
86658 86668
79938 97852
85828 98080
23481 89242
83723 92280
76275 91774
74828 91940
96963 99812
41798 93994
11684 78682
41349 70302
18989 25885
32697 79115
68923 98246
16424 62370
99326 99593
1458 22429
83271 95984
52149 62617
54160 62967
41388 51403
40071 93850
66377 93195
1935 27202
69635 72078
60600 70104
4020 14432
25678 73431
23514 79225
50738 97846
52698 82714
45745 71095
84486 89280
29113 92782
24388 58866
78216 78517
50937 96810
47727 49150
94774 96168
65309 96885
47991 94595
18713 54041
30740 87592
22497 57835
82252 89001
7704 7919
38478 59261
96326 97321
24544 63440
14474 56386
4378 10771
43961 57302
64194 77499
91563 96147
70360 92071
60301 95915
60540 65084
13455 93125
63182 69214
95200 96357
46889 55790
9958 57788
2898 99554
67887 92149
64577 74779
81503 83045
97130 99367
18463 38500
53229 82714
24618 92081
19958 59441
82790 83399
98334 98531
32261 32402
15501 55942
5192 77488
29885 32916
51240 86279
70808 84039
87988 94304
99828 99978
51182 54397
84203 93452
29144 89142
52095 85157
93880 97611
84726 89999
12216 53553
46171 67259
38759 41871
37380 77323
34824 77537
78490 85352
81347 95452
76593 81392
85469 98422
31692 42949
23201 97138
94085 96036
92608 98678
97932 98806
89351 96859
54967 62566
12189 76788
86937 88678
57137 78158
75480 98109
38904 53770
64285 91555
70488 89370
88284 99570
25272 63471
49729 78729
81769 84568
97786 99987
46793 83369
69202 95782
21887 75540
63131 85900
77513 92798
56763 60300
43298 46915
17727 78138
30603 50130
77799 86654
31602 33603
62833 91821
29613 63147
9631 81783
52605 61675
83090 83755
53452 71764
39928 63921
30101 32669
41230 97984
71608 72868
62318 92977
38 63741
15133 58387
24725 30536
19723 52214
8814 83044
84891 89179
43687 87817
1748 51517
86531 93892
67686 96199
22235 65871
52990 76986
82448 92785
84513 89082
31561 94498
3555 9741
12697 26178
17143 89406
87148 94169
54966 99011
14568 22905
88403 94980
89981 96263
93537 98633
23351 66832
34374 53930
98201 98447
80779 91594
82629 96199
20175 26698
36043 87236
19655 68919
72007 82476
27326 32597
78979 93258
47612 62101
222 2148
68478 72401
64829 72265
47907 50570
51621 74413
40187 90272
91979 94191
56120 60826
2997 15277
94501 96536
66530 77198
18089 42852
29735 39664
191 93273
34594 45999
95216 96018
7670 35200
448 71103
80555 98166
13844 63172
73985 74406
59835 85962
54894 87478
21971 96205
32682 76130
61724 65191
56799 78114
1348 5633
79548 88087
30226 44871
23140 95121
5237 15113
57991 72371
80177 92201
62574 89917
72137 76669
68526 77143
70457 88794
71791 91463
91792 94786
37727 38132
75772 98089
27443 46968
5278 77403
7787 35952
46415 57882
23159 82294
81753 85475
7344 98693
29065 86724
75095 96540
80115 84178
7190 28224
58679 83304
82406 83786
34733 52280
15816 45087
65686 69157
8455 49151
88569 98256
16250 25116
81619 91842
70925 84015
10258 58942
17581 20236
33257 71547
86662 99369
16325 22151
37168 43168
93991 98648
63040 79497
17469 57666
22703 89778
28065 52865
73440 75925
33701 61945
39180 92611
49653 93994
99501 99551
26785 29611
9940 52495
69153 73131
28166 98029
57480 86835
97171 99728
53627 98292
66633 74434
72556 89181
87821 95550
2313 37310
94742 97259
50975 77592
31177 82349
64767 87168
51250 85496
55544 71157
8560 91750
60067 84477
82986 87555
38307 72413
91925 98753
76591 76853
89061 92499
12962 39702
79447 83072
87168 90058
76412 87620
46500 66337
34185 71640
24831 96805
54077 80016
79022 89485
92246 99751
49295 77020
39703 42824
28901 93515
78297 97018
89853 90865
86898 98135
50737 74514
56073 82794
72434 76625
63513 75019
10999 94442
71887 99282
10141 67166
34687 58133
26677 88557
21819 35484
60261 60832
51037 51197
46021 77176
26711 82322
66057 87499
48708 57540
33293 48900
22443 78466
73722 85042
94855 99459
59289 74918
20577 54645
71287 97105
30636 85650
63708 64195
540 79946
55633 74571
85355 93314
42694 51304
69213 96717
95559 97127
61378 75874
83548 95682
72502 97310
28469 96979
30549 41259
89161 89860
32407 57212
40223 67129
15728 53882
96094 99831
29367 72383
67365 85535
83373 88783
94261 97227
23807 30757
66492 99901
54026 68600
27126 52138
93732 98243
9428 84053
89781 92961
98361 99185
81939 91453
31354 95886
8249 52683
52900 89016
81085 82166
55763 83821
13105 29951
78311 85066
93532 95130
53879 59058
39561 78557
59226 76961
53604 78091
3723 69330
14817 76269
88438 92507
93190 96026
45520 57070
82439 88171
29591 39065
45682 69089
38673 84962
14576 34013
45959 69331
47192 61552
39850 85267
87189 87670
65470 97654
81837 90213
34782 78146
41543 95013
83726 90706
45356 47379
35183 77959
99556 99834
14554 85050
22562 28852
86424 91057
60652 86691
40372 69583
69861 86184
57613 81265
90414 97298
33145 84869
67873 88820
54664 95827
64308 93010
23966 56303
12417 27212
25513 83436
21516 93107
35552 76055
34517 52258
14118 90834
87492 95678
10188 24377
60238 89841
3318 21899
34802 93884
51091 71866
83501 94671
75751 89613
38594 44432
14431 63232
12696 56999
20893 21810
9306 55056
54058 57086
18227 95314
53673 87499
88242 91622
68258 71521
77667 97469
29909 35026
36769 85057
48842 75223
75218 76828
67114 96451
50929 71493
7416 46418
25897 64676
6045 20818
94193 96825
19034 27147
66921 70026
9849 54693
83293 96897
54152 80974
88116 98660
62242 76823
97624 98897
21686 95429
66986 90380
53496 94399
15711 30190
61358 94790
60724 90170
48720 94723
69484 72748
42971 80125
57504 63087
55931 64321
81734 82773
33143 46833
96761 97678
32441 94109
98611 99675
59258 65988
74022 90087
81905 88445
75827 99798
85810 94170
88825 98865
64572 73695
42073 48556
71018 77291
46032 49638
48791 64566
84112 91740
95255 95918
57663 99232
67697 77117
41550 94668
72997 85617
21136 71706
55852 66587
60690 94844
15904 41056
27798 61127
53900 56724
49782 69193
32633 34416
98262 99648
65995 99488
44321 99575
62887 63517
69314 76660
17849 92070
29745 30065
33160 81894
95015 99114
11494 31723
14912 30964
40472 88166
93193 99562
22745 78568
5902 70494
1970 84087
60629 98293
98399 99680
81415 92886
60693 74406
7794 24362
88054 93651
80896 98657
7213 92346
6895 63756
35009 67930
9960 80814
12202 86326
55159 62547
61263 93706
72579 81295
80885 90908
26091 87971
17448 67888
50534 95979
40607 66140
91794 93310
73302 77021
65962 94841
13685 34480
38401 95674
11219 35192
46876 70580
80774 88884
69252 74301
35740 59107
87155 97349
39131 78324
46915 92403
84218 93618
27561 81622
76295 91991
68052 80093
6323 67434
49270 70271
77435 92587
15102 99964
17656 60237
29991 42926
69647 94112
57888 61377
83178 91113
53641 57631
46137 76410
17488 39129
23480 81685
44074 84110
37705 88327
36702 63172
78697 79233
7387 93745
57955 70031
30783 90571
86824 93605
7898 89486
99632 99907
35093 89789
89747 89821
54232 62381
1809 2668
2843 34937
96819 99664
85981 99410
74636 83359
4968 46330
96363 99489
29800 88053
18415 49483
18447 49951
5345 12803
64749 78928
79707 81946
45498 52045
21062 31292
89789 93479
3977 96253
79637 83590
73876 98758
98721 99465
16301 24640
24287 73646
50101 54498
85615 95759
48216 81398
47459 90315
6552 25356
62652 67582
94400 94426
45151 87441
43335 91227
44210 51923
64087 97131
79920 99815
66475 73877
25762 80235
77971 99570
92628 95196
99583 99835
61947 85686
14816 44229
64035 70079
58764 79773
84435 98677
6433 75181
94159 94520
93102 97823
6310 57929
90711 95159
31184 39273
14088 67106
63637 72347
48458 90943
73464 94894
42544 93826
82048 83192
28101 60540
56146 73181
54715 76911
32068 91144
90070 95563
77223 95572
67167 87820
48676 86500
28086 93237
35433 61483
44308 97898
18494 88969
48230 77107
61727 73628
95560 96783
63205 66806
19693 68180
17250 31947
7354 17862
93235 99265
13372 71453
44126 51907
501 19610
80708 91142
47824 52352
73381 76228
17272 40509
23236 28503
3999 16817
80234 91437
5434 78565
87469 88268
52271 72417
42633 64078
8212 90943
69181 96251
70672 72975
46626 64197
41193 69530
35895 96457
80221 88750
24466 67176
34833 92840
32565 99452
54987 98002
41960 87296
81663 99389
82520 93100
12789 73283
53195 81399
16576 82861
99376 99709
58682 67174
74164 88848
93412 97662
72960 82302
66416 73840
17842 23143
20432 31122
15187 22839
87056 91876
55479 98736
74382 85300
63824 75131
8201 28820
76485 95158
56099 67830
69702 75589
678 16036
57928 60938
66969 97847
92137 97312
85598 98115
29992 72286
44956 49891
37927 97852
50244 76972
71693 99167
16089 95920
4334 9088
32702 87963
79019 85309
17401 51474
37242 39989
64370 74288
58060 87735
92479 96211
78918 90946
25183 84089
75794 99193
66100 85109
3189 58938
88870 90829
24588 88452
28584 82100
55127 85250
20632 90710
72734 83065
41236 54649
64265 99686
63714 78682
85036 96505
47354 74586
27058 93985
73172 84865
68105 73357
66861 97801
23905 56899
63338 98167
96221 97093
87258 99743
43344 99154
10124 22409
10345 20649
81856 94041
4017 77484
24885 42641
10783 92536
35517 78189
38237 80277
1137 5226
22228 98194
28670 56343
13665 66617
75786 83727
43855 69716
16824 91182
75664 89916
64078 72139
18948 27005
80154 86045
7976 8349
23093 72535
54570 82704
74160 76945
17693 38706
99957 99976
61038 71139
63899 73003
86469 99475
51649 63203
46424 54733
58095 88078
96196 98018
58737 94883
42541 89881
41746 48074
28350 49863
83500 86207
44809 62994
30640 52843
63207 98561
16489 64807
33463 49293
38288 60768
49922 94301
46714 60221
57684 60519
86583 95479
16588 51265
77744 86534
67428 76930
89536 95040
78364 85202
19309 97995
72461 76906
64191 96012
80886 87988
51169 58500
25870 52529
30445 63923
90607 98866
3688 94408
41479 92656
61426 78071
56688 77796
7706 97274
18411 72910
57991 63648
39140 97091
16552 72567
17283 77478
46610 75307
23396 50116
45381 55172
35148 51548
56136 83998
53638 62571
62415 90454
71882 74623
39066 98146
2629 85891
72301 82833
57769 90915
58794 78199
22955 70658
41977 65580
12002 17204
57808 85076
24415 38294
31535 46287
8644 56850
79489 96146
40495 87512
70330 72143
83494 90528
33682 45619
15324 57434
35585 45735
35402 47794
79482 81412
54091 59929
77494 95271
53619 99001
78771 89379
68080 98293
54890 56011
25005 49368
57996 75317
4573 35438
69301 70534
27115 83328
85010 99734
47215 97073
57900 85870
78527 95117
43217 62584
2874 71474
17484 30858
70267 98428
96932 98764
98431 98495
1686 68599
40397 71830
77227 92991
41846 60308
60359 89191
41901 67956
62482 84278
60654 82500
38760 95179
65946 95784
17141 21921
46515 84402
1066 23838
19490 93198
84625 88587
45224 93192
87611 92581
92499 97529
13654 80123
50124 53310
62070 89770
58662 63679
87181 97529
49913 55803
3261 74608
8247 68625
86658 87993
30454 72800
73967 96335
78058 92615
2420 10977
65857 88144
85317 93368
41308 72766
40728 67647
35456 75783
93183 97522
38174 47692
89845 98647
76986 99667
8963 29695
49558 77669
28184 82578
55471 89472
98256 98548
39691 70733
65289 86252
5267 47403
75808 76925
66329 94635
16199 16883
20868 23876
41247 82296
43421 89395
18593 25221
89231 95332
53271 94902
64527 69088
1768 46883
7084 92046
67016 77819
40643 60113
53088 80411
37924 88403
25505 79007
30403 65678
78300 93365
45144 65434
92851 94556
72008 99373
71721 84757
23948 49882
97022 99764
67788 82776
3185 65548
59890 77224
88863 99065
65785 66500
50340 57560
4291 53768
97649 98467
21785 93030
71634 88498
33420 48761
40856 58522
16992 74463
83652 87595
17109 74458
26482 47786
59870 99874
55044 78452
12446 73002
79288 82349
95850 99080
20084 87676
8854 96451
69313 82901
59192 84582
51381 59558
36156 77663
14606 75538
29876 53653
52562 57345
73231 82066
28313 48018
94795 97241
47475 92270
77279 82834
16277 40420
27914 39330
31110 61796
77464 79479
6140 31460
99145 99154
35402 65146
63112 93185
57132 61042
63590 76080
26266 28353
21621 50148
53619 96326
48548 50235
18448 41223
48519 70628
70622 86207
89105 92223
93597 95522
13963 67666
12154 93065
38997 79968
63622 81879
26339 40798
70270 79986
44114 54917
34464 41180
44266 45855
46248 78475
26615 60160
99537 99758
80228 89302
4796 28969
65847 97288
72363 96665
9457 38676
79186 87322
47574 73586
5260 70680
79468 82144
53925 67496
81622 97975
10331 73449
20057 47456
38985 83344
46117 93489
71578 88090
64947 67925
80542 92660
40339 40943
80773 92612
10191 78268
57203 95276
68947 78102
71067 96503
68800 79076
32355 71662
7108 9310
37268 59895
75550 77003
62946 73465
46122 96487
9014 45576
49827 86196
66857 70905
58689 80105
82385 95562
40304 86485
26487 42964
45973 67241
52474 95370
53844 72654
44265 74894
33274 70219
69432 86040
30514 58136
88904 90548
77658 90115
8966 50590
52638 57487
32293 74395
49838 71831
96581 97943
30411 78846
35650 87813
39899 88372
60521 87568
9706 61899
10450 41043
6787 79420
87344 89792
35361 51836
32308 86702
1023 78215
83524 96415
40060 95508
84872 92589
95107 96611
10671 84112
31217 59540
72915 80063
16809 60997
13625 83682
14364 89835
99336 99772
81693 83602
70630 85259
66036 81866
44864 89435
88377 96477
33338 77442
10726 52049
37782 99651
53595 82021
91613 98830
40807 57452
2238 75897
34873 66495
29213 69427
27509 28671
4613 30214
71932 88419
55534 89027
17645 69232
2779 88233
22853 24087
2662 84960
89619 93337
61418 77367
17586 91263
15312 48902
27611 56067
70478 94112
3356 4240
1892 41360
93943 97600
63864 99680
87879 95773
55588 65278
59296 97739
93980 97016
17786 71035
30656 46210
99495 99657
91901 94446
29990 72185
45039 70502
21570 37611
87981 92599
56761 93070
25235 68892
34318 81467
36015 48490
32676 70447
96251 99073
35137 63998
68338 87590
57518 77476
73285 95631
97671 99711
78768 84832
2740 45552
59044 64909
44876 57912
12510 82734
29228 88489
64082 65902
16446 33026
91634 95477
13018 81406
35528 66162
41949 71496
85800 88296
45825 69420
823 95332
46273 48093
98348 98374
71982 75167
22159 39388
93842 97141
11571 20624
6179 85711
92401 93308
77312 83824
79641 85774
50818 96053
25368 61444
5216 29333
61683 70910
58794 75893
23821 25988
12633 93728
61462 67401
32715 34161
91226 97681
73045 96874
19313 57379
28573 32722
65536 86367
50537 78399
59150 71519
60143 73423
65743 66131
83207 97145
97100 99379
96178 99630
24756 60678
10607 53527
66948 88757
18848 24319
49449 57147
33765 51974
15530 31067
31496 99616
84910 86213
48112 58828
64051 77942
50269 51132
62047 79255
92891 93222
95262 97940
66881 87404
74726 98782
30776 66190
39912 80865
59942 88341
62671 97163
16830 66723
55947 57273
71594 80080
40297 90370
83323 93712
36567 78521
19307 99231
47095 48164
71937 84769
319 55065
51928 59397
91853 96699
73278 91482
54637 57977
72298 97031
40884 63811
52100 87032
19979 67104
76805 92174
73883 91400
49176 81358
77243 95933
72465 84240
2627 91164
66726 96180
77805 82768
2262 30369
49579 59140
10912 27099
79750 94592
17567 19303
21836 91302
19914 38377
8178 53441
98689 99302
35951 46829
58893 69795
435 90948
91118 98590
2767 76330
2528 87213
11999 93954
53357 89531
66545 90094
62254 93394
14086 25374
82174 93932
78288 96371
50133 56629
33798 80181
61198 81403
59405 73587
63801 84182
55605 89729
17801 28386
55063 74687
32079 76143
32634 51889
91247 98241
64259 87159
80136 93892
52318 95290
59506 79792
95601 97289
94406 94420
15181 64317
57745 76766
33575 44725
57228 58824
52613 91893
6219 27319
97215 99152
34691 87434
65487 85513
28834 90710
26529 66829
30030 85749
52702 90540
32265 65532
58094 78113
94510 97200
54873 69976
87056 89301
24003 61277
43565 69480
22688 56988
21262 59727
68857 88508
32664 49227
98342 98889
45487 88769
39420 42957
50775 69060
33563 64098
86853 95849
18582 97524
14802 33536
90016 96604
73201 93342
2224 54557
9917 22527
12002 69370
24674 70444
95242 96497
43198 65122
67602 78020
64170 95744
17708 66160
29392 90302
15933 90074
66605 80438
98688 99527
11415 62619
17650 46691
23279 97478
58379 74111
79031 93871
44867 77206
31986 80908
5141 62293
90012 94867
4616 53083
32066 62925
50849 99872
2373 60246
19635 49662
42159 57043
65846 76027
61559 98250
93992 95877
96520 97090
69100 77103
5570 31801
32023 56101
36246 82863
70909 83886
74490 84961
78088 86236
13464 94821
15965 78727
33350 76497
11821 26337
52941 86485
94084 96518
30161 71829
13966 96568
91885 92868
8307 96637
21900 24556
42972 48138
90741 98929
33539 47308
18299 79381
15104 59978
94847 95089
34012 97405
30995 69532
96550 99826
36914 85535
20306 80150
85304 86644
63386 89016
94028 95038
68198 84044
7680 45675
34645 76158
33988 48502
30850 70770
20193 20453
34409 98855
50452 89780
96489 99121
39327 98169
30522 45622
64175 83637
87469 87995
67580 97652
26345 57147
90987 96177
63355 84371
40327 43199
5117 16380
17526 79831
66756 75040
45794 65850
2185 99153
79944 81254
22027 33170
65910 82761
72919 87519
40835 65258
5186 33869
30194 81014
62457 68468
9477 24250
4804 56548
14364 60333
63331 86674
98388 98941
5248 23342
63608 80961
63750 64182
7444 8796
38031 57343
67432 97975
79243 90206
36932 79217
78726 92641
35455 63652
99977 99995
40453 50204
89994 90146
10988 61905
25611 84618
54422 59303
13735 41139
84833 99555
59506 61259
71095 77751
57476 74044
43508 96948
79040 80280
80343 87003
97387 99756
8019 47872
8730 46775
29115 30194
38021 92219
72583 75389
26983 51289
87644 90986
84850 97156
36800 65866
78191 95026
84030 87341
97321 98096
65388 78894
44631 84326
9878 61181
23180 56505
66129 88339
52614 94336
18750 42185
70895 72592
91956 93526
10230 66352
60464 73700
78776 89760
68792 82632
5472 35780
26933 61440
55854 86917
35415 69951
42438 95319
97875 98136
14472 63725
14184 67610
78730 96337
61224 91392
35807 64025
72354 80556
81900 91455
73579 93904
93494 96442
92754 94894
9296 60908
94973 95934
57460 83723
96011 97479
80361 97558
49305 53396
96234 99617
62876 64343
98609 99178
18769 63643
80451 94510
81828 93652
93426 97061
6048 98097
62586 88293
98480 99125
19193 60588
23279 48970
47486 67980
99884 99989
46522 64766
88927 94808
63467 79714
70998 92630
16991 17072
22693 70924
95033 98382
15615 87354
26329 53822
20507 98531
76774 84728
38608 96223
15283 66937
47255 76227
13639 82390
49528 61532
3707 23648
13641 23239
10784 59317
63624 82942
35640 91436
70727 73860
20703 51234
10682 75849
34143 77735
30500 89132
15664 72507
76183 88810
72026 77287
54902 79716
66105 78563
71046 85734
28995 88919
45114 80217
81217 83477
57489 63625
74031 88921
12380 76542
93086 96188
98225 98821
197 45641
65849 85484
62611 92037
97988 99861
46671 89740
26414 82789
138 32011
59600 69064
985 44255
748 86974
20837 79729
36314 47463
30016 83889
3686 34392
12275 37024
70151 94804
67342 74615
68136 98308
87431 88711
51154 51304
8031 25610
14971 42923
33221 61928
258 44485
81168 85930
39776 76257
99463 99707
38379 48888
73933 83075
84237 85145
30833 57606
77897 99384
97582 98444
35176 83496
77335 86831
11058 26389
75324 86368
75270 76079
7876 23015
99801 99997
67000 80552
72482 74227
52383 93107
7330 54334
79708 83061
77066 94947
76551 94883
96437 97643
33874 52098
98147 99870
10649 41503
64177 69042
99365 99671
70648 96882
26692 84596
15109 61051
68476 73863
29744 34775
91692 99061
99389 99759
91232 93996
29280 71728
66365 83620
98289 99825
51007 79415
32667 88521
51181 63111
14230 96510
2001 95313
69403 76802
56753 82136
76452 97017
55961 82612
74206 92316
38017 71429
44671 73867
67298 96619
50652 96756
47365 73189
14249 87922
88784 96976
65862 68940
1914 5287
16964 24575
79372 79939
94346 95764
85509 91075
58412 87865
45315 68889
53500 53993
8741 68323
74643 86782
14921 20736
42794 79846
73004 93530
20466 70004
69928 69945
69823 82502
82507 97943
91330 92488
54115 71795
56215 95536
72976 96946
78346 93712
76827 80524
69136 79526
857 69699
28061 48278
13299 37296
82203 91142
53571 58725
37865 56171
19182 76716
70134 95653
80843 87594
16115 58110
7777 94997
20289 99499
1540 48877
85143 91920
75886 88870
54739 81366
47646 74753
57529 80435
19286 48414
16503 58172
93821 98854
30655 92304
86516 94890
14493 87811
47126 93329
80096 81495
78279 86856
63336 88895
19618 57420
68128 87487
89116 90385
20362 83550
53900 66425
34325 52924
99913 99982
97391 99349
68034 88079
83030 83519
74568 97362
78515 85857
36090 97824
56545 79183
29285 60695
96134 99146
88 93501
81275 98878
85502 88774
92149 97846
21989 72614
19867 58011
52852 71839
18561 30932
34924 96867
54891 65045
69743 77148
71448 85443
43531 52787
49578 96673
27301 86850
63993 85564
7526 18183
13784 16829
85468 91277
8515 96692
53204 53964
1368 75639
95746 98200
7732 84239
67082 74008
4603 91099
97963 98337
23066 77050
74202 79740
63233 87263
89018 95797
47155 78706
31622 49724
90724 98027
48642 76012
10504 75934
73352 78650
93360 99768
63945 84003
5037 54802
4802 95039
91296 96684
50725 94073
44629 93246
73981 86970
77595 97694
21563 83845
85400 94271
48559 60833
92274 97745
48182 96455
86534 98634
7885 81508
65365 89368
40589 90019
10109 39996
52655 60245
28986 56410
47317 68969
94746 97043
19009 89548
9778 39945
1386 14632
13979 88965
59289 66141
78391 81871
8762 99811
98428 98900
67012 71751
61321 67729
4109 84340
54591 90196
90824 93493
32716 34787
1314 28365
51576 53689
50150 78345
81621 91411
41295 63851
37658 64455
23838 42867
93331 95993
83929 85530
55719 67774
36851 87895
26955 39196
97114 98594
28345 97866
66256 86365
4704 86999
61917 88105
25500 80946
30986 68599
46989 52559
56975 68873
99670 99690
24145 81460
15585 59187
48326 82686
79657 93002
36869 92782
46598 97499
4253 59164
49446 55348
98414 98554
50115 92041
14870 23332
57138 62853
16158 82694
19384 94954
38028 49845
65276 66205
8665 81166
19517 72811
54127 83681
85926 91940
97144 98896
1266 88575
39198 68139
16757 84231
34867 62769
82468 88781
5635 64097
73130 88269
45800 64822
50135 75142
94890 95873
59996 99913
48886 67812
45653 83987
90234 98851
7603 54174
10959 88122
17188 77008
30071 46171
95616 99561
51717 97495
19830 21294
12351 42170
91777 99803
71983 82905
54745 87235
51395 71954
77872 93518
37960 94881
37411 53130
85721 94886
92267 92387
49216 50148
43847 88822
19995 37729
16303 24382
82020 97641
90952 96668
47838 79731
96914 98068
33698 93501
21899 35705
44596 61302
64360 77953
99888 99952
46066 70843
28467 47211
9526 25597
78811 81069
88139 92265
71447 82559
94906 97730
17781 45426
38764 59006
41259 75157
86095 99235
86626 97719
99519 99771
21042 98367
72288 74090
37384 87740
74687 95099
67838 88445
23201 32005
29967 48591
55761 74265
86151 97460
35660 59994
57589 60560
5604 86908
19960 53830
61549 70140
57632 70249
71628 81310
40523 73273
11656 98310
63942 85717
87568 93346
71918 90724
68585 83559
22901 48959
15512 40935
9215 72877
73875 95559
29965 55254
40916 48349
23771 56636
46046 75184
6443 32711
95299 99974
94412 95738
9807 19325
98222 99739
16180 25388
83152 89918
62110 66325
85720 86165
47478 58386
10734 44137
6794 34157
34659 54362
77272 96779
1863 69110
49556 68629
42170 64924
2848 89883
56078 83485
58200 81592
63435 90355
91226 98140
69620 98726
15834 44137
30543 65809
6558 36386
49611 80264
37920 97852
37257 82848
52141 87145
8455 90333
63390 97886
89625 94210
41373 47489
11984 39501
51882 99183
73797 88892
15873 96667
51447 69367
87946 90719
54637 90716
23416 96808
715 35534
97145 98581
26698 59731
17574 41823
18283 90147
55508 97926
8268 31306
21159 45974
10877 89102
60399 77993
69039 86804
54149 60089
60668 65529
8305 62183
86209 97028
58726 68566
93044 93174
63197 75079
18144 45165
50849 90537
52478 78590
29053 50390
23977 94397
59476 66757
59892 61888
52105 53066
55553 91992
56499 99645
2443 73822
71187 73923
34463 42706
50322 62230
18649 58990
66241 70398
59058 99315
31659 38920
98645 99463
90685 95402
31713 81906
64315 92779
10386 35853
78031 95970
56828 68847
53118 63259
38000 62884
49834 50462
44939 49162
31053 97633
45431 79446
72130 99420
33172 65435
43653 68526
70608 76559
95688 96146
22360 86461
15787 36563
88479 92310
37186 52739
36319 76906
27419 64155
21751 57383
13061 83314
73028 99249
93416 96590
22053 49542
23561 73206
92742 99105
55712 71495
47514 79251
12344 17418
57875 75009
16490 69351
56508 90105
38798 49379
74235 95838
34757 49893
74537 85834
2355 50441
17733 59608
40811 56317
65659 92606
34713 65868
58495 62298
79951 90182
55479 71261
83541 86477
66269 93331
17189 73846
54577 91004
22332 55682
45481 65759
96250 98632
64586 88877
50762 53894
73912 75901
90572 97090
68390 90782
4920 91454
26838 26995
3467 10764
18874 94290
69364 85736
53218 95094
40661 51800
91179 99104
48458 88898
13209 79767
21546 75256
84386 94927
65408 70576
74386 92380
77736 79029
20991 26961
8652 87215
94696 94815
15741 67462
90013 97780
61179 74665
48623 83808
22563 91122
43904 67864
19067 32442
68045 93262
42989 44098
60004 66641
73396 74079
36571 56397
64483 82732
99051 99451
71761 85660
37240 65210
32823 68298
31729 94574
82481 97775
97480 97493
57006 58392
58011 93305
59470 91173
53142 62190
34496 59120
98597 98813
45931 97049
31599 53612
33558 82052
94686 99497
81034 84875
64643 92478
95556 99197
55892 81779
527 53751
57534 78291
1177 42180
41055 97030
69709 80075
41632 82705
25367 61403
84548 97568
8447 8813
11544 24654
47821 57200
17505 59252
65844 67455
65429 76639
51280 97083
13231 37207
17880 93828
79861 97461
99406 99766
14140 39377
50264 70935
56107 75807
23357 66814
86829 87263
23736 85749
16821 97833
25874 49590
9299 89367
73771 78913
98705 99769
98719 99383
19423 29130
18020 47373
73625 91777
44667 67728
26873 79131
80617 89939
52225 89354
13811 40461
38294 92378
88410 91390
45356 46423
31368 52865
41450 59836
41901 92482
20969 94873
91535 96999
56415 66285
74534 92758
66574 97229
7247 45241
9271 12189
60344 66922
90477 94630
78687 93392
73659 77372
77360 92901
26264 65117
31698 40146
18531 42968
65800 74331
47499 70729
67934 70029
8682 99394
34018 37223
10247 39899
41929 82532
80159 84968
96880 97211
71231 94405
90729 91381
34989 98499
37217 93445
13095 46761
87519 96713
7986 87193
18671 63805
98815 99819
80738 86001
71546 96034
83264 97075
46959 55253
36137 94711
4008 8194
96130 96779
51374 94273
69989 93400
60311 78278
27971 63371
92981 93663
70255 97230
51844 89832
73541 74951
98823 99942
65109 95511
62348 91364
57257 80136
14660 99728
22738 34068
11067 91893
25649 92673
98040 99629
88999 94875
87112 93818
11460 59095
42300 89221
65146 92321
8443 75244
2837 90670
7481 66917
168 47661
67827 73157
53244 92509
98320 98680
81408 94357
11235 66382
19446 95982
48340 78090
63284 84869
44100 88328
73751 77354
26682 85311
27371 87254
33017 80124
76098 82556
80331 87231
62257 67726
13922 21489
12851 95733
15262 71310
34531 59027
32107 89544
16722 24734
32905 75010
19221 91258
85566 97475
54203 59405
56793 70157
60568 67997
57522 94866
28570 72398
54253 55045
29377 41546
27375 36717
13454 66400
63924 90985
44928 77904
55513 63148
61598 68792
66014 84219
74404 80820
49492 62086
75245 82356
68723 78898
29133 82710
49153 56768
43109 68697
20393 98226
83002 99640
66897 87062
57763 70555
98092 98930
42635 80732
27204 33980
81612 92267
2123 4123
58871 86593
41083 86057
20399 89361
22976 23928
24057 67787
76655 78211
12900 55027
21962 74210
14488 89485
21730 85128
2940 99752
33225 76534
56647 76201
65352 69636
40742 47894
57163 88910
31440 87531
70651 78148
67266 67611
79572 86792
7387 72725
98087 99343
24499 75980
41251 43964
62538 88534
17088 51538
71812 76468
67600 79756
98358 98888
85728 87942
9799 72126
75954 93677
95664 98030
89299 96804
72789 80550
48422 76423
70066 86340
65895 86342
7106 58629
73367 91700
43947 71448
93435 93642
13456 42455
88187 95008
20761 64914
91105 99926
811 84840
20945 64348
43060 59788
63284 69864
85530 97645
20666 58307
67203 79509
10709 92963
76697 91047
58102 65273
16557 71275
93525 95049
4237 5843
28221 29340
78697 86993
34622 42442
53538 95611
27210 79613
74992 83314
85010 85225
665 83830
82629 84125
68216 81443
13570 49701
79995 81050
2727 49387
79705 95949
24050 56130
10950 76282
6153 16378
73844 80194
86186 99272
44942 80189
42819 56089
54034 67885
9952 78132
28862 31935
79335 88748
15833 65041
10402 98707
30941 50779
83337 96447
6959 46784
86249 86988
64793 98039
51250 93472
30947 52936
72298 78956
58306 97408
5457 13905
93376 93899
68596 84883
36921 77890
66415 89407
62527 84818
21104 32876
25967 29473
83537 98329
77778 84391
19666 38046
72654 80403
67734 78969
16804 88291
69862 85744
60630 87217
40097 94797
78150 87433
2669 39292
4507 84064
79895 88707
1995 65234
87554 99022
98372 98826
50513 57651
65974 86734
30131 84907
25109 30357
85221 97914
12713 13830
43376 49525
59960 80783
96285 99563
89797 99294
49200 86382
94989 98849
91858 92483
66249 94576
31203 61784
96756 97567
34234 70508
95160 98124
91488 99869
949 41838
20819 26907
78605 92586
88793 99873
93345 93500
69598 82686
55388 64400
85517 86359
18764 45415
388 95358
78766 88762
79983 93281
83164 90638
71851 92442
79382 94893
94341 99052
37321 87049
89772 90279
52185 95742
10255 81553
93520 95343
15990 73962
28982 49981
67544 91850
48269 50784
29688 32559
39037 75453
73573 98685
80538 92859
77870 98822
69817 87095
65894 97175
60230 93099
72584 98056
78504 80949
76491 88783
51366 86718
985 41187
91559 93917
50230 88169
45721 69172
20508 42337
30635 96830
30394 52637
999 51518
85037 97733
3698 26711
39327 77680
87421 92102
34016 81231
11302 94657
38019 71561
22129 78944
11448 35080
22536 46348
54753 82560
7118 99877
77563 81584
75239 91451
45744 64066
29282 78057
55808 86612
25362 78881
56050 91659
70965 88027
83121 85791
82217 96062
68927 82342
34472 55523
96593 98555
22141 71691
32624 65672
53453 93453
59075 86562
87424 91146
53169 56480
43879 52334
7437 57234
38311 74901
87286 90983
12856 27814
24707 53717
89925 99456
48809 90415
15161 70810
73031 91477
2905 75814
73943 94614
7894 40784
87714 90789
61638 68974
86180 96961
28613 32573
94585 98038
79355 82273
58821 69798
67718 88722
37029 99625
43388 55113
88978 89949
74903 90323
8291 65833
71951 73409
45072 80940
9379 82593
25410 37676
2216 77022
24588 48362
43673 85746
55208 66551
22727 68614
76056 93579
23760 88896
82966 84196
94316 98068
79141 86794
30841 81966
48107 67446
98382 99036
71730 83405
42481 99862
86400 95693
86399 93253
66007 85325
79554 84473
51973 91393
95444 98202
22533 57484
78948 90239
54056 59531
41420 71342
68810 98044
10433 19582
45753 52658
78201 84914
70309 96594
39090 48594
63302 91575
6828 96046
72588 73679
86167 91678
25837 65700
56723 68940
38993 60874
4987 66920
51320 55030
56522 71376
49099 77937
87294 96149
76753 91665
84275 91901
34458 50913
1071 85670
5337 94785
31631 58718
60587 78150
69738 89445
3194 5331
66152 71019
71643 85088
82800 95896
47554 73884
95589 99834
63885 71875
97468 98784
16355 55648
80198 87839
65736 72868
25349 87773
88456 92619
70545 78219
92543 93083
36846 94211
40200 77329
88735 89631
12636 78813
96717 97832
16783 87898
28162 51718
10520 49842
16227 31733
77488 86966
91243 94292
94983 96574
4540 7197
74403 95619
71459 76793
67122 90378
90766 95128
97663 99872
63390 97494
12430 86194
21950 41661
55159 64922
57694 61982
88164 99542
46208 78850
75726 93405
58694 78786
68147 71005
64429 72772
82863 84811
95527 96607
76324 85669
62269 98866
99789 99919
89481 96516
91485 93085
14731 63414
8912 66494
27276 54547
12837 45421
76678 82086
1466 68446
72278 90639
49238 92922
20207 52123
58119 78652
3211 98144
77049 91727
5390 45479
85141 88935
29694 85633
32337 96238
54687 95003
69955 85574
16614 86996
54085 93672
3106 43146
23044 75387
63327 81093
730 16161
97182 99964
74867 99420
44636 75913
88617 92406
83905 96638
50804 83040
80075 84637
47897 55911
85077 88020
33750 48870
89452 99306
80222 87148
23758 83220
79278 89682
11600 38490
50171 50380
85008 85860
61558 96373
85490 99944
51299 70677
42362 43197
48168 95712
42213 93549
79539 99928
16712 24367
22117 25700
9574 95505
88333 92505
89538 98179
77157 91662
56252 95233
34612 81468
15028 92441
90872 91281
83924 97658
26312 83942
47477 51350
12050 60388
99479 99868
12443 22293
78948 87794
29976 60602
20302 98551
19323 27659
27454 29094
67693 70603
14241 26747
96740 99595
59367 71953
83358 89813
53112 74591
19530 24665
31219 43385
15387 39014
34946 83664
38300 70046
77272 88188
39820 99044
77785 79090
30415 46228
28373 85935
38738 45108
76911 98402
9390 74886
75345 89492
83433 89858
55016 56917
1603 15677
9943 61311
24804 84927
1854 41642
22526 55293
70701 99191
25870 46144
17606 74216
68096 81977
37078 46778
39751 57274
61181 99381
88929 90226
15777 53098
87132 98152
4837 55806
63503 98965
64211 83157
87082 96579
92775 93606
33373 95939
97877 99948
27517 76122
70269 74814
63184 88988
39864 71737
73446 75310
25505 97709
43395 88698
72022 77129
76630 97058
45496 48450
82741 97300
28709 62489
74345 83094
67728 82623
6262 39558
8468 75230
3427 54804
47879 72989
4295 12158
77499 94520
80356 91699
77159 98772
34070 94280
19908 88997
47712 63339
66672 83957
56290 71245
7419 88269
74257 84900
94669 98341
48588 61084
45517 68717
4223 70522
67738 85408
92655 95872
36302 77618
71220 78528
10678 45916
22570 61999
30440 44739
5766 16846
52038 70444
5996 87112
89530 89707
28484 59198
13402 18405
67325 85110
41242 65994
27852 85215
57983 80029
22520 24477
83390 93799
92171 93132
47780 94867
15819 25359
73632 94301
60358 93816
27678 56230
10292 87573
46104 71912
43582 63837
35830 80729
60579 87973
71537 79618
20973 41081
53426 64722
669 78731
97898 98890
91435 97602
68958 75647
48104 78269
7095 19045
38500 88627
11554 43470
57553 61632
41734 67778
64810 67279
56584 95172
79307 81760
24601 51223
66858 70127
7442 90657
71267 99589
4279 61115
14308 50599
71279 96849
76690 78796
22798 99803
41752 74271
16699 54383
78954 83393
56556 73224
39771 96592
61291 75729
27679 47902
98904 99644
20006 97854
22210 53649
91777 94895
41750 48859
90694 94203
92647 95791
28379 99783
67049 80350
1146 76833
91343 98974
87946 96623
34163 68772
16429 71405
23683 67433
98459 99149
92506 99001
11476 12000
56642 74718
35581 61028
98138 98296
81515 89337
30766 69244
63117 78033
24620 52708
79056 81645
14140 94549
90051 98638
91619 94398
57188 57383
82042 90890
14676 87356
83603 91000
67148 77595
36876 46354
35804 68128
24076 69412
42223 55821
8060 41750
30754 88987
21772 75724
80756 97528
58313 62883
68869 78764
74680 97836
87901 93394
80634 84578
85417 86261
82573 92295
26956 44137
85544 93476
23283 40170
55436 66356
97558 99289
89402 99969
7652 59908
18408 56679
43722 61039
77279 81259
57175 80143
21295 90001
6237 75445
40776 56174
38729 88436
42081 45511
33893 95842
21321 35031
10099 22687
49088 81181
20517 42023
40885 47186
47179 73698
78412 81812
82589 98499
75433 97297
55154 98577
26797 73709
83222 96722
79729 92192
88666 92985
64583 99407
47576 99143
12951 35673
26406 74402
83017 99428
3162 53742
40346 98027
24876 58882
32969 90132
25176 71674
74563 94462
48943 95426
44227 83484
83417 90319
64040 84066
52803 82368
80397 96116
47321 74658
69081 84330
98310 99739
95341 97341
10921 86351
67286 81559
96838 98138
33307 61008
67296 74603
42370 50179
84108 93010
4651 65271
83288 95776
32270 69964
18087 34371
95511 96090
41482 79262
86313 89610
86487 91501
94137 99837
35746 65659
382 42513
55544 66725
44032 50285
99655 99876
27064 92444
52352 60879
32168 67436
828 31742
16366 81802
89817 90232
34003 74210
71821 80611
91157 95171
52560 73261
93726 96137
60197 71370
1218 66664
22837 65231
62997 66478
90933 92546
8477 73794
68993 97879
78798 89005
76069 99387
59081 99067
81513 87569
23181 67288
34083 94208
41850 58306
65278 77128
21118 91872
40354 47809
43009 47750
35239 58107
87482 97152
89788 93598
67767 70304
70765 96943
81282 82785
11226 59229
54840 85848
56390 84859
81254 88905
78199 99900
99647 99890
32224 78009
50491 80316
59096 75465
37924 71131
96978 99818
27183 73635
84115 97715
82274 99926
43862 55784
7677 93139
24128 41127
13237 68514
87332 94917
18911 53468
58075 85435
16266 99280
55397 56814
67073 87117
28288 85797
21042 39470
46426 87556
2515 7792
67739 76045
94812 97346
68998 71675
35181 52517
40666 59792
17431 78155
42693 66149
52753 84656
41033 53429
40997 81453
30538 59926
47084 61189
19128 99371
6349 70240
38048 45125
61389 84405
25959 68971
96836 99101
35905 86860
16307 26953
55876 83895
89836 95374
92350 96334
59629 96287
86954 87035
51060 95052
88173 91315
80566 94431
27586 29661
60999 96932
45340 65474
90226 93705
60144 86965
61806 85833
54027 84355
37273 46332
35108 60149
20710 24195
12360 17044
38998 82109
43765 78072
94367 94948
28037 53741
71190 82072
19168 59257
73783 74034
62896 99549
70027 80810
494 76708
32835 64465
10792 93459
90430 99053
6485 43164
70797 94657
24459 60481
44790 87340
1458 57072
68358 93526
41328 99665
28286 31163
53181 71375
3957 47235
94702 94726
66223 95426
23517 28621
66069 75945
56100 84273
60439 75729
26911 46371
4947 66238
47323 97709
69558 79067
9513 31196
94145 94909
14434 22002
76258 79790
23165 84451
26587 69056
63993 97543
55266 98956
16342 55387
44506 68011
68837 91155
97827 99305
89236 95027
46513 78609
84432 84729
72325 96338
26183 59031
91378 96557
36894 38479
75414 91211
6549 91564
80446 86806
15673 51287
53559 83315
5892 75818
34469 74067
90975 98787
19256 72743
93354 97505
76169 98716
27166 45142
67285 86241
17209 51528
6569 9794
71029 93806
58980 90458
45203 46182
45336 85259
72365 94559
25437 76749
80599 97455
20723 97084
21167 43878
41535 83845
1480 97388
97612 98269
97836 98629
49962 98820
47272 78500
5694 99287
36288 94185
13870 53023
92789 98233
82528 87619
97875 99277
20573 76829
9467 40721
70065 89184
30934 87268
41434 82174
28755 30444
5646 56903
33051 63089
17775 75904
7859 46696
72388 99571
81506 91844
97620 99593
74964 90060
7160 94882
11693 82483
62600 69586
19376 97643
18460 76533
21553 76998
59258 66808
84858 99036
4908 17592
77457 83900
67090 73852
6720 84171
3892 25391
99191 99939
2935 46565
53606 60904
88074 96266
20091 95143
92360 92736
65371 65393
71101 89750
89475 98797
60628 85109
11106 61951
67621 88921
16820 55833
198 8363
43846 55903
59422 85211
37126 98818
33115 82716
66031 91411
50913 77063
48660 56434
2172 42913
86508 94355
25859 93467
70628 86620
68369 76608
87868 97787
28545 57326
67116 97481
87405 95848
23487 42956
54918 58197
70503 79519
29088 82216
70148 74951
76551 96915
16164 62805
14668 97793
70043 88396
83380 84876
20816 43299
99043 99322
93760 94200
65880 70040
10232 79696
55946 96039
31411 97952
6595 56418
75088 82213
46357 93334
86887 89727
86177 96971
19851 20676
48231 84882
78997 91444
98869 98973
10168 20045
36078 79145
74133 96132
17780 90253
50965 54440
29848 75458
34736 98128
45461 98403
78733 88430
36907 85972
69794 86336
23616 61460
61505 80356
46814 86569
90013 99945
3332 38182
89034 96667
86100 94055
25823 38060
77048 92923
34757 76239
81230 85998
56355 64995
18790 53436
68797 76588
89509 94120
36422 53795
10650 34001
9630 20178
16476 23374
85665 87465
55597 94089
79716 92494
67102 84424
40488 64537
98019 98988
4996 98123
36865 62732
61361 76999
97305 97551
34637 76143
5347 98500
54540 94973
8038 55271
11790 54820
63006 85238
64990 80518
75369 85582
8096 75513
3942 88103
19031 55865
22282 98583
19883 70349
90822 99799
71538 88700
43803 55426
50664 94248
49536 74566
79715 93210
8452 57884
93511 96181
2798 5483
41336 43035
50324 61324
7323 78238
613 59919
63754 77587
10728 95817
25524 27654
26230 34964
25507 81995
38933 64034
63727 86396
43319 51339
71559 73201
11969 51718
95032 96634
36992 58540
98933 99394
43953 50318
72852 97007
3731 31639
87698 89765
73846 96191
55124 81424
50733 89586
1505 81764
81651 93728
54809 55830
21982 73895
57468 75708
76019 81670
64523 92981
81858 91651
81845 85766
94763 97246
94630 98902
41997 55906
82473 96984
28782 97244
1555 10642
56477 60195
83042 94992
63332 69585
78082 94585
85954 96080
67774 82371
13689 71832
17212 66407
92157 94989
72753 96564
24371 94355
26297 29136
87058 88281
21123 82680
66176 93412
2362 20513
93631 97109
44119 85646
67535 71909
4833 61575
19032 68193
73229 89212
45504 73023
60515 79101
58959 95211
72621 86601
60260 80431
75841 76173
86548 96306
92972 98847
6733 85926
11124 70654
164 39842
88645 93184
51463 76756
79220 93226
11292 28931
66260 98745
9746 51994
53463 61852
85311 96601
89446 96077
70884 97663
21588 73205
12035 48824
2893 88119
47354 91326
56983 58890
61615 69752
36311 69173
17673 70013
31610 36493
67711 81426
79062 95471
16179 99948
88780 99463
2599 71928
68374 73890
37652 48659
27626 45831
9180 77220
32414 64006
27109 81059
32387 36836
26173 87611
72228 78355
76458 85789
52398 67821
65688 68980
9718 11037
19493 47602
66203 96338
76256 99128
20066 96634
41723 88172
58721 66925
15697 18718
67368 71731
48906 49136
64750 82543
70102 79952
35036 58061
52857 73461
65710 96416
88877 90346
94333 97721
10784 29271
92790 93501
76936 80610
69514 73462
67218 85526
24503 98792
65058 74096
77827 98380
31552 99862
13331 98756
73239 77980
98628 99834
60978 64414
10193 59157
82857 97459
58514 91933
3201 83599
4944 5424
77971 99178
81925 86435
78380 94399
85606 95212
91195 91255
6288 36158
55427 63507
20155 43556
15573 27790
9902 54267
91339 96968
16693 27188
9481 11561
78203 97599
4197 37725
14153 40705
16684 52408
15419 21752
79086 95820
64537 76481
9433 95347
11688 70548
77836 79497
14449 72122
23965 93760
36442 40719
42467 83513
49889 70144
75997 76747
45104 62696
24882 75056
84130 86004
19870 59215
54899 99600
70085 84719
97871 99415
45733 79760
41055 94442
74952 90234
80128 83899
21893 74645
71919 99592
7982 97876
79253 96715
80128 99869
38495 88994
97107 97738
90965 92170
26887 58759
53920 87801
783 50463
90619 93419
75512 78512
61353 88011
99299 99602
81277 81298
72929 88426
99337 99786
14387 60634
44725 71215
6405 54911
71613 80335
88815 90326
85939 93025
86927 94662
58236 96898
44833 48452
40689 73338
30062 95112
61297 72150
35365 49675
12438 78061
11864 13724
62665 68047
14943 88838
96185 97491
30825 82648
54013 90363
12213 97672
44969 59642
29994 47606
3065 89594
92966 93564
33956 88051
29940 36069
97286 99100
44924 92441
48150 59156
11072 15030
92402 93299
41047 85869
19322 23588
50607 69892
80310 90138
82985 99756
55439 70905
91480 93402
23527 64487
85681 85777
75020 82126
88583 99558
50550 67330
80531 87042
9201 49801
56052 59649
63554 67531
68710 92856
6022 34207
57385 66068
78466 81085
94657 99429
95476 95524
12948 74231
68853 88375
6120 77940
88324 99102
84519 97933
31602 63577
54881 96707
70805 78846
72900 97029
26777 43843
56819 86498
84655 98794
5343 34187
46922 78928
29075 52065
93521 95100
47841 79928
17573 56004
13718 49565
53480 95901
71107 92235
81301 81889
82635 99184
23300 73487
64818 85226
36108 52583
44199 97594
44461 54148
28882 58920
42030 61421
10617 59212
71523 93345
74928 75588
94618 96927
49188 53718
18431 42727
59192 84428
74602 95702
5299 82247
58486 91445
42627 66061
6610 77811
84116 97948
60456 63060
65092 99212
21056 85199
97794 99896
19937 69760
16417 95285
94885 95052
51688 53043
33962 96788
6038 69610
24041 86996
34570 59441
9490 29811
77978 81132
43997 46902
75651 91799
23466 69019
56984 62981
94059 96961
55730 61616
84732 91297
71300 99191
80767 97176
25387 52686
91144 91369
80447 85986
56434 62887
9565 37890
40563 61028
60258 76062
29193 35096
88805 99934
82965 87310
54519 87278
82996 99122
58701 77289
40404 46926
97568 99839
47178 48816
27889 63766
97157 97806
59263 90672
8827 51250
71283 89004
26967 85942
66403 99701
83517 96773
77889 95254
603 42444
28724 52673
46152 73130
70966 95516
40823 43069
39095 83900
46001 81731
36421 86739
32893 39631
3095 61411
10115 86438
88765 92352
40749 80168
12161 50399
89334 90541
5097 36403
45881 98153
55049 93051
80766 85123
99762 99893
75761 95809
68982 70512
13566 22885
37838 57708
66819 82917
63710 75770
54469 81695
76197 79246
47946 60756
75493 83061
28249 37797
50082 66456
18476 25644
14916 73574
92120 97601
30593 63795
94463 99402
7826 78003
924 33804
9550 68849
64994 77028
58283 99080
52473 70931
33273 86711
47491 53787
42654 83070
41630 74056
82191 86166
6666 93851
27375 86516
60825 94709
74905 81738
81118 88323
66594 84879
88584 88714
49400 62024
38503 79140
8160 83122
91472 94874
67995 91643
8541 88777
31243 65176
28986 50969
32691 87755
1423 3221
74646 74701
71442 74016
4031 60910
75637 96946
51491 81057
62225 90604
81267 93883
22626 92636
18150 85818
48352 61430
76101 87598
59791 79029
66993 83584
16591 34974
2635 80328
8045 84236
97381 98855
37266 76793
38215 61541
41393 42912
94889 97678
54258 72547
77073 81202
87711 97415
2501 3841
64079 85363
56076 69150
97969 99978
70878 94750
40855 43923
12144 75245
98008 99637
84585 91011
65503 81402
5024 39801
70277 89279
88342 90394
781 6070
49856 51250
98010 99088
88689 96618
21270 45639
70434 82131
34512 61455
19450 22420
69641 71988
29975 38219
90082 94697
47494 48447
65339 68136
1658 84939
47503 70318
22373 47383
68035 88160
7533 35032
19825 84091
61909 91054
41227 90192
86731 96115
54137 63239
44548 66967
21205 74189
52121 97478
44718 87751
69128 95680
26755 32126
42780 81532
16448 73749
15497 74848
84945 87650
48126 67207
8179 96167
94888 99333
45439 96139
45950 93782
77256 91533
13407 45015
48941 58758
34835 48908
48287 98128
62087 72020
4609 29913
86605 92387
71525 97671
80712 85909
8890 53322
8156 32578
74076 94047
20008 67451
24079 58779
53512 77242
29975 63718
5166 28770
94558 98319
86841 97234
66354 74311
23871 77667
34612 90678
41722 45383
20062 70166
11658 36303
9834 28130
78944 92407
90377 91746
64387 75057
9931 39435
9562 18651
44577 79154
45933 92541
3645 51942
4565 21836
82687 91933
23181 67485
38314 55879
45765 82700
5494 82107
56179 82687
99312 99595
45881 55696
97697 99443
73978 80619
79091 79267
34768 81994
32600 60500
37955 61248
39303 70920
42532 90520
70739 76112
22849 68769
56664 62421
26372 35070
27407 83399
88768 97874
12605 99952
13088 88094
52829 70640
34972 68878
12395 41903
47205 76570
58666 76076
86972 99374
10452 45622
74177 85647
61144 83043
27426 54454
59814 77781
43605 50504
68448 71547
570 75839
25974 76364
33457 40578
4047 79633
14513 96955
56974 58484
81942 87759
2408 52570
9557 30404
18711 32155
52527 69223
25410 92126
34318 76571
41692 81908
74135 82423
47224 61888
68716 82523
66450 84203
20816 30983
38046 92216
32250 33528
78027 80588
73006 87171
22518 69892
31552 37012
22474 42682
89900 99385
64762 80178
11449 47545
59064 97570
33908 83110
28434 78048
80827 88787
74567 86507
26144 77793
27053 27601
67345 86923
44446 60843
87103 98864
30453 40772
57148 92211
1196 60489
41575 75612
49091 58181
3752 83832
20241 54883
12968 89786
12479 86692
20921 78521
92559 98639
49481 75813
75451 98468
85723 86660
38587 89427
97381 98868
41973 46981
34437 40342
6317 29606
74493 92267
44249 52679
72184 77495
29136 60959
52988 60482
59126 96298
50107 62532
23369 26421
57475 91647
84186 96430
61388 96970
30093 34098
39514 71392
10799 15954
71147 82572
94591 94902
11201 19534
35170 35998
25466 86831
24778 41302
79377 91525
28199 54904
30175 42526
5072 58641
31863 72098
37094 50270
1243 20051
85582 94965
57404 76394
52107 93246
35698 37796
79887 93786
82297 94048
36379 84509
88493 93578
50182 66904
13549 34185
62205 96200
43645 98830
20911 34402
59352 94036
18974 95635
34198 35787
27911 81484
16262 27630
77093 90466
21083 58689
99066 99139
80530 99580
31922 34703
74833 92111
30107 60375
19405 95265
11047 72657
41081 41975
70932 89531
42993 96216
52023 76211
70776 99912
31216 38896
42369 42892
1741 60121
69693 78884
61669 75059
97400 99419
6383 8620
36697 51630
22285 42836
15923 47119
11879 96256
41397 69888
87590 91036
9500 28467
30076 30507
11382 53211
39403 86112
67104 99533
65136 79697
26057 99259
79314 83000
46045 64046
66644 76010
56680 98219
6618 45817
61932 69177
54463 96365
79420 80262
1255 42895
60532 66161
49329 83430
734 57488
71003 74722
92035 99710
19953 97831
50659 54386
72841 76558
68475 70922
70977 79555
6688 76567
83021 96491
41076 53333
84405 97574
81722 95705
37404 71529
81105 82060
92936 95064
85552 91623
38068 39246
72266 96599
37932 42652
44477 95190
8325 57641
98704 98887
50434 62882
89773 98606
44710 66748
24715 67652
17527 59484
16696 21279
67397 88308
74861 80806
39063 82213
17226 50731
18366 34586
56863 96172
57272 73169
42 19941
84875 89713
88824 91284
53838 58681
27835 72412
42971 60454
18954 94968
56771 74668
54379 79855
14020 40246
77037 78734
90549 92246
79499 80307
35421 58223
76236 90885
67404 92227
78655 97884
46479 65819
78728 84573
38625 46934
64346 97051
72946 81648
42714 99901
64696 90600
38015 83462
90275 93132
73934 84410
77054 85570
95318 96017
99559 99743
79891 95152
85792 97676
50324 64374
2749 63670
94858 99564
53615 57831
41858 68507
86937 93970
40171 92520
11189 58153
68455 95041
1962 86947
1418 49598
7238 42098
83441 92433
71798 93686
10125 55106
30414 66458
59654 67538
35966 60460
2643 61704
28153 72879
93995 99188
72427 99199
75878 80762
40371 57063
22638 46616
76699 91756
82756 89262
88401 91883
65215 84031
67581 86361
33228 39288
71341 95785
27748 91725
14829 26899
44947 67915
19613 84883
12870 75791
41214 50972
76329 79303
5734 19022
84668 91536
26612 42700
47528 85400
90675 90878
52956 94225
42185 71180
94507 99878
40573 53379
10633 17351
11688 94814
43926 90092
98586 99294
47252 74006
16427 32227
66023 73215
61040 95766
62874 63486
20766 59585
19624 87470
91411 98640
87504 99830
81880 86818
12192 88497
74047 96455
6772 42453
91585 95091
22130 58465
33964 79717
84646 96519
11678 17187
29842 35286
48537 73342
91702 92117
93852 97149
66307 79982
83018 85269
68468 98590
56460 82577
30393 73696
72833 80609
95722 96397
17113 53758
35151 85141
11743 39904
75419 85725
19662 47629
44306 54789
84309 94720
96933 99388
73532 92098
95032 99488
85424 94680
33422 60355
92577 98033
62747 78765
18322 63202
82204 95999
84471 84813
21961 42610
42093 54715
82716 95587
62593 66361
21772 59801
63333 71907
99996 99999
55611 71159
23176 43839
95443 98939
44387 97148
35258 78187
75648 94238
69052 69218
77263 96613
5402 17568
80770 89206
57399 62059
53720 63912
27951 34757
5610 7110
79085 81307
79851 89551
46538 83564
52090 81464
30539 81883
94414 94960
22840 58130
77900 99340
21717 83871
66790 82293
16284 72187
6403 76161
62327 97412
15712 69820
85404 97515
33497 95940
77488 78090
43220 69558
88026 88147
16726 70805
28478 29498
88652 91853
5402 54576
86578 99198
44539 85650
25397 98052
60964 69750
21535 62706
49613 50373
84532 97419
89309 90722
58675 87399
40715 89027
4623 37366
18940 45510
5962 18238
8372 16672
53888 97521
1317 79506
58150 94389
84232 95677
87686 98707
18159 85049
93265 95811
141 53231
70714 87479
14653 38378
48482 62386
426 8097
4872 41921
90378 97159
10132 86573
91057 95128
84115 92102
28038 87193
2854 51082
12266 90437
29655 49716
28164 30694
21480 48087
28957 37961
1017 42714
24960 67091
29994 79546
23381 63765
49759 70038
37578 79011
66913 96264
2840 5701
72522 91277
70744 85149
8172 85347
39608 70753
12615 12623
25435 50540
70236 93724
84895 95919
31655 74673
73175 87485
68122 77912
44372 94401
33075 40277
76378 90123
18553 60090
85617 95660
66347 74757
94650 96432
51555 94474
17222 72295
78997 87959
2304 10894
59832 65004
22847 96984
57407 68999
29917 38974
80793 87989
78034 84421
3281 85002
27736 85717
58322 62758
90882 92613
18797 33334
20429 44830
85053 96016
77006 95620
21457 58702
40830 94775
63019 80504
97574 99983
56821 80132
84605 93703
78219 98088
73184 96853
42462 72916
27647 70353
92640 94727
39396 72010
31220 92996
63787 66838
26715 69079
18790 42667
64545 81073
85681 99746
15879 72165
34154 67511
96785 97328
52000 84889
82177 97079
75539 84480
96947 97853
47826 64645
15964 37104
42770 43947
97224 99694
19255 53213
42860 92197
40407 86432
58775 71341
82021 93915
97851 98944
69927 84441
41830 71792
67252 99311
22808 40770
33635 48980
84133 86233
72554 89801
11133 11336
70437 83718
92102 96104
4777 22793
9675 66313
51445 63046
58116 67611
52535 80104
89904 95553
66999 92383
22277 88066
58504 74369
16208 58285
15649 34926
55738 78053
76789 79871
96313 97657
82070 95893
91182 93873
22438 79943
29737 90631
48649 85331
96108 99286
46400 61694
61738 72214
88611 93801
23024 86107
511 70802
84335 87102
11119 73119
82489 98317
75214 85659
85520 96161
79865 83560
76213 91547
12944 12968
60483 99974
48587 60271
9345 28528
63001 71099
86753 94735
17582 85746
51399 78728
30021 83264
61910 81606
47863 73070
85752 95008
18802 87543
72055 78994
28974 88310
51248 92801
70660 92476
80644 97816
34007 85019
20307 89092
45736 64407
84353 86477
94309 97964
82621 90692
92564 97407
78191 84397
74114 82941
38951 48632
53697 58159
2894 26923
56375 95676
31572 83703
36061 57319
35067 78810
14270 81757
79682 85893
59068 82986
3316 64913
39783 81681
61574 80074
29197 53275
14716 92819
34886 78621
47850 54886
8557 23233
99506 99538
56783 99275
11783 48601
54586 63403
946 32415
86110 97152
97700 99661
39088 84266
86806 87100
9112 78813
68349 97725
94359 96226
23965 42252
91850 93597
40751 56702
79253 92307
67954 93095
59449 79178
69233 96215
68578 73863
80314 84364
99450 99549
71741 91786
23670 96085
56501 90230
4970 49669
9177 54898
26367 92120
6481 6530
74688 98279
37649 74371
5794 11439
79868 85769
90210 96060
67461 87959
8459 65254
94407 97643
34512 98943
83951 96110
39307 88722
43289 90686
72124 85010
36925 43026
85609 95906
3391 49260
55323 62500
88235 96928
32528 58474
35511 41945
67132 92446
24282 77507
95490 96934
17190 53515
85109 93657
50317 60865
57415 72236
56566 82454
70064 88625
7035 42404
9572 73952
96594 98647
92048 93665
33002 59769
76413 85087
54627 80835
8574 72132
26481 29041
19426 60525
23523 86330
46914 82141
15207 71839
61953 68417
79251 84288
86319 93459
65010 87090
71469 82594
639 27511
25379 42689
13670 27275
20772 24716
69912 92776
94423 95269
63938 96895
94920 99306
43923 71389
27703 68976
97919 99181
1386 91863
93988 96558
3036 92307
64207 75067
28276 81114
22346 71317
29049 93192
13966 62823
83749 92894
47074 95867
31208 69122
3369 26425
97139 98327
63029 73084
18559 93882
57185 80480
87348 94933
553 51181
12945 58196
24262 66253
77775 91107
3742 89216
15109 92197
10518 66424
95985 96197
7764 75990
38804 85644
47537 92714
24877 42788
7718 51907
37240 83856
90657 99672
69186 95069
38524 42015
80632 84354
45065 48880
96802 98065
50678 76088
51752 58005
54982 71238
43838 83004
23194 61222
46782 96708
27635 36511
35188 74850
82190 96660
33486 38057
58230 91221
26985 65692
2659 93373
46604 97421
27580 41482
6919 72628
57140 96953
25903 40554
90068 97659
43428 98307
99066 99617
65977 82208
66171 73497
78621 86821
81623 91320
55823 86037
38200 47835
21559 43764
37335 57274
16885 83831
5489 90271
50992 61158
96117 99130
58504 89567
37395 78433
27158 40902
50768 85961
41058 47228
93297 93742
83170 92464
19441 62482
20782 87070
78302 81065
87090 95553
92464 98970
18403 54395
3249 95168
38224 75341
76458 99620
9662 15880
62561 96481
98957 99728
66995 88802
94422 97801
37257 53055
37747 58508
64502 81251
48873 96236
53799 57519
84070 85788
46835 61902
67577 68610
79538 83843
10830 22277
34063 69678
85942 91887
15475 77423
76584 80391
53832 98140
82187 82451
80245 92732
99288 99995
36107 73101
76841 83781
56116 66010
94253 96244
14543 53244
81517 87839
52896 71547
22321 36359
48840 90923
46409 85975
23509 27872
23266 48057
15336 17465
87315 89092
79659 93947
24037 83229
26141 85435
16546 73778
4636 25472
23756 35052
73218 96520
29483 61543
72748 79853
83768 86960
62741 69208
50060 86264
16018 57402
35988 49458
1502 65931
73926 91834
3929 4019
50408 67509
59448 61111
91889 94151
44263 62913
51729 96129
62801 84643
37643 71436
65358 68773
81963 92140
4267 60437
87868 97831
1572 26436
83361 96279
76316 97922
18199 66580
5909 73715
23228 86962
75570 80351
44588 88810
55965 99113
34387 42341
47898 83815
49897 60078
9765 58668
71632 91136
29330 56157
76739 84628
62678 65952
31775 56279
94015 94466
90014 96170
63267 86612
74294 89144
93423 98572
72168 94049
72807 99409
13151 27185
34709 46045
75432 86544
23794 75053
82473 92407
25333 95047
36674 83552
2390 66975
90586 93130
82286 91880
25154 67332
55953 90046
99682 99878
68189 88241
81357 84407
39595 98662
59948 94401
51305 52529
10953 77049
37444 47393
86525 95413
92321 95252
63840 88594
13470 48081
3366 42318
14792 44467
4032 43833
21004 24357
68339 72648
35112 71479
86422 95881
78931 84130
5915 79015
8124 80853
18981 41225
34148 95703
73317 77872
85931 87713
25845 64232
70932 93138
89498 91832
11812 41074
76980 94510
72146 80697
67560 72329
76031 92048
81600 81926
14887 58211
79472 95903
90588 92973
62651 77164
6049 83024
5561 67086
80621 97749
29513 85257
17743 79822
64313 74976
41980 82690
72996 97557
46124 82522
75868 95016
60292 70820
25829 37852
53755 60923
65166 95912
69326 74816
64843 72093
31016 75835
15116 51038
17283 60358
7991 31248
17095 60639
61724 85317
241 39786
52875 68949
82435 88584
77645 92230
23801 39522
87420 88984
58663 70528
5668 81521
86305 96867
20973 24444
81554 94456
99670 99924
90445 95006
89402 90586
16018 37922
18335 56352
91096 92096
67335 89743
11533 55536
59049 92861
65833 97164
62736 97346
23145 99147
46867 71763
49966 51579
51694 97417
47628 78381
26149 92630
49718 79793
9749 91085
6908 28797
63626 67146
77464 92537
92015 99882
3553 91643
50025 85186
68096 99574
82109 89173
66713 83296
12233 82995
2923 53628
97743 98863
72092 84284
67967 84392
15187 91915
64555 70252
64319 89439
88054 92516
34673 42572
48016 77553
65954 68642
4404 12767
92880 96484
60892 82498
71788 88698
33849 69946
31882 73604
22183 71329
74821 89877
90650 97553
18560 20306
55407 64168
29772 36760
11380 27593
35065 57959
27874 75769
27963 28361
65024 81350
80614 86820
72557 94744
43097 89378
1425 11703
12194 90200
55156 75258
53777 89065
12277 63498
30161 90311
59173 88388
44848 78554
60986 85559
27754 85078
28743 72106
99256 99974
79457 97226
19685 86347
27650 48066
86679 88700
86223 90139
57730 69009
31153 72548
21510 39800
74571 80985
62394 65125
74537 93284
41443 53305
34763 36791
31227 33247
49548 85804
54119 98125
29712 73904
64433 90378
49956 66181
53765 84889
33013 96618
98816 99510
96874 97472
29567 55419
32134 63497
60383 61407
53839 71486
91122 93473
75525 89710
60198 97863
16543 96905
28767 89968
26836 60228
50527 75341
24021 99314
28803 85782
92407 94954
24188 72381
32864 79940
33958 64018
33891 98000
56106 80700
53611 91266
900 30337
48838 63097
40129 80430
83202 97384
32303 64330
7115 88151
12563 44905
69031 75281
98434 98913
59242 81377
58099 87558
33171 95865
20089 40072
82902 85796
9770 55187
76019 91281
70813 83219
97400 99795
81124 87809
95220 95575
25789 52810
34756 79491
73240 86558
60908 86344
84651 91929
85472 99106
78937 92174
5319 57844
93961 97317
47775 68859
41298 69852
84345 95832
87243 91048
47524 49641
82503 85632
73904 79867
9397 97112
93260 97302
46052 52599
28752 56029
98656 99773
48329 49713
40380 75104
41690 75721
94757 95953
69561 74458
23194 94940
84529 90351
42772 99242
28563 34474
75027 83308
4722 8675
52434 59387
73022 94418
23587 42539
26807 58915
10600 75964
56075 74242
72232 79840
11539 39842
84129 89983
24676 35606
12859 81285
84245 95475
85542 96780
81610 88238
86991 91100
81023 86752
94577 95315
96223 98217
12530 67591
73665 97739
51671 77844
90953 98017
38629 86675
15227 56587
32205 78848
2121 82443
60478 71737
22204 63106
70612 85599
39540 49981
89598 99426
37792 54739
64100 98010
22805 32671
76938 78362
14251 76449
44342 55280
13566 60555
98864 99541
94448 97490
58790 86951
57166 84741
22165 95829
58077 98074
17749 67223
2626 6548
5752 92409
90 54342
89068 98518
65547 99084
14027 72772
34168 48121
4691 71794
62044 86374
48152 52707
22950 67290
5368 17262
7439 34777
18416 24185
54828 65081
39056 89268
61378 91576
1295 14853
26183 68734
84488 85271
65572 88312
61067 93881
65302 87728
74547 77851
66164 96951
34058 60417
92757 95524
40980 97244
43218 78311
92863 97557
41723 45905
23654 58957
36427 50447
25432 35820
13553 21150
15370 30695
11999 95803
12899 76565
48807 94316
87507 98201
53009 90543
179 19605
29761 38676
26793 39503
44035 71738
44113 47410
87915 90599
73925 83023
25905 44983
49910 72928
63455 76470
12783 25075
93934 97052
17307 36301
25877 67851
13671 95311
5475 40328
59616 86941
57321 63106
33412 64738
72933 94761
35613 88690
62202 82715
43460 76949
69624 75129
87424 95668
16834 89332
2519 74320
55796 78963
98258 98357
46911 88706
37031 37136
58352 72445
15937 42292
48205 52704
40406 49264
68754 81146
91465 95555
92695 96939
96985 99426
2199 54230
80466 89572
48876 65999
57412 72436
21897 61108
7371 17058
81188 97316
19771 50324
45295 67817
16270 49439
59928 75456
99182 99462
76532 99435
88555 98754
53441 58674
11528 31651
57238 77831
75073 83096
63773 95767
35077 47519
57178 70072
23752 41169
56486 65671
46575 57839
87362 90498
87858 96973
57309 64892
40079 89491
95900 98294
23924 55292
93339 95493
14849 37536
48075 63636
96780 98947
72764 75016
91771 97184
86105 93062
67667 86100
54410 99488
95169 97634
66778 86185
12548 71390
58015 62744
96618 97266
50384 55434
38564 71445
26830 30530
71372 81676
38384 87381
47109 68124
71385 94808
61389 66008
69765 76905
11634 45353
83625 91875
66309 66828
40118 59079
87054 92302
29559 90870
96046 96166
83864 94199
2603 40852
98532 98949
27324 75272
6831 50020
21453 43697
43830 71612
274 70390
69968 77456
96023 98658
8379 9794
40453 72806
11575 85992
67576 95596
37830 98651
72592 79255
91870 99419
31804 85015
58795 67781
88103 93443
45101 45586
97381 97481
83575 98998
65805 99433
16850 50952
50044 83042
43775 87205
41113 75447
95362 95592
52228 58841
85835 93672
75817 81232
54141 65582
50664 83089
73732 82487
39412 84987
40099 78766
15047 51094
69852 88850
61936 95474
2873 75518
4651 33212
67173 96431
84735 89922
14471 67319
84695 98572
60462 64144
58129 68552
83403 93111
66619 76381
48945 74018
87350 88870
82027 91263
69863 88349
14852 85852
4774 5767
48178 68644
5910 26914
19181 62716
15282 21299
54493 71419
90658 90963
62238 67020
82924 88580
38022 70841
50139 97098
92698 99904
37089 38455
78831 95335
73176 91859
88970 93859
93021 98333
50497 54913
78862 88592
31196 92568
77206 84875
76394 86201
20388 33239
18472 60019
55386 61937
16959 59490
74346 93196
3295 88238
26504 43879
83455 93139
51757 71761
74895 76781
92602 94976
51899 78998
76222 89971
83598 86292
52031 91399
12081 85647
97768 99355
98512 98533
65441 85796
44570 46788
23097 32637
15384 18390
32178 48600
40333 63604
66523 82441
71485 99575
67494 82317
34730 37693
11078 91643
26737 79591
68708 86750
19863 31819
57253 89805
3004 76781
94784 99594
55524 98884
873 88657
47277 65877
51516 67919
68908 99503
20202 85609
35816 97065
29991 82664
93197 96304
68394 94122
81517 81555
99202 99323
88328 98095
93800 96959
21049 31729
25775 68494
46450 97152
60195 92812
59375 89306
30101 37020
84121 96008
29237 43320
12688 77611
27012 27219
57120 95962
341 51760
28379 52922
93271 94990
77370 93700
20035 34948
66695 77123
54822 63462
16043 28919
38383 40695
53472 63529
51468 53346
31129 39845
13184 60814
62025 74035
63669 73749
87404 95677
39576 43184
53905 93335
94895 96286
87112 92007
90486 90601
12673 96127
36750 89335
91527 95243
49804 69899
13109 72248
69792 96637
77590 86897
14259 94632
95971 98595
10095 19389
37792 73138
92538 96828
17453 42159
99621 99629
8963 59102
93452 97115
52633 74364
19606 42628
37010 93539
92102 97125
66976 97984
79788 84515
25132 52187
23388 51095
66271 94000
91694 93333
93773 98398
89008 90768
85897 89677
86793 86990
74735 92960
78905 94695
31159 86035
25021 26013
87209 93570
28578 93833
81606 83802
44899 55065
7038 7217
54740 62025
91708 93560
61547 62245
93826 96524
4999 56840
30476 82073
42468 78338
73300 95539
32099 88515
76573 89003
83716 95776
5010 44923
40144 94202
89552 91622
7546 76495
65633 81125
37802 51756
77221 91741
93338 99023
31050 93955
27583 79487
27708 72197
58807 81181
51079 58539
4699 7758
80435 89830
87118 99865
10635 37292
17239 76845
25282 83366
46193 83739
23336 75784
17499 26444
1190 63369
81090 95767
29676 63445
86235 95088
72690 91273
66832 92526
56676 98230
75812 81576
56667 71531
29591 47429
27249 80328
27230 50964
1848 71482
55107 68433
48404 99234
52433 84667
16685 18811
42486 70824
34039 96708
33056 79317
94575 99582
60328 94492
68638 79015
6966 29373
2158 93369
81120 82744
10750 96141
56462 69970
4970 17674
9473 28516
82427 96790
71819 79777
8223 67386
35741 39301
4232 54686
54460 58727
27337 73336
59413 68977
49404 63882
98097 99468
66065 98917
38098 90367
27710 92122
20978 79724
68889 98630
79984 90570
5759 99094
27688 56453
74346 96198
17584 32833
55919 98200
83095 94648
50443 58711
3507 73916
64482 89632
98771 99805
58219 83537
67317 78239
47786 98099
18176 65940
99365 99414
84592 89245
38423 99772
28586 30950
29826 88415
25272 36859
96156 99221
43840 75893
92829 99378
24839 51856
74934 92519
82075 86169
83689 97301
52037 80409
47861 98974
24375 70022
67078 96770
7906 25480
5405 12756
75751 82647
57243 95839
33847 63943
33 88148
60118 74378
17055 72557
60908 89172
41550 86380
5827 66770
51899 87092
96261 96542
8777 87075
66192 87634
20819 25764
71368 99555
96353 99883
29516 60158
38532 84415
76799 83949
86594 92556
24153 55048
90308 98045
94257 97609
11922 42466
10329 26179
17158 97671
24179 49001
78223 85989
7969 33674
42582 66336
14723 58779
83820 84287
80336 99411
32789 63509
48185 57884
88349 89942
11198 28645
25044 62960
29656 86955
89916 95728
15175 47379
2494 40421
34891 58019
47411 50017
17020 91945
20821 98819
12415 44085
80205 95283
53693 94416
8938 54098
17595 96334
7482 80799
43396 60572
90409 91633
23078 76790
90829 91281
46905 49230
8797 28614
86998 95140
7360 64131
27576 67510
49305 52944
34423 83640
82338 83253
10088 95999
58285 73750
47046 52418
68197 87408
28794 90905
44139 59778
27644 43467
50889 77848
19124 50543
95766 98990
92732 98765
6823 54972
95047 98118
93852 99575
18310 54223
47264 91383
36733 74076
90729 92916
85965 97823
24678 35492
56759 72238
98637 98713
54587 82449
40440 64594
95224 96848
43578 49705
5600 27923
48010 57275
52963 78570
52752 77731
84244 95444
39528 68030
88080 96690
47653 62065
10237 59351
85703 91163
40966 90447
64884 91347
29422 78068
78053 89210
89009 93617
76262 92700
46373 93719
16525 19128
49230 50733
55353 69864
11532 52542
73088 86552
52766 83746
15077 91019
70423 80402
37035 38943
59598 60776
36926 73699
77001 87897
43883 97095
26594 78461
91335 99554
96680 98835
71046 91953
67562 83724
45245 60365
77383 82052
76836 77343
35194 63734
33351 42536
66915 98641
71811 87484
96812 99546
4266 28721
14085 69791
82593 83583
38800 91421
16696 26906
22138 77069
75309 87896
6610 96803
69471 77640
84019 85723
77619 85696
23244 37197
2053 74405
19589 22361
89442 96319
59122 96970
92564 96311
63903 91200
7406 27263
32818 72872
32217 63090
55698 57210
63915 81919
63183 97207
20631 23560
75938 84336
49161 61018
31967 96412
23824 70706
63356 99564
10807 65450
80428 86457
10089 27830
85420 90694
23865 54866
59547 68295
31685 32840
54738 95092
83106 89050
41506 88965
59909 76366
79293 95136
75006 94094
18530 45601
75529 92727
11701 44037
86240 93208
44644 99357
56549 81816
68193 90274
88603 99338
72111 76778
64902 97147
51203 77047
73045 73260
14844 54952
90801 93464
59523 64040
18011 97464
77674 94251
87397 98827
58356 70163
31787 57798
2128 93435
90257 91854
11862 30030
56054 93894
4483 49672
90372 99942
67695 83063
3626 43641
58385 73360
18673 33571
59834 94954
90629 98112
3180 69504
94640 99850
50238 75213
11815 99967
80247 87248
26404 85671
13628 25960
18392 40390
37490 83374
98701 98973
29249 43028
44600 91883
49151 67487
11398 76833
94897 97854
25460 89433
53655 78244
91112 93182
86639 87459
19519 66098
95018 98505
27816 44368
9972 85217
31597 44794
81990 89425
82148 99381
50222 63648
71641 85258
42834 98851
994 74435
13323 65296
46095 77887
35096 87281
13086 90524
90480 94978
83328 97676
63239 71127
12384 82330
89086 89158
37111 55372
60022 78722
73705 78334
23198 58024
84728 95069
6565 93262
98402 99294
63212 94385
63775 88074
95563 99216
49532 71906
7667 34997
94062 94272
60014 83057
22141 64150
9403 35708
48419 86367
97455 98283
82534 93309
10231 89051
1343 86374
43182 72398
61029 62996
45173 99827
98513 98674
72467 82105
42265 86966
4138 86638
54188 98301
79078 88147
2542 20832
79364 94453
41150 55695
64917 78270
26797 57551
29347 57949
36119 52235
21569 98123
36202 52762
68208 89773
11202 61935
34314 82283
92430 95007
31325 43369
40665 95570
92467 95248
83691 92153
81541 86413
71876 84530
56423 59934
34636 49463
26867 44381
58810 89091
86900 97393
17595 51006
4532 7181
51059 67730
57762 58596
31471 50590
93580 97792
39252 45950
16214 63377
2062 66006
88887 95267
78862 97358
98929 99358
60928 79627
29987 74094
46981 68115
98408 98668
52022 79158
35023 49048
31086 79430
78101 95264
22162 40778
1907 17970
20268 69610
95741 96911
27619 38235
12541 81672
6936 75686
62553 69799
60150 73934
72661 87745
74474 85371
29374 29775
69918 92382
25163 99287
19082 68564
43356 63284
44523 92262
66826 91256
32879 50892
33033 72750
11012 14967
32622 88108
69614 79115
46489 67703
43264 49091
55265 97196
90598 96527
80249 96642
11723 62259
18449 25789
69551 84842
27337 59791
74775 97524
30193 34370
8493 68911
47646 78228
68242 72359
78688 95786
10955 18395
60167 65170
84812 87853
1916 3667
30632 66267
7357 98104
44941 60251
91140 91555
10813 23271
66407 79695
4700 6507
64503 90308
15541 18178
70975 79871
66341 98815
67247 85122
43836 84257
18368 27224
23466 36417
36862 61850
47757 71114
12481 57334
70174 91847
14986 51452
58966 64855
67373 86947
19025 43419
34545 87289
77191 98681
65488 91619
23509 83355
29937 33885
49687 68268
61925 93489
70578 86397
44401 86129
38712 48240
12368 48216
54055 72080
57798 80819
95514 97324
34446 46802
59320 96430
26013 41997
10905 52132
27518 47154
16564 27767
56397 94257
16963 22516
3240 17710
21290 97089
15377 94226
66557 87621
69525 70902
32647 74005
36935 75451
62163 96375
94769 95450
71376 97071
60705 76080
69460 80084
72044 88402
46104 85312
78018 91628
83159 99675
92251 92802
41272 63363
70828 92733
79665 96647
65557 86071
9196 42332
72835 84527
40672 51470
29172 77611
59137 70429
95244 96336
76192 97357
43922 80652
55976 91956
27796 47409
44248 77537
24709 78063
12978 41334
1190 71221
53402 57410
12782 57380
48379 75526
81033 97982
63975 86123
19539 91564
88409 95730
17948 23326
56979 93067
85306 86304
79944 83695
51855 69275
25807 97835
8310 71655
20209 44027
14331 90748
1853 49175
1715 39020
44432 69320
35621 70888
96204 97991
41796 85148
10126 21832
73286 86203
89935 95465
8210 32268
4345 5719
70544 89056
94215 95667
85830 90712
38495 44443
10145 35067
7306 86597
13578 71098
1576 87239
11627 15212
57132 83499
14193 26796
25537 28303
18941 34787
67559 80352
28597 86843
64531 89424
38620 92179
46932 80258
43030 51919
91012 96383
57089 95421
46860 88920
36758 71700
51352 93171
44266 66417
65348 79082
30478 57664
24523 46782
28126 68311
96417 96780
99628 99876
38702 98165
52263 65334
3073 40123
12006 50536
10362 16381
90584 95072
18227 91213
17674 52529
91223 98086
10622 44955
16099 89268
35007 60388
80263 95392
93842 97103
73986 84807
29366 63153
31225 68802
20827 53985
30248 81978
31767 75007
97690 98166
51141 95665
59298 66362
82496 87034
48718 95418
51290 66253
10196 55279
91261 93298
87317 99447
15504 27635
76748 84967
27062 82511
13992 99218
52408 55621
58195 84430
89422 95336
11381 62252
42810 70900
50578 88618
5599 67620
92829 93132
22585 74938
92822 93013
95216 97030
58874 67026
87221 91248
23999 90846
2351 78626
95976 99187
488 80730
97971 99960
96689 99498
43879 80929
23402 82633
3206 78810
56354 77918
2824 40966
46060 56542
70342 84859
81490 83598
46722 75443
50532 51706
32420 52842
19813 52241
59573 93979
96056 97298
18211 97916
95867 97542
27817 39072
43958 46889
72369 87395
96946 99017
13251 34525
40770 74724
61128 63540
73539 82260
49789 99582
66735 79709
33368 95393
33690 41039
62645 75414
36252 83977
38492 97261
55417 92133
22858 91867
65666 76504
68982 98030
71330 81590
96151 96282
24119 51732
24969 35937
869 53523
28745 56529
40745 74034
62218 71834
22180 25961
13764 48305
16210 53038
24464 62795
33447 99674
27682 45264
39560 44890
71813 83641
38843 70252
90611 91649
776 13927
13203 27490
35992 87763
57170 97265
16415 29386
13451 17589
11991 41591
87905 89030
37069 55940
50480 53755
81213 82539
75822 76917
96601 99203
21447 86322
25903 26415
87453 96093
98656 99789
86157 99421
11370 43574
80476 88460
38687 95680
10606 12106
93898 99770
56217 66964
91885 98805
62011 86759
28530 49328
3483 46152
38142 76035
16460 38660
55718 67717
77714 85468
22108 45536
30356 78634
66636 68579
91014 91024
22925 86018
61682 74783
53720 74376
21359 37043
90024 92003
19736 63894
91887 93095
77846 88441
66594 74540
39080 85856
2611 64705
16523 38798
1040 67774
1929 24873
53146 60505
17916 42113
70825 81413
48991 52864
16358 77347
88582 91295
30234 61945
55261 92470
71549 75550
40250 96186
27676 61526
8732 94598
98257 98396
76956 98067
38823 64273
29230 97360
62637 73289
61582 64022
36445 62239
5492 86222
79176 85692
70072 88997
85554 96462
6988 87385
69870 94214
56166 78349
90378 94548
99617 99752
40893 81426
91095 96200
99241 99900
94411 98911
51490 68158
23104 28196
1772 35594
49781 96926
48888 74132
74307 85315
18086 40847
73746 75452
81745 95808
64636 80100
97003 97606
76156 89536
49929 82849
85048 88219
89836 96791
57131 97401
39916 54732
29143 31099
15443 56607
63465 90708
75876 85134
44526 95539
33960 65901
77349 93167
54912 77667
11259 73384
15671 82517
4635 8784
94222 99821
61895 71282
89928 90778
22084 42417
61980 69117
9654 98439
41295 81613
78531 90604
55901 69819
34470 56939
75057 76590
95466 97042
30717 45773
28661 45875
45662 90615
81352 97361
20731 93511
55224 85681
57943 88713
55368 83715
84888 97379
9256 55647
65973 86549
13473 39047
61353 69966
80576 81056
66234 71227
90757 92906
12008 32870
28876 69774
84743 86116
45489 96970
44950 78793
7850 95916
34475 98422
46661 90422
47646 60728
11594 46163
54371 72600
28462 95455
96338 96909
87964 89960
72225 86894
17601 87760
51270 53002
24909 81154
29160 95326
48602 74136
16495 71847
94469 95692
77863 82011
97415 99801
9482 99398
75529 78704
14290 50860
869 28415
5921 32569
1593 6137
42256 67410
57452 70110
31912 88157
87626 95282
48650 69458
91317 95859
58612 71685
66215 74204
92013 93124
99648 99684
47114 82700
49752 57087
98654 99587
46256 71598
70806 92926
89508 92922
37027 43256
42426 44619
46755 76177
21747 24222
55025 58053
45339 55895
50690 81199
9783 84828
3257 95761
21286 75321
44932 84007
36673 81617
59507 95443
534 99776
31604 63974
69796 77111
55089 78613
99006 99901
44102 93951
90037 98071
90309 94266
72398 85147
3140 60589
92065 92440
69814 77920
46975 82920
85526 85967
47383 76439
74809 74818
40856 99316
79829 84929
79678 81820
81045 81137
28445 68665
11392 64834
50679 71076
3659 84219
44547 47109
64204 97055
80666 82823
78050 81205
96080 97677
28081 82893
68841 99628
42298 73472
12227 40520
82185 83973
15330 84065
81842 86265
82531 89014
96827 97865
64969 83604
87720 92240
77718 86555
72496 78240
68089 86553
95455 97396
88698 92520
501 36577
97132 99987
56343 74389
43573 82917
9886 40407
54612 63732
48073 69199
71693 89966
51310 59623
46655 94837
88638 88708
16000 89911
12682 23535
29162 69001
79902 80927
96046 96942
7124 15156
59906 95361
53132 76101
73604 88331
97076 97674
83758 93600
50018 92963
90896 96491
3433 15374
86242 95487
53205 75233
28832 92935
20332 92197
7953 78815
28008 96468
22179 95849
15432 94487
34949 91966
41295 46731
5652 72376
33108 35879
76174 81591
56262 64353
13373 50021
52300 95595
57587 81550
19420 92255
48579 87752
54010 73070
50165 52220
20377 74529
58767 93383
62040 86363
25207 89250
25072 80003
19320 73944
89624 99740
33791 86246
89877 98999
77830 99326
36645 55699
30424 31535
8521 32622
86753 97684
81440 89836
23819 84208
13354 17005
17167 86015
96431 97653
35192 45499
6191 86802
18631 57866
78678 88003
35306 74922
53777 69714
30366 66378
17156 70332
51409 70257
27647 66108
2953 19165
41712 82092
19181 38998
1654 89915
95213 98415
98931 99500
69421 72764
32888 46433
89535 97567
3014 32162
33442 71870
84104 84129
20245 69818
82481 87142
14987 51520
71959 99531
28650 61395
27874 31809
72182 83126
8988 40739
53008 68815
7124 18770
81505 85970
99214 99599
88367 95756
88941 88945
51687 59372
79716 83964
68971 91855
3015 54507
48325 81082
44180 80003
77500 96864
51152 96558
7485 94408
33881 78748
38057 44267
52584 82934
22451 71816
49281 77737
28160 72672
53272 83015
55114 74205
81207 88271
99846 99898
26491 60110
98052 99711
95346 97783
93833 99973
51716 67498
82658 86722
10168 53649
14061 50084
14656 31289
95675 95777
86017 95737
39090 58660
68363 81942
90430 95355
68401 71356
75111 76361
57067 77990
70184 86091
8459 45854
50198 55739
33094 79471
43597 44137
97506 97553
46122 91128
39787 93894
55471 71017
66555 86241
32027 72509
38655 78834
9030 70657
18078 87686
35702 55992
90837 92931
41425 55966
68923 72793
35544 49129
35925 45762
62873 94944
48757 79470
45419 99122
51068 54274
35905 45860
89250 94542
60824 75857
23345 91703
88476 91953
29867 30986
62275 86567
64931 76875
99682 99992
95066 95457
1455 84411
77873 96805
30171 81220
31522 67043
38717 53715
53578 86926
67727 81830
87925 92638
94375 94540
62279 98134
77835 86440
98204 99647
26456 75705
62346 62627
95450 95466
90860 98818
26826 94049
91293 99548
82768 95453
88039 97450
78557 88499
93024 98329
48560 63801
60445 96009
72327 77021
74502 93797
7309 18194
75652 79944
46485 88185
85637 88624
60212 76703
48580 70442
52017 77421
74016 92101
35031 71009
34532 98262
38551 69403
57017 70209
23754 98012
5058 86446
82956 96946
22598 78670
74399 75119
15589 40655
98097 99140
65119 82121
24594 57209
2903 59114
34709 94046
24431 55146
58379 90431
14283 54805
88611 92011
13064 26898
47733 79306
98142 98917
57759 96899
21155 71198
68437 91227
68908 73697
55359 96981
86408 94655
6966 19184
87228 90840
34924 89348
76590 99958
82636 88384
71682 88457
64120 93294
33456 68499
48577 55928
29368 89851
77706 99808
99933 99975
42877 84776
20596 58075
9829 57070
7975 13689
90395 92058
81041 91134
32977 93312
31187 57128
61834 86043
11651 36400
28445 42849
31851 82717
26466 39094
20179 54736
2738 99009
91391 92157
20260 30944
27360 99847
30960 39478
30875 62769
58043 95466
22928 23418
12431 16033
50270 71211
22656 71549
46065 79637
29681 66672
73024 89311
10912 19586
44172 48796
3129 69921
41190 66744
99678 100000
82978 92674
20408 38003
39692 89288
86247 94257
41420 72692
66768 68991
94755 98305
99221 99776
5642 89238
50034 51233
64373 86487
11257 72523
5217 93586
10538 49789
58335 61166
7592 80115
99511 99732
53150 69660
80649 84855
65691 99135
82485 85067
97357 97454
54684 58590
37758 81837
8832 82389
21261 38791
50330 90360
70950 98821
64100 81687
14798 84936
22336 25143
13439 52945
84959 98754
89957 98119
92251 92938
94613 98579
28853 43917
51021 82508
16135 57720
29959 67557
93340 97153
22862 43238
68420 92361
20580 75350
26580 46914
14322 70912
51822 79716
46067 61452
76898 77647
27944 66244
26434 54574
31748 94417
83722 96257
23740 91491
43610 98208
94998 98291
13181 16851
41508 91991
65328 68124
17139 61904
56448 97115
6830 95656
394 83535
48269 86953
54573 64931
61213 73559
49103 52130
96792 99264
17813 34141
91883 92323
81080 93373
48118 82506
98751 98925
12193 80021
38219 66614
17934 60474
32476 74766
93731 94751
38942 96640
77159 85444
39039 83485
67547 91109
30219 59590
91411 93105
5905 91670
82279 84469
5139 91744
27282 72254
84607 86888
25902 72828
6826 76855
29699 42973
66468 75859
95209 95988
58687 99421
94672 95237
48535 48648
79893 85060
2768 74866
49967 81389
76918 89215
14075 97952
42999 95222
35779 68813
72166 84114
60756 78665
63255 67729
82500 84162
68424 73366
71486 94218
50608 74351
37515 68315
82791 93592
43762 93830
31211 31974
68552 95903
71765 97208
94212 95813
65392 94209
32639 51900
4809 70549
86279 88825
64164 84525
18797 72949
97093 98850
1460 91534
43878 64192
12857 46909
6104 27907
26919 71629
16092 88173
49228 79094
19599 95854
64377 76648
46271 64179
89962 92022
28902 38549
12046 17537
54200 55935
33579 56813
57497 82813
60763 88554
41514 45217
39345 91550
14899 17570
76750 93696
31905 78008
77547 84033
16655 72367
62458 62767
87312 96450
1627 50685
2681 5662
75558 91526
79083 96132
71903 94964
8503 62724
9407 91520
18240 76107
52771 84613
60185 91240
30949 49541
75130 89352
70803 93792
60823 89996
59842 78266
97457 98281
65308 70122
21734 52942
36753 50731
40247 97648
62349 71811
68553 82117
34771 98267
84703 94258
99428 99796
82652 92342
62946 95099
33901 48636
77208 96281
4777 81579
28676 87950
13142 84606
21461 70756
