19401 2641
7948 9020
605 613
2387 7817
9610 9851
6115 7424
360 4828
8011 9654
3247 9226
6785 8990
8837 9030
3163 7779
9072 9789
4352 9783
1445 8404
5500 6263
5935 9213
6718 7744
7296 7681
3232 8973
4772 5572
750 4042
5906 7900
3175 7392
9437 9953
467 6388
4014 8944
7042 8289
5857 6837
1471 9666
8607 9015
1916 6899
4391 6950
3216 6328
7927 8840
2264 7158
3440 9160
8556 8582
3094 9468
2773 2913
5456 7964
6139 7685
8642 9440
4739 5779
8009 8120
3038 6503
9732 9936
1574 8804
4021 4751
9884 9970
7311 9143
6228 9489
1254 9720
6988 8917
4973 8325
1409 4558
4357 8055
7991 9471
2822 2974
360 9174
2025 4083
9658 9843
3074 5174
8238 9163
5399 9634
4176 7540
6911 9419
7954 8503
9873 9934
7842 9858
2331 8240
6186 8221
5010 8838
5300 8303
2673 7748
6163 9008
9882 9917
5246 8509
7997 9491
2593 9374
4766 9353
103 7466
937 3929
495 9831
1839 7427
6078 7561
8152 9900
9664 9696
3158 4423
4413 9439
244 7160
8601 9608
1244 8927
3804 4625
6079 7562
2377 7956
3989 8959
5217 6399
619 2214
1729 2471
7831 9727
1132 1638
9036 9167
1370 4009
4346 9706
7407 9454
334 2580
3095 6707
7852 9653
7326 9614
4530 8442
9493 9526
4782 7760
4688 7639
556 1928
8233 9991
4520 6813
4493 8369
7058 8878
6087 6218
1405 5495
9908 9990
3908 8295
537 3377
5513 8549
525 1379
3429 9170
7096 8503
1273 3856
1870 5144
8966 9244
7605 9631
1233 3331
1213 6954
8526 8589
3044 7349
2464 3969
4617 5855
8313 9478
6364 9628
3656 5472
9243 9976
2063 5497
2675 8879
5187 7156
9193 9780
80 9402
6337 7108
5331 8453
8624 9528
160 6673
8698 9827
2234 8103
3830 9116
8913 9676
4456 9917
3035 4259
2691 8346
2202 5354
1218 2219
202 856
7738 7981
1879 7211
8853 9059
6025 8465
529 1511
8894 9355
6667 7591
9263 9968
4810 5570
7719 8036
9396 9457
2764 8182
7177 7669
1840 7591
2915 3325
499 7468
4704 6799
7266 8217
3313 9997
8777 9216
4553 9405
216 4393
8637 9315
8479 8671
9584 9889
538 6470
6017 8849
1920 3774
460 6365
5582 9151
849 6486
2285 2535
163 5672
1117 9063
44 7641
4322 5039
9680 9996
4478 6364
2170 3202
6870 9106
2981 4972
6291 8724
7032 9341
8481 9765
7873 8980
4149 5270
4901 5171
3156 9367
7348 7777
2887 7607
1778 1821
8416 8745
1966 3212
9712 9914
7763 9755
8698 9807
7709 8592
6364 6997
7507 7551
5535 8956
4127 6744
2178 4520
6080 8490
5947 6862
89 5085
2896 3573
6680 9230
3795 9055
1463 4646
6234 7921
2064 8234
2419 6678
826 9351
8601 9601
5970 9587
5387 8580
4474 9795
1095 5381
2156 2494
1794 4336
8278 9316
1863 8272
1421 2839
2048 3819
5753 8525
2594 8558
4003 5438
3017 4865
2058 9100
7851 9727
1812 7764
2241 5973
3218 7904
6082 9089
2371 5093
4321 4881
4490 4503
1003 1493
7860 9727
5213 5716
186 4686
1663 7956
5506 6342
6115 6697
2415 5450
7686 9343
318 9030
2473 3324
7305 8835
206 2296
9034 9526
4348 4925
7837 8333
6542 9430
3255 9764
8903 9252
7176 8532
4184 8623
5669 8080
8928 9488
7423 9700
751 8952
4092 9512
55 8689
8117 9258
8796 9318
2791 9707
582 5838
230 3669
9350 9662
3125 4387
4557 5034
4469 6948
6133 7025
2813 7683
46 1523
5855 7370
5733 7235
7825 8730
7795 9370
8963 9699
2015 7389
1438 8483
894 4233
9979 9994
4413 6207
926 8831
8255 9970
8639 9156
8539 9084
5918 7150
6983 8503
1549 8336
2663 4938
1001 9261
5216 9376
942 2223
1833 2331
7188 8952
8744 8930
2894 8515
4313 7194
21 1059
4358 6892
5667 8849
6612 9042
1278 3160
4637 8697
7323 8376
5083 7053
248 1082
8445 9555
6238 6867
3600 6014
202 1961
4319 5428
9154 9276
509 7041
4216 8221
3485 4057
4518 5956
2212 3472
1621 2011
3566 8440
5364 8804
7791 9790
7396 8719
7441 8232
2907 7265
1853 3664
2283 5488
3653 8466
5762 9577
9241 9905
4502 9355
9768 9987
3158 7824
3701 9740
445 7112
4000 7249
9455 9578
563 5725
5964 9256
8177 9499
4148 7721
6173 7416
5910 8059
9629 9820
9564 9594
6739 9358
9652 9745
4997 7372
9658 9999
7738 8724
1706 9258
9440 9605
6005 8364
7024 9798
7680 9023
1174 8607
7093 9082
196 1974
9951 9956
7883 9661
965 1390
8441 9521
5757 8727
2633 4105
7866 8156
6655 9058
9825 9855
489 6171
3817 8835
8791 9307
9970 9987
4330 7494
5916 8827
50 5687
6852 8081
2869 6916
5780 6090
259 9145
3354 3408
734 1232
7790 8212
9211 9637
7923 9261
7710 8539
3372 6438
2360 3263
3469 3876
3652 5860
6844 7747
5848 9741
6057 6672
6070 8912
4579 6139
9202 9259
8222 8631
3291 6578
8661 8757
6963 9580
401 1654
1339 3287
9944 9987
3164 7306
1621 9518
5411 6936
7225 8088
155 3766
5346 7100
8888 9495
2462 7379
118 596
4790 5652
6637 8734
3524 8972
3404 9378
6768 9050
9739 9995
1460 8561
9739 9827
2263 7766
9940 9953
4635 8087
4928 8211
538 7721
3524 5133
4878 6786
7066 8554
782 5942
5943 8905
5859 9187
7069 8537
8676 9513
4688 5946
9914 9998
9766 9832
3240 8236
7647 9701
2842 7999
9052 9060
2455 2991
3666 8046
4183 7990
9901 9903
3460 7927
5000 5478
9209 9250
8027 8824
2040 4908
5313 6438
4754 9174
58 9604
4428 5493
4410 9589
5260 5967
8676 9901
5744 6727
9478 9479
3973 6485
3420 5135
1133 8191
445 6232
5185 6836
9449 9867
6271 9510
9233 9996
892 1860
3054 8424
9180 9801
3852 8144
4070 6461
2762 4862
2895 7865
5858 8754
4681 9303
3681 4993
1172 3240
9416 9987
7417 7642
1877 2535
9084 9125
5867 8923
7314 8975
4542 8787
3910 7320
9691 9989
6934 8274
7315 8876
9183 9736
9780 9986
4046 4455
1532 8477
8333 9135
1755 9116
5443 6861
1648 2840
1624 4703
3367 7438
3982 8415
92 5956
3058 9957
736 1308
6435 6465
4635 8260
1927 3573
7878 8532
64 310
7774 9218
4019 5210
7253 8804
6788 9077
3883 6568
3552 9845
1892 9484
6558 8460
790 4333
4849 9489
9276 9921
4466 8878
1744 5954
3710 8905
5387 8384
4999 7249
6575 8346
5168 8840
5708 7347
1920 6721
6799 7903
1345 5164
5728 9917
682 1960
1869 3157
244 8530
5593 5738
6928 7106
2065 3646
204 2115
4508 5909
3458 5280
1716 5260
179 5488
6528 6820
400 6348
9022 9697
2587 9519
7360 7965
7117 8255
856 7145
4921 9814
7689 7691
4914 7311
2425 2436
3489 5926
1799 3908
53 9364
6110 7570
1859 7713
8988 9194
5677 9012
5284 6194
3147 5212
1961 5716
9515 9735
1927 4633
5944 9706
3962 4071
6808 7879
2006 3419
356 886
238 442
5200 5815
7210 7432
2513 4759
4536 6973
4059 5867
4084 6790
8681 9860
4474 5759
861 2327
3956 7778
1911 9882
8526 9337
8812 9809
6293 7655
2150 6436
1217 3644
4508 6511
695 4294
5213 5413
6244 7673
5502 6950
7432 8301
1864 4446
2702 8424
2328 3904
2553 3237
2919 6859
9542 9668
6746 9426
8207 8235
7255 9112
9132 9815
532 2501
5478 5549
8993 9315
9023 9748
7732 9651
4071 4626
6865 8495
282 7964
2366 2506
7626 7853
24 1966
1499 2648
2730 4498
3306 7592
3191 7234
4091 4843
1539 9914
9362 9994
5875 6880
1783 9489
356 5800
3844 9566
3036 8780
1805 9627
4206 6083
9761 9916
5347 6167
3505 7042
673 6197
8994 9936
1341 9903
1996 2976
5758 6778
1677 7869
1026 7602
8784 9053
4793 8487
2601 2814
3824 3914
2927 3841
2271 9939
4990 8564
9541 9823
6658 7003
5694 6309
4591 9066
3949 6204
6974 9876
6091 6978
9042 9751
5304 7559
6085 6571
6297 9076
4860 6190
4114 7463
342 3218
5414 8855
4623 4734
6963 8139
3526 8961
4635 6280
3687 7618
10 517
6943 7695
7314 8284
6946 9232
5967 7956
6078 6893
3423 7809
439 2295
2429 6596
9980 9995
3475 4627
8080 9415
6041 9602
4545 6444
9968 9999
2511 4499
1400 4639
729 5482
6655 7933
3359 4849
9881 9990
4970 5759
8897 9916
4392 9317
3548 7609
3691 4067
8414 8892
1458 2266
6985 8724
4542 9668
4228 8705
3661 9614
8207 8630
1731 9322
7281 8242
7719 9828
7400 9687
739 9878
7088 8538
3150 5481
3328 7267
2644 4976
4959 7495
9305 9979
9024 9547
2792 6543
9630 9949
4071 6147
761 6232
7260 8652
6087 6643
3810 6117
8055 9792
9042 9165
1455 2628
1072 7442
5866 9808
1388 3986
4619 5040
3926 9278
181 7035
880 1003
7239 8431
8809 9837
5186 5552
8629 9205
6433 6491
9208 9873
3015 8040
3716 5979
351 477
7593 8383
3043 6775
2133 7673
4282 5684
145 8018
8186 8493
414 4007
9243 9482
9683 9744
6880 7534
1875 2231
9422 9619
6425 7055
9223 9791
3051 7065
1721 2678
4605 9696
1413 9632
9758 9810
8453 9063
3798 9433
4310 5516
8831 9596
1795 6714
8178 8652
3160 9434
2022 9472
9879 9971
5033 7841
50 6511
8071 8446
6245 8009
4087 7670
307 9058
6955 9606
334 7780
1002 7052
741 2925
8463 9438
9520 9750
7913 9292
7385 8081
1738 2945
7675 9552
5389 8315
3850 7320
8243 9402
7831 9552
3113 9869
4148 5340
5544 8686
7689 8164
3530 4027
2192 6074
3570 4836
6227 6274
4957 7136
5412 5426
9229 9617
2386 4873
5736 8604
1159 6100
3377 7346
1341 3696
3523 9488
6757 9793
3413 4953
890 1295
279 7699
8953 9346
5009 8817
4215 4246
5749 6309
2745 3262
8807 9729
7645 7888
3585 4878
6351 6424
8382 9198
3719 5430
1493 8579
2730 3540
5087 5803
5546 9147
3447 8792
2949 4391
1818 6159
6203 7002
1611 4364
7363 7415
1866 6102
815 4169
6775 7071
7626 8907
2374 5404
5764 7131
7518 9601
2238 5296
1229 6817
4959 7584
4832 5562
9858 9967
1579 9519
5920 7714
3749 6912
3951 4933
3301 7991
7076 7782
2816 6011
9621 9915
3515 3750
6947 7103
1502 2471
7321 8633
1141 2955
2204 2528
8404 9741
9554 9948
1667 6533
50 84
8698 9096
5402 6800
9712 9759
57 2739
8192 8879
820 5234
4052 5929
59 7509
6641 8513
8731 9213
1256 6938
471 2460
4433 8027
3280 5640
8296 9867
5884 9208
5758 8553
9350 9379
3043 5029
4572 6506
8671 8905
6802 8809
4361 8487
3215 6130
1150 1577
4134 6240
3680 7693
5121 9161
2559 3080
9002 9144
9323 9345
5526 9721
2598 6732
8862 9842
7481 8145
2375 5777
7641 8636
8434 9581
3217 6480
8374 9070
197 8488
22 7307
9583 9751
8381 8992
1595 5686
8096 8941
1264 7023
4771 7415
2548 8756
1320 6870
9277 9973
1969 2357
6046 6205
5818 8912
3376 7134
65 8741
6747 7752
9932 9967
711 2275
6345 7044
5904 7020
3412 6102
214 3936
1548 6948
6356 8569
6537 6583
3111 6530
1645 4283
8985 9110
9696 9719
6882 8557
6664 6987
6270 9502
2563 8967
3376 9769
6412 9847
1497 6978
3204 5964
933 5382
8377 9110
6726 7274
7255 9005
4715 9361
3232 6862
7550 7841
5447 7665
2801 7338
3183 7046
8997 9312
9570 9827
5446 8808
1193 8357
7658 9690
8030 9537
2418 6284
4178 9848
9482 9524
1775 6723
4590 8337
22 4998
1627 6440
5062 5478
5920 6350
9190 9302
1524 6564
3877 6982
7266 9914
8064 9473
1498 7169
5630 7505
6046 6695
5494 5603
6628 8132
5396 8067
5997 7821
7078 7594
889 5005
2733 4185
8578 8826
3410 7721
9509 9555
3852 7320
4918 6035
5329 8956
1011 5366
3270 8166
9152 9313
5451 6025
9043 9580
79 3119
3508 7595
3103 8808
9401 9490
5037 9611
4083 5861
7730 9296
4184 5309
4480 5940
6189 9424
8053 9638
6272 6669
8945 9400
2823 4069
925 5993
5584 5643
1320 8570
5761 8255
7718 8874
8280 8751
1123 3686
2817 4841
4132 5631
645 2722
5868 7972
7144 8418
2527 7410
999 1233
3634 7250
908 8777
1887 3841
295 4021
2441 4001
2165 2501
4313 8912
3005 4357
9709 9732
7939 8518
3953 7591
7934 9989
2374 4490
8475 9191
3612 6964
2338 5623
1777 7209
1583 5091
1356 5363
4867 8765
2355 4923
9837 9868
2230 4957
5300 7537
2507 3963
6911 8809
2798 8006
5000 5407
7955 9472
8873 9083
1976 7954
8088 8308
5372 7354
298 9996
404 3513
4312 9576
4317 5379
1970 5305
3420 6460
8126 9158
4616 9654
2198 3932
7630 9239
911 2335
173 3815
3118 9872
4581 8073
1416 6744
602 6063
697 5856
1970 4261
2086 8998
5675 8116
3888 7461
9548 9705
873 1224
4719 8970
5648 9019
7268 8869
9640 9835
6966 9109
9200 9961
5963 6351
7933 8099
1949 3294
3794 4724
797 4494
4790 7416
3112 8538
1869 3442
578 4777
9625 9630
2095 7029
4851 7667
3621 8060
3816 4054
8280 9128
8419 8447
2158 8216
1577 2211
941 5500
6882 7629
943 8999
3582 9278
9898 9955
727 2584
1790 7996
9746 9841
4461 6943
1924 7260
5192 8194
3998 6858
1194 5810
1587 1630
5285 6351
2139 4005
6946 8008
833 4968
5244 7507
7623 8860
8986 9419
5386 8744
6175 6509
6575 7377
1867 9671
3220 3954
5018 8708
4271 6495
1456 1999
2492 4029
1873 6795
3687 9990
3643 5570
5272 7795
17 6692
4010 8483
2200 7348
5982 7953
7475 9738
60 945
356 1946
1298 4222
8734 9324
3686 4607
4084 8564
6796 7825
2373 8380
6433 6868
2936 8378
6984 8410
6729 8271
6335 9235
4973 6970
2340 2398
4782 5628
3278 5040
6058 9827
2509 5171
9765 9890
7584 9994
8672 9173
5853 7330
6497 6833
6493 7291
2784 7398
3331 8281
8055 8323
7122 8989
3457 8709
1136 8799
3120 5836
2172 4296
3995 4174
7618 9971
6202 6219
6263 7066
711 5889
9419 9743
9717 9811
3518 9014
1454 4288
275 2202
3296 7087
8545 9201
7319 9126
6609 6809
1426 2552
9753 9878
3825 9295
4259 9813
6428 8063
4606 7398
5045 9194
6122 6468
4225 5030
2217 8580
461 9282
6820 9277
9203 9344
1851 2462
8485 9592
971 8189
6665 8724
1871 9118
8633 8864
6821 7392
5012 9790
6597 8819
8306 8727
6962 8611
6553 9453
6494 6676
364 7964
8640 9368
9473 9966
5757 8749
7044 7282
1938 1957
9572 9682
6743 8239
3430 5753
1403 5799
1726 6458
7329 7805
9528 9787
9482 9496
6152 6960
1843 9693
7252 8260
4057 6794
3677 9796
7195 9302
7581 7950
4332 4499
8954 9810
3075 6205
1231 4727
687 4767
5843 8337
4763 9762
4020 6538
8177 9086
2504 8248
3852 8839
9602 9982
2056 8210
2188 6703
14 5592
9663 9711
847 6124
2763 4636
9268 9381
8831 9264
2664 8363
2731 4573
4664 9400
1651 8452
8896 9196
5338 7253
3377 5547
2227 8108
8670 8675
4767 8733
1010 3173
7001 8196
8765 9446
7643 9238
5881 8065
7339 9728
1640 1903
6087 8437
7154 8849
6547 7327
510 4018
7526 7653
3164 7694
1745 9746
666 4032
9022 9820
7653 9177
7532 7689
7907 8822
6950 9239
3975 4892
516 2380
3660 4249
7739 9236
7370 7764
8382 9172
551 4901
2998 5184
7150 8296
6069 7141
9285 9385
7484 7942
1333 1484
3470 7965
1404 8050
7190 9152
2897 7216
8722 9370
6339 7018
1295 8751
1496 6111
2030 5169
6828 7329
9365 9893
681 9554
9936 9979
1846 7695
2526 6031
5495 8461
2994 7141
5856 8765
374 2873
9789 9955
3255 4422
9778 9954
375 9903
1140 9379
4936 8607
9603 9840
2164 6370
7107 9246
8637 9606
4159 8771
2986 7372
7565 9179
7543 8644
7785 9333
2993 5902
5955 7788
6702 8965
6951 7932
8935 9488
3974 8071
9492 9568
8810 9670
9788 9966
7083 9698
4355 8245
4105 6784
6035 8329
6044 9780
5924 8093
1808 3614
4051 9235
8845 9907
1108 7299
5826 9198
7114 8736
1701 2803
5121 8734
4005 9392
762 9911
9470 9618
4372 6139
5163 6134
8893 9218
7052 7301
5176 7581
4866 5705
93 5673
1828 7732
3707 6848
4952 9941
7334 9769
4091 8135
90 3287
8004 9462
6205 7969
377 9215
1147 8389
1092 5838
2215 2592
8659 9880
1282 3825
4461 9972
4283 9518
6018 6053
3039 5887
2418 6364
9331 9430
8768 9367
4204 8549
9121 9696
6127 8449
6045 6282
7608 9665
964 7459
5390 6392
3224 4571
5364 9139
8436 8603
1500 8757
5761 7620
8789 9952
5080 8962
1191 7718
3320 9911
3041 3689
6039 6327
2620 9085
6827 9656
2223 8718
4507 6702
2222 9237
689 4953
5822 9147
6500 6733
7842 9068
8249 9429
6122 7962
8789 8959
3205 5112
3776 7227
5317 6867
2512 5545
1028 8211
7213 9390
7850 9783
7081 9498
6742 8990
6312 8673
5932 7836
2286 5726
8125 8936
2235 3706
552 8418
5565 6422
7758 7873
1540 7587
556 8173
1831 2921
9472 9680
81 3781
1217 5637
1919 5916
2270 9962
1283 1423
8126 9932
3055 3381
8522 8613
1150 3411
2764 6799
631 7397
9427 9945
7653 9789
192 3602
3903 4521
8184 9899
7089 7191
2116 7883
6765 9002
3289 7827
612 2999
4347 4704
7763 9094
6749 9078
1999 2966
4925 8974
5697 6602
2295 2492
9396 9434
785 5441
3751 5468
3985 4386
4792 5973
6348 9121
9183 9210
4115 4331
7317 8962
8854 9595
7297 7697
1186 1599
726 9100
3438 9904
6387 9105
4809 8478
8209 9216
4620 9960
8054 9388
8636 8881
7013 8167
1412 5436
9502 9800
6072 9448
5759 8331
1634 5698
5769 6253
5290 6046
5441 9602
4650 4934
4844 9644
380 8301
9359 9399
3193 3669
8423 8649
5876 8845
6711 7468
2844 8337
495 9340
8302 9253
1485 6622
1544 9727
2610 6215
6262 9720
928 4814
4728 6739
9730 9956
6095 8690
8201 9857
2412 3286
1636 8378
1268 4092
8082 9093
5572 6351
3421 7462
8092 9819
7061 9035
3735 6112
2150 2313
824 8033
8295 8866
8826 9927
1389 4420
343 3068
2023 5274
5165 8926
3928 6889
9530 9960
875 7147
3442 5095
2789 9809
2894 9490
1046 2292
3529 5710
1840 4349
4565 7568
8754 8926
305 1769
5101 8345
26 469
7516 7738
3469 8729
9871 9954
1957 4981
4718 9551
9527 9587
2627 6106
1325 8649
8961 9716
9801 9913
4950 5895
3612 5313
6157 8650
5007 9358
2277 2650
7947 9168
3721 9498
2338 7883
6713 9676
9569 9741
4997 6943
8863 9686
293 1816
231 5081
9825 9864
2483 8555
6206 7458
4591 5913
8158 8397
7312 8656
9434 9852
9384 9852
5109 7795
5684 6563
7434 9880
3088 4338
9947 9999
851 4233
429 1856
9409 9774
1771 7885
9780 9920
4814 9140
8118 9873
8047 9169
8267 8677
6324 8470
7404 8937
2149 9595
6555 7718
9011 9865
5572 6370
5498 5881
7249 8461
3993 5985
7796 7955
9896 9993
8333 8526
7127 9816
1032 7425
8936 9578
4659 7666
4487 9063
9564 9946
7987 8881
4853 5173
585 9445
2049 9966
4958 9153
6984 7486
819 2027
152 983
7223 9057
6649 9752
3490 3894
7943 8325
4423 5148
3583 7397
8451 9972
8252 9326
4263 9477
3754 9170
3943 4900
7766 9335
388 6420
210 4151
6084 8461
2182 2313
9338 9785
7241 8896
2992 3104
4369 6931
9689 9830
4171 7693
9719 9797
6315 7110
5641 6515
8726 9348
795 7028
1222 5731
5185 8750
9249 9448
875 1216
1413 6889
8551 9896
4318 4639
1927 3832
5590 8871
3622 5198
2139 3675
6155 8365
5722 5776
6741 7897
5867 8778
7368 8127
7488 9839
8158 9124
8260 9297
7001 8539
7004 7176
7743 9531
5760 5841
4863 5476
8527 8536
5139 9360
4497 6114
3025 5133
4481 9803
4852 9505
1091 8939
709 8034
8263 9689
3153 6232
4618 8421
6709 8027
8719 9651
3875 6476
5364 5570
3570 5309
5851 9074
5369 5400
7876 9320
8986 9948
740 2633
2761 3179
8472 9089
9031 9529
8414 8432
212 594
4133 4342
6209 9970
2894 5709
1750 7125
2462 7738
5656 5947
7426 9172
1561 2201
1968 6992
3945 8353
2764 5099
5657 9054
3 2468
2114 9945
6679 6941
5165 7813
5096 9888
9685 9779
3974 7941
1180 9375
7590 8861
9336 9579
1843 4899
3696 9325
5112 5822
7824 8231
2045 7910
6766 8594
5022 6985
8327 8375
7257 7394
1226 4456
9640 9960
3340 4595
1925 9140
5161 9275
1723 9632
6383 9022
2386 6877
2545 3100
317 701
3296 7738
8799 9215
1232 7751
7392 9707
3482 5252
3409 7867
8369 8616
2851 3410
3484 6471
6261 7157
3518 8221
6447 9936
5171 9772
8170 9683
9522 9739
8839 9725
2125 9943
134 7502
4518 7047
495 9142
6899 9580
4019 7116
9307 9730
6610 6723
6388 6584
1629 9348
809 6749
3521 3610
7603 9906
5644 6734
5818 6944
2500 7765
8761 8916
1964 2942
5338 7332
2865 8104
6707 6977
5169 9090
3956 8380
7266 8064
3829 4456
7590 8138
3987 8248
1394 4952
7857 8909
6865 8094
1636 6085
2337 6346
5744 9562
3214 9570
8650 9337
560 6179
2192 5312
6597 9089
9989 9994
4816 6767
448 3573
4135 6189
7791 8419
4735 8938
3306 3479
4432 4536
2470 3330
4470 7446
7424 8861
8860 8919
3688 3917
2199 3219
9294 9518
165 9446
2286 4903
9085 9652
7055 7547
5820 6014
5582 9288
7697 9273
287 3027
8009 9273
1208 5042
4366 7409
4515 4552
333 3490
3694 4997
839 9568
630 1795
7708 8417
8393 9087
2671 9752
4523 5909
9567 9677
9475 9932
2165 3422
3350 7188
9541 9588
8796 9068
2442 7975
9087 9177
170 2296
7107 9059
8946 9573
1266 7170
3645 8148
1496 5236
464 8145
8942 9287
9452 9490
7399 9809
9934 9945
2096 5567
4547 5725
3634 7655
6292 6529
7716 9453
2353 6018
3220 7094
2466 3094
4714 8278
4357 7114
4607 4805
7883 9568
8459 9392
7881 8661
998 9045
5431 5532
3970 5465
1726 4820
139 1249
5763 6796
1038 5575
1545 6291
9752 9979
5924 6676
1146 4569
4119 7137
9861 9924
14 9854
3857 6635
1019 6592
4164 7721
1499 3029
1795 8425
7163 9880
3864 5089
9201 9975
9274 9977
1822 1895
7025 9222
4407 4528
3991 4259
4441 6210
8328 9089
3248 3759
1529 9980
1585 3873
3505 9928
2178 6832
2122 2374
7632 8363
7476 7840
9849 9948
7042 8865
9040 9918
8408 9758
5490 8912
481 5221
2865 5870
8681 9829
297 2002
1925 8872
6316 6963
5370 8215
4723 8091
9011 9296
7093 9674
9298 9584
9257 9604
9319 9977
7532 9537
3796 9935
7428 7760
7799 9647
272 2388
5728 7477
748 3130
3904 7513
1519 1780
9172 9842
8550 8912
5034 8308
5999 8071
2598 3497
5863 8600
8150 8242
5884 7329
9341 9508
1021 6320
2567 2671
3545 7945
9828 9962
7835 8265
110 2060
1655 7906
8233 8688
4863 5116
7395 9779
9718 9998
7932 9084
811 4747
2062 4391
4056 6382
8041 8764
699 2657
8687 9660
5824 7833
6175 6402
3318 7571
9669 9946
9548 9711
2884 3010
8752 9096
5506 9601
6747 9705
2347 3655
17 2708
1210 7671
7900 9153
8113 9079
164 4312
1019 5267
2242 2438
9026 9832
2251 5678
396 9557
9376 9459
2354 2739
6564 9253
1449 4066
118 5828
8612 9437
1478 5566
5739 8597
2587 8594
1110 8436
535 9251
8752 9482
1306 6551
9986 9993
4461 4898
5454 6168
5179 5831
4712 6352
3482 4438
4957 5463
892 9602
8796 9372
4815 5516
7497 7899
6268 6853
8386 8777
4200 7489
2269 5513
7350 8981
7424 7841
4818 9124
9544 9880
5160 6731
2660 6734
3635 5517
4924 9137
4051 6355
7758 8779
1229 3814
35 3062
8355 9538
1023 4634
711 2725
8441 9347
4145 7690
401 6636
3270 5050
4478 9105
3031 5058
6217 9501
1927 7888
8993 9004
8955 9243
4151 5918
3088 4259
3870 4154
5224 5773
7423 9746
8453 9526
4388 5235
4878 7443
8915 9449
4691 9790
9117 9145
9433 9937
8806 9489
3402 3823
1080 4229
6156 7199
7179 9847
6138 8741
5836 6977
3740 7659
1408 1742
3053 8916
6712 9521
2439 3676
3182 6088
6858 8602
4415 8827
8977 9836
2549 7519
5089 8867
2196 6915
6899 9856
3593 3917
6050 6189
183 7467
4314 5522
6216 7294
7237 9475
4169 9707
2359 8437
7668 8125
7619 9641
7504 8149
1544 2130
2379 8969
6058 7201
5795 8674
9227 9551
248 8260
1586 4227
1992 8084
8356 9859
5207 5402
2600 4270
4618 7849
6134 8014
4582 9200
435 3450
3187 5031
8263 9199
3200 7052
3899 5210
3407 9602
1708 5736
491 3475
4867 9469
6698 8436
8428 9913
1746 7728
5560 6279
7519 9574
3624 3642
9593 9921
3627 5842
8099 9660
6115 9566
7387 8502
9473 9828
8822 9760
4702 8962
464 5929
6951 7621
1123 3200
4794 7611
9893 9929
366 573
2026 8214
3151 3739
7841 9971
7741 9009
5174 6057
470 3582
5611 7460
45 5153
60 718
6877 7178
5603 7111
8959 9628
9380 9618
3719 7815
8032 8663
3767 6163
9981 9988
9781 9985
5320 6268
380 6701
2916 6246
6018 7064
9221 9912
7622 9149
9481 9938
8878 9897
2341 6968
1486 3858
505 9738
4157 8913
5353 7801
5366 7956
5477 9898
5979 7088
1611 8584
1952 5927
5976 8155
7750 8775
3044 7024
7064 9183
5897 9255
4082 8067
1575 5864
6583 6597
1922 8129
3380 8221
1796 5149
8765 9201
8605 9960
3284 5247
1540 8251
9495 9844
4369 5839
7738 8615
9843 9918
3411 4504
5605 7420
9283 9787
3854 6340
2693 5555
2212 7908
5097 9945
9212 9722
4481 8215
6614 7330
1623 5292
1380 2816
9255 9648
1174 8620
9917 10000
6674 8387
1716 3034
408 3558
6420 8979
7211 7649
2325 8810
1792 7191
6415 7513
333 7639
1736 4190
1278 1429
8150 9960
6310 9984
6252 8985
9144 9253
7876 8891
3420 8361
3404 7126
461 7757
4690 4708
4707 7055
4930 5262
7743 9009
7689 8357
3034 7825
3643 5073
261 8377
2975 8690
3103 5262
7504 9532
896 5129
2121 8490
7970 9123
6757 7964
129 8806
654 6151
19 4090
5494 9888
2452 5221
6100 8576
6410 8067
4394 9288
3371 6794
7191 8972
5233 7530
3935 9374
1036 1172
1267 1639
8465 8743
8743 8902
4782 9121
8656 9457
6982 9503
5150 6322
2400 7187
6341 8222
9754 9769
9159 9199
854 6890
9198 9758
7624 8512
2840 7985
5625 8656
717 8734
1129 6435
8407 8810
2285 9394
8307 9111
8189 9016
5857 6914
4968 9539
7724 8228
3838 6559
1199 7446
6785 8293
6024 7131
1646 2027
3429 8943
2034 3229
6428 8597
928 5540
6079 9128
7773 8984
5013 7576
9543 9681
2772 4725
1640 7301
7844 7934
8054 9657
7394 9574
8869 9863
6766 9371
6904 9652
4400 9414
5231 9282
1586 4907
5141 8164
9851 9975
4886 8165
1688 8056
2341 5457
8730 9165
2895 8546
3067 4620
320 1386
3826 8894
404 8306
7544 9008
4950 5975
157 7463
6437 7117
2570 6991
8796 9224
2937 5763
1599 5342
1450 4697
7895 9618
1318 3474
5642 8432
1021 1236
3473 5964
2458 7704
907 7130
3479 3615
7660 8066
7009 8797
9398 9722
718 6339
5172 9197
2384 7059
4902 7660
6886 8114
134 3488
3952 4986
6484 6808
7524 9574
4587 6535
8936 9191
123 6141
9552 9848
2559 8932
7388 8688
219 5644
6239 8923
8656 8719
5453 9862
3183 3841
3613 9986
5429 8966
6364 7957
1063 1095
1866 8862
2803 3384
5211 7049
811 3796
7357 8097
3839 7311
272 1686
7197 8021
3968 4632
6285 6560
4456 6948
7260 8371
27 2056
4255 5926
8670 9051
7788 9775
9620 9769
2431 9263
4708 8554
5078 8547
8871 9860
1705 5398
2573 9171
612 9726
571 9442
2446 2908
9706 9731
1622 3744
7695 9483
699 5715
3925 6971
6836 9181
9831 9980
9416 9551
2099 8132
4944 9540
7360 9679
4141 9699
5489 6615
6573 8363
8141 8775
2024 3785
2716 3879
6715 7419
3149 4875
9359 9510
6728 9333
4528 6800
4902 7048
7717 8158
1655 3385
4695 7839
735 1793
580 8827
9005 9598
2863 7096
3148 3873
7850 8825
9688 9934
1547 2123
9247 9598
6279 6625
3924 8071
2684 9473
61 2556
8566 8995
2401 9744
6980 8975
1241 2375
7366 7878
9006 9030
6964 7265
8724 9079
4790 9005
7394 8980
2161 4226
2796 9154
1366 4190
4312 7124
7943 9114
144 5426
1699 9375
137 6434
1990 2597
149 5983
9434 9539
1402 3704
3681 7861
261 3208
6348 7375
262 5348
1294 1857
1541 4918
991 7595
4302 4514
6610 6704
5165 5510
7059 8115
3615 8985
1376 8596
1040 3619
5381 8812
671 2605
5863 6372
677 7206
3504 7445
8339 8650
5561 7787
7274 9261
1702 3138
8441 8658
9697 9753
1435 9797
4014 9957
7426 9657
1586 5793
5939 7467
4430 7181
5017 6644
1347 9656
6686 9414
431 2092
2322 4703
6679 8315
2448 5640
6016 9930
7640 9580
2417 6690
9420 9991
4873 7200
8520 9097
617 3136
4168 8917
6191 9649
7608 9553
1376 7200
1023 5916
3951 6388
5023 8852
1186 2275
7563 8797
3616 9779
109 1391
6890 8979
9649 9841
5563 9026
3155 8434
2977 9064
1502 7933
1087 1751
1695 6271
6060 7586
7241 7384
5081 5286
2453 3649
1522 4480
6167 6168
5678 6138
1071 9977
638 8802
2490 3760
3349 9192
4797 8596
5695 8581
3672 9383
6914 8052
9020 9075
3574 6127
9461 9926
3300 7052
5345 6774
945 9989
6461 6915
6367 6570
7710 9236
4045 5564
1585 6641
9685 9686
3963 7283
489 1750
2518 4909
753 9349
6353 9225
3520 4977
9923 9951
594 1245
9814 9945
4755 5263
8023 9258
7055 8502
177 3150
3879 8113
5217 6885
2612 5677
3046 7763
7881 9478
6703 6898
8276 8373
8594 9261
2965 5500
6784 8369
8492 9135
5002 9464
8131 8335
5783 7101
370 1477
5334 5508
8396 9299
4981 7056
329 8285
4716 8701
6684 8104
2805 7819
5380 8592
4489 5268
7829 8005
7587 9527
5806 7909
48 5940
7431 9658
7498 9822
4299 4680
1665 4458
8750 9886
4983 6571
2080 9181
9649 9806
2213 6549
1677 6514
5490 8778
8927 9211
9592 9714
2611 7275
3064 9304
2591 8893
5296 6015
9930 9970
1811 7075
4891 9002
9072 9746
2085 2832
6778 7774
2957 8724
3133 3913
6003 7745
9722 9976
9927 9991
8529 8540
384 1448
6074 7702
7446 8375
7477 9970
6924 9108
8163 8572
9248 9351
7853 8479
4791 9478
1250 3444
6369 9471
264 1090
1501 1505
3589 5141
6187 9294
5883 9351
5108 7956
4043 6689
2536 8018
4969 9570
8738 9803
2408 9023
5516 6335
4483 5431
2658 9161
9543 9657
2685 8931
7674 7864
775 4215
9274 9741
6115 6271
7027 9545
8441 9121
6937 9887
2353 8182
7664 8768
1465 8697
7874 9592
2744 5944
312 9220
9428 9663
5621 6685
3121 7000
8147 9829
5892 9047
582 1769
569 6185
3276 7327
6568 9419
3862 7702
843 1516
6795 9478
6930 7063
3282 9187
2442 5338
2942 7933
2466 4252
7833 8700
1947 2190
8328 9328
5933 6130
9633 9844
9223 9402
3482 7951
571 5896
8775 9375
3583 6584
315 8400
8148 8427
5670 7272
509 7417
223 6622
6508 9167
5217 8792
8076 9528
9963 9995
5304 8911
9722 9925
8338 9907
4893 5219
4860 6798
2967 4541
8298 8799
897 6303
1081 7906
9875 9988
384 5060
992 3851
184 1654
2609 3022
1156 7193
9838 10000
615 6652
2421 5348
4023 4100
2288 7390
3161 7021
2864 3483
2429 2716
3780 9403
8134 9307
6787 9305
9451 9639
4694 5836
490 9293
7169 8691
353 9671
3023 6642
1946 9261
2462 5138
2250 5693
2139 2861
6547 6609
3867 5500
7548 8562
674 7702
8592 9088
8377 9239
478 5559
4500 4587
1740 2511
8966 8989
1150 8473
6320 6682
193 1845
4332 5128
9187 9617
5384 9517
8130 9998
3175 4177
9032 9244
3144 4544
8895 9217
806 2918
5645 7166
7650 9471
6311 6347
7969 9375
6103 7503
5282 8594
3482 6746
5309 5678
3287 8386
7207 9432
2391 7437
9080 9464
2302 4347
2070 5113
9742 9761
4899 6135
2541 9733
9150 9426
7573 9395
7900 8024
5707 6441
2867 4966
3646 7835
1512 5563
9171 9627
4174 7612
3297 5471
2878 9069
1450 5915
8225 8897
1153 9315
1121 5628
4438 9646
8752 9549
6497 9338
540 8393
536 4661
5097 8772
9536 9638
7117 9526
9078 9817
2777 9465
9040 9742
4238 7863
6852 7811
5587 5995
9926 9938
5518 8183
1636 9010
2475 6158
60 179
6796 8257
951 7740
7098 7956
1193 9078
9924 9973
6643 8507
9877 9902
6610 8274
9052 9192
4053 9873
2667 3771
9247 9783
4035 7898
6437 8913
2086 2303
2662 3514
8872 9932
1138 1320
3426 6565
4491 7418
9677 9817
4692 5257
4785 7237
5803 9642
9849 9914
6488 7581
1273 9473
3896 5710
1689 9659
303 9469
7496 7544
3341 4927
7800 9757
6038 8585
2789 4591
4471 7576
9260 9304
2933 4184
8165 9416
9265 9294
366 1946
7428 7437
4808 7743
4689 9211
5055 9995
1943 6334
4244 8658
2594 8233
1949 8452
5559 6600
7358 8768
6674 9819
557 8984
6669 7348
9388 9980
3804 9191
4398 7359
2416 6072
6634 9033
5897 9322
6637 9109
6001 9921
2713 7108
6830 8808
5338 8241
532 2059
7372 8129
7689 7931
3306 6573
2231 4403
9432 9839
5067 5282
4595 6034
4819 9593
3960 8102
8640 9965
7053 8693
8576 9708
2801 8776
4277 8491
1661 5369
2241 3395
3828 7150
414 1763
6870 8822
2681 6978
2008 3699
5209 8200
9208 9853
4315 6370
9109 9479
451 5401
5459 8606
3116 7093
5737 7477
6934 7512
5067 6508
2218 4458
6969 9746
6401 8388
5051 8488
2254 3652
302 801
1006 9970
5789 9876
7731 8444
958 9340
6729 8958
8305 9785
2121 9200
834 6384
988 3686
6167 8744
1997 4280
9420 9940
8359 8642
9153 9472
3632 5172
4913 8114
267 5843
7930 8298
7079 9215
3432 3790
5305 7704
134 6844
5792 8489
6153 7797
8812 8938
5510 7646
3088 7369
8660 9897
9788 9851
91 327
8686 9919
1150 4748
5548 6468
8976 9195
330 9366
753 7065
6814 7462
6724 9605
6435 7142
2257 6761
2300 8928
7949 8323
4549 6321
6045 7858
5130 6850
3485 5004
1704 1937
5051 9625
9189 9225
1565 5761
6179 6415
3619 9827
5727 8642
6586 9635
8502 9039
6174 6358
1761 4062
8373 9956
2143 2450
6689 9592
1098 6464
4856 9908
7130 9775
8522 9498
4972 8415
18 5529
1204 6937
2692 5872
2790 7257
5693 7616
780 4682
6079 9879
4305 6405
1394 7887
4696 6813
5340 8808
4887 9687
3812 5780
5728 6445
8703 9099
8802 9260
8893 9595
9547 9551
7995 9109
8767 9222
3789 9956
3953 4957
2696 4107
5598 9411
7211 9948
2115 6513
7929 8898
8188 9169
4334 5963
6893 8459
8570 9223
5876 6101
2269 5384
8939 9261
3679 6314
5199 5820
7802 8025
4670 7761
366 5301
8975 9810
5773 7352
4759 5421
4780 7154
8223 8850
1881 7547
5335 7873
6503 7665
8712 9970
2267 8360
887 7538
6826 9866
7642 8685
6850 6882
3069 6000
8101 8694
2944 5165
3418 7018
3652 5838
4726 6255
5100 6022
2613 7653
2613 5167
5051 6526
5223 6087
2316 6366
7511 7612
7876 7947
6199 9262
6404 8910
3950 4297
4588 6559
6480 8513
8191 8839
6141 8259
3026 4341
5674 8695
9222 9982
3862 9236
2581 9862
1182 5778
8102 9963
345 2142
8165 9249
7884 9737
4816 9439
5243 5353
7979 9230
8392 9545
2477 5305
6520 8695
8890 9732
3545 7359
3349 8869
8856 9058
3010 8124
7560 8153
1277 6140
3144 5513
8582 8974
8091 8103
4803 8952
1402 5589
8402 8746
6272 7212
3899 4271
7410 8575
4659 8437
1721 9647
3254 5773
8389 9426
8740 9115
4962 7400
410 9341
855 7349
2007 9988
157 1281
4039 4797
1538 4316
8020 8268
7993 9339
5983 8448
5499 9243
9091 9494
9529 9985
4436 7206
34 3161
9740 9836
5240 6978
3922 8789
7190 9002
9004 9569
941 3486
3756 9515
7518 9397
3249 7570
1035 8452
98 8186
3863 6216
7605 9739
5090 7987
7047 8838
953 2566
234 3644
7125 8951
6567 7978
9156 9331
3350 7843
2916 3535
7226 7772
5189 5667
7557 9988
4895 7376
2692 4366
6365 7629
1184 1425
5711 8779
817 871
6156 8792
1095 6577
1814 3512
8259 8874
3512 7610
1609 9836
8378 9457
2906 6937
7098 8748
3002 7983
2041 3052
1386 8706
7666 9393
6430 9262
8150 8876
9591 9988
365 5645
3346 9984
7933 8844
9712 9915
6173 9258
5871 6714
1002 1053
9963 9982
2401 2551
9388 9969
9034 9843
6472 7189
5781 8986
79 7774
7436 9106
8630 9400
7833 8113
8780 9323
8754 8884
4265 7926
7213 7951
3541 9185
6561 9878
566 6972
8179 8512
717 3221
105 2621
2471 5268
5096 7291
6359 8017
9546 9751
2108 5945
5530 7228
6247 9373
3513 6200
8926 9403
5070 5871
3172 8079
5744 9250
8143 9253
6592 9834
9552 9967
586 9146
8711 9831
904 8871
352 7731
3142 6900
3409 4555
607 4717
3996 5087
2530 4313
1200 7423
9094 9195
4983 8421
8984 9150
3269 8507
9752 9768
7737 8861
9414 9980
3636 9508
3441 8001
1074 6822
5459 6390
2693 7719
607 5336
4399 6913
1555 5667
5450 9690
1609 8837
4440 7993
118 7011
8468 9697
7919 9312
9096 9513
6360 6803
5253 6466
7795 9028
9784 9798
19 3596
2487 4315
8697 9580
7366 9916
2071 3952
8615 9948
2150 8543
2463 9075
233 1618
802 7206
7797 8706
5452 6882
4559 8612
4846 6301
3963 7156
7463 8326
9090 9818
4027 6874
7581 8954
593 4123
4128 5048
9453 9454
8421 9006
9542 9603
3157 7735
5117 5411
7505 9973
1830 8567
9709 9906
757 4975
2936 9242
302 5193
3530 9553
9198 9638
5184 8043
6823 9740
2681 3932
4783 8244
7572 9996
7852 9403
5999 7191
1402 3536
836 5494
582 2667
530 3323
6949 7857
201 1106
7800 8218
9128 9288
618 9134
7798 9028
7855 9017
6468 8388
8891 9253
2490 5821
2817 5189
8979 9525
2453 4261
2072 6522
9740 9818
42 4747
8496 8854
7092 7602
651 4963
3452 6300
3471 7943
1968 9083
1992 7777
2839 6342
5184 6686
202 3206
5883 9767
4386 8106
5527 6475
6819 7002
7327 9231
4799 7570
8016 8449
781 5966
5833 9332
4920 9632
6744 8863
2842 3701
25 6322
6687 9385
5960 9823
7210 7259
6963 8951
9644 9796
598 5328
7840 7904
2782 7886
9323 9339
9988 9994
3442 9621
6440 6752
7801 8910
330 897
5362 9283
9857 9982
7913 8999
7902 8142
7851 8085
8368 8510
1226 1665
7336 8123
8761 9357
4185 7555
1961 7668
9043 9845
4882 7112
5092 9767
6638 8779
4243 4757
4351 7019
6304 9272
3694 3921
742 3775
4975 9936
3658 6525
7339 7559
6683 9294
7251 7368
415 5609
6961 7269
2621 8761
6650 7102
6476 8307
3931 4577
8608 9255
9353 9368
9616 9822
6887 8310
2885 7584
8182 9337
9739 9996
4571 9598
8736 9735
1318 3009
2364 6800
9564 9708
4138 4400
8036 8200
9949 9955
8782 9941
1164 7598
3669 9104
1290 4075
6348 6645
2446 4444
3795 9604
448 1095
3877 7827
3791 7151
5197 8717
6977 8722
1076 4756
1429 4987
6759 9223
7583 9466
5375 9916
7295 7924
5241 8166
3462 4592
2812 6713
4704 8296
3022 3304
7044 7979
8030 8990
7539 7855
9264 9639
1666 7675
9559 9673
9854 9869
2218 5570
3245 9095
5837 7272
7953 9265
7652 9481
2924 8060
7330 9997
725 2733
3781 7056
2958 7024
9108 9676
4136 8267
9525 9938
658 4281
2996 7023
4467 9376
723 4198
3067 5936
8124 8141
2142 4772
5620 7503
2024 9359
5992 6822
2128 6058
5843 8566
7565 8297
2620 3774
8362 8443
9868 9906
3393 5215
1979 5218
2957 5835
2984 6251
8290 9394
7820 8595
9915 9936
601 9647
4490 6157
397 4608
8375 9357
7828 8979
1769 6026
3518 4543
6073 7921
8433 9310
7380 9031
8153 8477
3312 6524
4842 6995
18 914
8515 9057
8126 8557
391 4833
7281 9075
763 9772
1880 3372
4348 8125
6101 9305
6105 9509
7679 8637
2222 2727
5637 7750
8736 9044
6664 6770
8820 8839
3777 9013
8691 9809
4166 8217
4103 6925
7436 9936
6157 9905
9781 9934
9942 9985
4234 6696
6272 6609
7807 8423
1220 6654
8129 8943
6751 6798
6546 9710
1338 1923
8593 8651
8948 9813
8360 9600
3503 8946
9364 9665
9197 9665
4988 8610
611 4698
1739 7723
1427 9094
9542 9667
4447 6856
6414 9542
3790 5360
2443 8638
1964 6777
56 2930
7595 9085
6396 6498
5301 8936
2449 8716
7304 9608
8729 8810
9329 9608
6903 8957
6038 9585
6984 9511
8348 8630
594 8307
2558 6120
7270 8207
2706 9599
4669 5867
6720 6745
6783 8570
9581 9768
8808 9615
4924 8127
7877 7895
8907 9504
2425 9679
1905 7706
7617 8296
8967 9293
3418 6010
243 3258
4973 8750
9188 9215
3048 5594
1926 5553
7475 8931
3208 3324
9225 9439
1853 9924
6318 8545
639 2296
5442 9293
9009 9301
2022 7996
7055 9224
8310 9355
4648 6921
1297 4104
2544 8869
6333 7176
1022 6666
4772 8515
2247 3907
8207 9880
7930 9372
1741 6570
3937 5266
8915 9203
7560 7738
2869 7970
1037 2712
2470 8135
2043 9297
7901 8273
151 2412
7088 8220
4170 4739
1285 3639
7488 8166
7220 9067
7927 9087
5143 6563
2188 8894
4631 7622
3522 7494
233 8300
5889 8185
9438 9464
1983 7898
8413 9362
5202 5652
9827 9952
3366 4718
8129 9626
2189 6450
4415 7913
5403 5980
3909 8190
2881 8047
9858 9940
8563 9231
9459 9525
2028 3761
194 9312
2796 8324
671 6958
9717 9769
4613 9556
4667 9179
6851 7250
4595 9372
2258 8830
4751 6927
294 4453
119 5594
8041 9513
557 1175
6792 7355
600 4033
1965 2433
6555 9880
8421 9205
1806 9104
9564 9954
641 3901
9480 9921
6775 9106
494 3840
12 8101
1185 2908
2004 6448
4468 8858
5774 5922
6778 8464
5774 9739
7082 8317
3948 7436
6127 7953
1519 5504
4501 5604
8007 9495
2174 4523
4396 5300
8477 9683
8174 9866
4843 6894
3815 5385
3870 4461
6868 9349
1662 2300
7222 7297
3193 6641
9500 9816
4448 9025
1008 9943
1969 2878
9810 9887
1211 4874
1089 7780
125 2146
845 6834
4175 8169
9529 9671
3990 6129
5198 9001
5206 7320
4689 7071
2441 8079
6117 6934
8721 8934
5497 8160
9755 9962
2135 2813
4812 8339
789 5921
5537 8734
2604 9291
2581 7816
3149 3974
1432 3236
8393 8411
4472 7011
8447 9480
762 4474
635 2306
243 2577
657 4032
1664 3405
8180 9741
3192 5560
6560 7070
7324 9130
5357 9629
9259 9894
4902 5032
2449 3011
1072 8346
8587 9198
5796 8499
3269 3676
6277 7238
5286 8950
6231 9563
9867 9955
3369 8651
3713 4244
3893 9909
9193 9740
2793 8073
8063 9742
4239 9147
6997 7103
419 6130
5978 7773
7293 9585
3355 4074
1490 9126
7820 8401
5899 8869
9889 9955
6077 7589
8774 9170
6231 7528
1752 9893
9775 9783
1932 9322
2199 6434
1174 8345
8081 9640
9726 9811
6023 7895
7202 8851
8544 9592
7700 9031
7296 7678
5365 8084
7796 7947
803 7051
4874 8322
8742 9974
7852 7988
7639 9582
6904 8941
3251 7295
6817 8004
6023 9219
8038 9717
1831 8822
9731 10000
8016 9658
4441 7183
7116 7276
9833 9843
8554 9275
4297 5830
7570 9009
8914 9043
1413 3406
5617 8954
8143 8720
5578 9098
9348 9614
4608 4762
8154 9920
2926 7502
7467 9849
7413 9731
7502 9923
1634 5199
7287 8142
4932 5463
2457 6676
4199 8128
9101 9585
2180 5150
6890 8576
5893 8755
6288 7046
670 4047
65 8596
3242 6985
2193 5699
1999 6013
5678 7946
9766 9889
2754 8919
4212 7668
4499 8131
4383 4856
1498 5715
9269 9298
6956 8754
8516 8847
4941 5034
1758 5464
4784 5716
4920 8049
2135 8159
8485 9067
5315 9446
7251 9611
2242 4792
3233 9338
1931 3580
9283 9587
9440 9964
2671 4194
4608 9744
3374 6860
5189 7946
871 4714
800 8771
4717 7939
2443 8330
1711 8982
6287 9588
359 6086
5688 6492
5299 7962
338 3504
3447 9046
9930 9992
4751 5589
9442 9627
6439 7603
4709 8108
1688 7050
4878 9136
2093 5922
2536 6548
6441 8431
153 7851
3303 9814
2687 9192
8185 9466
2145 8611
6571 7717
9606 9763
6564 8477
4838 6489
9527 9938
8034 8860
9481 9582
2341 6920
6321 8175
5541 6510
7614 8212
2692 8985
3662 9824
9626 9976
7709 7740
6214 6349
6677 8924
6905 9560
2726 7435
6502 6554
8187 8627
8081 8813
2275 7790
1280 8142
7814 9060
5571 7211
4973 6140
8611 8862
1839 3475
8177 9727
3335 7120
7762 9632
5305 7625
3371 4021
6839 9899
5614 6605
3229 5808
1239 6151
1114 6391
7456 8822
4665 9393
4964 9787
4440 9175
4034 6346
1079 1788
6325 9342
2972 6800
6362 6691
4886 8387
4670 8608
8336 9030
6077 6738
403 1132
8119 8564
4098 6770
2485 8533
1979 6070
840 4397
2956 6124
8851 9938
274 6471
6146 8995
1849 1974
2719 7219
4308 6194
5136 9129
5482 8937
4293 7124
5932 9731
7018 9151
1481 7630
9803 9975
7680 7738
1584 4963
4363 6737
3420 6084
2010 4048
3938 4184
5569 8145
4856 9955
3936 8845
2888 9936
3331 7856
8504 9102
7052 8819
8975 9933
361 2660
9260 9696
5462 9793
3150 4831
1810 6058
8540 8586
2451 8070
9331 9500
3524 9972
2274 9460
7375 9094
3989 8584
3108 7937
9536 9590
1185 6658
1118 7907
2489 8631
6825 7500
1800 2258
1029 8464
4459 9746
1339 9266
3523 4445
5447 7871
3135 3776
6781 9953
8310 9966
3850 4920
9678 9727
5061 8783
8876 8963
2243 9762
6109 9601
7733 9196
6418 9877
4613 5441
7913 8955
1051 3406
6777 9463
1707 8351
6631 6904
1312 6531
2684 3242
4824 8997
4996 5204
1526 8656
9621 9779
6250 7667
1096 6835
1216 7924
2898 5539
94 3959
3799 9836
5257 5429
3724 4907
9759 9952
6484 8143
8925 9420
622 3101
7090 8642
1376 7982
3465 7742
1736 6703
1004 8443
2530 3453
4217 7789
2958 5041
4882 6281
5954 9239
8905 9574
8384 8619
3180 5277
8980 9720
1824 3037
4253 9495
4692 9342
7904 9055
2783 5709
7371 8951
6804 8624
7982 8110
7252 8143
7709 9084
5778 8068
4951 8172
5238 9164
2807 7047
1619 6050
7909 9875
5066 6957
7373 9408
8950 9920
2242 9747
30 7224
9304 9534
8512 9941
9681 9748
7207 8665
513 6474
5614 8391
9091 9992
6367 8020
9500 9525
2941 6088
5324 8958
7621 7828
3907 3998
7890 9583
9010 9617
8270 9138
1431 5484
6075 7629
7130 9317
7668 8589
3744 7815
4230 9564
2462 3841
7408 9971
3419 4955
3161 3167
5736 9447
7942 9252
5281 9454
3377 6372
5994 9312
1565 6652
7789 9478
4739 7407
2774 5988
5236 6442
1567 2901
2330 7873
7853 7982
743 8260
6128 8302
2629 7669
424 6285
2390 7263
4537 9196
7980 9128
1883 9408
694 3660
762 1510
5074 9534
1252 6890
2599 5192
2756 7991
7652 8410
8736 9523
3040 6563
9966 9988
8575 9638
7803 7822
6209 7818
4638 5276
7712 8712
6533 9467
5743 8288
2001 5836
3815 5064
7297 9309
9937 9983
7988 8914
8523 9479
7507 9061
7333 9416
5080 9130
6400 7570
5088 8973
4391 7027
3128 6318
5484 8547
5039 9993
3302 5489
4935 8263
228 4647
2192 8885
6561 8120
4914 8516
1336 8371
4258 4575
5248 8718
81 9422
2864 3533
7505 9859
1224 3017
673 8046
934 3295
1412 9289
822 9995
8370 8567
6152 8755
2494 9663
9686 9869
248 6368
1750 5591
1020 3725
8921 9557
9495 9935
1236 3441
4658 8386
3605 7451
2231 7996
3092 8792
1321 5837
2351 5055
2605 6747
7620 7664
9338 9686
8593 9833
7623 7764
5645 6512
3485 7446
1324 1828
3184 5144
3853 8399
2041 2387
2799 2947
3522 5663
6519 9270
7270 8999
8998 9701
6221 8281
3511 8964
6223 9056
3330 9130
2728 6696
4965 7509
5912 9644
6818 8046
8445 9150
4367 9366
4024 7408
862 5216
6282 9731
7263 8492
6666 7469
7355 9248
6811 7953
7832 9041
1780 7948
5435 8721
3007 7078
4434 6900
5467 8517
6990 7247
1940 1969
8281 9597
4700 6040
1311 8468
5343 8706
3666 5715
2125 3634
2160 7487
4041 5712
3900 5560
4336 7516
9461 9628
914 5170
4020 9511
3901 8078
5302 9283
7616 7875
1892 6524
8100 8865
1862 5143
838 4438
3325 7370
3816 5975
4476 8373
4154 9042
9825 9900
5656 9713
7926 9266
7672 8812
3961 7733
3892 5108
3622 7307
1708 6986
3381 7691
4756 6014
6412 9419
705 8218
7705 9689
7246 8657
1080 6864
4601 6593
2411 2552
98 9217
6081 9733
5120 5974
6468 7622
2222 2504
9118 9160
2404 6879
4360 7518
2676 9134
7050 7704
4392 8513
8136 9332
5555 5908
207 5196
4982 5590
6300 9075
571 4545
365 8097
2163 5124
3746 9566
8945 9149
8644 9661
6819 8324
3731 8780
4561 9416
2720 9192
7211 7922
7644 9263
5704 7299
6909 6988
5798 9487
3600 5012
9192 9463
5482 8384
5415 6743
3684 9707
2390 5926
3972 5589
5341 9246
9242 9479
3958 4508
1678 5956
3077 5760
5391 8222
5290 8851
515 8860
4699 4847
8354 9106
9958 9971
2726 7073
1199 8769
8939 9772
2621 5263
4437 9351
5728 6978
3858 6565
8316 9255
9615 9787
8987 9070
4070 5463
3354 8175
2972 8615
1117 6375
8133 9536
4108 6113
9462 9952
1191 9063
3152 8338
6241 9787
2185 6578
881 7765
5647 7463
5664 6139
7207 7828
9590 9861
5771 8752
1504 5042
1041 1151
5681 8990
347 7803
6909 8989
485 2180
7964 8670
7268 7437
8508 9851
7482 9138
2939 4194
4301 9745
8195 9398
9003 9265
9220 9980
9676 9977
254 5967
4364 6652
6520 7155
9296 9523
8327 8520
6903 8056
8113 8625
9102 9828
8982 9312
7442 7727
8264 9457
3188 6115
4121 5159
4811 6148
1005 5149
1663 2169
4144 9606
4051 6633
454 7204
2170 6464
5017 5097
5686 5938
7746 8406
2106 4441
4757 9599
5083 7823
2553 6892
1993 9260
9733 9992
2210 6439
1996 9460
5804 9860
1477 9115
8556 9331
3548 6459
3150 8371
3413 3906
790 5053
8386 9370
4210 8218
4946 7048
3651 6186
2628 3375
734 1423
1092 1292
3522 6128
4176 8892
4680 6014
363 4734
8031 9633
9257 9535
9713 9772
1510 7504
9113 9680
2668 4581
5033 7682
1113 7170
2692 4632
6939 8356
1218 8564
2056 2345
5934 6898
2408 2758
9888 9907
2446 3611
5109 5931
5350 7157
8060 8278
9420 9660
6395 6732
6530 7215
9887 9989
1742 9577
1437 9520
893 7627
8366 8375
4841 8768
5476 9952
4001 8409
4617 9867
8930 9476
8696 9239
6842 7836
6880 8013
9646 9755
5290 5398
1905 6790
2285 4957
3183 4050
2941 3999
808 2178
3545 3950
2185 6583
5650 6968
648 9824
1296 1726
4139 5394
4933 7600
248 5081
6033 6236
8051 9712
3307 9291
3336 9199
3520 6857
2446 7522
3357 9782
1294 7261
712 2802
8322 9122
9060 9286
7038 8096
7423 9449
3749 7877
9537 9920
6488 9039
7425 8333
2058 8130
1419 8560
436 3743
6341 8202
7881 9191
5798 7190
6455 9863
5887 7753
7290 7532
5092 8596
7163 8845
605 7033
350 4843
8194 8331
6460 9190
3015 9075
6692 7546
7479 9748
2836 4154
4675 6801
4953 6892
1338 5908
8107 8405
2688 3722
7439 9015
3278 6936
2263 7258
2756 6382
1391 9498
8387 9212
6832 7454
401 9676
5901 9758
6400 6478
5078 5610
1507 9089
1121 8669
8387 8452
5667 6544
7150 7848
393 1174
650 7820
8006 9399
48 347
2990 4200
7730 7928
539 4326
5220 9260
7535 7549
5430 9288
4009 5393
3375 5823
3857 5008
6333 9015
5005 5523
7704 8134
6910 9553
7150 8853
4718 8055
8029 8754
7759 7889
5659 6391
1443 7114
8802 9706
3046 7177
1209 6363
4132 4564
1885 3933
7787 8377
756 5729
7347 8552
4410 4502
1873 5160
484 7410
7663 8765
6391 9500
5728 9998
3196 6837
9044 9320
9976 9990
1200 6924
7218 9945
7241 9649
8705 9546
4744 9979
9393 9512
8647 9952
5819 8085
2776 7921
8629 9159
627 1407
1795 8616
4196 5577
2065 6519
6743 8134
8490 9117
6156 9276
2766 7291
6401 6425
3480 9412
1962 2596
8576 8932
9871 9997
9648 9915
660 4300
66 9129
8761 9322
1158 9900
5837 9065
3378 5837
2725 8199
4869 8035
2457 2497
6262 9711
8630 9853
6013 6502
3408 5646
7122 9774
4187 6483
554 5634
4675 5286
2038 5071
4963 7917
3634 7929
4373 4662
2348 8946
5976 9890
6471 8583
8128 8546
6715 9296
9788 9993
1281 7713
8095 8812
3697 4609
7828 9439
4306 8968
9018 9486
9926 9954
9014 9729
452 9799
2718 8372
8985 9191
2959 6118
5189 5287
7547 8208
7919 7960
5255 5730
2758 9191
7491 9184
2 1816
6692 9902
3711 5300
4497 9091
1364 2339
6015 7836
9785 9953
2271 9614
9651 9782
3173 6668
401 1245
6199 9335
5616 6031
9226 9802
9488 9503
3153 6866
6195 8983
833 4111
7597 9906
2379 5238
2589 6209
7703 8074
9557 9803
759 5755
6374 8808
7959 9308
8348 8832
136 1022
4902 8765
4745 6349
5619 6875
953 5474
9122 9142
3535 7638
2785 7426
1169 6556
2242 6680
9366 9517
7185 7383
8033 8894
5833 6799
4237 7690
2281 7587
5559 7996
7365 7445
3398 6170
7109 8557
5184 6002
9243 9969
9621 9800
1397 9123
6689 7545
4475 7012
9349 9972
1816 8570
7640 9742
7116 9998
451 7718
2988 6378
7833 9031
6489 9478
4780 5823
1918 6380
8951 9977
1156 5158
9501 9884
3874 7671
7225 7838
154 8698
9289 9562
9519 9691
2564 3081
6365 7894
1305 8367
4434 7908
1904 7429
9089 9175
6682 7995
650 3011
3080 6543
2042 5902
8392 9009
8882 9422
1472 5278
4053 8521
869 9233
7115 8306
4051 5741
760 9049
7600 8530
3160 5138
1614 8139
569 1797
5574 7863
6060 8982
4249 9674
3783 5479
9684 9830
9920 9962
3879 8332
3104 7117
2482 2951
2864 9212
1676 2085
8619 9076
9399 9582
931 1349
4544 5209
4992 8327
9804 9827
1923 7362
4124 8965
1042 7733
1790 1928
7993 9600
6683 9117
1662 3982
9814 9921
3108 9340
9096 9911
3019 5967
4706 5983
3066 3606
4133 4204
8542 8734
8069 8960
9952 9989
6994 9863
1300 4020
6104 8280
4513 6844
1939 8013
3506 6004
3356 7132
646 1001
784 8128
7762 9269
7160 8493
4699 5738
2259 3546
4609 7228
9646 9834
751 9440
5633 9121
8103 9252
1515 8788
6622 8565
2602 3641
7522 8626
6320 9564
9136 9397
2745 8034
3657 7208
7004 9015
3252 6542
159 2904
6553 8360
3524 4154
3668 9800
1927 6955
1883 8461
8126 8500
8391 9983
8611 9298
5165 9124
2664 4174
7714 7715
8538 9925
9346 9975
7590 7764
6851 8358
9972 9973
1007 7815
5205 6637
830 4864
2462 10000
1934 6887
752 5244
5319 8229
1190 7127
5053 9088
1743 8981
4712 8556
9334 9384
8939 9833
2050 3133
2720 5918
6167 8808
5669 7773
3086 9035
4117 5410
7324 8122
2466 9195
2336 4397
5272 5538
856 4785
1171 3406
3127 3346
1104 1315
1296 2565
4258 6673
4408 7349
6993 9828
7563 9714
314 4508
7194 7211
8925 9467
178 1825
78 5042
1935 4341
7851 8832
4438 8849
2726 7686
9437 9566
2062 3886
5430 7536
274 7975
2785 9322
1254 3633
8121 8442
2809 7447
9412 9963
2893 7839
115 4480
1533 2566
5235 5963
8257 8650
5878 7036
6078 8216
9001 9741
3793 4348
9041 9624
9188 9720
849 6410
3415 3746
2582 9368
8326 8684
6943 8362
5462 9185
6617 9530
4968 9604
2361 7475
2113 5665
1449 1626
3821 9883
8859 9236
6707 8445
6555 8087
2303 9730
7561 8471
2832 4523
6678 7299
7054 8638
7301 8628
4565 9931
1127 3793
5431 7123
6242 9849
281 4991
6354 9331
5860 7977
743 4123
6928 7610
430 9241
5145 8895
6740 9084
3347 4824
4599 5865
328 1812
1331 1902
2635 9783
8713 9657
7343 9328
4144 4449
7008 7502
5771 9022
5712 9735
6088 8011
5289 8820
4622 9875
8025 8780
9016 9737
8138 9179
3887 3984
4210 9884
2048 5316
785 5762
2251 9914
9894 9961
5843 7711
6973 7730
9434 9624
8185 9657
5474 9906
4846 9177
2802 3640
4737 7527
1084 4395
8015 9506
1526 3543
6701 9659
3795 7796
2970 6665
103 5727
1172 2917
6876 8506
2229 8205
4400 7101
88 4063
4370 9715
3906 6378
3864 4041
3965 8766
1154 9008
3887 6827
7300 7603
6773 9724
527 6492
4162 8696
4624 8709
7278 8002
4786 5403
8797 9558
2413 4916
9986 9989
7018 8275
7645 8687
4837 9606
7761 7774
9526 9638
4426 4757
9018 9524
9894 9913
1931 4141
1143 5339
2609 4415
3628 7518
6592 7804
2010 5443
7961 9157
7465 9731
5839 6933
1913 9686
1717 9424
2128 3307
8264 8805
6019 8870
3458 4043
4427 7093
6674 9903
824 6193
9165 9572
7089 9789
5649 7568
573 3373
7297 9486
6221 6660
8078 9763
5176 9530
143 4845
5734 8855
3959 8747
5290 6137
6432 9073
4593 6461
8001 8397
9614 9823
9137 9875
8744 9089
1761 7789
5472 6084
1783 3684
4244 4509
9553 9787
7449 9359
8010 9519
8856 9461
6502 6790
2005 4943
901 1795
7821 9772
9425 9532
8734 9262
6002 8690
7933 8183
7434 8319
4386 5244
8538 8697
3266 8745
9265 9433
8189 9329
7571 9862
192 6894
6614 9886
9978 9998
1642 1909
1797 8917
8133 9626
852 5499
5669 9492
1304 4622
9581 9875
7429 7510
313 9550
4855 5006
2891 8752
5898 9882
1288 2054
7553 9314
9740 9880
1480 2273
7089 8214
4423 4499
9512 9514
3152 4336
653 9345
1803 3676
4987 9248
6028 7405
9565 9617
6222 9864
6558 8108
1547 5341
3158 9546
3511 4314
3409 7545
2796 8595
2910 4940
5255 8161
2514 8281
3881 9324
5535 6389
1445 5625
4452 9174
2343 4611
2133 7887
657 2237
9023 9337
8620 9845
273 4919
7996 9043
3514 6795
8109 8371
8257 9904
2831 9519
5212 9225
9227 9449
5153 9807
9672 9887
2812 5675
2272 5005
4064 4119
5619 6712
4713 6115
8483 9880
5084 7189
8222 9091
2426 9382
5363 6051
5240 8551
5003 9701
7930 8093
4731 9980
235 6319
8597 8901
9462 9735
2249 3409
9474 9632
7018 8619
6184 8859
2291 3088
5337 9734
2820 6585
1288 9848
6399 7681
1686 9980
8134 9216
5820 9370
2871 5356
4531 9048
9671 9710
9432 9586
3055 4215
5771 7104
4532 6960
9083 9551
3333 9891
9628 9809
4477 6495
298 6366
3939 3979
9823 9954
7380 9278
7054 7508
867 7354
1080 3472
245 4354
6807 9726
7143 8578
1701 9383
773 4572
2800 9055
9076 9248
5176 8977
3821 7915
1335 4818
6832 7545
1995 5981
1713 3553
6004 9749
946 6555
5422 6095
4302 9755
569 1455
2259 9559
2720 5770
9010 9135
3934 6982
9737 9867
9774 9800
7386 8594
3110 9414
345 7111
9991 9996
706 8633
5123 8539
2350 8697
2584 5368
2692 6056
259 9060
2191 3479
5447 7166
9898 9946
972 1640
2365 6428
855 4316
229 4878
9360 9818
9509 9611
3864 3968
6944 7578
7483 8572
7541 8063
2437 9447
9082 9540
500 1637
6246 7170
941 5143
3337 4490
8299 9342
7699 8837
2730 7765
1853 8739
8364 9806
5675 7001
6031 9447
4451 5154
6479 8587
6337 7561
5702 9103
7539 8836
1730 8796
1776 7916
7647 9467
5185 6130
9982 9987
727 2110
1155 6495
4860 5445
8652 8934
9796 9831
2796 8585
2062 3808
8373 8911
1144 2490
9407 9727
5283 7210
4502 9428
3172 6603
7578 9023
496 1080
5652 7807
3284 9344
8187 8225
5442 7848
3816 4627
3130 8065
9981 9994
9660 9730
9084 9850
1771 5399
3648 4205
4018 5966
7943 7945
2369 9044
7231 9046
5297 9096
4169 9103
1042 2187
426 2522
1379 8130
3210 8742
9672 9714
9115 9541
6517 6718
7037 9681
4244 7070
8357 8896
851 3966
6500 6879
8472 8951
7385 9493
4669 4734
794 4464
2428 8988
4874 5144
5129 9052
4550 9386
3411 7984
4350 5161
591 6622
5368 6329
7023 9325
5437 7209
7811 9979
5443 7174
1440 5525
2607 7789
8458 9975
9443 9915
3960 9763
3484 4326
2069 2190
1713 4571
9045 9310
899 9685
9505 9765
8774 9190
7271 9068
1041 8413
1597 4103
9038 9375
6372 8914
7865 8922
7412 8399
7995 9655
6747 9925
9315 9525
9394 9412
1451 1746
4110 7594
1768 4944
1021 4701
7260 8504
2637 2870
6062 8516
5613 9380
9189 9357
2068 9760
138 2305
3305 8207
1546 4892
3793 8001
7561 9762
2681 9412
5606 6788
1602 2579
4839 7874
5890 7561
9521 9582
2583 6672
7046 8833
9893 9955
5983 9126
2370 2461
3788 9340
9821 9918
2482 9529
3856 9875
5322 6951
5743 9119
1979 6043
675 4637
3159 5245
5977 9461
2596 5621
9050 9324
3075 6831
8243 8579
1006 1415
3408 6799
3126 8789
5327 9133
7728 9007
6089 7110
2115 8636
2418 7047
5124 8638
4787 8553
3518 9285
5716 6292
3390 4171
5951 6443
9078 9836
4436 7044
2145 3396
8117 8329
240 9427
9776 9843
3469 7741
5858 7576
7019 9039
4589 8106
3615 8357
7802 9884
4251 5392
195 1956
8621 8964
7677 8467
7031 8806
7313 8640
8654 9324
1392 3131
7839 7855
7023 7863
7315 8061
7206 7680
2350 5134
9363 9530
1413 7160
6598 9651
3728 5368
4856 9117
5664 6976
3724 9115
7499 8748
3616 7478
9393 9897
8227 9600
6111 8913
6811 9392
433 5890
3408 8615
3743 5542
634 1479
7398 7498
8937 9261
9525 9626
1759 9291
5454 9725
5100 7974
2155 8006
4894 6047
1489 8032
2051 7236
9628 9905
995 3325
4237 8193
8927 9491
3170 3791
4525 9656
1900 6079
1639 2833
7097 7817
7733 8902
6164 7051
8569 9623
692 2609
5075 6004
1305 6352
3683 5846
1289 6996
2747 6720
9791 9829
8216 9851
4977 7804
8412 9699
9582 9682
9796 9926
7522 7625
6549 8652
8611 9957
1608 9713
8438 9260
923 3532
1758 5143
7781 8851
1878 4737
4690 4961
6380 7949
1864 6982
5806 6179
7562 9728
2167 4735
4813 5071
3783 5454
8743 9509
2863 6519
8214 8854
4409 7319
3424 8352
1771 4256
149 6133
7316 8880
8148 9960
5821 7310
2959 9974
2885 5396
2287 7957
9663 9986
6090 7504
297 6302
7277 7905
8092 9676
8542 9534
5393 8688
3614 9963
1471 5538
308 6789
5258 6160
8521 9064
3475 5675
4840 6397
9815 10000
8418 9231
6421 7023
713 2341
7481 9434
6033 7935
1737 2375
2227 9613
8404 8813
6596 9038
612 818
1530 8586
5289 9354
609 4683
2562 8081
8257 9290
338 4085
569 3616
7418 7764
6254 6817
3366 7940
7800 8636
7776 9383
2240 4135
4105 7755
6214 7483
1660 4962
9347 9562
6618 6906
6375 8415
2882 6379
4804 9918
381 1209
3216 8527
2382 4419
9959 9963
8018 8757
2078 4237
7216 7971
1426 9550
7021 7045
703 8372
7729 8606
8091 9655
5377 7192
9855 9956
6748 7950
8019 9505
4005 7564
7169 9157
4227 8687
7020 7821
1890 6363
4129 4238
9655 9920
4281 5099
3484 7296
4238 4337
5280 8943
654 7792
8511 8716
3913 4210
2166 6982
2890 8054
1864 9622
2673 8712
3783 5820
2044 7413
9128 9508
7886 8397
9562 9583
5100 6648
6895 8828
9270 9807
2580 9729
3451 8391
8067 8655
3546 5123
3225 7236
160 7719
7355 7412
9517 9595
4205 5722
11 1152
2797 6418
5488 9793
7242 9506
754 1268
7381 8053
1678 2444
851 1785
7536 7786
7321 9103
84 1526
5583 8634
8123 9004
7549 9606
5948 7337
7493 7567
7223 8898
6150 8136
3908 5426
4512 7068
8562 9655
7661 8205
2087 2886
7295 9017
2741 3548
2851 5919
1351 5410
187 8446
5054 6035
3524 9742
1517 4089
4800 6702
6900 7749
1815 4665
1130 2171
4273 5715
3966 7359
2268 4632
1277 5349
1728 6413
570 8517
4775 5581
1439 7527
1940 9258
2975 6422
1408 6829
1380 8322
8819 9658
9829 9930
7741 8448
6528 9710
5032 6801
893 7029
8024 9212
4992 5500
3985 5279
3117 7102
2540 5153
7065 8195
3324 7067
5756 8350
7774 8969
303 9093
5830 6942
8076 8745
8801 9584
9676 9827
3811 9050
7978 9780
2468 5205
7322 7540
3620 8487
1295 9604
6836 7180
2167 3682
1738 5762
5334 9150
5531 7814
8570 9997
4615 7166
3149 4141
4478 7091
3076 3182
9705 9843
8396 9602
283 7013
5446 7222
8632 9517
4267 7998
9772 9850
3670 6164
9378 9486
5285 8272
8522 8845
2658 4955
5905 9889
116 6764
7594 9138
4840 5770
8544 8742
9357 9611
5281 8860
6673 9870
9633 9982
6929 9494
4136 8138
2421 5582
5765 6529
2662 9142
3051 8556
7778 8532
4440 6476
7878 8031
3200 4979
4291 5518
9659 9709
802 804
1452 5238
9873 9979
6754 9039
4347 8207
3812 4314
2247 8823
7611 8799
7403 7958
6741 9482
6210 9194
2918 2995
4886 5299
3648 8874
8334 8692
852 8926
9508 9593
2150 7957
2391 8054
7313 9111
1572 2027
676 5382
7601 9947
5036 6119
7629 9320
7311 8830
2455 2793
32 7213
1695 1861
9328 9646
5281 5452
7998 9709
8222 8365
2450 9130
7850 8181
8457 9726
9221 9521
1458 9155
2488 4252
8589 9239
8218 9244
1219 9981
8081 9706
3409 7542
7077 8652
3794 7763
3911 4712
1757 3400
5033 7451
9292 9988
4726 5612
542 6753
1116 2468
1639 9657
9146 9409
9529 9648
5850 6686
2429 2527
9569 9819
8780 9966
1603 5873
5363 6431
9815 9859
7110 7400
3055 7840
5352 5666
8596 9642
453 878
441 9430
4291 6432
2451 3179
9184 9299
7972 9652
7820 9246
8461 9426
6683 7918
9489 9517
6967 7207
8691 9593
1891 2194
6999 8940
7832 9292
8870 9837
5147 9818
3075 6319
7396 8216
2413 5698
4511 5978
283 4720
5651 8440
2665 3681
8991 9511
7734 8299
6478 9497
9036 9727
4588 6816
3063 4453
7523 9399
3410 4993
7641 9688
7631 8438
1059 4529
2058 3981
1289 2880
4005 9476
3550 8831
8672 9033
9437 9713
9404 9478
945 7878
6671 8524
324 899
985 8801
7128 8540
9896 9974
9583 9591
4842 7555
1059 6825
2048 5400
1824 3502
1568 7336
7974 9112
3630 3699
2706 9798
9951 9978
8349 8364
5128 5364
7280 8795
5310 8592
6293 9726
4296 9811
8038 8568
4218 9895
817 8025
6605 8759
3394 7289
7146 7857
8248 8600
883 4043
661 7906
9281 9443
5 1241
8265 9492
1438 4840
6143 9065
9093 9117
2576 7063
5014 7626
499 7607
1232 3364
8212 9616
6916 7101
93 5805
3968 7946
5410 8061
358 8604
4664 9323
7171 8089
7541 9769
4731 9687
3596 4300
4766 7003
565 2044
4508 4562
7481 9271
3302 9505
3888 5420
5464 6762
9060 9997
4288 6348
9411 9709
1463 5629
4362 5533
5576 8601
16 8524
2948 7105
2827 3821
94 6547
5785 6669
5624 9448
3212 4962
5062 6470
8388 8688
5544 6534
789 6200
1428 6952
2471 8454
3094 7482
5412 9886
8796 9980
412 4215
2190 3495
6954 9716
2137 8596
7456 7664
9373 9720
209 5294
5713 9853
9454 9555
9757 9787
3225 8963
7911 8907
853 5439
11 1035
8764 9378
3356 6592
1130 7036
500 2394
3126 6294
9683 9858
4961 7132
6156 7309
7464 7901
9202 9407
3342 4193
4772 5053
7038 9966
2307 4081
6271 8989
7271 9667
1742 7775
1888 6860
226 6798
9207 9641
9696 9973
716 4609
4891 8450
2739 7821
5264 6712
3019 8873
1683 7715
8298 8522
9488 9652
5908 8887
7888 9368
1126 9359
1227 5216
7333 9025
3644 5879
191 3420
3893 4507
5657 7368
4007 4866
4774 8219
8870 8955
692 5294
5944 6114
1843 5244
4666 6652
1546 8285
174 7494
4559 7234
4619 8945
3407 6664
4163 8466
7703 9137
1632 9885
4909 6574
570 7278
1212 6235
9909 9964
6520 9992
6443 9204
7375 8706
4740 6911
4978 9770
385 3165
2907 5692
8350 8845
6694 8328
6005 6609
1898 4458
7731 8156
4695 9326
4310 8232
4665 8721
7136 8597
5692 9931
7765 9495
8504 9204
5113 5242
6319 9085
3489 9579
9137 9680
8727 9313
8965 9857
7711 8925
1492 4572
5793 8311
684 3121
2158 6623
8037 9069
2646 6284
8467 8811
2528 2725
3277 6611
9286 9886
6075 9280
8279 8304
9262 9857
4417 5731
6181 7158
8369 8880
635 7877
4310 4929
4725 8162
9943 9993
7432 9835
7943 9108
6206 8531
3562 9943
3704 8777
1041 5285
3945 7164
7521 9946
9082 9684
2023 5461
5320 8238
334 9395
4866 5446
7543 8404
2452 3256
4936 8612
3958 9750
2439 6778
1473 7898
8366 8772
7892 9706
4510 7422
9789 9934
330 7197
5789 8672
5056 6733
9803 9940
3063 3620
5725 9149
1492 4878
495 6702
6372 9407
6961 9041
2682 3993
5799 5879
1884 3786
7671 8385
6085 9659
2199 9636
6775 7530
8619 9452
3409 9183
9409 9943
1207 4010
2852 5769
89 3572
715 7208
7558 8460
8810 9984
2033 3033
2390 9913
7445 8956
6138 8335
4305 6580
1119 6288
3851 8680
8532 8579
3047 8639
3090 5862
9742 9996
469 6068
189 5616
5749 8907
6524 7163
9257 9864
318 8424
4896 6197
1414 6952
2373 5523
732 8457
8327 9738
5069 5758
286 4304
4493 7163
2167 5875
3190 5680
1053 1254
8478 9255
2766 3720
639 815
4513 4812
1831 5058
9 7856
8622 9012
6883 7145
2714 8860
7426 7583
2745 5929
2490 8926
554 3836
2761 4404
41 5702
5272 6906
8305 8889
5077 6611
5712 8970
9397 9666
5402 7814
7890 7920
1697 8514
3344 7413
8665 8862
5490 8363
8361 9084
4482 6335
1610 7691
2917 6660
2409 5057
3834 6420
442 6356
6543 6792
878 3977
5435 6542
7717 9330
2235 5102
8244 9925
3423 4701
6588 7666
8549 8618
1129 3011
4105 8418
9555 9612
7014 9567
4559 7083
4204 9836
3604 3915
9823 9956
6327 9122
4042 6526
5973 9462
6024 9818
6604 9381
1482 9380
5928 7986
488 8282
7892 9511
7241 8117
4217 8911
5107 6626
6282 8087
8442 8881
622 8263
1197 8404
9735 9964
4328 4450
8590 8772
4504 7525
8111 9161
2874 5012
2737 3581
2011 5030
4316 6040
4004 5234
1320 7176
1005 7354
235 9976
5059 7897
9539 9906
9026 9665
2501 9104
2885 8884
553 4203
9908 9994
1833 3933
4059 7602
4590 7682
6889 9176
5026 9654
8431 8790
9636 9840
1689 4814
3476 7955
1670 8790
7371 9268
778 8209
2649 4458
3846 6343
3590 4729
3969 5360
2529 8775
5926 8514
1641 9305
3787 6538
7588 7613
9770 9928
3853 6006
4518 4907
9406 9557
5216 6102
5114 7801
9093 9225
6705 7178
6803 8979
588 3761
9707 9934
9461 9786
7344 9712
2147 8653
8259 9616
7449 9721
5217 8733
5503 8189
7203 8545
6175 9422
7529 8658
8113 8352
9944 9986
9621 9733
3016 4925
8671 8807
7510 9854
840 7059
5452 7911
848 7686
6712 9475
718 8895
4782 5686
7652 8923
8647 9674
7792 9273
2371 9467
2056 5496
4408 7955
9901 9936
6188 8923
5316 6102
6955 8735
9731 9959
9529 9563
9057 9989
1663 9727
1225 3253
6290 7352
9616 9665
7692 8820
1801 3739
7380 8956
7036 9484
3862 6102
9393 9435
8635 9312
5518 6778
3642 4144
9506 9994
3073 5441
3023 8709
5515 7982
5114 9619
7578 7653
9435 9955
9338 9413
7540 8299
931 7911
2173 5501
7464 8726
3843 7904
8447 9649
6845 8549
9462 9506
7225 9950
7078 9974
9483 9645
2409 8776
8595 9922
7482 8096
3542 9535
9036 9498
1589 8007
6204 7144
1918 6596
7692 8458
6272 7659
5340 8951
7755 9001
4769 5827
6448 9883
7516 8130
6819 8662
8768 9645
7272 7516
7798 9269
7458 9117
2705 6282
6890 7347
4209 4322
2877 5492
2128 7239
4682 8714
306 4338
816 1104
4881 9467
898 8608
3223 8726
509 7263
4890 5591
6149 8394
5513 8528
5496 9175
7902 8424
3832 6188
2980 7350
5741 7080
3145 4108
2180 3981
3554 9926
4483 9169
8084 8676
2845 9319
5302 6488
9262 9456
5163 9503
448 2938
1598 9851
5040 7033
645 8440
2627 2819
8310 9373
9229 9413
4300 7481
3731 8919
3338 4262
6667 7265
6051 8905
2337 2478
6743 8614
617 2187
338 6456
4311 7256
4533 8032
7690 9186
1866 5039
4363 7687
2310 5396
4751 4988
28 4511
802 2464
4530 6623
697 3467
8944 9400
9823 9880
3702 6116
3006 9464
6724 7273
6736 9532
7397 7691
2827 8595
9683 9805
5877 7535
5307 6285
9690 9741
2741 4666
3117 5988
9120 9811
8592 9080
1188 3971
9135 9283
8297 9230
5260 8471
1265 4206
2049 6582
736 4827
6112 7194
6203 9581
5019 6603
8264 9856
7437 9004
8460 9413
3613 6546
1923 6133
2471 7866
3271 5404
9225 9951
766 952
1309 1825
697 8442
901 4999
213 9127
2699 5958
3959 6979
7455 9498
7519 8540
4914 8812
8984 9140
1695 2731
6915 8510
8204 9471
187 4474
2486 6453
6581 7395
3846 4662
3392 9108
8020 8887
5854 8565
568 8033
2623 4222
4834 6651
3674 7898
1233 8332
2776 9421
7431 9964
5640 5935
2639 7214
9681 9786
6917 7760
9515 9626
8524 9545
8082 8996
2060 8179
7611 8253
5159 9335
9731 9917
2243 3207
810 5816
6612 7906
5468 9138
4336 5331
7687 7796
6522 8109
2998 8426
7403 8483
1108 5066
7673 8619
4858 5062
3637 6235
6607 8046
2372 9593
4948 5810
3313 5904
9942 9977
6748 8481
3094 6240
3895 9070
3014 5270
3433 9598
5682 9740
4392 7689
6879 9246
1228 2419
4848 7852
4775 5473
2234 3495
6862 8479
9595 9721
3119 4205
8630 9910
6007 9889
108 4869
8933 9470
4932 8346
3692 7255
5802 6876
5368 9152
8765 9285
3625 3871
1028 3852
645 6771
8579 8635
9939 9969
1263 4131
4280 4326
8798 9105
8452 9878
287 5840
4299 9078
8294 8867
3738 8963
5816 8960
8215 8513
778 3513
7351 9599
3452 5539
5116 7472
1136 2156
1028 7447
5932 7884
5161 8963
5209 5640
561 5304
2594 6214
1878 3705
4544 7657
9826 9903
1355 8408
4678 7220
8538 9886
3105 4578
4940 5497
3189 5746
3696 8341
8092 9591
3747 9416
2655 7836
6076 8045
7329 7650
4655 7940
3222 6735
1882 5168
8577 9837
1473 6017
7122 9880
5568 7393
3970 5823
6266 8591
7712 8481
1330 9049
9698 9869
412 6722
3390 9015
4416 4769
7482 9679
5664 8586
89 572
1796 6115
6201 6338
4207 8394
2004 8201
1551 5758
7347 7400
2610 2801
9607 9974
7150 8452
5582 6704
1930 6509
3556 6851
7551 7745
4117 7494
8275 9693
8280 9063
6997 8569
6551 9461
9270 9988
6291 6858
3489 4063
7626 8632
5976 9513
600 896
9034 9769
8217 9868
8992 9423
5557 7193
4831 6932
2954 5872
1700 7138
7433 8958
2161 6303
5714 6056
5417 8578
1457 6851
2653 7810
4014 5290
3924 8803
897 5578
2782 7855
801 4466
322 3269
4337 8389
2434 4322
8520 9756
5194 6562
3787 6254
847 4119
3091 3341
5520 8456
8141 9034
9304 9519
7817 8583
9612 9817
5382 8045
3776 4553
7294 8223
2794 9301
2126 6110
8487 8709
7187 9070
872 8030
7524 7877
3911 4801
3343 3762
648 6342
7993 8523
4118 9359
2991 9722
5717 9078
4743 6189
5024 7601
4203 6265
2809 3018
5077 8179
8852 9652
7368 8311
5609 8078
8159 9986
31 1790
6496 9724
4578 6994
345 4240
7579 8895
3742 8077
1841 2624
6788 7337
216 8845
8669 8907
9223 9421
4240 7416
4554 8284
1772 9549
8839 9861
3259 5292
1147 2910
794 8761
6572 8786
7685 9480
26 1595
9992 9993
9349 9433
8074 9931
6335 7315
2314 4363
7466 9879
1975 4563
829 1436
8660 9208
8783 8860
6834 7951
7205 9118
5108 9939
8861 9682
4393 6501
5166 5819
2100 7359
4462 8700
1614 2987
2883 9660
9736 9786
452 8583
4261 9540
298 5712
657 8466
1795 3293
3525 4412
3606 8373
6046 7433
3502 4934
9583 9776
9880 9947
1133 1681
3650 8398
3789 8472
6619 9304
1085 3179
8739 9714
9741 9837
8506 8973
950 9972
2639 6330
8884 9807
1358 5247
1011 4280
7359 9031
3200 4855
6880 8527
1220 3399
4243 8068
2425 3447
5986 8489
7997 8716
2878 8010
1884 4540
6705 8810
3850 9131
1973 3832
7623 9196
8878 9594
8609 9713
1070 4637
8559 8951
116 8402
9341 9978
822 5900
8912 9278
9497 9905
9111 9804
8093 9155
4795 7840
7484 8304
1323 8863
7702 7794
7591 8459
7611 8315
9568 9593
7798 9772
1681 2213
4446 9816
5338 7176
2794 3487
5475 9269
7146 8884
2003 8444
8419 8454
7555 9212
3986 4675
1729 8643
939 1868
3830 7685
8838 9558
3206 8140
7635 9697
7725 7782
4890 6237
2533 8542
9743 9817
8954 9169
8127 9375
3442 6404
2748 3060
3589 4898
9500 9635
3455 5676
2637 3324
7965 8602
206 1609
6164 8888
9548 9564
9154 9332
1165 9033
8751 8952
6401 6759
2738 5164
8610 9633
6894 8673
8789 9226
6099 9915
6170 7666
99 3703
1663 9537
8930 9462
1532 6206
8663 9149
924 6768
4760 7508
7082 9722
4176 8458
7404 7787
2606 4234
4019 8181
3911 7557
6108 8235
1754 8076
2534 9707
816 8332
3351 8579
6293 7860
417 8148
4677 5815
5063 8862
1473 4786
7263 9922
4439 9102
3497 7094
3249 8389
2070 8430
3758 9979
3320 6426
1538 9763
4065 9038
4055 5747
4130 8841
656 6325
1829 4341
8203 9120
4323 9897
1381 4712
3318 8692
2680 4024
8559 9796
2334 3593
5397 6084
6555 7045
5613 6445
1849 4525
1116 8112
5725 6482
6850 9254
8235 8340
8042 9361
816 9873
9578 9835
5500 8291
72 2968
4168 8359
3708 3758
2938 8431
4311 9351
315 4206
4570 8374
8206 9670
3918 9262
1598 8518
8815 9643
5379 5465
9668 9846
9855 9932
3292 6521
4192 8849
5868 6969
2242 8947
3971 5377
1522 9376
2004 5954
8353 9200
7018 9371
1284 7064
938 4212
4246 4654
2089 8345
1708 2265
1871 2662
1606 8104
8638 9970
6966 9240
5991 6025
5379 6604
9400 9843
2447 8501
3901 4583
1660 9732
2828 4190
2120 6636
4653 4759
9247 9877
4536 5050
6188 8678
544 5749
5252 8541
226 5852
8066 9456
8592 9634
8491 9578
3975 8917
3995 4428
2620 5928
1880 4965
4832 9601
4712 7458
5930 8330
7040 7992
195 5682
9253 9432
8332 9533
563 1750
2099 4335
4451 9308
4912 7517
287 6886
6484 8542
2462 3231
3209 5733
5350 5407
6761 8731
1867 9878
1225 3897
3643 5683
2608 6445
8071 8151
9485 9904
3415 6751
1900 9155
3159 5894
4202 5830
8337 9224
9382 9855
8769 9118
9654 9655
7204 9952
4919 6779
8407 8565
8705 9292
1989 4716
5870 6993
7282 8657
9763 9831
3205 3652
8873 9966
2516 6619
4859 5232
3007 3800
3389 4220
378 4099
1515 7464
804 2314
2612 4696
1082 7851
2477 8602
3068 7483
8202 8616
2357 8921
7572 9997
6465 8026
7785 8240
6306 6482
725 854
1614 8678
7977 9756
3728 7561
2874 4022
5777 9204
810 7330
5496 6362
803 6904
1980 6099
3409 5486
8368 8737
6969 9496
8997 9415
8382 8878
5382 5430
5846 9103
5873 9316
3921 9937
4492 9685
1195 6520
6787 6791
1366 4965
1562 7334
5307 5758
2444 8389
7344 7500
2194 3129
5990 6214
448 3453
3640 3963
4051 9596
3478 4803
2966 4579
9270 9310
6027 6995
6547 7754
4227 8305
4347 9040
3797 5079
1620 5871
5744 8302
7399 9465
5317 9046
6955 7271
6252 8750
1817 4064
7831 9580
7843 7940
6228 9330
140 3117
3413 6419
5934 9023
271 9196
6550 6840
6096 7095
6259 8838
4498 5366
4154 8004
8413 9189
9554 9854
3068 8631
1835 4101
6954 9119
7258 7759
1559 3979
9777 9926
8475 8855
9165 9798
3672 5448
3363 8787
8025 8853
673 4174
7903 8860
808 3663
5636 6255
7000 9676
1440 6460
2084 8823
2290 2513
610 2043
3126 8531
1607 3170
7529 8122
5785 6029
7413 7431
2029 6709
3493 8299
390 1288
5159 5959
8809 9740
1047 1520
9600 9968
4087 9688
3712 8654
185 6106
2411 6286
4597 7318
5280 7383
4803 6884
576 3005
864 9708
1845 5382
510 7132
7853 8833
741 2973
8717 9942
6171 8652
1431 1530
3749 9810
5186 6217
3081 9613
9153 9197
3176 7524
4023 8627
5978 9757
1200 1295
2697 3710
9406 9979
2792 3435
3121 6722
1907 5284
1996 2437
1031 8974
7462 9817
9186 9758
9932 9973
6657 9768
3027 3358
3578 8042
5001 8036
3870 7731
6882 8532
7081 9005
4151 8273
9027 9396
8044 9570
6611 7924
58 6935
6632 7944
353 7349
4759 8272
7210 7571
5766 7954
2556 7482
2144 7440
2120 8203
5440 9086
3887 9659
9772 9972
2619 9639
9963 9975
2148 6367
4666 5677
2100 5998
9289 9333
3984 7661
2410 7344
591 8583
7912 9868
9016 9912
2391 3924
1904 7465
8669 9195
4643 7686
9686 9976
937 7876
1737 2100
9260 9353
5729 6910
7272 8663
582 8434
2120 9968
913 9273
9434 9805
8247 8447
9392 9767
9216 9540
6925 8087
1334 5513
7570 7689
3294 8075
4966 5293
7316 9712
8710 9012
1322 8098
6411 6767
485 511
3899 5558
7290 8923
8496 8798
5910 8156
4259 7172
4032 4410
6254 9789
8792 9616
8941 9383
1218 4454
8369 8543
6078 8373
672 2844
2956 7874
7773 8057
9903 9930
6152 6947
9606 9863
9985 10000
8785 9848
8009 8498
4572 9998
5664 5911
9327 9443
5889 7588
7505 8097
7934 8672
5288 7445
7265 8166
952 4112
6526 9899
9494 9666
2204 3830
1356 7592
942 1915
9319 9321
9790 9998
6398 9501
5230 5333
5596 9423
2532 5895
3786 9917
63 6300
9061 9971
6271 6374
4847 5520
1249 5749
9376 9839
6285 8689
9879 9957
6654 9826
5010 5459
7152 8118
9219 9444
4299 7753
7304 8429
2351 6668
7417 9797
2163 8587
855 8193
4099 8901
4773 8839
9693 9953
2920 4960
1945 2681
5219 9023
1292 7637
1476 2319
6829 8910
3901 7382
8647 9413
1805 6631
3675 9960
402 1802
3392 8811
9131 9687
5992 8469
218 4674
1693 5718
3863 9122
5267 8792
4987 8625
5186 6946
9185 9679
5296 8692
5852 7349
292 3543
5000 6378
208 7345
6167 6263
4421 4854
5186 9699
615 7912
4265 4462
4105 4255
5418 5692
537 9816
517 3538
575 9225
8748 9921
435 8293
7544 9877
2526 8445
2257 6270
1808 2087
5150 7929
8353 8665
1475 8171
2259 2783
5764 6601
3479 4940
1659 2829
9598 9905
2843 8658
4219 4802
2015 6264
4437 7112
173 6857
7683 8726
3764 9515
1603 9317
2474 3865
5624 5791
6724 7921
7021 7107
3793 6300
8227 9142
1325 4254
4663 4738
2938 7547
4201 5039
2534 7462
9544 9976
4254 6922
1276 8943
3088 8155
4225 4312
1125 6943
1301 3322
8545 8754
8892 9170
1433 6656
1438 1545
1358 9134
9637 9946
1345 3958
9374 9398
4702 5367
181 1381
787 4109
699 8283
9193 9953
1152 2357
3317 9154
3385 8236
2068 2426
294 2387
2619 4482
8759 9060
9938 9940
574 6930
3909 4473
2892 7358
2863 3939
7594 9374
3797 6303
3011 5306
8093 8137
6362 7440
7454 7514
2775 6255
700 4039
2509 7544
5292 9026
7191 8432
4983 6175
4943 8862
6194 8864
5428 5933
6837 9602
5402 6757
2857 7196
6701 9886
9208 9811
4220 5305
2202 6890
8401 9801
7052 9989
9955 9966
1781 7694
4502 6997
3623 9047
2187 5488
8841 9012
305 839
5526 8449
7690 9356
3400 8926
2828 3979
4870 8662
9517 9798
247 7943
5847 9649
2249 5011
5475 6776
3196 6508
501 1615
1007 1233
7560 8435
2209 3117
4110 8899
914 6114
1440 7506
583 7186
3289 3756
5879 6878
948 1783
3656 4216
5013 5290
6110 9087
2412 4585
7363 8222
7394 8051
5806 9003
2267 5783
5721 9830
5649 6520
9072 9469
4856 9808
7370 9352
8014 9311
535 6057
5477 9234
3680 7496
148 5056
6732 9603
2378 2617
8327 8557
8201 8466
7302 9734
6230 9163
1661 2573
3322 8114
2251 4196
235 6714
8197 9588
300 3594
5563 6174
4075 7175
9650 9959
9802 9837
5964 6991
5200 6522
2384 4494
3074 4462
5948 8667
5064 8105
2580 4368
2384 3383
2229 7064
4494 6139
5168 8524
7918 8246
1063 2265
7045 8440
7626 8574
6841 8847
8902 8977
1943 2843
3962 9311
5014 9006
5584 6635
5265 7365
3488 8233
6692 7385
4173 6224
435 5562
2329 2758
7872 8528
5242 9305
8372 9358
939 3848
1702 6841
3777 4240
8456 9880
1117 3796
5884 8948
7199 7373
9416 9663
6735 6949
6321 9542
4048 8352
4564 8937
657 6729
4900 9472
1305 1331
7888 9532
4129 8127
9742 9782
2953 9700
6725 7002
983 8216
8029 8899
5308 9155
5943 6863
5053 7591
7552 7766
5251 7859
4099 5344
6937 9724
6228 7199
6312 7758
7013 8082
2224 5427
8856 9256
1516 4531
9896 9976
2438 9827
2626 4343
50 6923
9653 9687
6823 9879
4881 7216
7242 9730
5546 8596
7939 8013
493 3348
5320 8529
9577 9884
1633 4388
9794 9906
7343 9216
1138 3505
451 9647
1196 5704
3482 5122
4356 7500
8120 8653
2628 8642
5152 9082
5255 9409
9078 9965
8097 9258
3388 8970
8553 9662
567 9475
4608 9401
2165 3305
5681 7864
5314 6240
9168 9391
4559 7078
5716 8475
9469 9500
9984 9997
2454 5897
9188 9471
6995 9275
2545 8517
1888 9454
1496 2121
967 5999
6351 6865
8405 8542
9272 9448
3916 8303
5805 8037
278 3223
6709 8041
3529 6388
944 9628
7246 9986
3582 7895
6709 9875
1266 9621
3499 4988
5567 8571
2265 5337
4383 5062
2566 5939
1265 5077
4231 6479
7907 8891
4672 7012
480 7789
6349 8410
5502 8498
1201 9441
7653 9172
2452 2613
9244 9444
7946 9464
5368 5899
8457 8747
2562 3418
707 7665
5627 6326
6176 9022
4011 6022
8889 9694
3050 8912
8197 8625
8329 8959
8769 9268
8093 8102
7400 9265
8546 9328
4828 6666
2028 5089
8874 9720
5400 9461
9580 9831
2700 5899
6910 8836
3427 6025
7228 8544
488 4214
9792 9931
6990 8409
1345 7305
5520 8996
8645 9168
1746 6649
3232 9329
9945 9957
1548 4992
8885 9731
6976 9004
1746 2023
4418 4551
4528 8413
2736 9609
2082 5832
1197 9548
851 6133
7041 8761
196 6662
2126 5600
7481 8035
8458 8686
7271 7850
8138 9901
8527 9108
502 6173
4553 6601
9691 9728
9987 9998
1843 6675
4844 7056
6721 7238
9504 9966
8174 8371
9733 9737
1525 5963
361 1375
7170 9001
5961 6609
9514 9766
8046 9126
4950 7536
5466 9216
647 9761
9344 9720
5982 9269
468 5942
7172 8856
9923 9938
6399 7198
6745 7911
5552 6332
822 1552
2343 6139
9188 9577
623 2320
9566 9596
9789 9927
4254 7154
9227 9998
5140 8010
7734 9475
2424 5087
9690 9927
1015 2323
4339 8446
5044 7130
4412 8085
3778 3781
8107 9869
5511 6481
2367 7123
4268 5214
322 356
1841 5151
1027 3554
5753 8346
8017 9037
1920 6171
1581 9755
1745 3259
4532 5777
8027 8579
3759 4308
4359 4778
911 4170
1858 2801
2889 5188
4161 7940
7942 8881
3511 4212
9934 9973
7364 8998
8386 9374
2078 9964
6832 7627
9620 9859
5713 6330
3304 6307
9261 9380
2714 4891
3151 5550
2981 5471
8728 9053
487 9486
8706 8801
1831 3220
5863 9490
1193 8245
9460 9520
160 1960
8157 8357
105 400
3144 4187
6309 8869
9161 9684
1117 3783
4961 7617
9041 9211
7414 8725
8494 9901
150 8674
6469 9318
9968 9985
8992 9812
4999 9349
9964 9979
5791 9566
4077 9296
8670 8866
4420 8379
6238 7932
4668 6072
3471 9494
5506 9487
7283 7674
8142 9776
8513 8567
8464 8666
5617 6558
3367 8138
2427 7708
8840 8851
1455 8574
2090 8633
7040 8369
844 6122
6749 6998
9155 9693
7540 9837
5101 7839
3625 7708
9148 9688
8306 9461
9543 9671
2820 3677
4333 9792
9444 9733
5892 8709
7554 7898
9288 9619
491 9425
8646 9746
2461 6555
9208 9549
6264 6798
4787 4845
9956 9991
2735 5211
7148 8827
4364 5275
9492 9808
4445 6740
9321 9364
9293 9831
2122 5128
4203 9787
2227 9042
2369 8405
6904 7314
4599 7386
1894 9866
217 8459
6236 8513
1187 4851
4291 4636
4037 7951
8332 8695
4458 7079
8695 9744
8349 9387
7046 9013
1861 4230
6339 6728
9870 9916
643 2837
5452 9499
992 5499
3592 4422
2872 8797
9931 9966
2784 8730
1250 6914
6678 8107
2878 6807
5443 6539
2413 9178
3311 7030
6928 8000
3166 8421
7245 7680
6381 9521
3932 9608
6896 7074
1908 3913
6409 7803
2027 6960
9694 9889
243 1629
4487 6285
8969 9623
6660 8064
853 2678
6587 7437
4876 7194
3268 7994
2204 5638
3157 8930
3217 9404
1149 4233
6477 8570
216 3958
7353 9490
2643 9324
1948 8200
3979 5664
2724 7435
9788 9847
2388 8014
2817 8461
8951 8955
301 9354
1387 5292
2525 6160
3548 6383
4939 8736
4254 6321
3772 9331
6911 8353
5994 6149
1271 7741
3729 7363
8944 8957
5102 8383
1357 5007
5101 8079
3920 8173
9572 9632
9930 9960
6582 8503
2386 4539
2682 4185
8939 9195
7472 8183
3935 4044
5995 7527
2914 9007
8964 9154
2678 3689
5777 6846
183 2423
5322 6939
2740 9591
527 4760
4990 6276
2388 6609
9375 9570
9532 9718
4037 7390
314 3078
5797 9641
9971 9981
6605 7927
5513 8911
4041 7351
5007 9063
630 8267
2661 4647
3447 8239
3673 8816
5072 6623
6158 9806
2639 6862
4083 7975
9017 9269
9119 9880
8970 9888
8278 9234
8998 9280
8959 9406
966 5588
3559 4655
4747 6592
4823 9883
7658 8009
7848 9830
9174 9634
5675 8241
2649 6357
1677 5458
2368 2471
5345 7195
3190 9601
4105 6825
2170 6170
3839 8292
2038 8391
4857 7463
5647 6399
7657 8261
5510 9567
9486 9876
7919 8194
3983 9282
9380 9617
1742 2704
1510 2802
7707 8744
3953 9714
9584 9916
7646 7847
9263 9681
3214 4111
9986 9987
770 2570
4069 7528
3841 7034
5510 7747
358 7432
9530 9983
3531 3702
4310 6777
8317 8848
426 2456
6241 8939
956 7788
1167 6445
7963 9840
9663 9699
7247 9960
4480 5097
5620 9806
906 5204
5828 6519
9048 9157
8003 9912
3270 7750
3436 8062
7217 7498
5909 9013
3709 3714
4356 8404
3904 8369
3394 7910
1608 1908
4266 5056
5718 9863
4995 7734
9584 9648
4957 6890
127 3226
8142 8230
6047 9546
2337 9928
6848 8325
3420 8255
1900 8614
2927 4400
2430 6676
6969 7804
8803 9430
8934 8972
2019 4888
5701 6929
1450 5108
9928 9988
4931 7535
8032 9894
5707 7891
2908 8475
7812 9065
186 7901
3318 4673
1382 2579
9968 9976
9839 9952
9204 9491
6655 7165
9582 9648
8982 9459
7632 9748
9505 9603
4808 5223
4183 7485
6943 7054
3547 7594
6300 8344
950 9334
2156 5530
9744 9972
2636 5545
1736 5191
3125 6618
5462 9554
8163 8449
6153 7692
1203 1618
3456 5699
6330 8911
170 6666
264 1528
4207 4572
9893 9925
3299 3331
7431 7672
7953 8228
6371 6598
5354 7498
9295 9925
5030 5070
2261 2408
2611 5448
3053 9333
9889 9981
38 8420
3693 3916
8843 9226
3508 8655
938 8423
6808 6941
1293 5066
4910 8144
3275 7379
2793 2835
3338 4532
8532 9376
320 8983
388 7451
2460 5976
2221 7614
484 9693
1658 3885
4512 7574
5336 8494
5498 9621
9112 9675
5337 9109
3342 5088
2407 6194
5594 7609
386 7957
4804 8081
2981 6503
205 9325
5995 6742
6582 8700
9539 9877
7634 9582
1192 4447
2780 8775
9995 9998
4683 9442
4253 5304
2281 7973
5061 8550
4665 9315
9442 9922
4043 6597
3939 8580
6670 6948
5993 7782
5059 7776
8480 8886
6714 7288
4914 8718
5287 8165
3956 9316
6748 8814
9020 9184
3647 6843
7329 8556
7876 8866
8772 9796
7853 8256
6893 7524
1116 5475
1899 6401
7835 9065
2089 5450
9430 9877
2051 9536
1245 6755
9550 9958
6713 8973
8510 9968
7371 9520
7501 9911
2289 8988
6461 9183
7298 8645
3732 6562
4656 5113
2257 4410
9925 9995
8195 9039
1980 9581
7075 7618
2933 7070
4330 4370
7463 7942
9580 9762
4271 4914
1103 1212
420 875
49 9385
8964 9183
5445 9251
999 4480
84 971
8615 9128
6722 8271
947 8827
8734 9333
2848 3065
2890 9619
870 7368
6280 9038
257 7771
8127 8535
9727 9872
9095 9989
6693 9478
5035 6468
7921 8655
7252 9596
2243 7432
4895 8966
4562 5010
3133 9684
4551 5300
6155 8866
7281 8779
4949 6643
4371 7189
8604 9588
6141 9584
6389 9395
3037 8842
2708 6361
7871 8783
1213 6624
6447 7662
6747 7941
9568 9787
674 7167
2174 2262
907 3858
8180 9778
5691 8057
7229 9265
3025 3559
8807 9989
4073 4221
7917 9067
1987 7647
7508 8596
335 9267
8681 8945
8827 9059
9340 9625
3387 4828
5904 7636
3156 9124
343 1482
236 9024
8053 9056
1133 6111
1629 3975
2207 4809
3673 6022
2189 9688
2107 4938
1154 2050
9485 9575
7584 9556
9345 9487
5367 6069
229 9252
8067 8683
1017 1075
4741 4972
2675 3887
8620 8640
4560 8656
7134 7812
7484 9668
6826 8997
7906 7943
1120 8687
4816 7667
2930 8012
1297 5110
2188 6934
7022 8504
2683 6473
8256 8944
7859 8209
4961 7545
2608 6268
2987 6823
8856 9769
9284 9779
1090 3183
9493 9883
2561 9772
7582 8106
3199 4317
3420 9881
8544 8918
5247 8309
564 3937
5378 9535
7985 8342
5421 6652
1431 9501
4337 9293
7957 9184
7630 8017
9927 9980
1203 7017
2989 7665
3377 7381
7894 9291
8328 9741
3430 7601
7479 9747
1191 4695
4869 9424
4144 8364
1480 8732
7132 8225
4126 8530
2237 9330
8990 9455
4437 4939
5279 5518
5092 9428
2808 4677
822 8000
8187 8862
2547 9432
4431 9487
9427 9610
4461 9182
2725 3377
2833 6885
1694 9448
5979 7443
6190 6495
2968 9214
9098 9506
4770 5441
6152 7787
157 780
6619 9926
7794 9492
1580 2260
9838 9874
2627 6543
1815 7488
12 7244
1561 3094
3293 7356
8045 8829
2272 6887
5950 8529
5712 7149
8855 9367
5748 7363
5489 8096
2947 6867
9100 9151
1733 9521
3088 7234
6880 9076
8669 9583
8615 9743
3052 4009
4904 5719
7008 9674
488 2420
1897 9410
3151 3651
946 2545
3329 9742
4704 5360
6701 9643
5517 7523
7058 8801
3515 7799
5479 7727
5454 8753
9014 9393
7155 8750
4746 7418
268 2554
2243 5750
8964 9120
1471 7510
3810 5339
420 753
5810 6857
91 3922
2211 7844
7888 8720
2834 3232
8918 9346
4237 6786
6056 8304
6484 7654
7323 8118
2935 6113
7380 9946
3145 4179
7220 7226
1201 6637
4790 6314
9971 9979
3621 5046
2849 7449
5590 8371
844 9285
727 6890
5924 7673
9157 9995
8604 9351
6666 7767
6725 6987
3209 5746
8628 9855
9765 9903
1033 7494
5234 7768
4125 7770
3717 7250
2640 6452
4576 6875
3051 5227
2840 6765
6730 8989
4128 4443
3549 9346
917 9367
3519 5810
9504 9973
8140 9289
145 823
4780 9488
6407 8777
5499 6262
4942 7356
7588 7790
1197 4215
7388 7567
7383 9583
8400 8635
9075 9642
5873 7852
308 3407
9794 9893
6293 6702
9789 9949
228 8734
8900 8949
4619 9239
192 2928
4084 6493
5797 7910
7924 9669
5313 9301
3972 8017
8607 9347
8505 9830
9675 9736
4551 8256
1498 8037
5486 8558
6537 6947
54 203
5220 8782
3577 5378
8445 9365
8672 9074
4428 6576
768 5552
6192 6264
1313 8561
4953 5922
8359 9981
9358 9933
1053 3453
6651 9729
8039 9977
1596 9443
5379 8349
5722 6695
5400 6249
328 944
8598 9107
9573 9733
2127 6857
570 1446
8051 9792
8314 9778
8573 9227
9673 9722
4004 6274
8301 9056
7603 8113
3461 5720
3640 8753
3500 8567
941 6063
7497 9810
919 6448
616 2171
7134 8374
4885 9175
6256 9781
9201 9999
6730 8987
6593 9912
2150 8070
8340 8998
2250 6458
7214 7999
6367 7083
6594 8158
1533 2463
2823 5482
3285 4399
8477 8530
948 5377
3595 5453
5840 9724
445 1842
9404 9839
2074 5436
9782 9864
5520 10000
5870 7046
3778 8559
2731 8274
3885 7611
5817 9116
2692 3326
5023 8294
8701 8940
3320 5574
5784 7939
9311 9995
4963 7718
1277 8359
2799 7515
6559 7540
6062 6373
3029 4558
411 7903
9744 9913
4280 5196
4722 6236
1861 4546
6039 9555
7171 9300
7791 9784
5061 6402
9759 9778
3356 9324
4131 8160
8677 9999
9995 9997
825 5337
1007 6530
909 1624
6631 8270
4501 6363
7933 9050
9982 9999
7503 8368
42 6903
8155 9518
9463 9816
2873 3291
5458 7974
1246 5318
9161 9526
1707 5423
2943 6904
9978 9990
7684 9522
8879 9882
7003 7350
6816 7895
367 7045
3036 9212
7859 7987
153 8165
288 3587
9489 9810
8724 9393
7716 9224
7564 7977
9870 9882
6905 8584
5590 9161
4938 4980
2738 9401
7593 8501
5726 9377
9579 9672
4202 6115
6008 6292
9085 9272
5112 9965
4041 4323
9147 9899
2413 8450
921 6429
7569 8263
423 6676
4677 8687
8325 9177
7850 8703
3613 4642
278 1981
5342 8770
752 888
1974 6838
4025 6844
9861 9923
8287 9861
7544 8536
4640 5064
545 6241
9140 9558
1680 9772
8066 9527
5118 5553
8210 9702
7735 8006
8376 8624
1847 4648
6954 8356
880 9128
7263 8480
7403 9160
9031 9143
5799 7694
5470 9525
8226 9170
924 7829
7382 9400
8340 9825
7186 9051
6375 7915
9065 9478
2424 3910
901 7201
3594 7429
8466 8866
8786 9757
9981 9991
8336 9152
9538 9773
9604 9809
7914 8490
2802 7882
814 5423
3811 5062
9233 9815
5718 6158
3893 8825
4068 5865
8994 9490
2761 4860
2193 8341
1673 3474
2569 3995
8816 9550
5000 5828
7052 8033
4439 6201
5541 6354
2924 4506
3178 7644
5339 7345
1311 2850
4057 7465
6307 6711
4973 7835
2872 5965
8895 9105
923 6587
1770 8314
3793 9459
5899 7964
483 6856
3457 5382
8725 9494
6010 9568
8078 8153
8014 8171
6895 6900
8163 8992
1433 7297
9403 9568
7460 7737
2284 4512
5311 6238
7385 8370
4130 9183
7559 9996
8446 9159
9424 9479
5710 8117
6135 7866
6249 8427
1288 3575
8672 9331
9568 9808
1169 2729
4048 9244
9741 9936
8522 9092
2651 6854
8266 8563
3259 5102
1388 3245
3685 4475
4270 9935
8298 8569
3268 8176
8774 9762
3715 8914
4377 7528
9271 9625
900 8895
4268 5039
5335 8546
7945 8570
9322 9504
1159 3249
3627 5532
6730 6803
7196 8857
2341 4086
2848 7686
359 9574
6001 8482
37 8125
9917 9941
8311 9011
2264 7564
8496 9365
2255 9301
6 5365
584 6965
4517 7524
7282 8390
5087 8467
1185 4616
5978 6620
1968 5006
2491 6155
5905 7695
8342 9610
2934 9457
4950 5846
3730 8723
7101 9957
79 7825
2115 3577
9338 9361
6292 9454
6272 9241
3724 6445
8070 8140
5279 9952
7438 8159
6569 7179
6512 8686
3506 8566
9664 9969
6667 8649
8905 9569
4131 9284
8836 9437
2450 6780
6479 7208
2257 3845
1005 8442
244 1097
3985 5793
1255 1904
7162 8760
1382 8113
1357 8003
4872 8644
8094 8342
1617 3639
9814 9997
3996 6715
3285 5805
1769 2570
8120 8329
4801 9559
7786 9966
2629 3887
7797 7886
233 4140
2976 9341
5228 6151
7061 8885
950 5188
1006 5408
7991 9958
7822 7933
8256 8362
1555 7845
9583 9707
7371 8342
3488 8221
9902 9940
1601 4246
4616 7663
329 1818
4770 9231
6643 7371
9141 9874
939 4966
7604 7924
3855 9170
192 6153
6654 9431
3169 7238
7009 9844
4680 6402
7361 9770
4645 5479
3396 9855
4693 5216
7516 9081
6107 9662
7154 8589
7522 9746
9498 9804
9705 9820
630 4208
7633 9549
4146 4767
70 9688
6360 8932
9941 9995
3622 6181
1676 5665
2692 7318
3621 7201
3705 6634
7743 9087
6786 8690
5575 9915
8233 8370
5267 8090
3525 9991
277 6371
957 3600
379 4872
6950 7169
7271 9231
2685 7847
2685 5183
9373 9493
8907 9677
6779 9261
1841 3536
2126 3625
9831 9889
3406 8166
5202 8090
9978 9983
4 5053
5112 6666
8761 8795
9880 9974
8179 9065
7910 9580
8044 9135
3047 8261
3609 7341
5687 8539
3318 5934
957 6809
3253 9899
6770 7165
6741 9700
5003 8636
5163 5892
4657 6141
1803 7502
3345 5119
5738 6988
1722 6197
1260 7328
9555 9874
1190 2955
7448 9848
2208 4972
2753 9665
9966 9980
1630 5974
9093 9334
2122 7107
937 8189
885 4819
7621 9487
1339 5277
1316 8455
9608 9715
1976 8836
6376 9431
3694 3734
2066 3951
2956 6288
2936 6849
2692 4794
4347 6752
6707 7675
33 567
4222 9242
5862 7049
8096 8485
8774 9871
8051 9826
1711 3877
1184 5203
7937 9714
659 8155
2453 9109
5016 8690
5892 8425
7769 8760
5549 9598
1951 3532
2189 5364
5597 9255
4537 9743
2450 8728
4851 5388
5110 6519
8563 9198
9885 9924
4140 7729
1237 6888
1545 1838
3352 5788
487 9822
4383 4416
6304 9696
7710 9395
9584 9637
8918 9275
8363 8368
433 6478
3963 6417
9681 9837
2159 2864
1226 4517
1034 9393
5408 9627
7337 8329
8476 9922
9828 9900
1446 8485
6813 7473
7913 9224
9349 9769
5550 6063
7249 9840
3815 8150
8833 9483
3648 7287
3578 9207
6541 8273
310 6932
4497 5301
1959 5477
8695 8809
2772 7818
9742 9897
3137 8268
2949 7896
6349 8545
3255 5463
1336 8821
7480 7723
5395 9024
7004 8928
8843 9430
4860 8723
9658 9978
440 9940
5381 6982
7844 9816
5807 9021
5574 5652
564 1006
8730 9144
5738 6714
1458 8804
3547 8899
8986 9523
5703 9696
1136 5238
1216 7425
3226 8072
9663 9979
5424 5947
6491 9354
3860 5209
8811 8967
3736 5806
3779 7777
566 5913
3066 3609
7917 9507
4018 4227
634 7858
3777 8038
1728 8500
5488 6628
7466 9923
860 7446
3998 5846
1152 5246
1762 9846
1163 7250
9420 9778
7853 9041
9748 9966
697 869
7720 9161
88 6438
9152 9465
2303 5470
9006 9207
477 1845
4799 5459
5452 8275
1931 2238
5971 8485
4580 9426
9984 9993
6242 7854
9176 9840
223 3541
3865 7797
3856 4920
7266 9057
1179 2874
2888 7669
1088 6703
2904 6991
3888 8441
6806 9674
207 9474
4542 5050
8710 8974
6420 9136
7177 7607
2145 7564
1043 7587
9289 9917
5743 6628
9835 9936
115 8531
5971 8750
5994 9247
3075 6412
2625 4076
767 2201
2232 4284
9004 9282
8654 9334
4073 7824
4556 5661
9981 9990
4119 4179
347 963
1236 5233
9058 9779
1320 5221
7963 9959
3985 9943
7840 9732
5084 9659
690 9979
6783 8293
3447 7881
7718 9068
345 4770
9761 9875
1195 4449
5035 8899
2877 4859
6602 7963
8030 9082
9005 9881
7713 9293
2934 8643
4580 8416
2275 7584
7825 8500
2192 6430
7413 8814
5604 7683
8655 9303
4987 5289
2106 6983
7408 7512
2488 4111
1430 5349
6586 6991
2499 6961
5365 8977
2748 4515
4450 7760
2815 4461
5149 6493
5638 6145
1124 2059
128 3668
5231 8518
1823 4566
4497 9215
1951 6400
1700 2475
7444 7866
6733 7539
420 4416
6750 9884
5732 6919
9596 9822
4475 6773
9065 9912
3012 8891
2928 5281
7604 9258
87 6454
8842 9790
6155 6836
3604 9216
4936 6676
792 6878
4343 4814
4933 6286
4115 9259
5307 8553
3976 7530
5773 7666
2640 9543
164 577
4843 8431
6676 9764
898 7214
4286 5557
184 4245
4248 8501
5469 8168
9286 9916
8784 9969
4310 4522
8542 9258
5517 8792
3591 8268
729 7868
4775 5426
6323 7402
1794 7304
4332 4431
7489 7680
9678 9909
5178 6365
2325 9787
3635 8731
7169 7447
5509 8328
4186 7324
3538 6221
428 959
2909 3409
3032 8069
3521 9273
4141 4868
4925 8766
3561 8408
6652 8810
5712 6876
7649 9051
592 2998
7882 8044
4034 7181
2168 3804
8106 9681
9582 9887
8246 8856
6720 8341
9931 9953
8455 8959
5726 8262
5450 5789
4847 6484
2139 6532
9636 9680
8339 9210
2422 5958
617 7714
3383 5754
1390 5902
832 5611
677 5329
4791 5565
6873 7607
377 6618
3476 5123
9956 9961
9557 9887
4473 6731
445 545
7581 7946
1869 5745
2169 9901
5951 9588
80 9685
4851 6150
9468 9529
6746 9293
1512 4217
8366 9827
6327 7446
1092 1614
3163 8588
4808 5902
7667 7880
5767 9984
3423 8887
5448 7001
6412 8898
9136 9813
9507 9782
3962 5232
8086 8241
8402 9499
40 7632
8796 9432
9184 9842
7263 8150
445 5782
4051 9781
7132 7400
481 6257
1615 5185
8261 9987
9767 9964
8975 9991
4844 5195
8013 8325
9 8913
8099 8962
9305 9311
9068 9548
1504 1525
814 4415
6415 9898
268 7723
1474 7800
884 3428
3976 7779
4166 9406
5476 7950
9535 9888
6774 7636
9635 9784
8042 9189
543 6843
4516 9817
1555 9062
7047 9078
1902 8426
1957 2635
31 3962
9424 9551
4478 9035
395 2120
4106 5741
5733 6451
8317 8419
5638 8893
1342 6952
4550 9305
2702 3269
8310 9576
414 8036
1377 7367
7806 7831
2311 6664
9402 9990
8511 8936
7025 9978
9467 9773
1739 6869
1490 2613
8679 9734
5956 8484
6714 8147
6192 7354
1772 3299
7081 9708
1264 4230
3655 6468
6864 7485
3887 7415
1730 7409
8592 9336
4642 9416
2911 9032
591 5223
9898 9981
4480 9400
3615 9011
4352 5126
2104 9799
306 1375
8375 9354
2521 9657
8615 9962
4186 4369
6255 6317
4178 6010
5145 8641
8631 8826
8461 9258
4279 5014
1643 3342
9713 9816
2439 5174
2520 7685
1551 3148
9802 9803
2861 7785
804 3775
4697 5513
8224 8898
2287 2830
5533 9947
2597 3951
7934 9446
7673 8408
3028 4041
5856 7801
3269 9459
3531 9812
5537 8163
6955 8392
6961 8298
5742 8921
7295 8209
7509 9719
8812 9380
3546 7491
6570 7633
4451 5147
9527 9964
3335 6098
9141 9676
7271 7655
7081 8806
417 8596
7180 8505
8982 9111
1569 8901
727 2730
3051 8141
8916 9588
1369 9895
50 7897
803 8050
148 7283
5753 7921
1626 5092
9939 9967
9025 9886
7864 9245
3373 4953
4381 4476
5829 9415
1796 8996
9560 9768
7322 9624
9752 9926
3149 5101
1898 2954
3294 8762
8097 9123
5500 8934
6439 8092
5382 6212
2694 9036
5508 9102
2932 6827
8490 8744
4339 6637
7880 9802
181 3150
9463 9997
421 3996
4796 9235
4436 4897
5990 7748
6238 9091
7503 9111
2191 3244
8758 9064
2273 9066
4563 7850
8625 9235
9377 9616
5732 6035
2216 4206
9854 9866
7924 9255
5715 8923
9631 9835
4445 9458
3614 7259
6500 7148
8693 9014
1821 7863
5330 7785
6392 8289
8233 8570
2279 4287
9129 9694
368 8822
52 4904
6740 7952
6272 7773
5505 9220
9084 9967
5152 7716
6957 8817
9241 9922
1023 4363
3134 9386
4059 8079
6884 8958
5449 7838
5819 6478
4146 9244
1622 7336
7311 8293
8466 8994
1713 2574
4809 9155
3637 5679
2741 8529
4178 8142
9721 9738
5593 9217
2002 7091
197 6122
2067 8391
3188 6669
9988 9998
438 5971
6407 8603
6591 8906
8283 8834
7143 8841
7819 9400
5693 9445
4949 5164
1515 4078
3705 8840
145 2385
5215 7688
7881 9755
9224 9594
6558 7463
3969 8263
759 2980
8524 9678
748 6420
5173 8485
9133 9637
9009 9106
2793 3374
7573 9751
9793 9910
1103 3181
2592 4640
7425 9094
2662 9595
9777 9955
9274 9587
2707 8361
3852 4369
5785 8749
714 1408
9896 9899
8656 8737
7949 8213
8228 8710
3001 5378
4356 5942
7013 7876
77 2330
1573 2135
3109 9570
4564 9099
1218 8859
2902 7870
2421 9652
7243 7953
1553 6202
4624 8263
7119 8341
4649 9954
8283 9925
5451 6563
9590 9675
3414 6513
7171 7500
5772 9885
3129 9292
441 3971
7992 8720
536 2326
2461 3157
7549 9060
4329 4586
5699 9349
7935 9129
9463 9889
6019 9436
886 1000
5411 7448
5135 5900
8356 9185
6997 7072
9757 9971
1764 9092
17 4384
1399 9117
7288 9895
4139 7257
6635 7234
7928 9218
4286 5393
5111 6921
2247 6632
6022 8855
8213 9520
3842 8309
683 9225
2348 9960
6108 8478
762 8529
3942 9333
1951 7855
9381 9700
4347 6521
1034 3743
6174 8421
4691 7531
5641 7516
2865 4561
2067 2537
1084 7928
7994 8544
5353 9200
3992 5543
9208 9485
4629 7621
289 1030
5409 7117
2421 6626
716 4249
411 5842
4112 5067
3321 5317
8349 9165
8182 8349
792 2280
8844 9846
3621 8430
8882 9693
937 7744
3270 6581
3344 7604
6272 7998
8586 8664
8540 9500
4039 8991
6670 9740
4913 9832
1636 3788
3958 5122
8210 8450
6031 7023
9967 9974
3690 4313
1348 5741
4272 4927
4057 5675
6143 7644
7034 9797
8846 8967
2616 9078
3355 8640
7792 9885
4898 8097
2094 2975
6792 8394
1930 8384
3542 6615
6956 7079
7045 8679
8358 9880
9609 9868
216 3335
468 2010
9869 9878
3075 4113
9932 9940
8130 9466
9824 9870
340 9777
3864 5468
4204 5005
2145 7254
7531 9793
139 3783
1958 4718
2322 8563
3940 9892
750 5733
3627 9989
7223 9075
4541 6598
1137 4800
8490 9482
7553 8089
1639 7847
2810 5700
2723 4501
1835 9132
6013 9531
6960 8797
8715 9677
2320 6904
5898 8405
8331 9044
7672 8204
9260 9533
4313 8634
6817 7586
8086 9476
6747 8785
6160 7241
1865 8901
3992 7192
216 776
8420 9731
7783 9471
2871 9923
1707 8474
732 5473
7815 8902
9494 9611
4756 7568
5893 9846
57 7463
4245 7287
4725 6182
5708 8542
2623 4980
6972 9738
6036 7967
3856 7364
7668 8248
8172 9114
1957 6002
1179 4925
1445 3399
4911 6313
693 7334
7589 9092
6139 9171
7439 7849
2065 2824
6965 6995
3838 8179
5885 6302
8642 9850
2867 7513
5819 7532
3787 4792
3664 6329
1972 7100
7730 9368
7934 8727
8498 9472
2681 6804
6467 9154
3919 5498
5883 9644
182 4078
8399 9402
1226 9306
9045 9523
6299 7012
8933 9822
5204 8760
9153 9587
1852 7987
991 6671
4937 6409
2823 4510
295 2142
8551 9160
4832 7989
3025 4298
687 8123
1907 5379
7766 9734
5283 6827
6249 8158
1119 5565
9205 9253
1641 9608
3928 4189
531 9293
9912 9996
961 7002
9533 9972
4954 9645
3545 5811
9855 9890
6275 9111
2416 9622
4242 9085
9538 9659
662 1946
9930 9983
5882 8997
2731 5015
3293 7313
9588 9669
5654 5796
2219 4017
2449 7445
911 9219
4149 6480
2871 3594
4578 5151
5244 9640
6304 7420
4590 6249
6891 8508
2065 2234
2345 7553
1916 6788
3828 3899
7476 8122
9390 9741
7932 8939
6655 7868
1989 7592
6329 9268
2681 5884
1788 5463
857 9438
423 947
3299 8573
5460 5868
1973 3140
4460 9172
3722 8207
7480 7782
181 9306
4891 5990
6745 9214
8645 9955
4198 9140
856 2879
166 2685
8858 9634
3059 4804
1851 6287
3419 6586
6114 7758
7753 8843
7857 8987
4007 7326
9695 9882
3763 7021
9660 9789
6110 6575
8420 8609
5407 9192
5664 7088
7398 9644
5944 7061
9237 9673
9164 9215
5958 6263
8460 9491
9756 9761
3933 9200
4508 8027
9787 9851
6160 9857
2962 4209
7641 9446
6745 7880
2832 4181
1231 7923
8905 9124
343 2615
6410 6449
5779 8705
8390 9726
7141 7696
1075 8146
3722 5228
1443 8257
8070 8992
9669 9679
7476 9847
9102 9843
8028 9846
2019 8922
696 9216
9189 9546
5279 7969
8834 9708
4755 8915
3919 4912
9272 9504
2725 8806
510 7921
4691 8205
5114 7654
8822 9432
6074 7973
9652 9681
3782 6052
483 9163
4480 9143
6263 7049
1019 3746
9328 9343
3933 8939
944 6797
3446 3828
2854 4213
7305 9797
7614 8489
9391 9558
1312 4606
2916 6661
3038 5395
8770 9848
4126 7162
6659 8443
1879 5781
3420 6014
5486 6472
3242 8450
4270 7361
2623 3303
3215 6416
4503 7003
3287 4947
5538 5880
827 3384
4282 4623
1037 4196
9794 9851
7147 8936
2626 9979
6522 6657
9050 9500
8615 8910
165 8856
6089 8484
3774 8756
5931 7237
9834 9955
9862 9990
9967 9991
7669 9064
6221 8796
8455 9631
541 4621
3256 6057
3126 9226
8783 8927
697 9252
9659 9933
5770 6658
5160 5645
3767 4807
3369 9677
3213 6632
6842 7141
8006 9908
8848 9473
8365 9650
4593 9858
3784 3871
4159 6284
2401 6080
4073 5878
5435 7587
260 3452
7083 9000
2979 3666
5815 9729
8218 9795
4088 5065
2782 4586
578 3195
8562 9934
9302 9937
6456 7570
383 5307
2659 6674
661 1281
3885 8882
2501 7443
6122 6344
9585 9715
6568 7953
1369 2876
9665 9980
7411 7923
8124 8525
3825 7943
5391 7451
5347 7109
272 6004
6537 9712
2819 6402
4256 4286
3887 5823
7616 9325
8502 9978
7147 7961
4839 6680
3795 3981
1659 8318
9471 9686
5851 7005
6302 6771
5604 7845
1147 7305
5380 7119
18 591
2730 7399
5136 5764
2191 7939
9896 9901
6308 6359
134 3634
8021 9041
3622 8269
6460 7065
3568 6604
2540 3129
8025 9653
2274 4290
3163 8046
3356 8962
4135 8133
6948 8309
9429 9625
9648 9725
360 8985
8301 9480
4937 9926
8387 9851
2369 4054
405 1590
6733 7799
724 2989
2781 6847
6333 9347
7255 9660
7165 9939
9453 9789
9203 9468
3026 5214
3894 4348
2396 7119
4468 5543
2921 4155
3685 4881
1866 1930
7179 9951
3361 9154
5069 7698
1043 8313
9486 9700
6413 7551
5553 7893
1069 9659
2084 3541
4276 4389
5984 9511
3276 9176
1951 6455
3577 3936
8526 9517
5489 9173
8177 8984
3411 4302
4121 6345
6904 8529
7485 9015
4318 6576
3647 9251
4071 7944
4673 6893
4971 5759
295 7342
4082 9069
645 2713
553 5536
8050 8197
3223 5020
3407 4269
565 7900
4588 7267
8763 9562
3066 4426
7771 7941
2572 5832
8133 8586
8669 9129
1486 4688
1069 8909
9894 9972
6957 9966
1846 8993
1792 9845
8275 8372
5238 8287
4497 9798
2013 2881
5276 6106
995 6545
357 9554
241 248
3166 8650
7072 7730
4846 6409
1880 5905
6461 6921
6947 9880
4254 8780
1711 9449
6352 9566
7779 7790
8518 9413
5460 6379
8295 8689
5690 9890
7056 9626
3798 4561
7673 9569
888 6998
4344 6470
308 2040
5928 7533
218 7654
6636 7098
6572 8028
7014 7225
7963 9100
8648 9686
8247 9898
9889 9979
4590 9245
6944 9744
4148 7457
8148 9146
2585 8836
5157 5445
7251 8672
9164 9551
8696 9404
832 2778
2186 8023
9626 9845
5610 6179
6614 9644
1643 9749
9632 9801
7095 7864
4030 7337
6585 7118
8351 9952
3157 9041
2936 9707
8210 8496
2916 6128
34 1831
3772 8345
5589 9122
8685 9209
1011 6972
7924 8607
8537 9784
7050 7922
705 1668
3979 6694
6507 6854
5174 7566
5341 9297
4503 5644
3855 4300
6069 8998
2921 9219
2018 2803
1448 8677
254 8589
7171 8794
3160 8487
84 2036
9954 9979
7296 8896
4155 8757
8574 9036
2760 6134
723 6019
8290 9634
6966 7411
2895 9021
8421 9640
7223 9353
6013 8018
9705 9928
2519 9500
7613 8023
4790 5957
6756 8621
5577 5660
9532 9832
3914 4367
97 8764
8745 9446
2025 8270
1609 9236
123 670
6292 8811
3074 5141
3282 9159
2074 3843
5728 8387
9765 9962
4897 5220
4365 8377
6930 8106
4964 7014
9708 9762
1891 8057
2797 6492
6496 9432
7056 7381
6014 6896
6146 9369
6235 8829
8083 9404
5616 9812
3854 8940
1778 4089
8158 8536
7166 9890
5822 9490
7733 9557
6691 7483
1099 8797
3746 8496
2247 2848
6291 6952
5240 8621
9236 9334
1786 2750
9987 9992
9177 9202
3654 6514
961 7281
3601 5130
7037 8751
3049 4067
5064 9686
8588 8677
3035 3372
8262 9705
8340 9966
3027 6882
2149 6515
1970 3236
8440 9855
8855 9382
4994 6680
8512 9217
9320 9537
3476 5071
7026 8123
8276 9843
9098 9511
8129 9641
1549 5292
7566 8280
411 7955
401 2544
2902 5886
5914 8857
4792 9882
4306 5157
4530 6106
7768 9311
129 6781
2752 2935
6014 6510
5115 9093
4203 9844
2264 8210
251 2334
4419 6734
4556 5206
803 1413
6245 7693
805 2942
3264 3281
3645 5416
2836 6096
26 3869
5474 9778
4589 9358
196 1309
2649 7963
5272 8897
7601 9157
8066 8619
518 2887
4016 6985
3208 5318
4514 9468
5189 8136
1647 3045
6897 9631
7983 9118
735 9396
432 605
6980 7589
2198 9239
1439 9835
6354 9520
9974 9990
2632 6989
5117 7885
3181 4985
763 6200
4751 9815
586 8312
1228 2013
468 8162
9867 9932
6380 8714
2594 8455
7752 8997
2038 3915
9600 9638
1884 3522
486 4406
9506 9638
2731 9774
2655 3357
2803 4964
3003 8581
8101 9042
9065 9961
4005 4292
7637 7982
6046 8933
1027 2506
9095 9993
1401 2432
2318 8415
5166 7722
8991 9690
7843 8804
5505 8996
4010 5538
5695 6697
2647 3026
5306 8197
1221 2405
5562 7264
7355 7919
9144 9436
4218 7513
2416 8070
2475 5727
5361 9954
9835 9913
6636 8654
526 9273
5305 7894
6935 8484
8639 8753
5082 5776
8306 9324
8175 9231
405 6084
4454 5371
9737 9794
8500 9823
7823 9980
8949 9910
3167 3593
3026 3129
7884 8126
2195 3849
5538 9964
2290 4981
1023 3267
7535 8092
7088 7727
5278 5742
3928 7618
9633 9717
3739 9025
7939 9428
6890 9479
883 5271
8544 9631
65 2884
6193 8927
4754 7601
5637 8957
2175 3566
5598 8471
7462 7906
1475 2349
7033 7292
6321 9042
3739 8831
4011 5969
6364 8513
860 8463
5455 6321
9674 9820
7307 8564
872 5015
6467 8713
2237 7921
5453 9109
8194 8218
4913 9244
8562 9836
3835 4401
7639 8353
2467 4861
1269 3452
9822 9837
9715 9949
9815 9867
1523 8658
7246 7587
5502 9030
8080 9511
6252 9439
6410 6990
4686 5426
3802 4420
7264 7851
4681 8582
355 3681
1017 7718
710 6717
922 7963
6332 7854
7439 8816
828 2602
2725 3203
1129 6881
673 8113
2707 9331
1662 5722
4403 8776
9807 9856
3292 7576
7478 9024
1445 7869
3250 8197
2469 9141
1919 3281
1385 3008
7042 7924
9958 9987
1259 4566
9146 9888
7335 8903
502 2095
3844 6760
555 8282
2787 3232
4793 6689
3905 7002
1497 6175
7996 8308
6797 9438
7294 9427
2099 7636
9852 9994
4153 9273
2291 2683
3452 3523
8344 9636
430 959
6906 7222
9463 9591
2519 3625
761 6242
5165 8275
3116 4711
9432 9533
6148 6879
4675 4876
7617 8881
7339 7386
6443 8248
1974 8553
9140 9696
4239 8140
2440 7541
5923 9339
4320 8470
8752 9409
8772 9921
4416 5924
9090 9629
5592 6126
6403 9620
3448 5633
713 4518
6592 7874
3756 8067
8700 9331
4250 7684
7650 8308
2083 6606
4374 6074
8714 9124
8970 9922
6103 8625
8785 9932
5571 9039
6328 8300
592 861
1505 8599
4971 8527
2036 3023
8482 8927
301 781
9447 9600
6443 8509
3289 9202
4173 7365
2605 8635
2098 3324
7575 8720
5682 5781
1039 2138
405 1170
304 1662
7562 9360
4049 8672
6389 7092
7307 8386
2436 2703
4995 8668
352 9593
2932 4447
5207 9535
291 5618
1069 3232
5290 5445
6290 8520
8685 9393
8055 9159
5984 7111
5083 8460
1488 1531
6367 7275
9388 9477
7747 8200
5943 9586
8296 8479
7208 9817
7897 8316
8617 9681
8611 9961
1152 5129
6689 9825
3311 8795
5809 9385
1307 7505
4695 9105
7627 8685
1989 9248
4249 6123
1874 7707
8659 8858
8679 8934
6648 6918
1994 6477
5036 8180
3702 7356
5228 8369
3990 6755
6075 6623
6117 7174
1998 3929
6842 6995
2926 4563
2017 5555
4742 6435
5685 6947
6904 9722
3926 5476
6740 8213
2844 8866
4604 8806
7846 8877
4953 6644
3034 3387
9231 9930
1329 9103
5760 7391
5029 8176
1813 6421
4576 7004
3218 7580
1414 9512
7526 8185
7225 8240
6081 7784
1797 6292
5895 6082
281 6757
568 6811
8060 9140
8557 9219
2301 9870
3702 9790
8346 9657
8688 9024
5024 7530
1473 5807
3768 9683
2903 8296
8576 9742
5733 8663
2638 6281
8195 9789
6772 8770
5898 6252
9538 9857
3445 7917
4220 8520
9928 9932
526 9330
2517 5212
1625 3646
6279 9003
6922 9276
2421 7972
718 4942
5414 7062
4029 6772
6522 7874
2505 2753
4493 8160
6299 9315
4705 7159
255 3767
8369 9704
9787 9817
5015 9078
6490 7922
2779 4074
1758 5608
9060 9995
4034 6341
9222 9884
5016 6459
8193 9990
8956 9832
942 7530
6423 9886
2865 3435
7556 9664
103 1643
9402 9976
1423 5876
8203 9884
8445 9238
4121 6030
711 7221
777 7547
4778 8543
6550 6663
2431 9752
9567 9627
4534 4791
8056 8973
5728 8666
7968 8364
3231 9080
6210 8221
1625 6238
2660 4696
6307 7676
2364 8566
5451 9238
53 4653
2081 5718
2123 7769
2542 9410
2107 5285
1652 7496
1316 4704
4865 5268
8769 9521
8587 8798
1186 8971
2184 2673
3135 6265
2854 3180
5683 7815
1690 2645
6359 7980
4291 8735
7069 8683
581 3031
9001 9390
2273 6345
1156 5293
2294 6034
9883 9948
6079 9996
6078 6422
2584 9120
7617 8326
8632 9523
8029 9836
2063 7277
9978 9979
1635 4445
3598 5676
9868 9877
8335 9739
8734 9854
4100 7291
9395 9552
7512 8679
2597 7522
679 1914
9248 9984
2183 3670
7200 9565
6196 7400
7405 8366
3525 4987
9957 9964
6528 9836
7777 8201
4497 6335
8740 8834
7772 8176
9482 9703
1150 8806
7279 8205
7846 7994
7107 7228
5773 7816
1558 7319
2492 5653
9418 9577
9963 9979
8803 8991
8677 9519
3507 5972
738 2262
9743 9773
922 8616
1462 3146
694 4720
3737 8809
9843 9915
8452 9195
8996 9160
1549 7168
6486 7758
8451 8528
3096 5426
266 2047
5643 8331
6017 9907
323 3818
7922 9021
4297 9300
1971 8605
1057 4499
9238 9565
4568 8976
9898 9906
7770 8630
3288 8306
2505 7119
1211 5749
5079 5769
715 8392
6913 7776
6367 6468
393 6749
2621 5498
3038 6897
9614 9634
9237 9794
4067 7507
5831 9029
3125 5177
2959 9620
3745 6815
3079 6605
2049 6124
1158 3768
5794 5968
6053 7258
8236 9650
7458 8390
640 7069
6203 6467
1422 8114
3102 4195
7998 9681
7274 8119
5049 9978
6189 7963
4217 9750
4349 6046
9890 9990
7373 7524
7587 8079
1137 8060
2268 7031
5501 6671
3319 5147
6169 9055
1893 6309
46 3441
2033 2822
2414 2611
5696 8806
1365 2311
1841 9713
5761 7329
665 9816
9041 9296
5119 5792
1333 7617
2081 3809
9859 9996
3673 6591
5006 9478
4393 8846
7062 7787
2714 8587
4091 8382
9366 9792
9696 9872
4290 4981
4135 4592
7751 8049
6349 8916
8426 8835
7476 9388
1892 2002
5777 8227
681 3217
9057 9139
8433 9800
6238 8126
5494 5640
3924 7613
6266 9470
6121 6147
550 4467
7251 8285
8014 8828
4379 5195
8747 9269
9386 9792
625 4424
2966 5091
6809 7747
4343 5460
8725 9413
2249 3336
5566 7049
9295 9887
6590 7758
9019 9724
1446 9782
2363 6785
2103 4829
5522 6174
5655 9619
1832 5228
2842 2980
3518 8620
9252 9724
5222 6608
9430 9586
6630 8891
4242 7353
396 3458
6763 8470
384 4635
599 6747
9020 9483
5936 7613
199 6607
831 2109
6788 8408
5762 6699
7101 7420
748 7784
9214 9670
435 7201
9143 9896
9176 9638
2407 5009
7628 9698
2056 6642
4288 9656
9118 9403
7559 9232
2855 5698
8808 9370
8625 9107
1012 1067
2019 6401
6781 7331
7382 8492
5396 8723
6295 9863
2426 4169
7517 8438
4646 9697
3786 4182
3894 9354
6138 9786
509 3067
2855 4326
4852 9443
6121 7765
8976 9828
9690 9911
4232 4732
3613 8445
1924 7789
3936 5053
720 8898
8349 9255
6052 6737
9290 9340
3117 6068
2013 8943
7942 8082
1415 3754
8986 9759
6453 9404
925 5857
62 1877
3736 7262
3492 4252
2054 5258
2912 4955
1227 8382
7219 8314
4252 6710
9366 9656
5434 6900
5435 6818
4540 9344
1593 8211
9420 9970
763 7441
6690 9177
8623 9071
5089 9314
7761 8760
112 9290
7418 9259
5998 6515
9218 9540
4056 4244
1063 6587
1485 4770
8520 9231
1392 6115
1419 4021
3941 9689
9869 9984
5415 7471
2148 5437
5970 7579
3836 7755
5822 8389
6762 7614
5867 9984
6519 8139
9954 9996
9443 9617
277 4540
3825 8622
4791 5013
3645 4955
9974 9991
2601 7177
6832 8372
7159 9288
2607 4789
8280 8692
8928 9524
1884 6821
7892 8430
842 5095
348 6433
7134 9565
6995 9906
6461 8928
9753 9859
4556 9247
1186 2150
6851 8521
1861 4708
9977 9985
5355 6384
1031 6324
8813 8998
5905 7946
5211 5500
9575 9675
8352 8425
8409 8739
7238 8272
8832 9707
5376 8286
7987 9296
4602 9606
2857 4807
3211 5755
258 2920
7465 8430
2675 3708
9366 9669
8256 8987
6602 6675
7465 8599
3727 4754
4453 7664
480 3567
9054 9984
5488 9369
8947 9796
2050 4757
2934 8450
2320 5937
5529 8006
3945 9156
2943 5110
6768 7587
6342 8003
1924 9647
810 6339
8917 9854
8615 9920
6773 7354
8581 9229
5298 7268
7015 9937
568 8697
8364 9384
2811 5654
1489 3816
9973 9974
3102 8586
5396 7004
1653 3745
4006 6624
5817 7446
8181 8310
4082 7223
1397 5376
879 9676
7860 9709
7341 9052
9517 9969
883 7196
2350 2911
7810 8178
801 7574
2349 9017
553 7585
627 5196
4495 7607
7934 8527
5616 7384
5883 8199
5674 6355
5108 6346
4276 5785
8279 9492
6718 7284
7193 9557
1586 5353
5144 9492
2920 9194
1527 2694
2843 8869
4237 5375
9945 9981
6149 8662
7152 8583
9443 9859
2619 6338
7451 9619
6503 8353
4677 9663
5809 9013
6102 9521
2469 6736
8618 8802
3323 4510
9767 9963
9737 9770
2602 7414
7240 8925
8961 9925
4607 7162
2828 7891
8787 9649
7689 9498
642 7140
9213 9951
1957 6376
6673 9412
5525 7058
6802 8442
7077 8573
1018 5058
776 4910
624 8372
1293 4567
1295 2314
2115 9166
5858 8310
8961 9052
3757 8872
520 4737
2606 2669
4395 5569
2830 9919
1872 2171
2709 8696
1089 6156
1663 2319
6505 9088
6432 7639
7600 8981
8983 9075
3531 6546
5354 7661
654 6047
6808 7464
404 4719
5820 8079
1413 9520
5543 9301
2877 8040
8473 9804
9616 9855
160 8925
763 3518
632 6155
7679 7929
543 1428
7353 8989
2055 5130
5438 9091
5155 7549
9951 9968
9099 9111
4017 7209
634 6949
8247 9861
3287 9632
4772 8456
6624 9063
2863 5259
9919 9987
3350 5668
5018 5328
7005 9533
9855 9980
8646 9861
8818 9490
9028 9261
321 5662
8658 8675
1020 4531
5763 9818
7092 7210
5820 7534
8032 9308
6105 9459
5178 7597
5836 6581
394 5447
7888 8947
4673 5724
3554 9200
7247 8729
6498 9676
2999 3479
1469 5592
3820 6273
2590 3966
9194 9246
4712 8641
54 7283
7696 8184
406 5943
2023 5802
3731 9631
2679 5609
558 2977
3105 8433
9668 9856
3952 6818
2207 8048
8578 9143
1667 3432
7196 9622
9427 9879
1419 2936
3721 8533
5080 7367
1611 2363
3825 7137
4516 6040
8215 9482
5765 6661
6881 8165
3814 5907
3807 8961
416 9173
3315 3840
6471 7116
3815 5040
4323 9928
6444 6757
1124 3526
5533 6523
7771 8259
8954 9934
3192 4469
1083 8029
808 7205
1250 4670
6715 9485
1502 5667
9417 9954
3426 6035
2441 9278
3548 8462
6849 9050
1059 7079
4766 9827
4343 5401
4470 4676
7336 7664
6981 9058
8866 9853
3676 4572
9009 9975
523 770
8982 9929
1788 5379
3286 6485
2340 7462
7496 7666
1955 5278
8948 9704
8390 9576
7480 8439
29 8685
4724 6031
2730 3278
1259 8494
7265 8821
8389 9008
1229 4181
4853 6520
6431 6950
9220 9634
1136 6214
7190 9770
5360 9574
805 5866
9923 9976
5820 9975
753 2453
5671 8592
784 5229
4702 7042
1399 7166
8949 9017
4646 6352
2558 6991
541 7577
3395 9945
2884 4998
916 1817
1738 8115
1612 3086
409 5966
5820 9900
9966 9981
3465 4123
4859 6049
684 2870
6317 9731
8697 9906
8150 9371
6606 7132
305 506
4138 5823
4041 7864
8226 9603
7492 9246
9510 9894
5023 5461
1389 9992
4438 8571
8613 8852
5122 5902
992 7194
5850 8030
1098 8601
1137 9424
2159 2475
2463 7138
8902 9620
4838 5595
5647 9907
9762 9995
1674 5993
243 1593
9720 9881
8903 9447
9797 9800
3871 9735
9279 9859
5221 6932
6415 7413
9403 9831
8550 9879
6810 8609
5217 7156
3061 6160
9080 9149
8049 9808
1529 4497
7058 8514
253 757
8408 9862
540 2348
4638 4924
2782 3252
2416 6265
7563 8167
8058 8853
9286 9476
8775 9209
4051 8495
305 7814
4140 6644
7653 8121
9246 9786
766 9358
7411 8032
3947 8614
3032 5648
4042 7658
9979 9981
9344 9460
3346 4020
3781 6686
7266 7484
1867 8275
9203 9784
8922 9108
5399 9412
4196 9818
5105 5744
1314 2140
6002 7107
8284 9911
8485 8958
8000 9974
7342 8608
1617 3543
7683 8247
4562 8673
2111 5765
4279 5759
6177 9896
1524 8592
2460 7954
9264 9606
6499 9888
2588 5706
957 4254
3595 5690
715 4767
9239 9447
3092 5919
331 4252
2496 2859
1524 3202
4504 6734
4608 9124
8188 8942
2965 7564
3415 5669
4815 8903
8827 9306
3840 5272
3132 9623
9963 9967
5507 9674
4716 9729
7381 8923
7598 9459
9448 9616
8853 8889
6661 7219
1049 9992
3488 8971
7550 8566
5552 8176
8104 8327
3181 8054
8731 9169
1024 1775
7704 8894
1312 5136
3891 6456
6935 8263
9123 9847
8011 9304
5638 8394
9357 9599
3789 7823
1303 3123
1905 2205
4456 6403
8311 8403
8001 8267
2686 4058
2207 8588
4689 8200
8646 8921
9425 9887
9841 9858
7719 8813
4210 9585
4909 6640
5955 8218
1077 5437
8194 9265
8403 9985
467 4405
9227 9527
6332 7352
7512 9252
2517 6536
4193 9208
7826 9368
5661 7846
7632 8261
3258 4210
3580 9096
3398 5593
7667 9722
2913 3374
7163 9318
1063 3238
7039 8898
6180 9459
1524 6606
2752 7084
5505 8252
9414 9554
4603 7494
842 2488
9306 9388
3571 6363
978 3488
7532 8121
9431 9666
1205 8599
2840 9149
5256 6659
4025 8199
1484 9738
2592 8091
3147 6765
5010 9725
21 5815
6596 8703
8913 9771
7949 9778
1016 2099
4857 9992
2646 5322
3570 5091
6938 8636
2202 6258
8840 9276
6410 6514
137 177
3150 7102
4207 5751
5735 5972
945 2219
7299 8277
3235 5193
6667 7340
4280 6606
6583 9635
4868 8400
2532 8913
8201 9471
8149 9734
7060 7242
6444 7306
3238 6167
5305 6230
906 1758
2241 7532
5104 9276
3127 8088
5226 7852
5644 7490
8376 8597
799 2131
21 808
602 2834
4943 7821
7125 7364
6189 6231
3926 4957
2652 6083
2276 8031
9182 9226
5202 6664
9093 9516
5843 7659
6216 8458
5491 5686
3221 9412
3757 4099
9521 9802
2344 7827
9249 9931
6560 7426
3504 4047
2994 4844
5094 6818
8475 9717
3860 5790
4270 4910
1486 6615
9911 9973
627 3327
3520 7411
8790 9553
4525 6334
9201 9528
9239 9714
8408 8537
7192 9050
4127 4933
951 2668
5876 6436
6089 7113
2151 4053
4305 7837
1409 7882
761 5031
3531 5438
5145 7402
1419 9057
7436 9857
5503 6780
8590 9621
510 6535
4898 9812
5974 9770
7232 8525
9842 9944
2262 3864
1172 7425
5159 6493
7097 9598
3126 9650
6815 7749
6244 9367
7390 8034
9516 9548
2023 4959
9076 9809
3408 6926
5701 6412
3976 6815
4814 5572
5730 9501
8111 8454
2942 7867
1115 7225
6650 8092
5712 8667
2340 9026
7597 8424
5597 8021
768 5215
4975 9681
6206 9982
4325 9634
117 9878
6505 7848
7074 9296
6136 9413
8534 8584
3815 7865
2911 3286
6725 9857
8581 9134
9435 9872
557 8030
9066 9390
8981 9436
5231 8392
2561 4686
6945 8047
7996 9038
1604 7846
8494 9083
5685 8528
3114 4000
2596 9597
7384 9661
165 8881
2862 6723
1454 8646
5829 8597
5408 5620
1784 6810
4196 9291
869 3022
3140 7970
9459 9852
9079 9812
8235 8354
2681 4680
6597 6909
1363 1483
5351 5603
2919 9043
2059 7584
8029 8061
4546 7938
81 8864
6495 9316
2735 7572
8416 9220
6934 8498
5459 8482
5545 9185
5130 8208
8323 9766
87 4388
6906 7318
6626 9223
8797 9160
3026 3456
2075 8849
6594 9280
8899 9244
3540 9624
6427 7644
7361 7633
4488 9849
738 8496
8894 9426
6074 8139
2745 8010
9423 9823
9717 9766
896 5333
6084 6729
3631 9155
1704 8558
2664 9498
1272 7469
1386 5191
7929 8044
2440 7947
9587 9633
9257 9962
1861 9166
230 1761
9356 9995
8138 9972
7796 8176
2437 8562
190 8085
7075 8502
3189 3368
8749 8890
9412 9550
2029 3681
3882 9418
4932 5538
3519 5069
5622 7169
6746 7827
2557 5924
5463 8685
1814 9321
5575 7879
2117 6737
6371 7612
7525 8463
3418 5249
6325 7574
8256 9909
88 4302
8419 8570
7329 8755
7973 8393
1718 9847
9214 9468
6871 7429
208 5240
9484 9923
4919 8815
6417 6688
9254 9519
9294 9893
682 5399
3261 3700
5083 6115
8031 8583
5975 9336
6274 6319
7052 8191
3615 6511
7153 9379
3568 5539
6449 7401
1319 7218
168 7907
7901 9610
2160 6651
5575 6872
855 9416
8239 8662
1667 8308
6099 6503
379 5591
4963 7075
5548 6400
3167 5937
6921 9935
5180 7876
2219 6245
4972 9765
1368 6746
9144 9457
4122 4849
8129 9934
2315 7606
9050 9999
7247 7895
7365 7578
6201 8404
4291 8491
5994 7188
9977 9994
1879 2944
3086 4697
9098 9447
5765 7525
1331 4971
9049 9642
5390 9279
8277 8502
7779 9633
1114 6382
7731 7744
4627 8185
7739 9140
7298 7416
8162 9242
3459 9897
7856 8666
9020 9667
7817 9496
5036 8808
3188 9140
1308 7956
3708 8393
8141 8772
7650 8400
2221 6848
2681 2787
3908 4779
2459 3754
4228 9148
9501 9600
9663 9752
8647 8980
9685 9719
8743 9925
1090 3778
4666 5145
8633 9232
2839 5627
3683 7700
709 4175
2503 5190
3289 4162
7048 9819
2597 4509
3874 6998
9054 9679
2667 6377
6316 7646
8656 9135
7021 7208
1128 5739
8239 8529
7844 8776
8536 9634
8304 9656
627 5507
8091 9005
3493 4079
7285 9614
5797 9075
9513 9617
7462 9497
4777 6961
9406 9992
9242 9745
704 8640
6479 9073
7344 9296
7827 8410
1417 7214
1342 3057
8448 8660
2575 5044
2513 9037
4110 6558
3978 4206
1617 9843
5646 8658
1316 9398
308 7400
3515 4498
9375 9985
7468 7497
3513 8539
3111 4764
7193 9580
5255 9157
2465 3723
9643 9777
3223 8821
8407 9377
9382 9511
7672 9456
895 4143
7673 9160
9829 9957
8425 8911
2082 7565
6262 8858
2203 7381
1525 6087
7625 7633
9758 9840
987 1879
8112 9624
806 5657
2905 5169
2096 4194
2361 2582
3952 5541
7264 7837
9351 9982
489 1970
1511 3792
2641 4734
7688 9405
4595 8194
9224 9449
40 4945
8492 8520
6967 9960
1914 2610
7804 8197
9002 9937
2681 5465
1571 5628
2866 5793
3374 9369
121 9002
5137 8418
2861 7585
6153 6706
6791 7654
3315 3795
5171 8171
1938 7423
1809 8694
4196 8292
7521 7921
6874 8573
1065 6382
4976 9687
6225 8804
807 3388
2724 8646
9045 9313
2805 5776
5098 8341
2043 7792
1318 8732
4128 7350
8360 9394
988 6194
5131 9559
8263 9222
5537 9604
6006 6823
2303 7438
462 7334
5271 6529
3921 4593
2964 8452
4815 6242
3550 6210
7267 9318
4274 7793
8690 9843
6384 8055
1958 9856
2264 8684
7663 9338
24 6160
8133 9827
9367 9794
986 6322
5485 9937
1128 4011
4248 8913
4282 7799
8243 9311
5353 9788
6881 6885
7277 8722
6593 7295
6338 8236
8857 9178
2021 8147
8079 8939
8027 8108
8855 9235
4622 5348
7728 9255
5950 7911
1202 3854
2932 9221
9479 9734
8008 8136
9115 9653
807 2000
7911 9176
4539 8942
9826 9837
6777 8530
197 9426
7077 7722
9937 9950
9089 9616
6109 7823
6185 8556
2783 9904
1463 7434
2011 6421
8955 9264
6534 8841
2772 4364
16 2139
3477 5433
5733 9487
5912 5983
6902 9245
3591 6581
4577 8640
4489 5274
7975 8524
7497 7928
4997 5814
451 4580
5863 8276
2992 5724
5103 7007
2124 3463
2247 8634
4785 8854
288 5954
583 3071
7184 7185
2678 5689
5548 7696
2819 9143
4440 9464
278 7005
2825 8835
4415 8856
2485 3054
819 2358
8608 9235
5565 5737
1975 3347
7821 7842
5524 8950
2863 7123
6589 6946
5216 9742
3171 5306
4256 6653
6359 9850
4896 5506
4673 4892
3813 4113
1898 4619
7392 7505
4311 4536
9867 9883
9512 9981
2556 2690
3481 7978
6279 8272
66 1571
5641 6621
4375 7229
2184 5584
2788 8705
3797 8538
6057 9197
8475 8526
3186 7928
650 1786
3858 5395
5213 7740
6060 8352
101 3904
4477 9594
1752 7731
5116 5202
1686 3174
1949 2483
8286 8761
5979 6365
585 5814
9287 9407
985 4812
4109 7465
8802 8865
3011 8561
9623 9841
5941 9192
2493 7332
9987 9988
3069 6963
4867 5639
4215 6763
8903 9305
221 9461
4221 9043
4636 7239
4164 8560
2219 8353
9130 9828
1883 9356
854 5494
8711 8731
5507 9175
1035 2780
3797 7241
3376 7760
7601 8323
3277 9474
8574 8964
3490 4977
6587 8479
6803 9298
9199 9732
2571 5423
2554 5000
2617 4518
2159 9622
9770 9984
3053 6200
6658 7947
5643 6786
2776 6192
6781 7043
2477 9686
9795 9955
8335 8644
5694 6552
3324 3786
6799 7217
3885 7182
1126 1617
9179 9848
7524 9559
4168 9976
495 1326
5065 8373
3675 8029
2142 5315
8840 9301
1603 9947
1992 5319
2274 4958
1680 8612
4288 5108
3765 8888
8374 9072
7129 9784
8732 8741
9266 9336
9261 9559
7282 8423
81 4400
1174 1823
1959 7826
6356 8621
5392 8233
774 2205
9330 9858
6365 7777
3040 8309
6617 8200
7628 8339
3906 8813
1431 9576
4769 7184
63 6374
6612 8943
2611 9901
1908 1973
2669 6678
9005 9092
5608 5960
7940 9908
7810 7988
3003 9814
2116 8771
357 9276
7702 9583
8415 8626
6322 9545
4643 9299
4710 5908
8448 8497
2967 4784
4503 7337
5530 5691
6671 8063
2975 5606
5736 8000
5233 5732
1945 8361
1819 5596
3017 7598
597 5697
5794 8672
7417 9026
6025 9432
8076 9495
6987 9509
7569 8393
5161 8086
6545 8660
4835 6220
9289 9383
7212 7757
7429 8741
8618 8978
6668 9896
4901 8186
1875 3046
3925 4142
9368 9724
7657 8376
808 8413
1852 5353
6006 9931
9074 9515
9213 9678
6754 8600
1265 7320
1413 7332
4104 4258
9504 9804
684 9640
9427 9928
6184 9339
5281 5588
378 3238
9966 9977
4803 8383
7731 8304
2902 8802
3565 5263
1418 2860
7085 8173
269 8941
2723 9779
4758 5388
9020 9503
1033 6515
2179 4434
8510 8750
9825 9978
5412 6808
6098 8374
7282 8038
9467 9993
3903 4632
3069 8923
2812 4364
4602 9446
6901 9727
8982 9780
8597 8650
3566 9678
2146 4684
7540 7867
2214 5221
989 2179
2504 2548
7956 8574
7325 7577
2786 7217
6288 8227
2788 5404
2997 5094
7488 8256
7708 9400
337 8261
6244 8018
1459 7958
9859 9882
9094 9852
2683 4149
7393 8047
5566 7775
3128 4004
8645 9894
4251 9455
9766 9853
5776 8564
4376 6393
8438 8632
7276 8854
8869 9792
5926 7892
6041 6944
461 4114
7683 8803
5045 9365
7926 9838
2237 4444
2550 5030
8128 9113
9813 9922
3206 5924
6623 7475
9769 9827
72 7251
7796 8453
2360 4038
5504 5609
5699 9429
8355 8707
4570 8388
5948 9735
5327 6805
5858 9696
7336 8949
4058 8153
3479 8897
5587 6256
3284 9107
8476 9993
3856 5609
6420 8138
545 7687
2060 7596
5061 6880
4192 6957
8923 9146
2479 3410
637 5727
5387 9788
9881 9970
4761 9686
896 2210
293 8006
699 2197
8616 9797
3898 6710
5915 7602
9934 9979
2841 7553
1617 6714
8547 8973
9789 9930
698 3465
5216 9763
9228 9981
3721 5806
9751 9784
146 2868
1382 4024
4442 9600
6168 6254
2735 8120
2659 4084
8329 9255
4756 8008
4319 5463
363 9840
6878 7831
5775 9622
6442 8549
5159 5595
6549 8424
1302 6008
3526 9922
5747 8152
1965 5147
2024 6677
8705 9899
4906 8308
639 4560
805 5523
53 8665
218 9009
4656 6557
6917 9668
6424 7607
1124 5975
6172 7989
4694 7672
1498 7496
2198 8139
335 6528
1302 7122
2182 9832
8985 9508
1808 9378
2867 7116
1277 3794
6785 9872
5241 8443
4262 6264
5436 9896
1285 9004
3547 7665
5439 7582
1955 9421
3504 5073
4900 5623
122 966
4250 7432
5345 9120
6272 6339
3768 9189
4397 8010
2406 5783
7927 9099
5680 8975
3527 7630
5232 7540
4263 8385
7619 9563
6414 9185
1881 8869
2160 9856
6440 8655
2202 5557
6235 9568
2937 8533
1089 7819
7219 9508
68 9349
4506 8523
762 2969
2992 6999
7510 7548
4202 9277
3800 4302
9605 9707
8830 9486
3771 4191
7879 9726
7351 7527
5645 8604
5478 6751
9734 9824
3079 9105
3521 5177
9995 9996
4847 5944
5965 8266
5404 7710
6099 6549
3075 3947
4561 5891
3026 6889
9188 9690
3196 9346
6406 9021
8499 8556
7327 7686
2468 7697
2443 9712
6998 8665
4963 7906
97 1440
1470 7394
6688 7435
6373 9159
3169 9912
9318 9493
6611 9730
4624 7885
5756 8995
1515 5596
8737 9665
5151 5779
7462 9214
7750 7898
8622 9486
5812 8306
9152 9955
2232 7245
8633 9509
3184 4674
5656 5770
9753 9948
6921 7896
4500 6482
6616 8621
9186 9513
1600 2973
4214 5748
9179 9642
8888 9683
1929 8052
552 3179
2017 6709
6653 9566
2596 5559
1542 1700
7674 8159
8945 9745
8925 9474
1037 2700
3322 6289
3846 5406
6853 9935
5942 6649
4505 7996
8430 9829
1879 8474
8628 9495
6591 7695
5046 8889
3629 8114
5973 7647
2062 7920
4641 7808
2133 7482
6789 7554
7625 8773
8373 8808
2243 7290
7085 9741
5760 9343
5888 5973
7246 9322
8625 10000
3 9032
3174 4270
3909 4326
9195 9557
1466 5726
1174 3091
3754 4088
6113 8136
9724 9766
1332 3322
3067 6813
3040 4836
4620 8874
9782 9789
1917 6049
3666 5621
9052 9577
2993 7268
1508 3546
616 1463
8268 9384
2874 3313
5424 9262
6413 9408
9108 9312
1957 6803
9925 9977
8824 9599
7099 7870
6287 8426
6778 8727
5477 6772
9849 9888
8365 9058
4827 5164
914 9808
7819 9359
8676 9661
5390 5616
7609 7862
7538 9629
2529 7895
2236 5518
4883 5141
4884 6269
7820 8154
4758 6375
4392 9590
6103 6677
7222 8031
1299 9957
8583 9324
7157 8759
8963 9822
7475 9853
6856 8980
9769 9859
4756 9599
6726 9275
1401 4979
1474 8292
5332 8532
9360 9948
6721 8242
186 9286
188 5361
6764 7068
6520 8191
996 7172
3059 9319
125 4485
9100 9762
1313 2082
3278 3321
2452 4543
517 6953
1500 6665
6444 7533
2759 4494
4180 5233
9557 9577
2892 8053
1938 6886
4043 4336
1324 6691
1246 4825
9606 9730
7513 8973
6350 8205
7852 9463
2116 3723
7544 9449
128 956
6063 8866
8122 8775
8148 9229
3405 3910
918 7886
3965 8039
7604 9561
4990 9319
3484 7315
7772 9546
5030 6557
1414 3544
6349 7294
3045 9059
3766 7424
1173 4118
9197 9397
8068 9095
7663 9981
6453 6454
988 2644
1467 5784
5712 8313
8301 9810
8188 9759
794 8389
7770 9397
7792 9559
8562 9927
8161 9301
3338 6835
6577 9142
3100 8927
8551 9945
1455 6394
5689 6556
8503 9425
1445 8533
4413 8167
1227 1411
6473 9669
973 5783
6165 8384
9441 9701
6655 7968
1776 8774
9359 9407
8643 8785
3987 7046
2545 5250
175 4301
1939 7428
3820 4920
9178 9543
21 3247
9157 9863
6673 9520
1436 5738
5388 5465
815 2473
6937 8435
881 1401
7954 8799
1701 6400
8978 9316
8837 9307
5917 9394
6689 9520
5366 7028
2594 5728
8037 9814
588 7275
8517 9436
1068 3053
4782 8732
3251 8632
9408 9616
3324 6639
6030 6589
1474 5605
7802 8505
5626 9397
7585 9114
3355 7180
4041 9360
3235 6988
8527 9682
4465 7235
5181 7626
6620 6811
3780 5486
882 4988
2723 3103
245 376
3533 5935
6153 6735
958 4950
4868 5377
5654 9365
2204 8853
4513 8164
4939 9426
6988 7287
6918 8694
5081 7061
1234 2382
8546 9879
4491 8957
986 2122
2779 9108
3829 9836
9239 9913
3483 7261
7182 7844
7872 9022
5484 7191
6352 6672
748 2795
3535 7975
4935 5283
8300 9402
238 6223
5583 9853
380 6656
6622 7503
2116 2566
5161 9366
7932 7943
250 8857
5969 8189
3939 9589
4554 9670
7276 8402
8855 9712
6719 9619
8677 9730
2082 2652
1118 5339
4041 7538
3604 5323
3964 9281
1915 8221
4843 7410
462 7648
2135 8597
3532 3712
3226 6396
7967 8832
302 7417
3187 4327
9775 9992
5443 9380
488 1229
6730 9095
9590 9833
558 5562
4893 5711
330 5079
4458 6124
1303 1329
4235 5029
7928 9890
943 1333
890 4311
3302 3603
8053 8830
3563 5941
2247 9071
8591 8931
241 7916
9820 9864
7556 8865
2735 7909
2940 9554
182 7801
589 5221
1463 1828
5246 7717
3893 6981
6511 6739
7038 7600
6472 6870
9338 9870
185 1117
2295 5681
7505 9466
6154 8454
7255 7547
4319 4794
8168 8486
5545 8534
2653 3029
7846 9428
2815 4713
8194 9514
1691 6342
6285 8852
2936 5050
2476 6995
1662 4902
4946 9009
3879 8100
1728 6322
1196 5905
2731 2889
7001 9645
6260 6590
9642 9923
7215 7501
4543 7873
6948 8330
114 2562
7838 8461
9215 9436
9339 9670
2856 4730
118 6789
4561 4730
7313 9284
4788 7690
7609 9215
1876 7294
3424 6338
363 6128
5269 5938
5520 7153
9285 9485
7557 7994
7040 9848
3673 6558
2545 3829
1914 3429
1764 2646
9242 9581
986 6319
7321 9308
698 846
6440 9902
4605 5964
8223 8342
3374 6396
4587 4874
7579 9770
3334 4867
9272 9893
4891 8945
6209 8625
6941 8411
9620 9723
6406 9431
5905 8084
8726 9675
211 8928
2707 4624
1155 2641
1831 8386
3402 5101
511 4022
5810 9428
9644 9913
4467 6793
4501 6200
5677 6828
2998 8549
6747 7744
7847 8403
7549 9076
9723 9897
347 9156
7833 9252
9871 9930
7278 9781
1073 4180
317 2620
764 5502
3924 6720
8309 8788
2817 5585
6778 9570
5892 7349
2735 4744
8253 8638
394 495
7646 9365
1632 1828
4706 5965
767 8824
9152 9667
7031 8146
7646 8070
7418 7442
3777 5087
6359 8115
2696 9273
8339 8495
1158 4080
7732 9737
1501 6970
8397 9529
3546 6918
2129 9096
8616 9733
4588 6837
8297 9098
5859 6633
824 8825
6198 6778
4104 4283
9949 9973
7817 9460
7410 8341
2259 4009
6326 7928
9023 9874
4641 6019
5077 9818
6278 7935
1290 6314
6926 6929
7564 9152
2452 8364
4603 4638
4279 4628
8875 9522
5779 7276
8521 8935
3501 7622
3790 8120
7798 9622
7939 9470
6414 7638
456 7522
3466 3959
6149 9774
4316 6427
7895 8750
2250 2842
5567 6937
1969 8007
479 8933
8264 9620
2957 7254
2773 3638
2978 8423
2062 9899
8644 9530
3632 6441
5996 6115
6538 7101
7992 8894
4374 8831
4444 7412
4275 8758
1362 5190
9465 9977
7925 8793
9779 9937
725 8111
8208 9963
1006 9316
4880 7541
4353 8891
8596 8997
3603 4871
444 8711
2203 2984
5224 8629
6691 8843
4685 6907
9355 9706
1322 6371
3351 9316
5228 6054
9947 9986
2462 5004
542 1365
458 8941
4728 5682
1515 6592
7380 9418
9280 9424
9327 9960
4313 8066
6158 6175
6903 7110
3466 3617
7154 7478
9205 9465
3668 9734
1902 6996
5480 7968
2332 6160
4463 8024
9979 9982
1461 7529
4960 8626
7265 8109
395 6727
6202 8115
9540 9873
6380 7426
8818 8985
1690 3855
7275 8937
9184 9258
7469 8994
4437 4778
6208 7780
1600 5436
5169 6854
1606 7901
7330 9599
794 7880
1237 5595
5902 7211
5319 6101
2868 6534
274 467
9060 9589
7663 9979
5222 5842
2910 6859
6215 8375
3822 8585
5725 8584
9718 9912
7022 7254
8127 8308
1969 2570
3332 9140
524 1621
3038 8058
3929 6188
5867 9517
6245 9407
7886 8761
324 2558
9687 9854
266 3805
9068 9336
8342 8636
1497 9219
6001 7161
911 3996
1350 7183
5868 6574
590 6850
2437 9561
8603 8764
4805 8703
9177 9652
8343 8776
4370 9522
4693 8512
4940 9881
6894 8848
3581 7077
8908 9735
1942 7432
3396 6391
4024 6063
8316 8666
2018 7998
8532 8859
7192 8139
5467 7767
8438 9218
6217 9273
5947 9082
4435 9311
9193 9400
6890 7051
5000 6659
8958 9557
8306 9117
1537 7400
5345 8500
6160 8884
3328 4321
5095 6152
1090 2141
3263 3280
9553 9641
5925 8949
4401 8729
9534 9682
5739 8186
6369 9648
3066 3364
5968 7858
101 8911
8884 9482
3849 9945
5133 7971
3109 7885
7297 9440
9139 9461
2387 5693
2576 5433
5213 9526
2547 6391
9426 9683
3846 5483
3338 4778
7250 8345
8983 9078
8801 9219
4132 7968
352 9071
3336 6093
6844 7889
1112 8014
2536 5915
7803 9369
4238 7365
2466 8557
4833 9371
6867 7780
7139 7888
8301 8345
576 8748
4275 4295
3682 7867
1228 2764
2905 3738
1645 9803
790 6138
5460 7325
8980 9023
4914 7774
3383 8600
6399 8496
8717 8824
7671 8274
363 4990
6828 8158
9578 9890
870 5429
8766 9671
6636 8566
4270 8855
2354 4212
8432 9086
3334 6584
4054 8338
1203 2060
4129 5167
1160 4620
3385 7855
7710 9880
9089 9731
1218 2407
6304 7392
2972 4356
475 826
2919 4619
4401 7170
3361 4109
6664 8425
5687 6657
4310 5544
3296 8759
811 4365
7578 7637
2005 9909
2403 4713
9512 9563
7833 9572
2143 9666
3824 7825
3628 9003
9840 9936
8760 9429
1520 8337
9956 9986
5378 7565
7716 9847
7482 7736
6195 6681
869 5209
8926 9578
637 7077
7170 8401
6758 9108
6457 7234
8713 9504
4286 9743
5019 7874
3770 4030
8086 9657
7691 8930
753 7250
8105 9457
9298 9555
9907 9991
7127 9968
2563 4157
7254 9719
8071 9133
691 3989
7010 8597
3681 7378
9571 9899
5868 9926
2549 7301
1937 7416
308 5899
1907 3921
4377 8004
4255 7149
7246 9212
1529 6315
3582 8231
9967 9984
103 5926
3117 8119
2627 9367
3061 7672
405 7728
5160 6034
4043 4850
3433 7266
1211 9394
5945 8517
5951 8247
834 7596
5443 8599
5015 5091
7555 7818
7432 9880
9351 9935
4708 8615
8187 8521
1197 4683
3860 5831
4809 4842
8852 8946
2103 6107
409 2736
6219 8462
1863 5636
8707 9356
5084 8588
7697 9053
9397 9401
4543 9728
8878 9289
7242 9597
6979 8203
7566 8940
7537 8168
1429 3502
5468 7686
7217 8193
9981 9993
6930 8882
6860 9611
5903 8628
9675 9733
660 5062
924 3991
4247 6760
4180 8849
447 1726
2186 2950
5441 6214
8401 8909
6983 9706
3664 8893
8034 8384
7910 8681
4493 8469
6561 9364
9079 9130
5092 7948
3717 6006
4971 7788
8990 9342
1580 5664
2577 8485
488 6570
7062 9818
1476 4687
7059 8243
6546 8486
3634 4974
5460 6983
6814 9045
4418 8777
9863 9881
6854 8150
7807 8465
1941 4222
7743 8213
5203 7548
4015 9592
9822 9996
6321 9841
1176 4048
5013 9586
1115 9565
1744 6298
6080 9549
7184 9518
4622 9287
1546 5209
8130 9018
7259 7898
1573 5628
8429 8485
4569 7993
6698 7121
5229 6467
7715 8041
4597 8747
3476 8660
1256 9936
2611 4671
17 149
5046 8053
9983 9991
489 8047
559 3194
9684 9946
3265 8588
2526 8732
3623 6607
4789 6148
2267 2871
2603 4162
5922 6498
7701 9079
9166 9528
4920 6761
2463 6658
4657 9399
7561 7904
3228 6788
435 1981
6644 6653
9859 9874
3049 5967
3958 7854
6016 7870
1784 5893
7345 7536
1297 4005
9863 9966
934 7254
9163 9544
9520 9563
3707 4180
3726 7572
6664 6921
8975 9366
4964 7066
4597 4773
18 1553
4765 6679
6413 8406
6707 8431
1709 2434
4261 5485
5902 8584
8750 9465
7407 8378
4214 7375
7289 7905
8880 9347
5359 6467
954 8850
5517 6427
8121 9872
17 2138
2806 9911
8041 9343
752 6583
5060 5157
4006 9818
7892 9404
2056 3219
6258 8953
4421 8718
870 8332
4223 7146
1207 1928
6601 8994
948 7424
3400 4361
248 5875
1786 9867
1584 9631
6911 9638
7252 8917
1434 4289
5750 8044
1191 5977
5496 8418
485 2614
4460 4906
5867 9824
3436 5417
9396 9950
1742 5592
5011 8589
3201 7684
144 8648
342 5551
234 7315
2063 5749
4972 5194
3217 7521
3295 7963
4573 6895
7129 8066
4715 6663
3483 4401
5225 5851
2356 9952
9234 9958
5078 8814
2473 3903
2992 4882
8437 8446
9931 9997
2311 3570
7844 7984
5158 6377
1812 4598
1729 9566
1920 2328
9291 9557
7656 8283
8612 8808
4228 6907
2847 4878
7657 7695
9062 9158
548 7838
7857 9443
4883 8973
8979 9189
3731 4263
4774 9279
654 2558
8450 9748
5374 8443
7921 9080
4508 8767
2749 7779
3439 3817
8441 8611
3223 7187
7126 8062
7677 8189
6266 8542
9502 9985
2655 8874
8858 9232
6052 6524
4808 6333
6427 9905
9132 9946
2443 9565
7385 9247
6157 9904
1923 3036
3637 8047
3731 5146
7501 8415
8820 9009
2840 6025
7220 9263
9664 9807
1240 2994
9505 9590
7917 9754
7535 8779
3081 9346
438 3682
2588 3988
712 6896
7771 8501
7213 8665
508 6453
5627 7936
5860 8180
5699 9001
2538 8562
9392 9785
6047 8195
7626 9908
4801 8837
5678 8688
8593 9809
9580 9839
7072 8615
2548 8005
3902 5709
8472 9742
669 5573
7671 8550
2913 3187
651 3971
7915 9701
6963 9378
7420 8189
3205 5947
6982 8604
9281 9535
7690 7703
8805 8954
8886 9210
921 3785
4930 5315
9106 9117
8095 9993
8423 9837
9929 9950
3259 4237
912 2305
3199 4252
1834 3616
6379 6561
8047 9588
9127 9849
1612 5407
2011 6763
8971 9535
8403 9649
7395 7605
2752 4971
3944 5978
2393 2401
9812 9935
9737 9878
2334 3090
1765 4216
9403 9508
8703 8937
4475 5184
6894 9125
7635 9818
3114 4087
6137 6186
9398 9988
830 9718
6844 7538
1560 8294
7694 8368
385 5850
3148 3443
462 8880
107 8155
7405 8819
9807 9989
1512 4052
6811 7598
5498 8292
8121 9007
9892 9938
2336 7308
2482 2551
427 1767
2110 4179
5228 8659
4184 4675
9673 9727
5343 8377
8783 9438
9853 9913
6458 8033
1594 2007
5725 5749
3848 9914
6220 7720
9242 9316
6165 9579
521 3757
8091 8605
6900 9697
8208 8276
1843 5235
4662 9286
2987 5538
2453 8130
6237 7301
9650 9758
8420 9793
7085 7967
5673 5769
9129 9418
9163 9524
5020 5136
4168 9295
5800 9059
4926 6318
6743 7627
3999 6144
5408 8751
1639 8103
1623 3182
3607 9190
6201 7907
2506 8118
2162 5297
3679 7681
9157 9869
9363 9940
4246 9545
2227 8801
6839 9777
1307 1851
6341 8563
674 5366
508 1268
5221 8684
6269 7147
6525 9330
6124 7675
8372 9308
4813 4843
9238 9887
3146 9068
5810 6190
6903 7202
3163 5085
445 5215
6397 7392
3830 7382
2457 6165
6196 9225
9524 9833
4532 5085
8113 8346
430 5900
4512 5809
197 9869
4855 5809
1237 8821
1535 4670
6288 7229
1256 1335
5689 8945
7439 9110
3942 9780
168 2350
4044 6942
7557 8976
7461 8850
7537 8306
779 808
2143 7371
3324 6542
237 2763
4093 8774
4337 7821
3098 5360
9362 9589
9284 9620
5148 5710
8249 9408
6632 8677
6543 7423
3056 8567
2518 7606
3078 8136
3694 9706
4905 7795
2625 6773
7079 8417
5992 9210
666 8229
8065 8769
4441 4620
1553 5741
487 7796
3850 4898
8350 8728
9811 9831
4704 5086
6211 7481
976 5519
8829 9062
8163 9194
3445 7424
1759 8732
7764 8905
6479 8913
281 4949
2960 7947
3974 7071
9739 9871
1762 8694
3399 9127
9923 9987
9435 9465
6788 8227
8764 9571
9660 9774
2321 8762
8060 8079
1771 9972
4708 8685
8313 9217
4788 8311
7110 8515
3440 9449
4299 9831
4040 4708
165 7786
9990 9993
1210 5609
3751 7370
7949 9713
1165 4645
2450 8715
2897 8632
7665 7863
7599 9436
3827 9885
5847 9303
8774 8860
4892 5786
6895 7602
5205 8344
1199 3278
2752 4261
1480 8614
9914 9979
2370 5202
9470 9547
3951 9768
5082 8666
7756 7936
1939 9993
26 6828
4783 9296
1791 6681
2559 8633
2261 3523
9444 9821
3923 6245
7784 9181
2780 6428
1257 9886
6132 8581
6202 8922
5818 7539
467 6411
1141 1239
1524 7410
9335 9559
5800 8104
7980 8761
3014 9161
2036 9813
6761 9213
4430 6074
6084 9742
6047 8645
8330 8953
4641 9532
90 3060
2398 2773
5475 9695
6203 7312
600 8312
9769 9995
2150 3763
4525 5019
7735 9127
7745 8244
4423 9593
6402 7573
4577 4967
4740 6313
508 6559
3854 4724
6169 8603
6824 8694
7512 8852
5971 7391
9709 9801
9393 9866
2719 3444
7988 9568
3596 6698
2822 2917
322 2505
2291 9020
6856 7119
1450 9759
9175 9237
2433 9517
9833 9868
6996 9036
506 3097
8055 9182
5390 8074
467 7362
3746 9151
7949 9155
3966 6044
4391 4880
2071 6498
7153 9154
9053 9086
6299 7976
2911 6829
1232 6192
6774 9251
2198 5877
1071 4926
6508 7618
9541 9617
6483 7729
1369 6377
1204 5688
4844 7015
2464 3376
9461 9839
2776 9686
200 5906
5277 5568
2865 7191
9876 9929
4783 5625
6410 7316
1231 9682
2089 9131
3275 4716
9254 9432
1231 2322
4468 5729
8599 9471
6785 9878
4997 7342
5111 5144
8405 9023
7018 8354
2998 9354
5952 9686
7921 7934
6876 9093
4407 6785
9652 9943
5426 6755
2573 7544
9418 9797
828 2469
88 8160
9563 9866
9043 9455
2381 4741
3275 8882
6075 8200
4520 7418
6991 9439
4453 9987
9826 9863
2258 3972
898 4742
7818 9343
9379 9484
3913 5077
9592 9652
6110 7065
1652 4559
9791 9833
2882 6394
2486 7501
4575 4877
333 5612
7150 8978
101 8379
393 8775
8572 9783
388 2411
45 7722
5022 8699
6884 7272
6621 9343
2148 9746
6738 7916
9767 9867
2881 4496
6547 9139
1943 5684
214 6823
2208 6269
5950 6146
3870 8087
6339 9219
1718 8032
8474 9821
5844 8198
2910 4119
5312 6586
6464 8288
5560 8213
9611 9998
6764 7412
1392 2994
6933 9915
9087 9249
9533 9899
5379 7127
216 1799
3118 4826
2396 4884
3801 6373
9320 9562
6513 6728
2029 8539
8447 9913
1452 5864
9909 9996
1585 2561
7116 8736
7283 9178
731 7902
3124 8642
9165 9246
5561 8294
2570 9633
731 2110
2639 7002
1105 4288
2958 4517
3170 6282
4567 6240
574 1406
9440 9926
441 4898
74 4470
9375 9857
1119 2446
7566 9060
8660 8803
207 8567
7280 8217
9636 9741
9366 9522
5332 7577
5121 7236
8526 9927
5029 5058
5683 6623
9690 9943
3564 6864
4913 6698
3914 8202
1842 3320
5629 8810
7420 9722
9040 9138
8707 9720
9743 9762
2739 8669
1022 2598
5065 5838
7544 8600
4076 4221
4258 5285
2572 7795
8365 9876
5555 8883
5204 6870
2649 7188
8008 8112
6469 8635
5264 8134
8410 8503
8816 9567
1310 9207
9424 9737
9184 9981
3250 6437
1983 4436
8928 9294
8968 9158
8768 9742
4525 7189
983 2760
5996 7323
2465 6246
7823 8265
879 5484
7013 9030
496 4792
8090 9827
2881 6285
3581 4263
8585 8606
8099 9738
3533 9733
7669 8017
4810 7143
6507 7394
4333 6586
3815 7269
598 5712
7574 9999
9584 9839
9113 9424
2700 4202
4193 9619
4176 6757
7362 8831
2480 2802
9467 9494
5548 6795
3933 9728
4377 9954
2815 3302
3233 5249
4380 5526
963 1834
4225 8038
5692 8456
7024 8559
8991 9572
6430 7032
3014 9112
6893 7209
233 6480
6635 7855
5664 6511
4775 8567
4355 6082
2931 8296
8655 8884
8788 8888
3755 7426
9626 9978
8477 9890
8445 9510
1563 4940
2946 6125
9550 9793
7766 8276
6473 9077
651 2355
9616 9622
2306 8330
9662 9818
1122 5415
913 6779
945 7092
3238 6480
1059 4750
746 8192
7570 8391
5935 5971
2198 2448
5957 8186
7046 7774
9415 9586
8877 9644
3411 9262
183 9020
7939 8764
2465 4800
768 7794
5568 5999
971 1768
7739 9203
7318 8861
5270 9395
8235 9240
1507 3201
4116 4662
5160 7883
3798 7487
7672 7897
3684 4496
1363 5536
1241 5377
5941 7805
2062 5959
6347 7812
292 5368
4796 9768
7519 9566
710 792
8964 9580
5590 6341
6465 6863
5629 8710
9865 9965
1611 9170
7931 8411
8257 8369
8755 9935
5103 8729
1596 7623
7082 8291
108 3033
3908 4028
9951 9990
2504 8784
597 8541
6435 7491
4825 4882
6035 8138
3528 6657
7656 8420
2077 4905
4004 4597
8538 9683
9291 9915
3308 8345
2695 9861
7471 8333
7901 9856
9507 9865
3888 8462
9850 9902
2778 3632
6326 9355
8696 9777
9146 9452
8204 9452
8037 9113
802 5046
6162 9797
786 8960
6128 6291
7558 8266
6005 7751
6804 7447
6008 7925
6760 7060
7896 9195
2082 3991
3819 8824
9041 9503
8867 9942
3418 7328
9069 9254
6687 7063
2933 3921
5905 8239
4311 7185
6238 6448
8351 9373
1314 8169
5503 9266
4855 9920
750 6824
4378 4678
5507 6347
7814 9318
744 9470
1095 2979
4296 6213
3010 7504
6561 8364
4858 6811
4954 5740
9100 9214
1183 8698
3742 7263
5102 5815
9677 9724
2333 7546
9034 9457
7834 9097
9568 9905
7110 8155
1714 8333
4986 8363
2574 4822
2212 3355
2080 9528
1404 2905
4220 7566
321 6506
5239 5725
567 7526
2348 7624
7771 8125
724 3318
1588 8300
3624 4287
3080 9926
1965 2034
7404 7926
3635 8461
9565 9757
4946 6189
5603 6611
2030 9565
4857 8130
3428 8582
8624 9041
3025 6509
2722 5439
8321 9210
6849 8280
7109 8432
7552 9324
1810 2270
8552 8605
9731 9897
2752 4720
9711 9944
3061 6446
7724 8085
6755 9986
9844 9941
6917 7212
4306 8560
5635 6081
3880 3889
2329 2638
5904 8648
8165 9185
3098 9368
6004 7432
9194 9887
1503 6978
2985 8434
1383 4904
9189 9850
9011 9274
3049 9488
3886 9770
9012 9802
4332 4816
130 4772
9662 9740
9740 9876
2221 8317
3872 5324
2363 5756
6592 9779
603 3484
1822 4529
9904 9960
3904 6194
4636 8567
5583 6562
9938 9961
1520 4764
6081 6238
8566 9883
4944 6094
5330 9724
3144 3626
9338 9727
3982 4626
5071 6693
50 2788
2050 3030
9015 9900
1174 3970
2305 6930
1032 4298
3574 7145
9303 9338
3422 5724
9661 9915
9302 9580
4946 9804
6786 8384
826 4115
2747 9366
7318 7980
8792 8982
1864 4899
3127 4882
8983 9245
4768 4884
1318 7269
43 4304
8348 8793
8120 8374
228 2703
1132 5901
4811 7531
6184 7543
3790 8668
2405 3237
1896 2772
1629 6816
4562 7814
8538 8928
4695 9496
3217 7612
4256 4853
3878 7928
6029 9467
7823 9809
8830 9207
6783 7352
5976 8889
9230 9268
9894 9900
5571 8373
7493 8168
314 7446
8930 9392
5498 8867
8574 8774
5300 9901
3672 7592
6909 8204
5729 7997
5446 7767
95 972
620 6431
4312 5625
2955 4489
8394 8447
7547 9255
9589 9771
9795 9798
2300 5139
6967 9964
6946 7206
4388 9196
2586 8778
3675 9084
7414 8751
2590 7685
5107 7758
9087 9459
4281 5439
1167 3805
7029 8168
2621 4890
8825 9734
2671 7306
4138 5618
7197 8159
2390 5007
5753 9454
9490 9640
9966 9987
4080 9149
1108 9887
4959 9515
8288 9091
3006 4582
7562 8624
695 9698
7986 8331
5196 5924
3400 6665
824 1892
5799 7581
8382 9739
1262 3537
6438 9603
887 2419
6714 6871
8126 9969
3247 9246
3330 9400
1699 9710
7600 7875
3614 9333
2532 9045
6975 7841
293 9319
9333 9702
7036 9978
2792 3555
2075 5059
7603 9865
7229 9554
3197 4870
3546 3920
4554 6852
3939 5787
1440 7746
7158 9487
4620 4961
7485 9410
895 978
1196 7946
5417 9328
9488 9747
1668 8944
4497 6173
6307 8084
895 8132
8379 9158
7030 8144
3961 4172
311 4519
4106 8847
4022 7933
1161 7468
1341 1696
4164 9331
9869 9912
9642 9899
8285 9259
9221 9481
4630 5908
2233 5842
3987 5029
1682 2902
2098 2238
8270 9949
7364 7373
9324 9924
4833 8464
9382 9782
7285 8617
6801 9933
714 6984
1551 7827
4877 7048
4909 9905
2806 7325
6212 9109
7589 7625
5978 9911
702 8033
5866 9088
9049 9125
7025 9502
8481 9371
6100 8864
7262 9025
5258 8014
9106 9394
6326 7630
554 6054
6963 9717
5393 7223
3652 9142
1333 2611
7109 8618
484 3419
8113 8691
7659 8206
5640 6892
5522 9282
2994 4293
6348 9907
5806 6981
4876 6694
9799 9909
9163 9965
7185 7795
9149 9717
6182 8667
2889 7045
6787 9450
3238 9474
9272 9915
3241 8436
5754 8411
9988 9999
2064 5652
4225 5900
6249 6380
4375 6117
593 5979
6544 8472
2774 8548
4391 8170
276 2063
4937 6507
5777 6658
9755 9882
6315 9064
6637 6709
112 5006
2885 9522
8754 9071
629 7748
8845 9237
7938 9211
4891 4970
5391 6967
4177 6742
4414 6068
7212 8150
7983 8948
5709 9141
7483 9999
491 7190
9277 9619
3142 9032
3733 4622
3558 5698
5489 6338
4763 7361
890 8943
6966 7779
9224 9916
6214 9933
3600 3645
7271 9779
2070 4861
2492 5652
2902 2975
6146 8249
598 8616
7913 9907
4033 5485
3852 8089
7957 8410
9268 9349
2074 9639
1511 5266
6024 7305
8273 9876
9741 9985
3764 9596
467 6219
7064 7882
3965 9192
9971 9972
2077 8703
8163 8387
9221 9263
2593 3467
6738 7773
3128 5747
6032 8961
8221 8451
3267 5172
4760 9202
4600 9160
5579 8582
1337 3656
9159 9919
314 1732
9979 9983
994 4365
8971 9910
7651 9970
6135 7083
8140 9421
5547 9997
8176 9956
8062 9559
425 6207
3235 8805
9748 9865
7879 9866
1750 4617
4300 9137
4402 6934
983 8062
7948 9788
8043 8132
3585 8688
3169 3568
739 1015
2679 9882
207 3090
4292 9898
8233 8883
8425 9837
1678 9641
5361 5811
6702 8468
1719 5229
746 6021
4613 9233
4977 6616
1465 8634
8227 8419
8440 9754
8282 9368
9515 9927
6677 7065
2386 2969
5440 7979
1327 9085
7089 8516
4241 9435
2929 7289
2407 3950
2546 8263
2716 2873
7844 9942
9144 9273
9759 9797
4407 5954
5627 5913
4802 9949
1312 5233
4498 6643
4348 7923
3074 9240
6686 8198
8359 8786
701 6613
903 2101
2015 8720
5792 9820
832 3461
6000 6767
6016 9226
9757 9962
4425 5283
8495 9628
8510 9611
9687 9920
1929 4210
1236 4495
1140 8902
967 9035
1432 8503
9354 9695
8797 9110
5294 7905
5750 6291
4663 9172
7061 9092
6657 7159
2331 4811
4348 9124
2617 6365
9384 9444
5892 9290
6491 6624
4403 5473
1708 3365
928 5776
9688 9827
4206 9066
9209 9366
151 5989
1792 7238
7144 7853
873 6904
6208 9512
7581 9277
5190 6345
7535 9898
1008 8710
5421 8154
3807 6030
4659 8378
8619 9785
7691 8002
5252 9373
4133 8572
878 7284
6399 8834
8739 9717
3073 9569
8458 8464
3726 4885
422 7663
3743 4702
315 360
1565 5385
3315 9148
6257 7753
7423 9164
8383 8970
220 4143
5050 7337
8693 9430
4132 7015
9651 9928
1959 3795
1103 7397
8894 9609
7380 7761
1716 3675
6617 6718
4336 6298
1141 3982
547 5314
6893 7390
6378 7212
114 4261
3429 4927
8042 8896
8843 9440
2874 9798
1132 9798
2935 9089
411 829
2622 7046
6355 8578
2270 9701
2039 8840
4122 7118
4170 5248
3019 7789
5814 7344
5344 6299
6562 8858
124 3315
9783 9790
5310 7779
1389 8390
7344 8074
4025 5111
1892 7365
2075 5689
9721 9917
6906 9338
3737 3841
64 4453
7292 7800
3650 3941
8040 8073
1851 8858
9033 9257
4746 5819
1537 7899
3780 5399
7493 9096
3548 6539
1334 4632
8780 8900
5204 6834
5289 6991
8082 9221
5690 9385
598 9801
8942 9792
179 7941
4701 7813
4653 8469
9676 9961
4452 9547
4473 9071
8019 8883
1635 8899
1259 1616
3133 8754
8693 9348
4535 4634
2412 8681
1782 9698
4494 9633
9530 9707
7928 9569
9426 9666
5160 6710
2500 9529
7767 8484
3775 5699
1665 5120
2845 7712
5645 8203
7450 9790
8804 9642
9835 9947
9915 9970
6454 7847
3566 5289
6138 7934
4945 9893
7168 7516
922 4460
3082 6562
72 5149
2687 2854
9094 9384
7368 8608
8173 9340
7333 9378
1576 4761
8921 9698
9629 9829
8879 9618
3448 6318
6298 7389
1018 8507
473 7445
542 8129
9309 9726
7916 9845
217 7378
4822 5912
1690 4164
563 7693
2633 4422
5820 9440
2668 9350
9268 9771
7983 8705
2898 7233
2263 8205
3356 9612
2770 6752
2782 6635
9983 9984
6857 8704
8544 9854
1435 4574
4602 7162
3342 6749
1937 3415
2493 4673
5060 6709
394 6519
7871 8802
436 4362
1870 5848
9930 9991
8888 9463
7202 8121
3247 4335
9943 9997
3343 8346
990 1894
7468 9625
3943 8205
3227 7537
455 7481
3636 6256
4157 5460
8172 8503
516 4246
6975 8339
4390 5414
7564 9786
5475 6381
1188 1195
5216 5430
6723 7491
1465 2458
9689 9699
8111 8453
3985 6148
64 8298
8250 9621
5262 6546
1792 9850
4891 8579
6022 7729
8880 9919
9721 9991
628 7542
8234 8395
6281 7359
1334 5328
4732 5965
742 6725
9648 9885
6363 7150
1050 8746
865 5175
8694 9019
1269 2110
6625 6787
4474 6899
2407 9947
7437 8501
7348 7860
749 3599
3062 4694
4765 6127
6334 6634
3970 8854
3242 6530
4996 5027
4935 6984
2707 3948
9323 9884
3085 7012
8019 8456
4101 7288
7210 8217
5543 7393
4062 6784
7350 9770
8500 8622
6570 8571
7404 9006
4493 6984
9554 9644
115 9401
9449 9860
6960 9918
1512 3486
6108 6442
6502 8504
3172 8172
9855 9889
7581 7723
1592 4084
5796 5942
3723 9022
2127 3936
4781 9964
8620 9501
3011 8886
2230 2404
4373 6985
180 531
5350 9566
6849 9290
9064 9423
823 2360
8501 8936
642 5985
8144 9677
8137 8243
4050 4293
731 2111
851 9705
3372 5998
1211 5170
5402 8576
8419 8917
9027 9062
2949 5915
961 8772
4577 8729
8943 9410
1614 6518
3999 9880
5670 9252
3823 9962
7940 8264
4613 9578
6444 9042
3534 8230
9584 9786
2426 5123
1639 8176
2655 6149
6451 8949
3311 5253
1779 8317
9101 9351
5044 7593
6941 8490
1180 6966
1241 1278
3936 5291
8680 8844
3404 5868
3374 5310
994 7838
4273 5940
9309 9484
2321 3354
6848 7803
2177 7967
9355 9957
3571 8786
309 4115
4092 7330
9917 9945
6595 9661
7142 7520
4761 5529
3008 5841
8774 9073
5581 9894
4790 9181
7331 9127
2127 3827
6103 9901
5483 9090
6215 6453
1554 9142
850 6736
1335 8646
8087 8818
9345 9563
2869 4010
5917 6078
3354 6175
8475 8900
2185 5399
8488 9851
943 8329
2398 7528
8441 9254
1190 9382
768 1164
5976 9583
3886 8012
2071 2923
5981 9346
120 6157
408 3856
1895 6137
4502 5534
4339 8615
8235 9893
982 9025
6864 8094
7897 8513
4146 6509
9953 9993
4233 9400
3830 9777
4755 5026
4945 6816
2277 8718
3793 6896
7942 8429
4103 6035
5781 8573
2499 9651
4867 4906
443 2161
9230 9526
5127 9907
4990 8696
7538 8145
976 9432
2002 6962
4593 9589
2965 5442
1304 8076
7733 9064
2856 5612
3008 7574
2769 9078
1773 6144
9232 9271
2210 4341
1225 1527
2833 4844
3016 4450
8718 9031
6558 7237
9273 9808
5268 5712
2542 9528
6547 7428
4791 9082
8951 9115
5439 8187
2983 9908
7129 8118
5463 9722
6931 7742
6664 9111
1063 1308
2666 4164
2403 8840
3399 8640
4465 9010
564 2826
8511 8732
7772 9826
914 1671
7367 8254
630 7218
3124 8905
6180 7616
4766 7019
4900 7715
1785 6840
485 7746
6728 9799
1914 7507
5627 9734
3376 9859
3822 5223
5494 7691
3765 7566
7690 8618
2124 7565
7785 9094
478 7426
9550 9987
7866 7982
6589 8317
2043 7742
6714 9017
2298 9922
8614 9493
8331 9631
5544 6662
9713 9900
7610 8634
5399 8097
564 9614
4522 7704
8547 9034
6391 9670
3953 9075
6670 8853
8531 9947
9969 9989
6932 7553
6405 8233
8137 8168
9138 9706
1675 2317
4775 9884
5755 7245
5381 7498
2819 4590
7429 8431
4953 8093
7003 8174
1845 7934
6384 8708
8740 9683
6418 7971
3988 4130
3813 3954
1754 1780
9251 9748
5563 6413
4250 8684
1213 6382
877 2321
6987 8106
293 1579
2287 8822
7880 7985
6114 6900
6832 6940
6352 8939
7734 8207
3842 9067
7308 8375
2411 5530
7446 8982
1501 8045
5150 7971
3683 4349
4886 9695
5925 6212
7179 9037
2008 3847
7174 9213
7722 8504
4044 7450
475 7772
3439 3886
9820 9877
2280 6862
1782 9181
8952 9062
7814 8491
8078 8971
7882 9620
9948 9958
9853 9991
2506 9130
873 5381
9112 9696
89 4496
5828 8389
8022 9913
3197 7607
1160 3944
2903 4070
8095 8363
6023 7579
3088 9560
2681 7096
4246 6251
1645 5894
8318 8680
5938 6555
7809 9571
777 8508
973 4754
3381 5644
9312 9987
3155 9428
1337 4306
1954 4803
3808 8084
7753 9313
8434 9998
54 1250
5984 6418
792 4456
4659 6589
401 5355
454 6813
8979 9176
2583 9014
9524 9653
3457 7245
3205 3818
8660 8733
7778 8328
9517 9900
2475 9422
6779 9957
5807 6107
4934 6813
9082 9949
455 5544
7342 9200
5587 7717
3352 7974
6735 8880
8593 9092
5813 9396
477 989
6896 8216
1426 2573
1764 2866
8203 9963
7483 8120
2636 8953
1610 3253
1881 5835
2555 4398
9835 9888
2440 9083
2941 3231
866 4477
6448 9137
4215 5118
7907 8971
3228 9852
7027 8852
9958 9967
5283 9047
9334 9388
7272 7613
3143 7414
412 1236
3985 8852
8901 9931
3990 6061
2461 3692
3539 9259
360 7603
5 611
7552 8471
4286 5197
5481 8370
9491 9928
8917 9263
4093 6056
609 4930
4496 7669
7674 7907
1681 4417
9000 9735
7405 8771
7655 9238
3751 7757
3796 4519
440 1156
1975 7484
3939 6604
7477 7744
3629 5020
2382 6462
7469 8344
4157 7196
2591 5915
6631 7241
7861 8173
9441 9804
8200 8842
1738 3997
7237 8035
186 9529
1779 8072
2993 3714
4745 9999
2736 3443
7222 8826
7671 9928
3079 4474
3489 9983
9257 9857
1151 7899
58 7339
223 2674
3118 6922
8561 8633
882 2915
473 1565
1180 2353
5910 7281
525 5957
2277 6841
9573 9793
3537 5039
5183 5463
8481 8809
4283 6200
2024 4908
9673 9933
7171 9838
4266 7515
1230 1379
8976 9066
3736 7562
8987 9998
6445 9004
9879 9893
8293 9005
7705 7955
6494 9126
8508 9972
2984 5844
4086 6606
4482 7037
3719 6267
3599 6071
2526 4528
1979 6630
3163 4281
4239 8585
9119 9410
4019 8267
3151 3869
4633 9205
3145 4755
220 7908
5910 6920
1719 2223
1790 2559
1695 5824
2657 4333
9113 9321
1845 7569
4332 8292
7773 9721
1976 7633
1189 7683
7354 8395
5601 9966
4101 8951
5442 9412
9219 9652
8387 9164
1723 6912
8452 8718
2806 3075
7599 7852
7736 9396
3185 3531
1577 2781
7660 8670
4839 5166
3548 4661
9792 9860
4657 7118
6122 6849
393 4911
5856 8107
2143 7189
6154 7761
8589 9063
2011 9508
5688 6801
4509 5665
1895 2690
7628 9808
6694 9321
2801 7845
3483 7491
4486 7619
6114 9311
4409 5898
6472 6871
6595 8995
2063 3786
3237 4483
9426 9675
6632 8793
8056 8740
7852 9964
6267 9756
5376 5862
5529 9487
1743 5099
8326 9299
470 2410
7621 8427
9480 9818
2373 5630
5969 8326
3169 7766
6829 7638
5243 6647
1925 4477
5040 6163
8074 8800
9474 9801
4540 9113
5679 9859
7648 7970
1026 1718
7455 9955
69 6948
9231 9694
9703 9922
8285 9874
5621 6681
5243 8485
959 4012
7170 8958
8024 9109
4584 7227
9135 9276
2226 3499
6557 9060
7772 8649
4728 7727
467 6314
1304 8150
3977 9815
5722 7457
4926 7038
3197 3463
4845 6999
5285 5328
2199 4395
9551 9893
8218 9268
8823 9052
2541 4838
461 7511
8719 9582
2095 8044
7448 8509
5395 6507
689 9613
8558 8671
5887 9396
2259 3471
7633 7888
6649 9227
1624 5726
2390 4882
6273 9704
1960 9540
6241 8239
1725 6033
3050 4794
3749 7075
3701 8488
187 5612
6226 8380
9183 9618
1489 9083
2055 2232
8560 9815
3329 9917
8857 9873
5154 7067
9828 9919
4281 8491
4924 5549
5516 6562
4399 9104
6094 7909
7789 9065
8829 9228
360 5644
7291 8344
458 3684
1004 5413
7726 9056
3707 6849
1384 2520
6194 8934
7888 8823
6265 8699
6321 6897
6629 9293
2569 7782
3669 8795
885 8506
7310 8715
8496 9920
6131 7298
2907 6582
1808 8588
5820 8936
8630 9898
7199 8679
2475 6977
8371 9042
3933 6585
8919 9695
2867 8654
5520 8552
1938 8173
1978 4010
9232 9973
9075 9861
8846 9196
6740 9481
7919 9481
3831 9918
9313 9967
5825 8978
3788 6633
1861 6756
1644 5377
6818 7426
7820 8613
22 426
601 1754
7874 9478
7286 8218
2555 8098
3661 4566
5758 8410
286 4382
62 3865
8941 9323
5515 9799
6359 6975
6358 6839
5219 8089
7094 8609
2914 7921
9346 9544
8824 8961
6290 9322
8932 9475
4548 5230
5951 6800
7200 8306
6678 6848
7915 8288
2056 5230
6109 7205
6294 6941
6294 8747
7626 9701
8060 9872
2594 9294
178 5162
1634 8102
1806 4883
3863 7791
9394 9848
4868 8702
9029 9874
4713 6981
8834 9296
4970 6920
8433 9191
1809 9615
5088 7864
7993 9434
9212 9730
9288 9513
1407 5615
9689 9856
192 4574
2084 9088
6741 8286
7127 8248
3047 3503
3605 7242
3609 9646
3077 6197
2758 8016
5065 7198
4111 4289
1016 4608
6240 7695
8747 8895
473 9413
50 4267
3465 9724
4146 5436
2505 9804
2441 2758
7863 8180
6023 7815
3198 3507
881 3299
5526 9080
796 8767
5240 9044
5679 6134
7542 8795
1598 6265
9675 9841
2143 4982
3840 6663
7680 8991
3428 4210
8176 8608
2784 3032
8504 8998
8006 9281
8024 8711
7457 9314
90 5163
2105 7986
7055 9011
5703 8101
2339 2916
7429 8312
3225 5960
4413 7574
2626 4651
6578 8349
7314 7896
5374 6605
2961 4011
5505 7699
5729 6909
5463 9142
8009 8284
2111 7974
4830 6673
1724 3576
6032 6650
7782 8382
7759 9763
6367 6826
4517 7551
4764 8755
8520 9155
3060 3250
505 3255
5247 5428
6404 6471
8056 8524
107 1483
4977 5344
1272 4599
6990 8810
7610 9365
6819 7352
1801 6270
121 5367
9591 9627
7324 9230
4839 9639
6928 9004
6535 8356
151 7466
2062 9994
5608 6918
1004 4606
9767 9781
1047 8499
4404 6727
4379 8468
5379 7823
8703 9270
2032 6422
5640 7592
1641 6174
9547 9798
8280 9722
1306 6707
1386 7965
7479 9537
5960 7328
5711 9627
6447 8607
5502 7234
7048 8733
486 7069
9003 9453
9923 9942
7323 8366
2511 2772
3988 7680
816 9036
2769 3481
8789 9365
847 5551
5378 9363
2786 8270
9730 9760
9166 9933
9996 10000
4508 7628
8447 8450
6929 7677
430 1382
8476 8748
5759 7707
610 4371
4284 6042
4625 7727
5747 8427
8107 8757
7126 9952
1123 3286
1529 5901
6320 7122
2864 4122
6716 8671
743 6822
7970 9329
3169 4486
8570 9437
9540 9859
1937 3331
5193 9701
3988 5244
4772 7696
9969 9996
3630 4762
7413 9314
3442 4752
65 5123
6615 8696
7675 8559
1371 3288
223 1666
4036 9818
228 3045
1879 1933
2317 2660
1435 7687
5551 8552
6137 8109
3910 9673
1968 5011
841 3576
5300 6655
1024 2457
117 9929
9398 9772
5414 9676
6589 8257
7199 9072
4330 8886
1076 5546
9809 9930
1275 9259
2516 7348
8054 9855
594 6672
5204 6960
4460 9604
3096 4713
3314 6427
5380 9174
4359 6578
4099 9678
4456 8414
3372 8873
3793 7120
1783 9120
4227 8016
1331 6615
4504 8471
3013 8125
2699 9552
988 7025
8375 9678
7138 9212
6741 9147
5263 7495
251 4901
3405 9843
2729 8979
7026 9472
4740 5678
9620 9964
7489 8454
5722 5814
4482 9003
8593 9596
8155 8805
6766 7291
3285 6236
8917 9831
8044 9894
5019 7190
9720 9883
2283 3581
4888 4897
9411 9558
2884 5289
7290 8503
6311 9227
7727 9797
4156 7159
7062 8637
5627 9623
9873 9879
9454 9800
3611 6671
5416 7946
4812 8218
6752 7666
9941 9955
6148 7752
3368 8953
1849 7465
262 6487
8823 9010
8595 9984
9523 9619
8749 9706
9808 9903
7388 9406
5374 6614
5927 9363
1298 7960
752 9172
7786 9710
1729 3264
3124 4167
7840 9514
3907 7651
4543 8247
9971 9984
8019 9378
5880 8411
9118 9276
736 2204
6540 7827
5342 9814
2314 8330
8178 9441
4901 8320
987 4537
3737 9314
7662 8681
1706 1896
6811 8164
2302 5579
2799 3015
75 9834
700 7941
8377 9078
3165 8618
9108 9680
6604 9528
4544 9918
2233 4027
6943 7919
1904 4042
4104 9567
5187 8377
1892 2767
6665 6967
8739 9151
2011 8557
7744 9224
9462 9963
7865 7878
1946 5445
5349 9372
3388 5662
7880 9415
3782 7070
4457 7926
1206 8192
9245 9392
9564 9665
8864 9006
485 9930
787 9672
6992 9282
5141 6945
1626 3113
314 2656
9143 9252
6868 8819
7344 9678
8392 8664
5616 8644
8874 9371
4833 7728
2817 6684
7817 7875
5509 8768
2525 9432
3358 9616
4607 9326
5857 9304
7499 9071
3285 7664
7444 8653
9844 9975
3190 7116
5022 6200
7116 9587
3671 9775
3149 7392
3650 3993
6576 9330
2176 6753
9081 9440
6243 8211
766 3606
4808 7148
5454 8934
9833 9851
6684 8600
6230 9685
2178 5790
1833 8711
5203 6044
5131 8074
2310 8506
9610 9655
643 7599
4364 6140
3657 7021
1195 8237
2552 7080
6723 9557
703 3898
2801 7747
5086 9295
6094 7082
4430 4594
7912 9872
536 4928
3338 5128
2688 6058
2182 9053
1753 5888
5920 6038
9143 9664
6143 9016
4822 9741
6396 9504
1569 5193
3369 6712
6279 7813
7720 9775
2725 9029
4016 7887
7600 8805
6326 6938
3290 3650
3003 3306
9144 9949
508 4330
213 5120
4028 6558
2444 3928
7121 8420
9710 9882
6074 6308
325 8347
3377 9393
4413 7097
8828 9005
5638 6023
6248 9186
6509 7756
6872 9700
5136 6625
4989 5703
2683 7206
7740 9154
9128 9252
7638 8033
3587 9101
1742 5479
7765 9341
4369 7187
4676 4880
3838 7209
3367 9796
9806 9892
541 7797
7793 8506
1938 8654
3890 9261
723 1965
3557 6697
7462 9970
7383 9323
8743 9511
8106 9119
1995 3455
5635 9543
9744 9773
2164 9050
2756 9772
545 8206
6512 9053
4475 8219
3649 5912
602 7631
9710 9793
9812 9876
7741 9252
56 1186
6759 9150
3219 5656
7221 9811
6785 9786
3170 4685
3959 5768
8180 9648
9190 9946
2791 8216
7618 9321
6757 8151
3023 3251
3481 7304
9374 9891
6058 7823
1855 7534
7415 8352
4936 8163
4242 4945
9614 9988
114 5590
3648 8511
9512 9749
6401 9650
5278 5567
6883 9870
7521 8700
7283 9716
7792 9999
708 8568
4704 9667
583 3898
1957 4731
3483 6858
9165 9489
6485 9428
1343 3860
2408 8549
4673 6641
4057 9180
5298 6196
5419 8825
5896 8611
6826 9158
2764 3749
880 2141
6787 8394
9289 9603
2999 3056
6285 8747
1433 5926
5826 6511
5167 7348
3344 3888
6921 7607
1896 3512
7011 8619
3193 3406
9793 9815
2182 4288
6812 9074
4824 5097
2600 3769
6556 7346
7207 7471
9273 9348
4810 7654
6854 6949
1514 3203
1436 8383
1194 1259
3034 4364
9266 9966
3102 9520
1095 2025
1433 2055
6355 6814
7200 8561
9615 9773
8194 9351
5762 7199
6287 7787
2155 6610
4812 8122
8152 9717
5690 6861
1282 7431
352 5264
1984 7717
5491 5668
8392 9770
8669 9045
9143 9355
1738 3459
9060 9368
7708 9103
6874 8570
2858 3371
4150 8988
249 3141
1623 4340
8566 9115
777 7205
3041 8242
7564 9762
6487 9919
4911 7193
7387 9169
4546 9492
5901 6917
1738 6863
4821 7605
1519 1879
5494 7285
1686 6056
3215 3618
9077 9405
9515 9802
1136 4619
4381 4589
6717 8859
5536 8751
7512 9635
2789 6468
8580 8972
954 9352
1197 1833
367 6926
5710 8474
8966 9132
9491 9854
9328 9331
6471 9582
2532 9446
1086 3506
32 3710
5257 9812
6892 7171
2867 8340
5699 7275
8894 9010
6658 7161
9733 9935
2965 4091
3231 7429
1872 2410
7818 9085
5440 9903
7744 9761
6478 9631
6671 8346
3454 7479
5690 8210
6719 8674
6257 7052
9024 9075
3471 6723
6071 8504
3401 4434
1367 4321
7808 8062
6211 6260
3158 9998
5505 6553
4714 5501
5943 9690
3060 7249
3959 4743
7969 8570
4209 4763
2276 4215
5563 9542
6932 7625
1313 2616
4844 5828
5220 8851
2763 7887
3016 4258
5663 7234
7802 8480
5609 7910
734 9378
7705 9363
6723 7055
347 4190
200 5669
2311 6154
5446 8730
8078 8132
8767 9839
7547 9492
6438 7513
4842 7456
8615 9829
526 7665
2056 3339
6707 8514
7192 9973
8694 9362
868 9028
2016 3200
9953 9976
4992 6838
2764 5390
6973 7041
241 7581
8241 9788
7878 9285
5692 8167
8939 9487
649 1260
921 1143
5363 7347
5723 9026
9331 9973
4546 6741
4578 7038
8242 8252
1116 4591
3267 6521
2390 7021
7529 7808
3277 8525
4672 8683
6942 9283
7200 7585
3134 5136
4680 4767
471 4068
4305 5220
9216 9638
1745 7723
6669 9362
1372 9451
5505 9633
3127 7174
4197 4797
2044 3446
2082 9489
6957 7080
9218 9423
9608 9796
4834 6994
2218 5110
4217 5448
7816 8502
1772 1972
6144 6558
165 6813
7809 9323
7689 8053
738 2825
6033 6501
84 4305
9642 9980
4223 9163
5194 8618
3595 6149
2954 7510
5581 9375
4036 7168
1151 3268
7016 9139
6339 6974
8740 9409
1885 2344
6571 9864
9558 9719
5290 6144
3395 6405
3801 9263
4033 4720
3473 4293
2183 3316
8033 9624
3586 4653
1762 5134
6434 7969
8012 9745
3307 3801
4697 5988
4911 7212
2443 5759
7154 7306
2348 2873
4584 5882
2359 8330
3255 7718
6055 6318
9476 9512
6772 6916
1984 6211
4867 9837
3030 5568
9654 9819
3351 4535
6542 8302
9918 9995
716 9241
841 4386
6569 7376
8455 9947
9068 9881
6292 7537
2735 9837
3944 6743
2302 2719
6865 8411
9606 9696
1262 1629
3541 7829
3769 7275
561 5276
5313 9196
8879 9368
7668 9729
6623 9666
7944 9714
1267 6230
354 8049
152 4450
4195 9439
3041 4005
6504 9483
997 1307
1702 9021
2761 2939
3216 9414
2312 2607
4683 7491
9320 9852
1309 8891
1811 9659
707 8767
8599 8983
4314 7221
5414 7618
5063 6130
1387 7438
9222 9459
8944 9395
7784 9872
4819 5191
8608 9112
2684 7971
2712 8180
7874 8871
5738 8709
908 9778
3492 5613
9707 9803
6029 9352
9001 9198
4073 9479
656 1231
7703 9449
5040 5597
3227 7928
5922 8502
7202 9591
5960 7945
7352 9389
3113 4918
2899 3814
5661 6888
6093 8636
4334 6696
2815 4681
7198 9828
2253 2866
580 7611
8620 9550
4531 7261
9076 9507
2053 6417
725 2124
68 5512
4491 7088
3329 4016
6212 6273
1143 5740
3359 8727
5286 6920
5149 6196
130 3822
7678 8733
3865 4273
50 7346
8966 9727
5870 5931
7324 9153
9614 9723
7066 9519
3361 5936
2691 5093
2725 7145
1891 7038
5283 8141
9351 9532
9908 9976
4370 7353
2565 6757
2379 4298
6011 9147
2367 6416
7987 8245
7456 8106
7251 7266
9322 9558
8616 9626
6164 9395
6425 7970
6375 6967
3142 5199
4456 8183
5219 6728
2762 8002
4806 5780
5056 9016
9349 9570
7268 8993
9155 9426
7444 9501
9244 9345
2486 5896
2409 9456
3798 5368
3599 9967
8651 9116
3225 4807
660 4932
6924 9455
7216 7567
5583 9167
1648 2996
5490 8014
944 7321
988 6059
5993 5995
1152 2937
6532 8210
8234 9213
8678 9812
2662 9696
4332 9549
3372 6403
1556 9707
6680 8557
1650 1708
7458 7716
492 8013
3518 8003
3588 6506
4987 5504
697 6930
4937 9861
3348 4798
8650 9056
8447 9410
6398 7097
495 3033
8892 9478
2009 6527
6841 9668
673 1395
5167 6444
1580 9972
2009 4246
7692 8790
2198 7204
9467 9717
1295 5451
8009 8890
6022 9047
6805 9559
3306 8485
2832 4334
7510 9694
5649 8388
465 2810
7284 7708
6713 8851
9375 9653
6036 8562
3207 7596
6535 7941
4054 7471
7206 8160
4912 9626
8414 8916
9566 9946
332 8882
1438 6617
6136 9554
495 9238
601 5734
3405 5726
4212 8746
7398 9873
60 2526
7925 9067
2328 6807
3909 8351
8084 9422
5388 7714
1424 5361
4032 9561
2658 9248
5434 7897
4130 6393
9526 9828
648 6621
6354 9127
4898 9570
5381 7107
9183 9400
9888 9979
9192 9531
742 1257
2366 4241
5967 6019
1813 2039
8529 9896
9337 9522
3244 4830
3261 8433
5082 9325
8996 9283
8806 9763
9564 9567
9162 9969
5840 7074
1430 1736
4778 9861
7184 9889
4995 5580
7391 7567
3553 7721
1481 5818
3632 4107
4368 4828
9861 9914
9960 9963
8828 8839
1388 5890
9828 9958
465 9702
1678 4812
5869 6044
3377 4946
8176 8260
6072 7108
6971 8107
3610 5040
2611 6020
1721 3641
2226 4213
9347 9754
4679 6880
1799 2125
9437 9503
5232 7309
1049 1218
7261 7763
3272 6872
2539 6680
645 2889
9980 9984
3457 9551
3799 9809
8360 8914
5208 8003
4803 5563
1316 6335
949 8961
9662 9958
4937 8109
5702 6255
8185 9499
2074 8830
5930 8694
7064 8116
1321 9581
3785 9359
9882 9885
3055 5372
4339 9028
3339 3626
3473 5370
7177 9664
9438 9900
5518 5827
6862 8833
2469 3999
7173 7494
1429 1717
6783 7970
4365 5912
6729 7632
5687 9505
6809 9622
1762 3660
7182 7544
5648 9974
9389 9532
3021 7096
4714 8332
918 1090
2772 6868
4067 4992
1919 4170
2254 6206
2596 3766
9585 9760
1912 5690
7457 9248
8476 8637
2214 8689
5468 7377
5730 5932
9121 9326
5200 7983
387 4307
7882 9794
1133 4743
637 9810
4832 5630
6858 6981
3986 8750
6823 7735
6311 9618
3567 3882
6007 6745
603 4756
6208 9936
9507 9644
9723 9967
3732 7393
9934 9995
2321 9880
23 7133
1458 3186
9940 9950
735 8588
591 3687
5338 6310
5939 9191
2297 9463
9412 9624
6921 7743
9366 9487
4104 5654
1954 7626
8576 9017
9856 9948
2466 3956
479 9118
316 8043
4155 6189
9057 9838
3361 8672
1941 7233
7525 9042
8716 9117
8883 9454
7706 8989
6436 8101
2460 5794
9355 9669
7545 9570
6709 8502
3775 5623
4685 9289
8440 9841
8202 9562
7150 9136
344 4524
7156 9210
2797 3330
7957 9713
4263 9398
5601 6540
8610 9608
646 8002
1767 3749
5164 7649
9103 9181
3281 8863
8459 9247
451 7587
8284 9150
8166 8860
2742 6164
9079 9407
9378 9760
7819 8152
6430 8763
7269 8848
4154 8877
4965 5281
3870 8924
5673 9188
4931 6758
2061 9009
9975 9979
5013 8519
2561 2905
8106 8305
2917 9654
213 3783
3120 9758
1822 2360
6223 7061
5519 7106
1484 5459
205 945
9322 9911
5505 5510
2604 4603
155 1280
5335 7250
8667 9957
9192 9976
3646 3969
2362 3498
283 1634
7578 7645
1577 1804
5268 6590
8011 9673
9275 9944
3031 3941
9272 9678
4462 9201
2959 3125
8636 8843
353 7280
2703 9122
5929 8898
6657 7128
2995 5386
2155 4415
184 2494
5446 9877
4174 8773
9490 9929
9350 9978
685 5170
7206 7301
4554 9142
265 4187
6969 7197
7080 8168
923 5454
7892 8136
8810 8831
4923 9778
9001 9909
3579 8432
6649 8367
2995 5701
3402 6924
6839 8046
9608 9891
744 5638
382 5323
5064 5894
3420 7508
4603 9711
3913 6516
3727 5405
7634 8913
1294 1366
1586 6322
2106 6495
7405 8689
7838 9737
1213 6235
1892 7339
5481 8537
5507 6748
9012 9642
5088 6856
4958 6110
5342 9594
8889 9199
6936 7311
4989 8330
6304 8378
5821 7137
1739 2856
1267 6264
3143 4328
6862 8128
1683 7441
9175 9852
6096 7770
3724 7597
9196 9402
6149 6320
9947 9965
9852 9917
5178 5872
1140 3248
3487 8744
9927 9992
9537 9625
6378 6850
957 3524
3411 8123
1959 8049
9883 9972
3741 7972
6808 8283
5385 8168
4498 4708
1711 3990
670 9315
8694 8908
4939 5100
4321 7615
2212 2938
2531 4978
9381 9413
9873 9883
8360 9258
2503 2962
3416 8085
4905 7615
9760 9766
6297 8313
5084 5925
9413 9496
8082 9501
5921 7963
6155 7741
5185 6230
5767 9617
8446 9628
8226 8765
3993 5461
7902 9855
9349 9626
4387 7198
2605 2938
4493 5718
9235 9869
3121 3393
6304 9421
421 8989
5321 7623
41 5913
3972 6692
5993 7026
3399 4575
9192 9388
282 7054
6245 9637
8990 9478
4306 6530
5465 9702
4799 9936
7189 9427
7280 8350
5508 9225
3607 3770
823 1575
7702 9070
3272 9746
1562 6979
3702 9487
5197 7045
7634 8829
800 2614
4335 9882
6202 8184
2232 4615
4807 6184
1941 8445
3124 9921
9442 9788
400 3152
5314 5579
75 4498
683 6668
3623 9725
7525 9710
5948 9666
6679 9678
8418 9401
7343 9709
4723 9703
6338 8495
8966 9277
4668 8370
4326 6161
3230 6542
3191 5477
382 550
9241 9571
2867 7537
6030 9412
2847 5875
3057 3136
9817 9901
6455 7575
1252 4849
5645 9415
8078 9577
6719 7990
563 1074
760 7033
1572 6609
4638 8788
8071 8499
9675 9789
6428 7569
5363 9109
4069 4897
9728 9885
6164 7661
8482 9324
9746 9807
5790 6533
8731 9827
6043 8453
2517 3947
9130 9742
6535 8549
6146 7871
9767 9942
3491 7107
8784 8854
619 7098
1539 6249
2372 6684
3646 4914
5439 9344
1486 2169
5493 8558
9001 9074
536 7550
467 9491
1776 7597
4311 8439
6904 7316
8660 9824
7935 9026
5972 8909
2429 6788
200 9608
6879 8017
3610 7968
883 2925
8972 9061
5819 9397
6610 8400
7555 8337
2952 5712
2939 3035
8398 9367
1133 9200
3753 7310
9441 9984
6582 8850
7446 7759
7659 9421
8862 8951
9574 9903
4391 4627
2077 5983
9248 9844
1626 2101
7184 9300
1397 7709
5289 9256
8364 9422
4111 6251
2239 9174
3019 4238
3221 7586
3204 9125
5131 9509
504 2899
1896 8437
5492 8514
4017 9880
879 2275
3928 5375
1551 3055
5674 6632
1627 6454
736 6844
7938 8987
2075 4020
840 5086
6678 9860
8371 8646
197 455
3617 8511
4274 8833
5644 8675
5471 8634
1229 1770
5100 8440
5828 5954
4600 8092
4549 8483
8594 9447
4491 8330
9077 9795
915 7905
464 2774
1886 7820
3833 8763
4281 8156
531 7025
5434 6947
2003 2415
2304 6688
1327 7245
8605 9114
4306 4613
3024 7465
9296 9317
2904 3725
4848 8962
5511 9062
852 9007
2633 9614
2771 6941
1151 5551
9217 9249
6630 9640
1772 7248
3722 4776
6389 6513
3443 8263
5609 6701
1919 9932
2617 6487
4556 4987
7818 9111
8979 9059
318 403
6555 7073
8774 8839
7825 8066
5835 7751
9742 9959
621 2484
1412 6209
5038 7052
915 4522
6330 9758
320 5865
4130 6975
9028 9303
9118 9594
9369 9769
2676 8334
2552 9508
5067 7332
7193 7796
9274 9776
790 9341
1279 6405
9671 9835
5210 8473
5457 8299
3654 7327
6377 7047
7451 9346
9312 9655
1988 6876
5549 7693
549 7720
1174 5998
7027 9453
5803 9130
3585 9190
2595 4568
6733 8468
5709 9284
6135 6406
7030 8724
4003 4513
6351 7041
9106 9248
3503 7250
5868 9160
6287 6440
6461 7541
476 2290
5098 7209
9966 9994
289 5888
420 1685
8958 9868
8812 8829
4216 5460
7076 7176
1554 4429
1273 9411
4188 7020
8395 9120
4896 9817
3595 9250
3822 4978
4670 9319
2176 2934
5831 9109
9318 9740
1291 8849
5679 8454
5597 8159
6357 8597
590 3486
6981 7711
7323 9007
907 5159
987 1803
593 5372
7044 8699
311 789
2080 7621
4137 7526
814 2131
9847 9895
7146 7308
2352 9147
7484 9051
2439 2612
6384 9997
9379 9795
6981 8390
7183 9730
1570 3162
9439 9640
9511 9797
9471 9993
9542 9643
270 2182
5968 9299
5477 7863
5873 8467
8743 9531
6267 9286
5755 7435
6787 9906
93 4653
9608 9900
5998 8737
1879 7760
9295 9723
5128 9098
878 9832
6112 9254
1853 2630
8843 9154
9623 9687
8721 9239
2994 3327
2538 3459
3276 8345
613 961
8964 9613
1500 5000
1900 2628
6429 8683
6510 8223
1722 1802
1175 1810
2583 8555
1678 6460
9320 9398
3246 8730
1755 2178
4019 7800
7388 9282
2952 6833
2979 7812
5850 5981
883 5878
8807 9327
8323 9319
8769 9744
2842 9861
7328 9847
662 4192
5474 7624
2520 5052
1175 5283
9756 9868
5983 8561
119 4518
939 5561
855 1547
4440 9693
8196 8919
7018 8615
4189 5758
9582 9868
3171 9917
5064 5911
9508 9685
5409 5861
2572 9316
724 5881
7981 8907
3762 9015
5474 8824
1510 4951
1472 9545
3189 8202
9494 9806
7624 8775
4473 9860
4556 9101
6659 7886
2801 5786
9306 9947
5632 8202
8561 9287
1326 2031
2148 5143
6090 8787
4771 5475
4262 6956
7283 8433
9463 9602
7714 9275
5827 8374
2414 8858
9867 9945
3491 8837
9654 9756
8768 9905
5879 8595
9711 9914
172 4303
8088 9073
7004 9131
7861 8117
1590 8339
9343 9647
4447 9239
7119 7288
5517 8959
6783 7934
9192 9262
9162 9966
6734 6787
4105 6068
1177 6422
1279 7543
4141 6461
2883 7174
8329 9208
7774 8014
8652 9840
1860 3554
2452 7497
9350 9749
5936 9917
3249 6369
8876 9088
3255 8963
7050 9845
8538 9172
7353 9445
9046 9722
9323 9525
6417 8854
7785 9314
2524 3709
6797 8254
1710 4731
3441 5031
4485 9099
612 5757
404 8951
5169 9046
9820 9946
3249 8570
4360 5083
1236 2228
5348 6215
8262 9332
6332 8989
3141 4434
4223 4616
557 3061
9504 9847
527 9845
3037 4535
3685 5184
9495 9875
888 1596
9044 9448
9355 9573
6127 7916
8595 9056
8873 9584
7942 9762
9039 9956
7319 8332
7470 8372
8232 9050
6504 6702
2611 6282
4009 6217
3652 5098
1938 9944
7350 8491
3789 9126
943 8944
7728 9748
1139 9315
5137 5261
6789 8031
2171 5622
3571 4826
9055 9091
4228 6886
264 2839
947 3321
824 2928
7266 9728
1836 3707
3420 7716
8935 9246
5633 6665
310 5174
410 8904
2308 8976
6773 7764
2724 9807
2475 6515
377 3244
1717 6226
4748 4842
1461 9678
3514 4703
2201 8966
3874 9192
276 6542
8254 8491
6517 8996
985 5733
4680 7286
2385 6744
1757 6292
1302 6816
9134 9642
3954 4195
8927 9216
4764 9796
8096 8618
3174 3646
9331 9603
4040 9565
7943 8717
5014 7694
4369 4753
5180 5981
8434 9393
9304 9456
2495 9860
3843 7444
6367 7797
5460 6874
786 7488
1948 5261
9146 9778
415 4624
7753 8815
3346 9581
8816 9368
4910 7359
7229 7497
2740 4010
6988 9429
5517 9613
433 6902
3011 6837
9154 9200
634 7125
8064 9469
4177 4264
7334 9919
1951 9443
1285 8175
181 9947
4726 7183
9235 9273
7367 9258
4802 8240
3765 8442
3698 9966
8332 8896
1692 6312
3188 6065
5728 6654
3879 6262
2762 4377
1516 5190
2950 9135
9160 9583
9564 9704
2904 8371
7045 9302
3978 8842
7846 8694
1621 9388
2425 3697
5539 7374
8599 9094
9870 9876
8983 9733
8300 9369
2669 6445
2593 6206
5922 9495
4295 4516
1860 7697
9275 9615
7973 8442
2712 5827
2632 8672
707 5924
5165 8829
6511 8702
2119 5155
2280 3586
8020 9111
8228 8513
3831 8943
2056 9023
4279 7602
3452 7087
8215 8916
8197 9113
9177 9926
6283 6444
740 6918
1098 5525
2740 5502
7050 7250
2049 2660
6594 9390
7371 8348
7969 9512
5007 6013
1286 4992
6085 8149
8358 9779
739 9708
6098 7425
6839 9567
6331 8792
598 6802
3557 9242
4364 5791
8740 9087
1965 3100
7041 9998
1662 4349
8053 8936
2754 4162
3375 4386
4308 9307
7860 9050
6715 7029
8246 8589
9640 9752
4411 9325
6012 6801
2059 7764
2590 9496
4082 4988
6540 9574
1814 4644
2095 7051
2385 2879
3051 9004
5557 8607
9471 9535
9989 9996
2840 7180
1062 5472
7079 9547
8201 8210
4061 7016
1923 2826
344 2067
6929 8512
1718 8385
9847 9968
4317 4711
4299 8878
1237 5705
5240 8900
1329 2316
1481 7532
8853 8978
6941 9674
8896 9817
528 1641
7540 9353
2652 4760
4122 9505
3942 4843
3782 4694
7570 7674
4458 6582
9294 9814
8340 8597
9405 9561
4108 5361
4248 6844
416 8717
1641 7032
5252 9469
163 4141
5370 9270
2717 6405
6693 8711
352 7908
6379 9321
8001 8504
6676 7244
4443 7248
6486 9205
4797 8814
8892 9480
9168 9239
6356 9176
8972 9403
7346 8989
435 7829
4912 9668
1920 9104
3003 3753
4254 8473
9451 9882
3249 8882
5422 7973
3211 3478
5109 7328
6376 7030
9595 9605
8993 9122
9195 9280
2007 3099
2380 8172
333 4818
6268 8389
9134 9958
9218 9682
947 4632
9068 9205
2728 8901
9984 9985
6801 9221
4007 8901
2492 4637
2289 5680
3733 5889
3254 4862
5948 7395
8567 9565
3533 8242
5659 9926
7464 9810
5267 9757
1538 1751
5266 6344
8597 9825
361 4605
7830 9737
5972 8506
2964 8880
3905 6716
4341 6523
8327 8718
6484 7479
2721 4042
8729 8851
1768 7649
5360 5571
454 2392
9482 9855
8395 9430
1502 9297
6843 6906
9217 9397
3188 3505
673 6306
7443 8597
2530 6353
7525 8599
5539 8765
6459 9863
640 3843
7234 9913
5266 9103
1860 8275
2675 8343
3329 7416
4527 5744
1614 5237
3618 6543
9583 9675
9208 9419
7533 8503
8351 9920
1168 4868
1650 6877
6922 9863
7810 8767
738 2743
3800 5975
4026 5400
3916 7171
3287 7809
3522 8489
6435 7733
2712 7054
665 9868
3908 7799
882 3475
7539 9569
6985 9268
2854 3908
8170 8783
7051 8515
3853 9699
3583 9389
2172 4672
9296 9730
8558 9022
4964 8294
3021 6952
6401 7345
9840 9957
4546 7540
6534 6829
435 1711
3357 6459
7795 8478
5510 6267
4549 9727
3757 9791
6762 8854
8345 9732
841 2579
5527 9301
6973 9604
7943 8414
8896 9772
1317 3762
5132 6921
5094 6759
5248 5559
7697 9079
1218 5904
4793 8183
1471 1524
1959 1994
6180 6820
3773 6852
2448 5508
3810 9480
4522 7398
8756 9193
1744 3821
3957 8540
6125 7120
3316 8009
2262 7069
9771 9904
7961 8393
3884 7730
8922 9438
5746 7570
3651 6351
5768 6980
1039 3469
9685 9953
7854 9128
3795 6996
267 2238
7665 8139
8504 9500
9056 9476
5316 5591
8926 9221
8722 9226
3344 5965
8370 9730
4490 5879
402 4008
3467 8877
9886 9906
4629 9854
4302 5677
9450 9527
2353 9131
8254 9239
169 2229
5965 6822
1906 9990
7056 9734
3525 8339
4421 9454
122 5867
7113 8261
978 2398
6683 8783
2424 4328
6850 9126
1304 6688
3892 5702
3904 7371
7091 7539
481 6735
9654 9828
4818 7676
5974 8575
4098 6402
3326 4623
2761 3404
606 8977
2251 3086
7516 9367
1949 4192
5532 6472
1508 1737
212 6480
6759 9411
2679 3345
8706 8936
2837 6202
3777 6796
800 9325
6583 8983
8985 9145
3004 7437
3344 7728
684 5536
1849 2072
5677 9585
290 7534
1840 6368
917 4066
8609 9651
9493 9558
9634 9918
8893 9533
9466 9483
2300 2557
8995 9870
7520 9693
7350 7505
8834 9746
9859 9980
236 6327
1837 8805
5152 9349
8799 8961
4999 9439
4261 5484
6397 9934
5197 8644
9684 9930
4999 9580
3568 4248
2636 9909
5330 5849
8481 8796
550 6042
6324 7856
2375 6989
5543 7644
1882 2752
393 4644
8115 9251
9646 9897
174 1074
1703 9202
7028 7190
7777 8274
9653 9995
8172 9273
3923 4110
1292 2760
9677 9718
1629 7555
7871 8520
3148 5307
8988 9449
4775 9849
7133 9926
3301 8517
8877 9789
5075 7796
9388 9659
1668 3450
5729 9753
8718 9852
9520 9979
3118 3927
1043 8852
3404 5495
1566 8758
68 3116
1427 4878
4226 5139
183 7779
3042 8779
7275 7956
5024 8160
8909 9065
3888 7699
6124 6622
2732 5374
2204 8296
9239 9325
114 4402
8220 8857
542 4602
8422 8954
9910 9999
3941 8233
3043 4869
4062 4529
81 8584
6205 9154
4961 5491
3483 4708
5861 6650
9298 9804
7845 9732
5484 8670
1862 6821
924 6070
2931 6493
4363 5858
8929 9777
190 408
8925 9813
175 1671
4065 6756
5230 8064
3696 9110
8307 8949
9928 9992
1446 4259
7057 8251
5462 5913
9428 9936
1478 8056
4632 9355
606 2469
314 9622
2724 4937
4658 6075
7443 9432
7266 7449
5505 8186
5061 6407
5320 7319
2776 5574
4500 9501
4368 9262
7221 9074
8208 8678
2700 8350
9482 9634
2965 6232
5929 8127
2129 9072
4064 5083
224 1767
9946 9949
8820 8929
1238 5113
4219 9266
964 4310
1126 8025
9179 9748
9756 9845
8713 9151
4270 4677
3206 5748
2062 3987
6619 8929
3976 5314
7785 9788
412 8734
2684 8624
1003 3431
6274 7094
4092 6798
2927 7603
5896 8996
9684 9953
9739 9855
4426 6881
4262 5622
6178 7874
7590 9016
6917 8324
1951 7601
3199 9692
2218 2405
6426 9724
650 3067
7720 9460
965 9042
2117 6639
7912 8094
5933 7627
8892 9379
919 7757
8946 9897
6207 8204
2607 7223
8436 9048
8669 9433
2240 9994
8252 9895
3331 6842
5423 5645
4670 9004
1464 2612
1192 3326
134 2696
1621 8832
6858 8075
8714 9657
6152 9276
4140 8298
667 1515
6689 6797
6782 7736
2908 9791
6015 7469
4925 7973
3955 9162
2769 2853
8593 9798
9440 9523
6931 8555
9662 9808
3101 7188
553 5886
9228 9313
4676 4793
4132 9596
4753 5058
6899 7259
466 2127
5860 9749
6270 9910
4784 5071
6061 6902
1970 6076
6966 8275
2526 9276
8410 8990
9488 9627
7537 8962
3942 9817
807 6395
1730 6609
9186 9245
5255 9421
8423 8786
3105 7656
5018 5113
7515 8502
7671 8245
8890 9182
9708 9962
8959 9552
7242 7445
5244 7465
9531 9661
3325 3790
2208 3108
9410 9582
9882 9901
1435 4064
9064 9067
1867 2402
5095 5883
5790 6474
1348 6685
9761 9832
8031 8625
4987 5503
9771 9797
8025 8493
3563 8029
9107 9241
4522 9673
7260 9302
3446 9563
1566 1815
7189 7793
2341 8457
354 4446
2019 6572
8483 8687
537 6704
4884 8801
4226 5221
2963 8742
431 9144
9106 9366
3353 9840
114 1095
8248 9558
3006 6429
6504 8665
6427 6616
4000 8589
4112 5933
1571 6632
1369 2589
1548 3554
852 6021
491 591
7224 9622
3773 7005
51 3669
640 6760
8873 9636
4156 4752
7373 9312
4870 6718
2809 7347
9280 9740
6349 6845
5402 5842
5814 9722
5155 7563
149 7685
2644 3361
3094 8549
9846 9869
2540 4392
8201 8921
188 7656
7113 9789
208 6961
7492 8413
1200 7049
2585 7289
3395 9797
3963 5092
5159 6974
8911 9656
4704 8987
3779 7061
7507 8497
8776 8995
6052 8418
2096 4963
654 9737
3027 6087
1258 2480
124 9113
1351 4831
8875 9416
5588 8134
136 4176
5479 8305
1938 9699
5882 8547
2649 2696
4408 7811
7207 9301
4704 7703
6813 9937
446 9760
3168 9603
7927 8660
4706 7302
9345 9542
2277 7060
4384 9113
5449 9812
2470 8854
3490 4109
5356 9283
2774 7309
7694 8885
4586 4673
2829 7048
8392 9711
2578 4542
6106 9672
8421 9099
2006 8932
9066 9370
2071 3168
1490 8358
2571 3266
3503 8642
7732 8957
7398 7994
3343 6329
3099 4623
6430 7067
1977 8688
4914 9766
1516 3862
7241 7518
1111 7327
6525 7418
4764 9267
5611 8808
307 5209
5580 6256
9774 9974
7238 8994
291 3292
5050 9983
8402 8848
1494 6330
1536 9920
7606 9181
7865 9684
1373 5764
7320 9243
621 6537
2291 7323
5141 9594
96 609
3520 8111
3854 5773
5313 5604
1152 3407
5993 7280
7087 9207
6994 8021
7958 9553
1918 3482
1317 9341
7463 7597
3425 7003
414 9586
8731 9563
1049 9728
6363 9474
6750 9968
8802 9867
1652 7948
5496 8100
9015 9313
9912 9979
7570 9348
5698 5955
1243 7630
6596 9788
5589 7508
3038 5269
7642 9091
3473 8362
2960 9446
9648 9970
9467 9829
127 9178
4376 6621
7952 8134
9091 9984
5792 9146
7509 9835
8534 8599
4680 7796
4812 9523
2810 3794
4598 5834
8748 9637
4104 4531
973 8551
8748 9092
2204 3527
545 1885
9336 9607
2191 2362
1693 4616
2320 3245
341 4198
444 9047
959 5526
5976 7087
7535 7668
2244 6002
3253 4934
1403 8128
9046 9661
2010 2088
1533 5247
349 5006
2723 8528
834 6948
2914 3459
2398 4999
7064 8658
5019 8904
4346 4670
3101 5394
676 5273
9328 9895
1533 3561
6654 7809
5653 8953
8989 9392
8949 9369
2878 2989
4128 7665
3106 9188
4663 7362
1760 8255
7931 9737
5160 9714
9278 9746
1064 2131
6073 6379
6942 9344
6635 7005
2036 7591
2717 9332
6281 8017
6041 7625
2212 6802
2291 4413
8398 8653
7128 7741
8841 9521
9619 9808
8903 9083
4230 9242
3972 7882
8010 8040
1890 5371
6751 8382
4918 5579
9364 9917
8423 9977
4547 8558
4184 5980
5406 8946
1504 9017
1230 5919
4058 9074
1809 6152
7497 9228
8879 8966
4312 9624
188 5895
1213 3721
4039 8030
1944 7561
3372 6604
5805 8386
3770 7775
8098 8783
7411 8921
4340 4935
8692 8855
9219 9760
4951 8857
7825 8680
1628 9803
6303 8327
3839 4725
879 2397
7638 9903
3980 8570
2142 2172
4685 8808
4413 5363
1019 8634
9358 9743
8793 9704
6325 6756
2044 4090
5994 7134
5855 8847
3687 5468
49 3758
7787 8030
6134 8572
2049 4611
9924 9998
6087 7691
8643 9566
2889 9071
7137 7457
7565 9675
3969 7410
1650 2006
2338 7095
7781 8190
5853 8032
9949 9978
9184 9602
8415 9144
4409 5077
4823 8405
5449 9237
5404 8410
9408 9667
3522 7566
321 1608
1368 7603
5355 7199
5398 8335
9515 9663
7514 7941
9163 9830
3198 3729
2028 3873
3049 8938
3581 4777
9227 9302
4406 5927
2924 3604
8280 9222
5229 8034
1745 7272
284 7399
9673 9972
25 8911
4789 5420
2219 5466
6732 8695
2645 6931
6637 9858
6893 7318
3893 8891
3333 8067
1200 7771
5124 7037
8514 9332
2196 5077
3477 8381
1046 2119
3985 4811
4471 9661
8013 8931
760 6948
7807 9269
808 1325
3449 8499
3249 5379
4779 8682
4667 6067
6861 7977
7949 9370
6382 7647
1891 4669
2374 7175
5818 9802
4934 9813
7736 7957
7849 8371
4732 9838
9511 9714
9558 9698
6515 8268
7990 8070
9389 9629
2110 5772
8855 9763
7251 8251
3866 6267
2560 6640
4 6285
6601 9315
1094 5171
8860 9608
4487 6164
8849 9196
5296 9617
3190 5589
8603 9018
2135 5488
2501 8218
4288 4351
106 6341
3669 7375
6945 9845
39 5960
9836 9924
7023 8175
1273 3076
6498 7051
7948 7951
8077 8101
5316 8579
383 4664
3697 3852
2637 8742
8706 9493
3698 5597
7463 9969
1170 8508
692 3250
8157 9732
7820 9520
7145 8249
7054 9541
2359 7323
2839 7370
268 4296
9590 9821
434 508
614 9750
559 4906
393 4853
305 8034
6625 7918
2680 3591
4204 9848
6486 9196
7798 8828
3475 6113
3464 5157
7552 8964
6659 8507
2871 7044
8761 8879
2687 9581
4938 9299
6609 9662
5529 6149
5153 5307
7597 9381
6142 7376
3727 4026
3003 9672
6025 9402
3334 9275
5926 6287
9025 9817
3538 4151
1181 4096
3062 4748
4998 5299
3534 9448
4109 7198
5990 9445
950 9319
3025 5553
6666 8270
4744 7702
5861 6382
1742 5134
2892 3660
7903 8190
7408 9987
3106 9633
5992 6864
8995 9771
4896 6771
5548 7279
9274 9280
2597 4618
9497 9709
7472 7711
1119 3850
2601 7861
563 3932
713 3807
5948 7344
2999 3307
8425 9634
2611 2978
3711 8529
8490 8824
9483 9992
8557 9377
3291 6830
4594 6525
6995 8042
4697 8907
3750 6528
4303 5766
1998 9408
4019 5553
7504 7826
862 8288
2933 4580
9434 9450
9955 9988
1247 5545
2363 7851
317 6479
3997 4517
6388 8600
4982 9832
1627 1909
2617 3173
1330 7612
5498 9327
8487 9418
7151 8710
321 7652
8166 9178
6158 8985
8899 9470
8057 8790
7242 7897
1852 5054
4811 9164
5489 9039
5542 8326
5374 7992
776 1877
6534 9005
3651 7553
9620 9704
3765 4133
7694 8375
255 5846
8712 9806
5328 9137
4292 4970
2843 7789
9209 9360
434 5429
5822 7841
7678 8809
3659 4516
2245 4785
3945 7882
6059 8078
2118 6155
3690 9081
3669 5786
7095 9978
5412 6928
4595 6235
9676 9748
8588 9794
3117 9984
2567 2647
667 1986
4397 7411
4027 4266
2725 7087
7118 7856
1284 7933
594 4888
1501 8165
2622 8238
1448 3498
126 7097
3621 7833
8168 9742
2615 8373
8385 8971
4105 5356
4494 8579
4852 6418
7846 9665
5506 9880
7014 8177
2449 9678
4439 6112
406 5716
4127 5171
2764 6905
3499 4711
7735 9227
2059 3718
9343 9350
1538 6463
4933 9833
632 2557
3502 5884
6869 7277
560 9159
5222 6734
4936 5970
7364 7957
5753 7104
7712 9486
9302 9380
4849 8103
8431 9214
1996 9279
6816 7600
9633 9742
4722 8399
6692 9570
949 9480
7520 9532
9628 9674
5259 9376
8054 8866
3666 4876
5878 9606
7986 9681
5695 9074
9220 9903
4216 6597
765 8119
5744 7640
5879 8301
1321 9438
9867 9888
6798 7801
4541 9958
7649 9506
5230 9078
7120 7461
5474 9532
5866 6629
9410 9467
4497 7006
3510 8352
2159 2370
4240 4343
4489 5112
5095 6901
498 6440
1011 3555
7369 7784
6371 8673
6703 8797
1047 8769
3041 3819
5415 6950
3886 8712
1820 6403
8171 9012
8990 9649
8563 9660
4360 7502
2110 2315
744 9652
3146 9010
2312 6557
4250 9261
8021 8563
2031 4418
1794 8816
5154 5678
1856 5633
9910 9944
4356 7943
4666 5277
3058 9213
1380 9752
5446 5721
8846 9263
7510 8560
7047 8609
7908 9405
6400 8845
5424 8499
8558 9757
8536 9991
8262 9803
7692 9187
2104 4915
8758 9680
5015 9375
8558 9299
607 9447
8616 9178
230 467
4333 8661
1507 7099
5413 6782
9797 9971
5603 9684
813 9658
3420 9592
685 3545
4125 6032
574 7717
8241 9170
5764 9635
3624 7291
1719 2766
2609 7714
689 9849
6675 9566
6153 7915
4368 7660
9866 9916
8821 9756
1619 3256
9243 9647
9937 9956
4292 8947
2897 5955
9544 9928
8254 8430
1255 6265
3767 8357
4705 5206
1664 2822
7415 9859
2200 5894
2660 9426
459 1369
4909 8716
2899 3976
5211 8269
848 2091
7402 8855
546 8617
1731 4050
9116 9453
5745 9549
2112 8054
2645 6189
2338 6547
1904 8332
9430 10000
6615 6675
6413 7744
2199 4456
3926 5609
6155 9549
4815 6970
3173 3305
6415 8627
3213 9091
1039 1530
987 3937
9471 9926
4866 8794
6459 8396
405 959
9055 9105
3804 4005
4940 9396
4451 7169
3157 9100
5869 9149
5894 7865
7254 8885
3115 8363
5629 5893
7528 9742
2148 7874
5359 8082
4651 8163
2005 5231
7696 9819
6979 9427
204 9061
9115 9485
4224 4237
7347 8174
205 3363
5073 8272
5973 7466
9055 9119
2409 6609
7875 8239
6206 7713
7423 7918
1185 5436
3841 9569
1501 1902
5059 7468
4324 5017
2759 4607
8456 9901
438 6695
1097 4777
7376 9366
5887 7430
3817 5080
8958 9386
7363 8627
3713 7516
9387 9429
9095 9796
2550 5912
7313 9823
7455 9915
8625 8824
8490 9082
7391 8434
4173 9122
8049 9325
1131 7504
8888 9635
8811 9991
8032 9386
4792 5187
8585 9921
2355 5689
9456 9825
2297 3712
1679 5723
9086 9225
2914 4773
3389 7585
3851 3969
8708 9687
7105 7199
2577 9950
7363 9731
1228 1576
325 2230
7365 7576
2262 9094
7357 8083
7026 8507
6031 7751
7929 8339
8975 9326
2364 6117
4393 7726
3769 4009
5682 6016
9994 9998
1470 4086
7556 8730
5482 9798
9545 9670
414 2494
9524 9583
9390 9765
955 3606
1311 8803
5192 6115
441 2472
9458 9879
8049 8052
4666 9019
7358 8674
3271 7801
6533 8288
7832 8046
7264 7324
7060 9546
7497 9035
5082 9334
4779 4901
9746 9982
268 1443
6842 7110
4635 9747
3336 9588
6209 7569
1848 7546
5293 9385
2699 3183
2722 3670
9864 9966
4338 8079
1393 6315
9422 9534
1369 6700
7381 7624
91 7561
6488 7107
4895 9101
6193 7167
7060 8523
1351 8148
1206 1397
9625 9951
8761 9833
7551 9867
6795 7545
5334 5491
931 2006
6612 7923
4879 8759
618 7310
1559 4018
1597 7029
8154 9709
603 2495
8103 8717
8705 9885
5551 8613
5707 9841
7793 9116
8313 8929
1906 6402
6093 6824
2064 7702
7646 8524
4460 6095
9850 9984
649 6786
6310 9024
4661 9752
5205 7691
9978 9980
7421 7564
7264 8665
2079 2099
1802 8119
24 2088
7387 7478
2620 8729
5189 7747
9287 9363
4317 9136
2422 8718
6286 8029
4655 6434
6429 7296
1079 5730
8705 9729
1790 1918
7444 8512
423 2777
4512 5389
4350 4948
2125 2952
1688 8803
5126 8498
4138 5859
346 9454
1528 7556
3020 8639
5682 6169
8906 9146
5913 9590
642 1043
515 9392
5064 5965
3683 9951
652 7534
2926 6549
6129 6234
3702 6678
3896 3944
3137 3274
8519 8952
6811 8017
5945 6233
7644 8010
1703 7631
6761 9463
9874 9990
5087 9028
567 6797
4960 4985
5041 7225
7341 7938
5042 8528
8318 8653
3566 4501
7469 8652
7195 7344
7530 9827
7498 8133
6105 8183
1010 1024
3347 8631
8151 8709
5293 8690
2367 5855
339 3207
8996 9492
5694 7392
2383 9008
5780 6179
5087 7131
9654 9896
839 6859
3451 7250
7039 7275
8361 9020
5593 7754
3071 9865
7362 9041
2618 9096
3818 4099
5958 9668
2282 4286
1817 5189
3348 6880
5124 5685
6549 8083
1927 2260
7047 9629
5775 6276
3625 7540
7653 9600
2838 4631
8341 8565
403 7010
9169 9774
7219 9545
9220 9277
941 8060
2943 5714
5895 7169
7808 8020
8469 8486
8193 9761
504 3165
5900 9720
3531 7961
5007 6002
1649 5818
3997 7755
5680 6769
154 5417
3030 7191
3377 4972
6294 7022
6562 8655
6609 9473
1828 6116
6699 9952
2263 8263
7784 8676
435 2802
9875 9968
6350 6435
4729 9297
5834 9534
4995 9825
4677 4950
8095 8805
946 2834
760 2310
7002 7661
2018 7269
6732 7006
4300 6267
8308 8426
4107 9728
7881 8623
5334 9039
4345 5639
3426 8816
5861 7566
2043 5170
8568 9110
5850 9748
2273 7042
4311 8791
7970 9627
2542 9039
4411 7516
5557 8290
2430 9975
4763 9350
7307 9475
2202 7435
6363 7304
6452 8244
3839 9707
606 8107
7592 8219
629 8146
659 8737
5200 8054
8365 9750
7163 9093
8082 9127
54 4955
3055 7005
9135 9636
3690 5254
8108 9742
4443 6571
7659 8247
8947 9054
5109 5379
7439 9550
4533 9398
7684 8139
8678 8955
8766 9566
3666 7069
5385 6761
7949 9260
4240 5123
9083 9903
5484 7390
8429 8742
1031 4351
9503 9885
1949 7955
9224 9809
3956 7097
307 5805
7094 8590
9690 9762
5433 9546
4029 8969
3527 8738
6517 7013
7627 9970
1353 4046
9881 9910
585 2841
8809 8869
7321 9619
2277 9086
2419 6664
1039 2081
4618 7132
2294 8597
2080 5451
5704 6317
5434 6951
2481 5227
4487 7253
1339 8652
7753 9785
7021 8761
6671 7814
9092 9638
7828 8319
4109 5393
5446 8261
2957 9339
4672 6083
1763 7561
5461 6164
127 2231
9325 9823
8042 8107
5328 7938
4537 6401
1863 3145
8601 8970
1411 8055
8650 9711
5692 6202
7937 8282
5822 7757
8071 8988
3379 8340
1684 7626
4241 4703
8794 9625
2093 4133
5750 6223
249 9266
3081 4224
426 1129
7879 9892
5236 8483
4866 8945
5855 7054
3075 6232
3857 4019
9287 9374
1226 3550
1337 5561
4713 8180
3283 3999
1033 9518
4403 8862
1128 6049
4437 5770
6769 8904
166 9432
2753 8630
7481 9944
3549 9375
4609 5907
4838 6180
1704 9812
7494 8670
7183 9666
4746 5982
4646 5490
6047 7884
8176 9866
1639 9333
854 5483
4710 5428
4363 9399
7742 8730
4968 8615
3983 9372
8297 9603
139 6803
2904 5999
1937 3002
7998 9684
745 5374
7353 9140
4308 7582
7524 7997
4755 9216
4300 9274
7964 8261
2083 3498
7683 9238
4016 9214
9076 9492
243 6943
1146 9643
7834 8028
2610 9319
4332 7781
6644 8715
4268 6379
5787 9092
260 7933
6607 8649
8219 8470
8372 9021
6478 7720
987 3035
4299 7897
2868 3338
9000 9173
365 6169
1945 4080
9340 9451
3078 8003
8874 9877
4021 4624
3931 7421
373 7620
8246 9184
1346 2649
6461 7123
1711 8146
2338 6285
4077 6655
2750 8854
1251 9269
3138 9724
5702 8403
3701 9204
9342 9359
4179 7751
7966 9632
571 1458
975 8229
6854 9349
8289 8480
6321 7938
169 3958
7 6212
3187 3592
6739 7278
9614 9618
1565 6195
5462 8568
9679 9825
8516 8758
8906 9320
8698 9812
6827 7594
8118 9265
6237 8088
7290 7577
5983 8986
402 3826
9820 9903
5850 8384
2744 6776
2955 8096
8495 9942
9289 9624
4180 7275
5664 6429
7723 9506
4440 9627
8069 9721
516 3757
3168 4283
151 9882
2631 7500
745 3007
9898 9933
5071 7824
3271 8904
5325 9020
7549 8974
8506 8862
4117 8809
8621 9705
4326 6868
1086 3637
3136 6796
8464 9101
2969 9569
8664 8842
8813 9588
4097 6422
723 1960
6305 8626
5628 7142
2927 3483
3523 5341
981 7443
4087 8838
7365 8458
1853 8042
3392 9573
8468 9567
4757 8807
2501 8630
3185 4980
4411 9954
2385 6825
5351 6506
7125 8364
6167 7174
27 6231
5044 5771
1669 8039
4045 4588
7489 8310
7277 7495
7108 7109
9851 9925
6582 7025
3141 3629
8513 9359
2761 9855
5687 7776
9045 9940
6994 7924
5263 8974
3852 3903
9204 9950
1495 2872
1239 5323
3150 8169
3943 6858
7697 9351
7984 8551
2813 7872
4860 6133
8528 9987
5611 9485
8229 8801
633 7393
8768 9860
7044 7321
8135 8475
9751 9787
2253 6284
696 6476
6844 9294
4299 7218
4132 6107
1626 2406
4168 7429
268 638
2241 7820
9176 9528
4582 9631
8843 9293
5077 6700
3623 4026
4938 6115
9933 9953
3350 4554
6722 6853
3173 7140
8812 9018
1511 3591
3971 8512
3262 9219
5157 9177
4837 8792
4307 7088
9396 9589
3179 5360
9560 9812
1742 8336
6377 6993
7440 8944
8433 8908
7752 9831
1329 4947
7635 9761
604 8687
6152 6322
1431 5936
5751 8102
8415 9006
9284 9843
9524 9855
3832 7192
72 1170
5291 6409
6135 7911
2501 8129
1179 2486
491 7480
415 2662
9772 9874
9399 9721
8513 9653
4714 4970
9073 9576
2992 5641
8506 9718
8032 9655
7155 9122
200 2639
2780 6261
7857 8426
9605 9910
221 3538
3867 8913
2743 9384
6150 6892
7260 9112
5817 6638
3662 6298
2750 9860
6232 7939
669 2296
1005 5924
1085 4960
5039 5995
6116 7325
4489 7978
9228 9566
4926 5614
2739 7130
2713 3917
835 7822
2397 4610
7720 9805
939 9390
4684 8487
8586 9194
1473 9910
6224 6579
4441 4920
4016 8517
1426 2159
5939 6662
8390 9830
9872 9880
5732 6505
5368 9926
9974 9981
1755 5437
7077 9220
4407 7350
1656 9928
9526 9927
3107 3109
2201 3379
7252 9220
8919 9017
2713 5487
2008 4220
9633 9960
9557 9817
2308 7355
4788 9369
1688 2863
4124 9672
9317 9887
2969 7696
3400 6220
3411 4027
6666 8081
4048 5100
9875 10000
7622 9865
856 1472
9887 9927
5354 6963
4176 5690
4977 6084
9241 9717
5668 8209
6355 7752
4007 4673
31 9384
7326 9733
8132 8907
3322 5398
3021 7426
7865 9623
2506 9501
811 5729
7438 7769
4790 9780
7006 7320
4038 6171
5003 9409
6826 6955
5734 6554
8926 9040
7297 9660
9616 9837
6648 7082
4888 6031
8175 9477
2958 4901
2940 6491
4036 8676
8218 9815
5097 9582
6500 9752
286 2151
9497 9520
7265 9868
9280 9568
5264 8594
9199 9261
8144 8596
5982 9292
9400 9848
5441 9520
9915 9919
8065 9333
1324 4331
3759 4764
887 9879
8695 9056
5458 7106
741 1673
8850 9186
8302 9517
6160 6650
4586 6965
538 5212
4445 8323
9975 9982
3662 8617
5430 9394
2240 3448
3754 4634
2907 3208
791 3206
8415 9928
887 8134
6304 7099
8007 8482
7471 7573
6719 8399
851 5300
9977 9995
4362 9815
3275 3464
9800 9938
8922 9649
7504 8532
8249 9322
7750 9665
3642 6487
5042 5123
1508 7905
4105 9190
2035 2141
2869 9522
8920 9847
8125 8690
2678 6253
5457 6139
1337 9282
6580 7512
392 5959
5490 5500
8536 8840
9480 9931
3784 9219
3558 5762
4396 6039
5004 9313
6984 9611
6222 9568
633 1135
6304 8588
8646 9008
8573 9138
3858 5227
1726 6410
9183 9252
3799 7578
8298 8378
1562 3516
9992 9997
6431 9779
8937 9212
6379 8178
5438 8054
7007 8201
3350 5512
9403 9489
2962 9026
1135 7205
9946 9960
7163 9251
2666 5169
723 7528
937 9181
5110 6045
3666 9411
247 955
5979 8456
8200 9356
9610 9978
3347 6457
6329 8656
2765 4868
6770 8621
4786 5208
4579 5328
9642 9757
1882 5943
2644 6017
8523 8776
1249 5557
8864 9733
4291 5217
325 2864
6380 8333
161 6305
6396 6626
3975 4444
9284 9337
4601 9933
6883 9170
7327 8434
5790 8298
3276 4112
8953 9796
8781 9738
9946 10000
4460 6840
3153 7659
8843 9053
2263 4500
9614 9745
3246 9394
3117 8558
5821 7495
9220 9638
2423 2982
2564 9084
2156 8481
8301 9038
9960 9976
9602 9719
6047 9630
3002 6553
11 2491
1360 1992
9163 9886
1031 2346
9374 9492
8936 9837
8619 9013
16 6518
1350 5519
5097 9030
3203 7570
5087 8600
1320 2330
8838 8919
1464 6330
1324 4706
9905 9932
574 7072
7819 9041
7980 8933
6239 9480
8297 8953
933 4426
9014 9193
5763 7734
2469 3189
3621 3806
2929 7615
8029 9315
326 9793
2884 9638
7646 8510
5142 6909
8247 9590
6087 7473
5065 6894
736 1878
6822 9565
5051 6733
1609 7749
9075 9539
9265 9300
5293 5416
3543 5414
9407 9509
1375 2604
208 2223
5758 8172
1272 3060
8275 8793
9204 9705
3525 9536
7783 8540
2982 5118
2042 5225
4550 8190
2636 8376
4301 8092
3474 9556
4510 7565
2141 8929
9755 9767
2157 5313
5684 7089
6833 7388
2808 4483
657 4340
6084 7072
8904 9769
2078 4585
3496 3941
2953 9488
3089 5923
7347 8835
1575 2071
5121 7032
4877 8142
9594 9717
4993 5616
3234 8780
9082 9267
1406 3694
4250 4522
9630 9834
3053 5413
3468 9248
7534 9835
1339 4455
1993 7982
4299 9898
5124 8584
4761 9959
5551 7723
4824 7864
3613 9546
6333 9836
2410 8084
9205 9571
2437 7004
7060 7633
4735 7560
2052 4364
4840 8784
9312 9576
3306 8844
5277 5425
3511 8234
8547 8893
7732 9679
9439 9882
2679 8263
5904 8567
6894 9093
7262 8730
3966 7593
1986 8166
1199 7874
1764 5837
9063 9144
8078 8917
6391 7625
4996 7354
9175 9577
9245 9803
6145 7843
1686 3294
1491 5643
4587 9459
4593 9700
2946 5131
8767 9080
5097 9597
2510 3714
5863 6571
7530 9492
